ISO-10303-21;
HEADER;
FILE_DESCRIPTION(('FreeCAD Model'),'2;1');
FILE_NAME('Open CASCADE Shape Model','2023-09-16T19:11:18',(''),(''),
  'Open CASCADE STEP processor 7.6','FreeCAD','Unknown');
FILE_SCHEMA(('AUTOMOTIVE_DESIGN { 1 0 10303 214 1 1 1 1 }'));
ENDSEC;
DATA;
#1 = APPLICATION_PROTOCOL_DEFINITION('international standard',
  'automotive_design',2000,#2);
#2 = APPLICATION_CONTEXT(
  'core data for automotive mechanical design processes');
#3 = SHAPE_DEFINITION_REPRESENTATION(#4,#10);
#4 = PRODUCT_DEFINITION_SHAPE('','',#5);
#5 = PRODUCT_DEFINITION('design','',#6,#9);
#6 = PRODUCT_DEFINITION_FORMATION('','',#7);
#7 = PRODUCT('Fillet004','Fillet004','',(#8));
#8 = PRODUCT_CONTEXT('',#2,'mechanical');
#9 = PRODUCT_DEFINITION_CONTEXT('part definition',#2,'design');
#10 = ADVANCED_BREP_SHAPE_REPRESENTATION('',(#11,#15),#2366);
#11 = AXIS2_PLACEMENT_3D('',#12,#13,#14);
#12 = CARTESIAN_POINT('',(0.,0.,0.));
#13 = DIRECTION('',(0.,0.,1.));
#14 = DIRECTION('',(1.,0.,-0.));
#15 = MANIFOLD_SOLID_BREP('',#16);
#16 = CLOSED_SHELL('',(#17,#50,#88,#108,#117,#244,#276,#300,#340,#364,
    #396,#420,#452,#548,#572,#596,#627,#644,#663,#680,#723,#740,#766,
    #816,#856,#880,#913,#931,#943,#955,#972,#1000,#1012,#1037,#1057,
    #1082,#1102,#1127,#1170,#1231,#1263,#1295,#1356,#1437,#1518,#1549,
    #1580,#1661,#1692,#1773,#1804,#1836,#1868,#1929,#1959,#1991,#2021,
    #2053,#2110,#2171,#2232,#2244,#2305));
#17 = ADVANCED_FACE('',(#18),#45,.T.);
#18 = FACE_BOUND('',#19,.F.);
#19 = EDGE_LOOP('',(#20,#30,#37,#38));
#20 = ORIENTED_EDGE('',*,*,#21,.T.);
#21 = EDGE_CURVE('',#22,#24,#26,.T.);
#22 = VERTEX_POINT('',#23);
#23 = CARTESIAN_POINT('',(12.552196,-49.943619,20.7172645));
#24 = VERTEX_POINT('',#25);
#25 = CARTESIAN_POINT('',(12.552196,-49.943619,85.7172645));
#26 = LINE('',#27,#28);
#27 = CARTESIAN_POINT('',(12.552196,-49.943619,20.7172645));
#28 = VECTOR('',#29,1.);
#29 = DIRECTION('',(7.491618492923E-17,1.297586386066E-16,1.));
#30 = ORIENTED_EDGE('',*,*,#31,.T.);
#31 = EDGE_CURVE('',#24,#24,#32,.T.);
#32 = CIRCLE('',#33,3.867711);
#33 = AXIS2_PLACEMENT_3D('',#34,#35,#36);
#34 = CARTESIAN_POINT('',(8.684485,-49.943619,85.7172645));
#35 = DIRECTION('',(-7.031227320692E-32,1.406245464138E-31,1.));
#36 = DIRECTION('',(1.,3.674228688545E-15,7.031227320692E-32));
#37 = ORIENTED_EDGE('',*,*,#21,.F.);
#38 = ORIENTED_EDGE('',*,*,#39,.F.);
#39 = EDGE_CURVE('',#22,#22,#40,.T.);
#40 = CIRCLE('',#41,3.867711);
#41 = AXIS2_PLACEMENT_3D('',#42,#43,#44);
#42 = CARTESIAN_POINT('',(8.684485,-49.943619,20.7172645));
#43 = DIRECTION('',(7.491618492923E-17,1.297586386066E-16,1.));
#44 = DIRECTION('',(1.,-9.72102216602E-33,-7.491618492923E-17));
#45 = CYLINDRICAL_SURFACE('',#46,3.867711);
#46 = AXIS2_PLACEMENT_3D('',#47,#48,#49);
#47 = CARTESIAN_POINT('',(8.684485,-49.943619,20.7172645));
#48 = DIRECTION('',(-7.491618492923E-17,-1.297586386066E-16,-1.));
#49 = DIRECTION('',(1.,-9.72102216602E-33,-7.491618492923E-17));
#50 = ADVANCED_FACE('',(#51),#71,.T.);
#51 = FACE_BOUND('',#52,.T.);
#52 = EDGE_LOOP('',(#53,#62,#63,#64));
#53 = ORIENTED_EDGE('',*,*,#54,.F.);
#54 = EDGE_CURVE('',#24,#55,#57,.T.);
#55 = VERTEX_POINT('',#56);
#56 = CARTESIAN_POINT('',(9.552196,-49.943619,88.7172645));
#57 = CIRCLE('',#58,3.);
#58 = AXIS2_PLACEMENT_3D('',#59,#60,#61);
#59 = CARTESIAN_POINT('',(9.552196,-49.943619,85.7172645));
#60 = DIRECTION('',(3.674228688545E-15,-1.,1.406245464138E-31));
#61 = DIRECTION('',(1.,3.674228688545E-15,7.031227320692E-32));
#62 = ORIENTED_EDGE('',*,*,#31,.T.);
#63 = ORIENTED_EDGE('',*,*,#54,.T.);
#64 = ORIENTED_EDGE('',*,*,#65,.F.);
#65 = EDGE_CURVE('',#55,#55,#66,.T.);
#66 = CIRCLE('',#67,0.867711);
#67 = AXIS2_PLACEMENT_3D('',#68,#69,#70);
#68 = CARTESIAN_POINT('',(8.684485,-49.943619,88.7172645));
#69 = DIRECTION('',(-7.031227320692E-32,1.406245464138E-31,1.));
#70 = DIRECTION('',(1.,3.674228688545E-15,7.031227320692E-32));
#71 = SURFACE_OF_REVOLUTION('',#72,#85);
#72 = B_SPLINE_CURVE_WITH_KNOTS('',6,(#73,#74,#75,#76,#77,#78,#79,#80,
    #81,#82,#83,#84),.UNSPECIFIED.,.F.,.F.,(7,5,7),(0.,0.785398163397,
    1.570796326795),.UNSPECIFIED.);
#73 = CARTESIAN_POINT('',(12.552196,-49.943619,85.7172645));
#74 = CARTESIAN_POINT('',(12.552196,-49.943619,86.109963581699));
#75 = CARTESIAN_POINT('',(12.490511214456,-49.943619,86.502662007482));
#76 = CARTESIAN_POINT('',(12.36714003637,-49.943619,86.883252497186));
#77 = CARTESIAN_POINT('',(12.185258516873,-49.943619,87.239607209937));
#78 = CARTESIAN_POINT('',(11.951196527195,-49.943619,87.560904659925));
#79 = CARTESIAN_POINT('',(11.395836159925,-49.943619,88.116265027194));
#80 = CARTESIAN_POINT('',(11.074538709938,-49.943619,88.350327016873));
#81 = CARTESIAN_POINT('',(10.718183997186,-49.943619,88.53220853637));
#82 = CARTESIAN_POINT('',(10.337593507482,-49.943619,88.655579714456));
#83 = CARTESIAN_POINT('',(9.944895081699,-49.943619,88.7172645));
#84 = CARTESIAN_POINT('',(9.552196,-49.943619,88.7172645));
#85 = AXIS1_PLACEMENT('',#86,#87);
#86 = CARTESIAN_POINT('',(8.684485,-49.943619,85.7172645));
#87 = DIRECTION('',(-7.031227320692E-32,1.406245464138E-31,1.));
#88 = ADVANCED_FACE('',(#89,#100),#103,.T.);
#89 = FACE_BOUND('',#90,.T.);
#90 = EDGE_LOOP('',(#91));
#91 = ORIENTED_EDGE('',*,*,#92,.T.);
#92 = EDGE_CURVE('',#93,#93,#95,.T.);
#93 = VERTEX_POINT('',#94);
#94 = CARTESIAN_POINT('',(12.626358,-49.916342,20.7172645));
#95 = CIRCLE('',#96,3.951876);
#96 = AXIS2_PLACEMENT_3D('',#97,#98,#99);
#97 = CARTESIAN_POINT('',(8.674482,-49.916342,20.7172645));
#98 = DIRECTION('',(-2.887798382145E-47,2.22044604925E-16,1.));
#99 = DIRECTION('',(1.,6.412200508666E-63,2.887798382145E-47));
#100 = FACE_BOUND('',#101,.T.);
#101 = EDGE_LOOP('',(#102));
#102 = ORIENTED_EDGE('',*,*,#39,.F.);
#103 = PLANE('',#104);
#104 = AXIS2_PLACEMENT_3D('',#105,#106,#107);
#105 = CARTESIAN_POINT('',(8.674482,-49.916342,20.7172645));
#106 = DIRECTION('',(7.491618492923E-17,1.297586386066E-16,1.));
#107 = DIRECTION('',(0.,1.,-1.297586386066E-16));
#108 = ADVANCED_FACE('',(#109),#112,.T.);
#109 = FACE_BOUND('',#110,.T.);
#110 = EDGE_LOOP('',(#111));
#111 = ORIENTED_EDGE('',*,*,#65,.T.);
#112 = PLANE('',#113);
#113 = AXIS2_PLACEMENT_3D('',#114,#115,#116);
#114 = CARTESIAN_POINT('',(8.684485,-49.943619,88.7172645));
#115 = DIRECTION('',(-7.031227320692E-32,1.406245464138E-31,1.));
#116 = DIRECTION('',(0.,1.,-1.406245464138E-31));
#117 = ADVANCED_FACE('',(#118),#239,.T.);
#118 = FACE_BOUND('',#119,.F.);
#119 = EDGE_LOOP('',(#120,#128,#137,#145,#154,#162,#171,#179,#188,#196,
    #205,#213,#222,#230,#237,#238));
#120 = ORIENTED_EDGE('',*,*,#121,.F.);
#121 = EDGE_CURVE('',#122,#93,#124,.T.);
#122 = VERTEX_POINT('',#123);
#123 = CARTESIAN_POINT('',(12.626358,-49.916342,0.7172645));
#124 = LINE('',#125,#126);
#125 = CARTESIAN_POINT('',(12.626358,-49.916342,0.7172645));
#126 = VECTOR('',#127,1.);
#127 = DIRECTION('',(-2.887798382145E-47,2.22044604925E-16,1.));
#128 = ORIENTED_EDGE('',*,*,#129,.F.);
#129 = EDGE_CURVE('',#130,#122,#132,.T.);
#130 = VERTEX_POINT('',#131);
#131 = CARTESIAN_POINT('',(6.55292,-46.5822306342,0.7172645));
#132 = CIRCLE('',#133,3.951876);
#133 = AXIS2_PLACEMENT_3D('',#134,#135,#136);
#134 = CARTESIAN_POINT('',(8.674482,-49.916342,0.7172645));
#135 = DIRECTION('',(-2.887798382145E-47,2.22044604925E-16,1.));
#136 = DIRECTION('',(1.,6.412200508666E-63,2.887798382145E-47));
#137 = ORIENTED_EDGE('',*,*,#138,.F.);
#138 = EDGE_CURVE('',#139,#130,#141,.T.);
#139 = VERTEX_POINT('',#140);
#140 = CARTESIAN_POINT('',(6.55292,-46.5822306342,2.3352645));
#141 = LINE('',#142,#143);
#142 = CARTESIAN_POINT('',(6.55292,-46.5822306342,0.7172645));
#143 = VECTOR('',#144,1.);
#144 = DIRECTION('',(2.887798382145E-47,-2.22044604925E-16,-1.));
#145 = ORIENTED_EDGE('',*,*,#146,.F.);
#146 = EDGE_CURVE('',#147,#139,#149,.T.);
#147 = VERTEX_POINT('',#148);
#148 = CARTESIAN_POINT('',(6.552811,-46.58229999559,2.3352645));
#149 = CIRCLE('',#150,3.951876);
#150 = AXIS2_PLACEMENT_3D('',#151,#152,#153);
#151 = CARTESIAN_POINT('',(8.674482,-49.916342,2.3352645));
#152 = DIRECTION('',(2.887798382145E-47,-2.22044604925E-16,-1.));
#153 = DIRECTION('',(1.,6.412200508666E-63,2.887798382145E-47));
#154 = ORIENTED_EDGE('',*,*,#155,.F.);
#155 = EDGE_CURVE('',#156,#147,#158,.T.);
#156 = VERTEX_POINT('',#157);
#157 = CARTESIAN_POINT('',(6.552811,-46.58229999559,8.8352645));
#158 = LINE('',#159,#160);
#159 = CARTESIAN_POINT('',(6.552811,-46.58229999559,0.7172645));
#160 = VECTOR('',#161,1.);
#161 = DIRECTION('',(2.887798382145E-47,-2.22044604925E-16,-1.));
#162 = ORIENTED_EDGE('',*,*,#163,.T.);
#163 = EDGE_CURVE('',#156,#164,#166,.T.);
#164 = VERTEX_POINT('',#165);
#165 = CARTESIAN_POINT('',(6.761015,-46.45860170332,8.8352645));
#166 = CIRCLE('',#167,3.951876);
#167 = AXIS2_PLACEMENT_3D('',#168,#169,#170);
#168 = CARTESIAN_POINT('',(8.674482,-49.916342,8.8352645));
#169 = DIRECTION('',(2.887798382145E-47,-2.22044604925E-16,-1.));
#170 = DIRECTION('',(1.,6.412200508666E-63,2.887798382145E-47));
#171 = ORIENTED_EDGE('',*,*,#172,.T.);
#172 = EDGE_CURVE('',#164,#173,#175,.T.);
#173 = VERTEX_POINT('',#174);
#174 = CARTESIAN_POINT('',(6.761015,-46.45860170332,8.830516));
#175 = LINE('',#176,#177);
#176 = CARTESIAN_POINT('',(6.761015,-46.45860170332,0.7172645));
#177 = VECTOR('',#178,1.);
#178 = DIRECTION('',(2.887798382145E-47,-2.22044604925E-16,-1.));
#179 = ORIENTED_EDGE('',*,*,#180,.T.);
#180 = EDGE_CURVE('',#173,#181,#183,.T.);
#181 = VERTEX_POINT('',#182);
#182 = CARTESIAN_POINT('',(10.473559385323,-46.397728,8.830516));
#183 = CIRCLE('',#184,3.951876);
#184 = AXIS2_PLACEMENT_3D('',#185,#186,#187);
#185 = CARTESIAN_POINT('',(8.674482,-49.916342,8.830516));
#186 = DIRECTION('',(2.887798382145E-47,-2.22044604925E-16,-1.));
#187 = DIRECTION('',(1.,6.412200508666E-63,2.887798382145E-47));
#188 = ORIENTED_EDGE('',*,*,#189,.F.);
#189 = EDGE_CURVE('',#190,#181,#192,.T.);
#190 = VERTEX_POINT('',#191);
#191 = CARTESIAN_POINT('',(10.473559385323,-46.397728,8.8352645));
#192 = LINE('',#193,#194);
#193 = CARTESIAN_POINT('',(10.473559385323,-46.397728,0.7172645));
#194 = VECTOR('',#195,1.);
#195 = DIRECTION('',(2.887798382145E-47,-2.22044604925E-16,-1.));
#196 = ORIENTED_EDGE('',*,*,#197,.T.);
#197 = EDGE_CURVE('',#190,#198,#200,.T.);
#198 = VERTEX_POINT('',#199);
#199 = CARTESIAN_POINT('',(10.671118,-46.5059507317,8.8352645));
#200 = CIRCLE('',#201,3.951876);
#201 = AXIS2_PLACEMENT_3D('',#202,#203,#204);
#202 = CARTESIAN_POINT('',(8.674482,-49.916342,8.8352645));
#203 = DIRECTION('',(2.887798382145E-47,-2.22044604925E-16,-1.));
#204 = DIRECTION('',(1.,6.412200508666E-63,2.887798382145E-47));
#205 = ORIENTED_EDGE('',*,*,#206,.T.);
#206 = EDGE_CURVE('',#198,#207,#209,.T.);
#207 = VERTEX_POINT('',#208);
#208 = CARTESIAN_POINT('',(10.671118,-46.5059507317,2.3352645));
#209 = LINE('',#210,#211);
#210 = CARTESIAN_POINT('',(10.671118,-46.5059507317,0.7172645));
#211 = VECTOR('',#212,1.);
#212 = DIRECTION('',(2.887798382145E-47,-2.22044604925E-16,-1.));
#213 = ORIENTED_EDGE('',*,*,#214,.F.);
#214 = EDGE_CURVE('',#215,#207,#217,.T.);
#215 = VERTEX_POINT('',#216);
#216 = CARTESIAN_POINT('',(10.671055,-46.50591384872,2.3352645));
#217 = CIRCLE('',#218,3.951876);
#218 = AXIS2_PLACEMENT_3D('',#219,#220,#221);
#219 = CARTESIAN_POINT('',(8.674482,-49.916342,2.3352645));
#220 = DIRECTION('',(2.887798382145E-47,-2.22044604925E-16,-1.));
#221 = DIRECTION('',(1.,6.412200508666E-63,2.887798382145E-47));
#222 = ORIENTED_EDGE('',*,*,#223,.T.);
#223 = EDGE_CURVE('',#215,#224,#226,.T.);
#224 = VERTEX_POINT('',#225);
#225 = CARTESIAN_POINT('',(10.671055,-46.50591384871,0.7172645));
#226 = LINE('',#227,#228);
#227 = CARTESIAN_POINT('',(10.671055,-46.50591384871,0.7172645));
#228 = VECTOR('',#229,1.);
#229 = DIRECTION('',(2.887798382145E-47,-2.22044604925E-16,-1.));
#230 = ORIENTED_EDGE('',*,*,#231,.F.);
#231 = EDGE_CURVE('',#122,#224,#232,.T.);
#232 = CIRCLE('',#233,3.951876);
#233 = AXIS2_PLACEMENT_3D('',#234,#235,#236);
#234 = CARTESIAN_POINT('',(8.674482,-49.916342,0.7172645));
#235 = DIRECTION('',(-2.887798382145E-47,2.22044604925E-16,1.));
#236 = DIRECTION('',(1.,6.412200508666E-63,2.887798382145E-47));
#237 = ORIENTED_EDGE('',*,*,#121,.T.);
#238 = ORIENTED_EDGE('',*,*,#92,.T.);
#239 = CYLINDRICAL_SURFACE('',#240,3.951876);
#240 = AXIS2_PLACEMENT_3D('',#241,#242,#243);
#241 = CARTESIAN_POINT('',(8.674482,-49.916342,0.7172645));
#242 = DIRECTION('',(2.887798382145E-47,-2.22044604925E-16,-1.));
#243 = DIRECTION('',(1.,6.412200508666E-63,2.887798382145E-47));
#244 = ADVANCED_FACE('',(#245),#271,.F.);
#245 = FACE_BOUND('',#246,.F.);
#246 = EDGE_LOOP('',(#247,#248,#249,#257,#265));
#247 = ORIENTED_EDGE('',*,*,#129,.T.);
#248 = ORIENTED_EDGE('',*,*,#231,.T.);
#249 = ORIENTED_EDGE('',*,*,#250,.T.);
#250 = EDGE_CURVE('',#224,#251,#253,.T.);
#251 = VERTEX_POINT('',#252);
#252 = CARTESIAN_POINT('',(10.671055,-52.677269,0.7172645));
#253 = LINE('',#254,#255);
#254 = CARTESIAN_POINT('',(10.671055,-45.918995,0.7172645));
#255 = VECTOR('',#256,1.);
#256 = DIRECTION('',(0.,-1.,1.297586386066E-16));
#257 = ORIENTED_EDGE('',*,*,#258,.T.);
#258 = EDGE_CURVE('',#251,#259,#261,.T.);
#259 = VERTEX_POINT('',#260);
#260 = CARTESIAN_POINT('',(6.55292,-52.677269,0.7172645));
#261 = LINE('',#262,#263);
#262 = CARTESIAN_POINT('',(10.671055,-52.677269,0.7172645));
#263 = VECTOR('',#264,1.);
#264 = DIRECTION('',(-1.,9.72102216602E-33,7.491618492923E-17));
#265 = ORIENTED_EDGE('',*,*,#266,.T.);
#266 = EDGE_CURVE('',#259,#130,#267,.T.);
#267 = LINE('',#268,#269);
#268 = CARTESIAN_POINT('',(6.55292,-52.677269,0.7172645));
#269 = VECTOR('',#270,1.);
#270 = DIRECTION('',(0.,1.,-1.297586386066E-16));
#271 = PLANE('',#272);
#272 = AXIS2_PLACEMENT_3D('',#273,#274,#275);
#273 = CARTESIAN_POINT('',(8.674482,-49.916342,0.7172645));
#274 = DIRECTION('',(7.491618492923E-17,1.297586386066E-16,1.));
#275 = DIRECTION('',(0.,1.,-1.297586386066E-16));
#276 = ADVANCED_FACE('',(#277),#295,.F.);
#277 = FACE_BOUND('',#278,.F.);
#278 = EDGE_LOOP('',(#279,#280,#281,#289));
#279 = ORIENTED_EDGE('',*,*,#250,.F.);
#280 = ORIENTED_EDGE('',*,*,#223,.F.);
#281 = ORIENTED_EDGE('',*,*,#282,.T.);
#282 = EDGE_CURVE('',#215,#283,#285,.T.);
#283 = VERTEX_POINT('',#284);
#284 = CARTESIAN_POINT('',(10.671055,-52.677269,2.3352645));
#285 = LINE('',#286,#287);
#286 = CARTESIAN_POINT('',(10.671055,-45.918995,2.3352645));
#287 = VECTOR('',#288,1.);
#288 = DIRECTION('',(0.,-1.,1.297586386066E-16));
#289 = ORIENTED_EDGE('',*,*,#290,.F.);
#290 = EDGE_CURVE('',#251,#283,#291,.T.);
#291 = LINE('',#292,#293);
#292 = CARTESIAN_POINT('',(10.671055,-52.677269,0.7172645));
#293 = VECTOR('',#294,1.);
#294 = DIRECTION('',(7.491618492923E-17,1.297586386066E-16,1.));
#295 = PLANE('',#296);
#296 = AXIS2_PLACEMENT_3D('',#297,#298,#299);
#297 = CARTESIAN_POINT('',(10.671055,-45.918995,0.7172645));
#298 = DIRECTION('',(1.,-9.72102216602E-33,-7.491618492923E-17));
#299 = DIRECTION('',(0.,-1.,1.297586386066E-16));
#300 = ADVANCED_FACE('',(#301),#335,.T.);
#301 = FACE_BOUND('',#302,.T.);
#302 = EDGE_LOOP('',(#303,#311,#319,#327,#333,#334));
#303 = ORIENTED_EDGE('',*,*,#304,.T.);
#304 = EDGE_CURVE('',#283,#305,#307,.T.);
#305 = VERTEX_POINT('',#306);
#306 = CARTESIAN_POINT('',(10.473512,-52.677269,2.3352645));
#307 = LINE('',#308,#309);
#308 = CARTESIAN_POINT('',(10.671055,-52.677269,2.3352645));
#309 = VECTOR('',#310,1.);
#310 = DIRECTION('',(-1.,9.72102216602E-33,7.491618492923E-17));
#311 = ORIENTED_EDGE('',*,*,#312,.F.);
#312 = EDGE_CURVE('',#313,#305,#315,.T.);
#313 = VERTEX_POINT('',#314);
#314 = CARTESIAN_POINT('',(10.473512,-52.677277,2.3352645));
#315 = LINE('',#316,#317);
#316 = CARTESIAN_POINT('',(10.473512,-52.677277,2.3352645));
#317 = VECTOR('',#318,1.);
#318 = DIRECTION('',(0.,1.,-1.314208952907E-16));
#319 = ORIENTED_EDGE('',*,*,#320,.F.);
#320 = EDGE_CURVE('',#321,#313,#323,.T.);
#321 = VERTEX_POINT('',#322);
#322 = CARTESIAN_POINT('',(10.671118,-52.677277,2.3352645));
#323 = LINE('',#324,#325);
#324 = CARTESIAN_POINT('',(10.671118,-52.677277,2.3352645));
#325 = VECTOR('',#326,1.);
#326 = DIRECTION('',(-1.,1.062907145118E-32,8.087809345433E-17));
#327 = ORIENTED_EDGE('',*,*,#328,.F.);
#328 = EDGE_CURVE('',#207,#321,#329,.T.);
#329 = LINE('',#330,#331);
#330 = CARTESIAN_POINT('',(10.671118,-46.397728,2.3352645));
#331 = VECTOR('',#332,1.);
#332 = DIRECTION('',(0.,-1.,1.314208952907E-16));
#333 = ORIENTED_EDGE('',*,*,#214,.F.);
#334 = ORIENTED_EDGE('',*,*,#282,.T.);
#335 = PLANE('',#336);
#336 = AXIS2_PLACEMENT_3D('',#337,#338,#339);
#337 = CARTESIAN_POINT('',(8.621842078173,-49.5521519619,2.3352645));
#338 = DIRECTION('',(5.575808509277E-17,1.068671649885E-16,1.));
#339 = DIRECTION('',(0.,1.,-1.068671649885E-16));
#340 = ADVANCED_FACE('',(#341),#359,.F.);
#341 = FACE_BOUND('',#342,.F.);
#342 = EDGE_LOOP('',(#343,#344,#345,#353));
#343 = ORIENTED_EDGE('',*,*,#328,.F.);
#344 = ORIENTED_EDGE('',*,*,#206,.F.);
#345 = ORIENTED_EDGE('',*,*,#346,.T.);
#346 = EDGE_CURVE('',#198,#347,#349,.T.);
#347 = VERTEX_POINT('',#348);
#348 = CARTESIAN_POINT('',(10.671118,-52.677277,8.8352645));
#349 = LINE('',#350,#351);
#350 = CARTESIAN_POINT('',(10.671118,-46.397728,8.8352645));
#351 = VECTOR('',#352,1.);
#352 = DIRECTION('',(0.,-1.,1.314208952907E-16));
#353 = ORIENTED_EDGE('',*,*,#354,.F.);
#354 = EDGE_CURVE('',#321,#347,#355,.T.);
#355 = LINE('',#356,#357);
#356 = CARTESIAN_POINT('',(10.671118,-52.677277,2.3352645));
#357 = VECTOR('',#358,1.);
#358 = DIRECTION('',(8.087809345433E-17,1.314208952907E-16,1.));
#359 = PLANE('',#360);
#360 = AXIS2_PLACEMENT_3D('',#361,#362,#363);
#361 = CARTESIAN_POINT('',(10.671118,-46.397728,2.3352645));
#362 = DIRECTION('',(1.,-1.062907145118E-32,-8.087809345433E-17));
#363 = DIRECTION('',(0.,-1.,1.314208952907E-16));
#364 = ADVANCED_FACE('',(#365),#391,.F.);
#365 = FACE_BOUND('',#366,.F.);
#366 = EDGE_LOOP('',(#367,#375,#383,#389,#390));
#367 = ORIENTED_EDGE('',*,*,#368,.F.);
#368 = EDGE_CURVE('',#369,#190,#371,.T.);
#369 = VERTEX_POINT('',#370);
#370 = CARTESIAN_POINT('',(10.473512,-46.397728,8.8352645));
#371 = LINE('',#372,#373);
#372 = CARTESIAN_POINT('',(10.473512,-46.397728,8.8352645));
#373 = VECTOR('',#374,1.);
#374 = DIRECTION('',(1.,-1.062907145118E-32,-8.087809345433E-17));
#375 = ORIENTED_EDGE('',*,*,#376,.F.);
#376 = EDGE_CURVE('',#377,#369,#379,.T.);
#377 = VERTEX_POINT('',#378);
#378 = CARTESIAN_POINT('',(10.473512,-52.677277,8.8352645));
#379 = LINE('',#380,#381);
#380 = CARTESIAN_POINT('',(10.473512,-52.677277,8.8352645));
#381 = VECTOR('',#382,1.);
#382 = DIRECTION('',(0.,1.,-1.314208952907E-16));
#383 = ORIENTED_EDGE('',*,*,#384,.F.);
#384 = EDGE_CURVE('',#347,#377,#385,.T.);
#385 = LINE('',#386,#387);
#386 = CARTESIAN_POINT('',(10.671118,-52.677277,8.8352645));
#387 = VECTOR('',#388,1.);
#388 = DIRECTION('',(-1.,1.062907145118E-32,8.087809345433E-17));
#389 = ORIENTED_EDGE('',*,*,#346,.F.);
#390 = ORIENTED_EDGE('',*,*,#197,.F.);
#391 = PLANE('',#392);
#392 = AXIS2_PLACEMENT_3D('',#393,#394,#395);
#393 = CARTESIAN_POINT('',(8.621842078173,-49.5521519619,8.8352645));
#394 = DIRECTION('',(5.575808509277E-17,1.068671649885E-16,1.));
#395 = DIRECTION('',(0.,1.,-1.068671649885E-16));
#396 = ADVANCED_FACE('',(#397),#415,.F.);
#397 = FACE_BOUND('',#398,.F.);
#398 = EDGE_LOOP('',(#399,#407,#413,#414));
#399 = ORIENTED_EDGE('',*,*,#400,.F.);
#400 = EDGE_CURVE('',#401,#181,#403,.T.);
#401 = VERTEX_POINT('',#402);
#402 = CARTESIAN_POINT('',(10.473512,-46.397728,8.830516));
#403 = LINE('',#404,#405);
#404 = CARTESIAN_POINT('',(-1.513244,-46.397728,8.830516));
#405 = VECTOR('',#406,1.);
#406 = DIRECTION('',(1.,0.,0.));
#407 = ORIENTED_EDGE('',*,*,#408,.T.);
#408 = EDGE_CURVE('',#401,#369,#409,.T.);
#409 = LINE('',#410,#411);
#410 = CARTESIAN_POINT('',(10.473512,-46.397728,2.3352645));
#411 = VECTOR('',#412,1.);
#412 = DIRECTION('',(8.087809345433E-17,1.314208952907E-16,1.));
#413 = ORIENTED_EDGE('',*,*,#368,.T.);
#414 = ORIENTED_EDGE('',*,*,#189,.T.);
#415 = PLANE('',#416);
#416 = AXIS2_PLACEMENT_3D('',#417,#418,#419);
#417 = CARTESIAN_POINT('',(10.473512,-46.397728,2.3352645));
#418 = DIRECTION('',(0.,1.,-1.314208952907E-16));
#419 = DIRECTION('',(1.,-1.062907145118E-32,-8.087809345433E-17));
#420 = ADVANCED_FACE('',(#421),#447,.F.);
#421 = FACE_BOUND('',#422,.F.);
#422 = EDGE_LOOP('',(#423,#431,#439,#445,#446));
#423 = ORIENTED_EDGE('',*,*,#424,.F.);
#424 = EDGE_CURVE('',#425,#173,#427,.T.);
#425 = VERTEX_POINT('',#426);
#426 = CARTESIAN_POINT('',(6.761015,-46.462467,8.830516));
#427 = LINE('',#428,#429);
#428 = CARTESIAN_POINT('',(6.761015,-49.570013,8.830516));
#429 = VECTOR('',#430,1.);
#430 = DIRECTION('',(1.062907145118E-32,1.,0.));
#431 = ORIENTED_EDGE('',*,*,#432,.T.);
#432 = EDGE_CURVE('',#425,#433,#435,.T.);
#433 = VERTEX_POINT('',#434);
#434 = CARTESIAN_POINT('',(10.473512,-46.462467,8.830516));
#435 = LINE('',#436,#437);
#436 = CARTESIAN_POINT('',(-13.5,-46.462467,8.830516));
#437 = VECTOR('',#438,1.);
#438 = DIRECTION('',(1.,0.,0.));
#439 = ORIENTED_EDGE('',*,*,#440,.T.);
#440 = EDGE_CURVE('',#433,#401,#441,.T.);
#441 = LINE('',#442,#443);
#442 = CARTESIAN_POINT('',(10.473512,-49.569872,8.830516));
#443 = VECTOR('',#444,1.);
#444 = DIRECTION('',(1.062907145118E-32,1.,0.));
#445 = ORIENTED_EDGE('',*,*,#400,.T.);
#446 = ORIENTED_EDGE('',*,*,#180,.F.);
#447 = PLANE('',#448);
#448 = AXIS2_PLACEMENT_3D('',#449,#450,#451);
#449 = CARTESIAN_POINT('',(-13.5,-46.462467,8.830516));
#450 = DIRECTION('',(0.,0.,1.));
#451 = DIRECTION('',(0.,1.,0.));
#452 = ADVANCED_FACE('',(#453),#543,.T.);
#453 = FACE_BOUND('',#454,.T.);
#454 = EDGE_LOOP('',(#455,#465,#473,#479,#480,#481,#489,#497,#505,#513,
    #521,#529,#537));
#455 = ORIENTED_EDGE('',*,*,#456,.F.);
#456 = EDGE_CURVE('',#457,#459,#461,.T.);
#457 = VERTEX_POINT('',#458);
#458 = CARTESIAN_POINT('',(6.761015,-52.677559,2.3352645));
#459 = VERTEX_POINT('',#460);
#460 = CARTESIAN_POINT('',(6.761015,-52.677269,2.3352645));
#461 = LINE('',#462,#463);
#462 = CARTESIAN_POINT('',(6.761015,-52.677559,2.3352645));
#463 = VECTOR('',#464,1.);
#464 = DIRECTION('',(0.,1.,-1.314208952907E-16));
#465 = ORIENTED_EDGE('',*,*,#466,.T.);
#466 = EDGE_CURVE('',#457,#467,#469,.T.);
#467 = VERTEX_POINT('',#468);
#468 = CARTESIAN_POINT('',(6.761015,-52.677559,8.8352645));
#469 = LINE('',#470,#471);
#470 = CARTESIAN_POINT('',(6.761015,-52.677559,2.3352645));
#471 = VECTOR('',#472,1.);
#472 = DIRECTION('',(8.087809345433E-17,1.314208952907E-16,1.));
#473 = ORIENTED_EDGE('',*,*,#474,.T.);
#474 = EDGE_CURVE('',#467,#164,#475,.T.);
#475 = LINE('',#476,#477);
#476 = CARTESIAN_POINT('',(6.761015,-52.677559,8.8352645));
#477 = VECTOR('',#478,1.);
#478 = DIRECTION('',(0.,1.,-1.314208952907E-16));
#479 = ORIENTED_EDGE('',*,*,#172,.T.);
#480 = ORIENTED_EDGE('',*,*,#424,.F.);
#481 = ORIENTED_EDGE('',*,*,#482,.F.);
#482 = EDGE_CURVE('',#483,#425,#485,.T.);
#483 = VERTEX_POINT('',#484);
#484 = CARTESIAN_POINT('',(6.761015,-46.462467,7.719508));
#485 = LINE('',#486,#487);
#486 = CARTESIAN_POINT('',(6.761015,-46.462467,5.02738625));
#487 = VECTOR('',#488,1.);
#488 = DIRECTION('',(8.087809345433E-17,0.,1.));
#489 = ORIENTED_EDGE('',*,*,#490,.F.);
#490 = EDGE_CURVE('',#491,#483,#493,.T.);
#491 = VERTEX_POINT('',#492);
#492 = CARTESIAN_POINT('',(6.761015,-46.45860170332,7.719508));
#493 = LINE('',#494,#495);
#494 = CARTESIAN_POINT('',(6.761015,-49.3155745,7.719508));
#495 = VECTOR('',#496,1.);
#496 = DIRECTION('',(-1.062907145118E-32,-1.,-0.));
#497 = ORIENTED_EDGE('',*,*,#498,.T.);
#498 = EDGE_CURVE('',#491,#499,#501,.T.);
#499 = VERTEX_POINT('',#500);
#500 = CARTESIAN_POINT('',(6.761015,-46.45860170332,7.7172645));
#501 = LINE('',#502,#503);
#502 = CARTESIAN_POINT('',(6.761015,-46.45860170332,0.7172645));
#503 = VECTOR('',#504,1.);
#504 = DIRECTION('',(2.887798382145E-47,-2.22044604925E-16,-1.));
#505 = ORIENTED_EDGE('',*,*,#506,.F.);
#506 = EDGE_CURVE('',#507,#499,#509,.T.);
#507 = VERTEX_POINT('',#508);
#508 = CARTESIAN_POINT('',(6.761015,-46.456261,7.7172645));
#509 = LINE('',#510,#511);
#510 = CARTESIAN_POINT('',(6.761015,-49.0887795,7.7172645));
#511 = VECTOR('',#512,1.);
#512 = DIRECTION('',(7.32947285698E-33,-1.,2.22044604925E-16));
#513 = ORIENTED_EDGE('',*,*,#514,.F.);
#514 = EDGE_CURVE('',#515,#507,#517,.T.);
#515 = VERTEX_POINT('',#516);
#516 = CARTESIAN_POINT('',(6.761015,-46.456261,2.3360695));
#517 = LINE('',#518,#519);
#518 = CARTESIAN_POINT('',(6.761015,-46.456261,2.3352645));
#519 = VECTOR('',#520,1.);
#520 = DIRECTION('',(8.087809345433E-17,1.314208952907E-16,1.));
#521 = ORIENTED_EDGE('',*,*,#522,.F.);
#522 = EDGE_CURVE('',#523,#515,#525,.T.);
#523 = VERTEX_POINT('',#524);
#524 = CARTESIAN_POINT('',(6.761015,-46.45860170332,2.3360695));
#525 = LINE('',#526,#527);
#526 = CARTESIAN_POINT('',(6.761015,-49.0887795,2.3360695));
#527 = VECTOR('',#528,1.);
#528 = DIRECTION('',(-7.32947285698E-33,1.,-2.22044604925E-16));
#529 = ORIENTED_EDGE('',*,*,#530,.T.);
#530 = EDGE_CURVE('',#523,#531,#533,.T.);
#531 = VERTEX_POINT('',#532);
#532 = CARTESIAN_POINT('',(6.761015,-46.45860170332,2.3352645));
#533 = LINE('',#534,#535);
#534 = CARTESIAN_POINT('',(6.761015,-46.45860170332,0.7172645));
#535 = VECTOR('',#536,1.);
#536 = DIRECTION('',(2.887798382145E-47,-2.22044604925E-16,-1.));
#537 = ORIENTED_EDGE('',*,*,#538,.F.);
#538 = EDGE_CURVE('',#459,#531,#539,.T.);
#539 = LINE('',#540,#541);
#540 = CARTESIAN_POINT('',(6.761015,-52.677559,2.3352645));
#541 = VECTOR('',#542,1.);
#542 = DIRECTION('',(0.,1.,-1.314208952907E-16));
#543 = PLANE('',#544);
#544 = AXIS2_PLACEMENT_3D('',#545,#546,#547);
#545 = CARTESIAN_POINT('',(6.761015,-52.677559,2.3352645));
#546 = DIRECTION('',(-1.,1.062907145118E-32,8.087809345433E-17));
#547 = DIRECTION('',(0.,1.,-1.314208952907E-16));
#548 = ADVANCED_FACE('',(#549),#567,.F.);
#549 = FACE_BOUND('',#550,.F.);
#550 = EDGE_LOOP('',(#551,#552,#553,#561));
#551 = ORIENTED_EDGE('',*,*,#474,.T.);
#552 = ORIENTED_EDGE('',*,*,#163,.F.);
#553 = ORIENTED_EDGE('',*,*,#554,.T.);
#554 = EDGE_CURVE('',#156,#555,#557,.T.);
#555 = VERTEX_POINT('',#556);
#556 = CARTESIAN_POINT('',(6.552811,-52.677559,8.8352645));
#557 = LINE('',#558,#559);
#558 = CARTESIAN_POINT('',(6.552811,-46.456261,8.8352645));
#559 = VECTOR('',#560,1.);
#560 = DIRECTION('',(0.,-1.,1.314208952907E-16));
#561 = ORIENTED_EDGE('',*,*,#562,.T.);
#562 = EDGE_CURVE('',#555,#467,#563,.T.);
#563 = LINE('',#564,#565);
#564 = CARTESIAN_POINT('',(6.552811,-52.677559,8.8352645));
#565 = VECTOR('',#566,1.);
#566 = DIRECTION('',(1.,-1.062907145118E-32,-8.087809345433E-17));
#567 = PLANE('',#568);
#568 = AXIS2_PLACEMENT_3D('',#569,#570,#571);
#569 = CARTESIAN_POINT('',(8.621842078173,-49.5521519619,8.8352645));
#570 = DIRECTION('',(5.575808509277E-17,1.068671649885E-16,1.));
#571 = DIRECTION('',(0.,1.,-1.068671649885E-16));
#572 = ADVANCED_FACE('',(#573),#591,.T.);
#573 = FACE_BOUND('',#574,.T.);
#574 = EDGE_LOOP('',(#575,#583,#584,#585));
#575 = ORIENTED_EDGE('',*,*,#576,.F.);
#576 = EDGE_CURVE('',#147,#577,#579,.T.);
#577 = VERTEX_POINT('',#578);
#578 = CARTESIAN_POINT('',(6.552811,-52.677559,2.3352645));
#579 = LINE('',#580,#581);
#580 = CARTESIAN_POINT('',(6.552811,-46.456261,2.3352645));
#581 = VECTOR('',#582,1.);
#582 = DIRECTION('',(0.,-1.,1.314208952907E-16));
#583 = ORIENTED_EDGE('',*,*,#155,.F.);
#584 = ORIENTED_EDGE('',*,*,#554,.T.);
#585 = ORIENTED_EDGE('',*,*,#586,.F.);
#586 = EDGE_CURVE('',#577,#555,#587,.T.);
#587 = LINE('',#588,#589);
#588 = CARTESIAN_POINT('',(6.552811,-52.677559,2.3352645));
#589 = VECTOR('',#590,1.);
#590 = DIRECTION('',(8.087809345433E-17,1.314208952907E-16,1.));
#591 = PLANE('',#592);
#592 = AXIS2_PLACEMENT_3D('',#593,#594,#595);
#593 = CARTESIAN_POINT('',(6.552811,-46.456261,2.3352645));
#594 = DIRECTION('',(1.,-1.062907145118E-32,-8.087809345433E-17));
#595 = DIRECTION('',(0.,-1.,1.314208952907E-16));
#596 = ADVANCED_FACE('',(#597),#622,.T.);
#597 = FACE_BOUND('',#598,.T.);
#598 = EDGE_LOOP('',(#599,#600,#601,#607,#608,#616));
#599 = ORIENTED_EDGE('',*,*,#146,.F.);
#600 = ORIENTED_EDGE('',*,*,#576,.T.);
#601 = ORIENTED_EDGE('',*,*,#602,.T.);
#602 = EDGE_CURVE('',#577,#457,#603,.T.);
#603 = LINE('',#604,#605);
#604 = CARTESIAN_POINT('',(6.552811,-52.677559,2.3352645));
#605 = VECTOR('',#606,1.);
#606 = DIRECTION('',(1.,-1.062907145118E-32,-8.087809345433E-17));
#607 = ORIENTED_EDGE('',*,*,#456,.T.);
#608 = ORIENTED_EDGE('',*,*,#609,.T.);
#609 = EDGE_CURVE('',#459,#610,#612,.T.);
#610 = VERTEX_POINT('',#611);
#611 = CARTESIAN_POINT('',(6.55292,-52.677269,2.3352645));
#612 = LINE('',#613,#614);
#613 = CARTESIAN_POINT('',(10.671055,-52.677269,2.3352645));
#614 = VECTOR('',#615,1.);
#615 = DIRECTION('',(-1.,9.72102216602E-33,7.491618492923E-17));
#616 = ORIENTED_EDGE('',*,*,#617,.T.);
#617 = EDGE_CURVE('',#610,#139,#618,.T.);
#618 = LINE('',#619,#620);
#619 = CARTESIAN_POINT('',(6.55292,-52.677269,2.3352645));
#620 = VECTOR('',#621,1.);
#621 = DIRECTION('',(0.,1.,-1.297586386066E-16));
#622 = PLANE('',#623);
#623 = AXIS2_PLACEMENT_3D('',#624,#625,#626);
#624 = CARTESIAN_POINT('',(8.621842078173,-49.5521519619,2.3352645));
#625 = DIRECTION('',(5.575808509277E-17,1.068671649885E-16,1.));
#626 = DIRECTION('',(0.,1.,-1.068671649885E-16));
#627 = ADVANCED_FACE('',(#628),#639,.F.);
#628 = FACE_BOUND('',#629,.F.);
#629 = EDGE_LOOP('',(#630,#631,#637,#638));
#630 = ORIENTED_EDGE('',*,*,#266,.F.);
#631 = ORIENTED_EDGE('',*,*,#632,.T.);
#632 = EDGE_CURVE('',#259,#610,#633,.T.);
#633 = LINE('',#634,#635);
#634 = CARTESIAN_POINT('',(6.55292,-52.677269,0.7172645));
#635 = VECTOR('',#636,1.);
#636 = DIRECTION('',(7.491618492923E-17,1.297586386066E-16,1.));
#637 = ORIENTED_EDGE('',*,*,#617,.T.);
#638 = ORIENTED_EDGE('',*,*,#138,.T.);
#639 = PLANE('',#640);
#640 = AXIS2_PLACEMENT_3D('',#641,#642,#643);
#641 = CARTESIAN_POINT('',(6.55292,-52.677269,0.7172645));
#642 = DIRECTION('',(-1.,9.72102216602E-33,7.491618492923E-17));
#643 = DIRECTION('',(0.,1.,-1.297586386066E-16));
#644 = ADVANCED_FACE('',(#645),#658,.F.);
#645 = FACE_BOUND('',#646,.F.);
#646 = EDGE_LOOP('',(#647,#648,#649,#655,#656,#657));
#647 = ORIENTED_EDGE('',*,*,#290,.T.);
#648 = ORIENTED_EDGE('',*,*,#304,.T.);
#649 = ORIENTED_EDGE('',*,*,#650,.T.);
#650 = EDGE_CURVE('',#305,#459,#651,.T.);
#651 = LINE('',#652,#653);
#652 = CARTESIAN_POINT('',(10.671055,-52.677269,2.3352645));
#653 = VECTOR('',#654,1.);
#654 = DIRECTION('',(-1.,9.72102216602E-33,7.491618492923E-17));
#655 = ORIENTED_EDGE('',*,*,#609,.T.);
#656 = ORIENTED_EDGE('',*,*,#632,.F.);
#657 = ORIENTED_EDGE('',*,*,#258,.F.);
#658 = PLANE('',#659);
#659 = AXIS2_PLACEMENT_3D('',#660,#661,#662);
#660 = CARTESIAN_POINT('',(10.671055,-52.677269,0.7172645));
#661 = DIRECTION('',(0.,-1.,1.297586386066E-16));
#662 = DIRECTION('',(-1.,9.72102216602E-33,7.491618492923E-17));
#663 = ADVANCED_FACE('',(#664),#675,.F.);
#664 = FACE_BOUND('',#665,.F.);
#665 = EDGE_LOOP('',(#666,#667,#668,#674));
#666 = ORIENTED_EDGE('',*,*,#354,.T.);
#667 = ORIENTED_EDGE('',*,*,#384,.T.);
#668 = ORIENTED_EDGE('',*,*,#669,.F.);
#669 = EDGE_CURVE('',#313,#377,#670,.T.);
#670 = LINE('',#671,#672);
#671 = CARTESIAN_POINT('',(10.473512,-52.677277,2.3352645));
#672 = VECTOR('',#673,1.);
#673 = DIRECTION('',(8.087809345433E-17,1.314208952907E-16,1.));
#674 = ORIENTED_EDGE('',*,*,#320,.F.);
#675 = PLANE('',#676);
#676 = AXIS2_PLACEMENT_3D('',#677,#678,#679);
#677 = CARTESIAN_POINT('',(10.671118,-52.677277,2.3352645));
#678 = DIRECTION('',(0.,-1.,1.314208952907E-16));
#679 = DIRECTION('',(-1.,1.062907145118E-32,8.087809345433E-17));
#680 = ADVANCED_FACE('',(#681),#718,.F.);
#681 = FACE_BOUND('',#682,.F.);
#682 = EDGE_LOOP('',(#683,#684,#685,#686,#687,#688,#696,#704,#712));
#683 = ORIENTED_EDGE('',*,*,#312,.F.);
#684 = ORIENTED_EDGE('',*,*,#669,.T.);
#685 = ORIENTED_EDGE('',*,*,#376,.T.);
#686 = ORIENTED_EDGE('',*,*,#408,.F.);
#687 = ORIENTED_EDGE('',*,*,#440,.F.);
#688 = ORIENTED_EDGE('',*,*,#689,.F.);
#689 = EDGE_CURVE('',#690,#433,#692,.T.);
#690 = VERTEX_POINT('',#691);
#691 = CARTESIAN_POINT('',(10.473512,-46.462467,7.719508));
#692 = LINE('',#693,#694);
#693 = CARTESIAN_POINT('',(10.473512,-46.462467,5.02738625));
#694 = VECTOR('',#695,1.);
#695 = DIRECTION('',(8.087809345433E-17,0.,1.));
#696 = ORIENTED_EDGE('',*,*,#697,.F.);
#697 = EDGE_CURVE('',#698,#690,#700,.T.);
#698 = VERTEX_POINT('',#699);
#699 = CARTESIAN_POINT('',(10.473512,-46.397728,7.719508));
#700 = LINE('',#701,#702);
#701 = CARTESIAN_POINT('',(10.473512,-49.3154335,7.719508));
#702 = VECTOR('',#703,1.);
#703 = DIRECTION('',(-1.062907145118E-32,-1.,-0.));
#704 = ORIENTED_EDGE('',*,*,#705,.F.);
#705 = EDGE_CURVE('',#706,#698,#708,.T.);
#706 = VERTEX_POINT('',#707);
#707 = CARTESIAN_POINT('',(10.473512,-46.397728,2.3352645));
#708 = LINE('',#709,#710);
#709 = CARTESIAN_POINT('',(10.473512,-46.397728,2.3352645));
#710 = VECTOR('',#711,1.);
#711 = DIRECTION('',(8.087809345433E-17,1.314208952907E-16,1.));
#712 = ORIENTED_EDGE('',*,*,#713,.F.);
#713 = EDGE_CURVE('',#305,#706,#714,.T.);
#714 = LINE('',#715,#716);
#715 = CARTESIAN_POINT('',(10.473512,-52.677277,2.3352645));
#716 = VECTOR('',#717,1.);
#717 = DIRECTION('',(0.,1.,-1.314208952907E-16));
#718 = PLANE('',#719);
#719 = AXIS2_PLACEMENT_3D('',#720,#721,#722);
#720 = CARTESIAN_POINT('',(10.473512,-52.677277,2.3352645));
#721 = DIRECTION('',(-1.,1.062907145118E-32,8.087809345433E-17));
#722 = DIRECTION('',(0.,1.,-1.314208952907E-16));
#723 = ADVANCED_FACE('',(#724),#735,.F.);
#724 = FACE_BOUND('',#725,.F.);
#725 = EDGE_LOOP('',(#726,#727,#733,#734));
#726 = ORIENTED_EDGE('',*,*,#482,.F.);
#727 = ORIENTED_EDGE('',*,*,#728,.T.);
#728 = EDGE_CURVE('',#483,#690,#729,.T.);
#729 = LINE('',#730,#731);
#730 = CARTESIAN_POINT('',(-13.5,-46.462467,7.719508));
#731 = VECTOR('',#732,1.);
#732 = DIRECTION('',(1.,0.,0.));
#733 = ORIENTED_EDGE('',*,*,#689,.T.);
#734 = ORIENTED_EDGE('',*,*,#432,.F.);
#735 = PLANE('',#736);
#736 = AXIS2_PLACEMENT_3D('',#737,#738,#739);
#737 = CARTESIAN_POINT('',(-13.5,-46.462467,7.719508));
#738 = DIRECTION('',(0.,-1.,0.));
#739 = DIRECTION('',(0.,0.,1.));
#740 = ADVANCED_FACE('',(#741),#761,.F.);
#741 = FACE_BOUND('',#742,.F.);
#742 = EDGE_LOOP('',(#743,#752,#753,#754,#755));
#743 = ORIENTED_EDGE('',*,*,#744,.F.);
#744 = EDGE_CURVE('',#531,#745,#747,.T.);
#745 = VERTEX_POINT('',#746);
#746 = CARTESIAN_POINT('',(10.473559385323,-46.397728,2.3352645));
#747 = CIRCLE('',#748,3.951876);
#748 = AXIS2_PLACEMENT_3D('',#749,#750,#751);
#749 = CARTESIAN_POINT('',(8.674482,-49.916342,2.3352645));
#750 = DIRECTION('',(2.887798382145E-47,-2.22044604925E-16,-1.));
#751 = DIRECTION('',(1.,6.412200508666E-63,2.887798382145E-47));
#752 = ORIENTED_EDGE('',*,*,#538,.F.);
#753 = ORIENTED_EDGE('',*,*,#650,.F.);
#754 = ORIENTED_EDGE('',*,*,#713,.T.);
#755 = ORIENTED_EDGE('',*,*,#756,.T.);
#756 = EDGE_CURVE('',#706,#745,#757,.T.);
#757 = LINE('',#758,#759);
#758 = CARTESIAN_POINT('',(10.473512,-46.397728,2.3352645));
#759 = VECTOR('',#760,1.);
#760 = DIRECTION('',(1.,-1.062907145118E-32,-8.087809345433E-17));
#761 = PLANE('',#762);
#762 = AXIS2_PLACEMENT_3D('',#763,#764,#765);
#763 = CARTESIAN_POINT('',(8.6119875,-49.298132,2.3352645));
#764 = DIRECTION('',(8.087809345433E-17,1.314208952907E-16,1.));
#765 = DIRECTION('',(0.,1.,-1.314208952907E-16));
#766 = ADVANCED_FACE('',(#767),#811,.T.);
#767 = FACE_BOUND('',#768,.F.);
#768 = EDGE_LOOP('',(#769,#777,#784,#785,#794,#802,#809,#810));
#769 = ORIENTED_EDGE('',*,*,#770,.F.);
#770 = EDGE_CURVE('',#771,#745,#773,.T.);
#771 = VERTEX_POINT('',#772);
#772 = CARTESIAN_POINT('',(10.473559385323,-46.397728,7.719508));
#773 = LINE('',#774,#775);
#774 = CARTESIAN_POINT('',(10.473559385323,-46.397728,0.7172645));
#775 = VECTOR('',#776,1.);
#776 = DIRECTION('',(2.887798382145E-47,-2.22044604925E-16,-1.));
#777 = ORIENTED_EDGE('',*,*,#778,.F.);
#778 = EDGE_CURVE('',#491,#771,#779,.T.);
#779 = CIRCLE('',#780,3.951876);
#780 = AXIS2_PLACEMENT_3D('',#781,#782,#783);
#781 = CARTESIAN_POINT('',(8.674482,-49.916342,7.719508));
#782 = DIRECTION('',(2.887798382145E-47,-2.22044604925E-16,-1.));
#783 = DIRECTION('',(1.,6.412200508666E-63,2.887798382145E-47));
#784 = ORIENTED_EDGE('',*,*,#498,.T.);
#785 = ORIENTED_EDGE('',*,*,#786,.T.);
#786 = EDGE_CURVE('',#499,#787,#789,.T.);
#787 = VERTEX_POINT('',#788);
#788 = CARTESIAN_POINT('',(10.4735101,-46.3977028007,7.7172645));
#789 = CIRCLE('',#790,3.951876);
#790 = AXIS2_PLACEMENT_3D('',#791,#792,#793);
#791 = CARTESIAN_POINT('',(8.674482,-49.916342,7.7172645));
#792 = DIRECTION('',(2.887798382145E-47,-2.22044604925E-16,-1.));
#793 = DIRECTION('',(1.,6.412200508666E-63,2.887798382145E-47));
#794 = ORIENTED_EDGE('',*,*,#795,.T.);
#795 = EDGE_CURVE('',#787,#796,#798,.T.);
#796 = VERTEX_POINT('',#797);
#797 = CARTESIAN_POINT('',(10.4735101,-46.3977028007,2.3360695));
#798 = LINE('',#799,#800);
#799 = CARTESIAN_POINT('',(10.4735101,-46.3977028007,0.7172645));
#800 = VECTOR('',#801,1.);
#801 = DIRECTION('',(2.887798382145E-47,-2.22044604925E-16,-1.));
#802 = ORIENTED_EDGE('',*,*,#803,.F.);
#803 = EDGE_CURVE('',#523,#796,#804,.T.);
#804 = CIRCLE('',#805,3.951876);
#805 = AXIS2_PLACEMENT_3D('',#806,#807,#808);
#806 = CARTESIAN_POINT('',(8.674482,-49.916342,2.3360695));
#807 = DIRECTION('',(2.887798382145E-47,-2.22044604925E-16,-1.));
#808 = DIRECTION('',(1.,6.412200508666E-63,2.887798382145E-47));
#809 = ORIENTED_EDGE('',*,*,#530,.T.);
#810 = ORIENTED_EDGE('',*,*,#744,.T.);
#811 = CYLINDRICAL_SURFACE('',#812,3.951876);
#812 = AXIS2_PLACEMENT_3D('',#813,#814,#815);
#813 = CARTESIAN_POINT('',(8.674482,-49.916342,0.7172645));
#814 = DIRECTION('',(2.887798382145E-47,-2.22044604925E-16,-1.));
#815 = DIRECTION('',(1.,6.412200508666E-63,2.887798382145E-47));
#816 = ADVANCED_FACE('',(#817),#851,.T.);
#817 = FACE_BOUND('',#818,.T.);
#818 = EDGE_LOOP('',(#819,#829,#835,#836,#837,#845));
#819 = ORIENTED_EDGE('',*,*,#820,.F.);
#820 = EDGE_CURVE('',#821,#823,#825,.T.);
#821 = VERTEX_POINT('',#822);
#822 = CARTESIAN_POINT('',(10.4735101,-45.5,2.3360695));
#823 = VERTEX_POINT('',#824);
#824 = CARTESIAN_POINT('',(6.7604839,-45.5,2.3360695));
#825 = LINE('',#826,#827);
#826 = CARTESIAN_POINT('',(10.4735101,-45.5,2.3360695));
#827 = VECTOR('',#828,1.);
#828 = DIRECTION('',(-1.,-2.286624903301E-31,2.189528850508E-47));
#829 = ORIENTED_EDGE('',*,*,#830,.T.);
#830 = EDGE_CURVE('',#821,#796,#831,.T.);
#831 = LINE('',#832,#833);
#832 = CARTESIAN_POINT('',(10.4735101,-45.5,2.3360695));
#833 = VECTOR('',#834,1.);
#834 = DIRECTION('',(2.286624903301E-31,-1.,2.22044604925E-16));
#835 = ORIENTED_EDGE('',*,*,#803,.F.);
#836 = ORIENTED_EDGE('',*,*,#522,.T.);
#837 = ORIENTED_EDGE('',*,*,#838,.T.);
#838 = EDGE_CURVE('',#515,#839,#841,.T.);
#839 = VERTEX_POINT('',#840);
#840 = CARTESIAN_POINT('',(6.7604839,-46.456261,2.3360695));
#841 = LINE('',#842,#843);
#842 = CARTESIAN_POINT('',(8.61726255,-46.456261,2.3360695));
#843 = VECTOR('',#844,1.);
#844 = DIRECTION('',(-1.,-3.795170488007E-63,-2.887798382145E-47));
#845 = ORIENTED_EDGE('',*,*,#846,.F.);
#846 = EDGE_CURVE('',#823,#839,#847,.T.);
#847 = LINE('',#848,#849);
#848 = CARTESIAN_POINT('',(6.7604839,-45.5,2.3360695));
#849 = VECTOR('',#850,1.);
#850 = DIRECTION('',(2.286624903301E-31,-1.,2.22044604925E-16));
#851 = PLANE('',#852);
#852 = AXIS2_PLACEMENT_3D('',#853,#854,#855);
#853 = CARTESIAN_POINT('',(10.4735101,-45.5,2.3360695));
#854 = DIRECTION('',(2.887798382145E-47,-2.22044604925E-16,-1.));
#855 = DIRECTION('',(-1.,-2.286624903301E-31,2.189528850508E-47));
#856 = ADVANCED_FACE('',(#857),#875,.T.);
#857 = FACE_BOUND('',#858,.T.);
#858 = EDGE_LOOP('',(#859,#860,#861,#869));
#859 = ORIENTED_EDGE('',*,*,#838,.F.);
#860 = ORIENTED_EDGE('',*,*,#514,.T.);
#861 = ORIENTED_EDGE('',*,*,#862,.F.);
#862 = EDGE_CURVE('',#863,#507,#865,.T.);
#863 = VERTEX_POINT('',#864);
#864 = CARTESIAN_POINT('',(6.7604839,-46.456261,7.7172645));
#865 = LINE('',#866,#867);
#866 = CARTESIAN_POINT('',(6.76074945,-46.456261,7.7172645));
#867 = VECTOR('',#868,1.);
#868 = DIRECTION('',(1.,3.795170488007E-63,2.887798382145E-47));
#869 = ORIENTED_EDGE('',*,*,#870,.F.);
#870 = EDGE_CURVE('',#839,#863,#871,.T.);
#871 = LINE('',#872,#873);
#872 = CARTESIAN_POINT('',(6.7604839,-46.456261,2.335667));
#873 = VECTOR('',#874,1.);
#874 = DIRECTION('',(-8.155740693521E-48,1.314208952907E-16,1.));
#875 = PLANE('',#876);
#876 = AXIS2_PLACEMENT_3D('',#877,#878,#879);
#877 = CARTESIAN_POINT('',(6.761015,-46.456261,2.3352645));
#878 = DIRECTION('',(0.,-1.,1.314208952907E-16));
#879 = DIRECTION('',(-1.,1.062907145118E-32,8.087809345433E-17));
#880 = ADVANCED_FACE('',(#881),#908,.T.);
#881 = FACE_BOUND('',#882,.T.);
#882 = EDGE_LOOP('',(#883,#893,#899,#900,#901,#902));
#883 = ORIENTED_EDGE('',*,*,#884,.F.);
#884 = EDGE_CURVE('',#885,#887,#889,.T.);
#885 = VERTEX_POINT('',#886);
#886 = CARTESIAN_POINT('',(6.7604839,-45.5,7.7172645));
#887 = VERTEX_POINT('',#888);
#888 = CARTESIAN_POINT('',(10.4735101,-45.5,7.7172645));
#889 = LINE('',#890,#891);
#890 = CARTESIAN_POINT('',(6.7604839,-45.5,7.7172645));
#891 = VECTOR('',#892,1.);
#892 = DIRECTION('',(1.,2.286624903301E-31,-2.189528850508E-47));
#893 = ORIENTED_EDGE('',*,*,#894,.T.);
#894 = EDGE_CURVE('',#885,#863,#895,.T.);
#895 = LINE('',#896,#897);
#896 = CARTESIAN_POINT('',(6.7604839,-45.5,7.7172645));
#897 = VECTOR('',#898,1.);
#898 = DIRECTION('',(2.286624903301E-31,-1.,2.22044604925E-16));
#899 = ORIENTED_EDGE('',*,*,#862,.T.);
#900 = ORIENTED_EDGE('',*,*,#506,.T.);
#901 = ORIENTED_EDGE('',*,*,#786,.T.);
#902 = ORIENTED_EDGE('',*,*,#903,.F.);
#903 = EDGE_CURVE('',#887,#787,#904,.T.);
#904 = LINE('',#905,#906);
#905 = CARTESIAN_POINT('',(10.4735101,-45.5,7.7172645));
#906 = VECTOR('',#907,1.);
#907 = DIRECTION('',(2.286624903301E-31,-1.,2.22044604925E-16));
#908 = PLANE('',#909);
#909 = AXIS2_PLACEMENT_3D('',#910,#911,#912);
#910 = CARTESIAN_POINT('',(6.7604839,-45.5,7.7172645));
#911 = DIRECTION('',(-2.887798382145E-47,2.22044604925E-16,1.));
#912 = DIRECTION('',(1.,2.286624903301E-31,-2.189528850508E-47));
#913 = ADVANCED_FACE('',(#914),#926,.F.);
#914 = FACE_BOUND('',#915,.F.);
#915 = EDGE_LOOP('',(#916,#917,#918,#919,#925));
#916 = ORIENTED_EDGE('',*,*,#728,.F.);
#917 = ORIENTED_EDGE('',*,*,#490,.F.);
#918 = ORIENTED_EDGE('',*,*,#778,.T.);
#919 = ORIENTED_EDGE('',*,*,#920,.T.);
#920 = EDGE_CURVE('',#771,#698,#921,.T.);
#921 = LINE('',#922,#923);
#922 = CARTESIAN_POINT('',(-1.513244,-46.397728,7.719508));
#923 = VECTOR('',#924,1.);
#924 = DIRECTION('',(-1.,0.,0.));
#925 = ORIENTED_EDGE('',*,*,#697,.T.);
#926 = PLANE('',#927);
#927 = AXIS2_PLACEMENT_3D('',#928,#929,#930);
#928 = CARTESIAN_POINT('',(-13.5,-45.95359,7.719508));
#929 = DIRECTION('',(0.,0.,-1.));
#930 = DIRECTION('',(0.,-1.,0.));
#931 = ADVANCED_FACE('',(#932),#938,.T.);
#932 = FACE_BOUND('',#933,.T.);
#933 = EDGE_LOOP('',(#934,#935,#936,#937));
#934 = ORIENTED_EDGE('',*,*,#586,.T.);
#935 = ORIENTED_EDGE('',*,*,#562,.T.);
#936 = ORIENTED_EDGE('',*,*,#466,.F.);
#937 = ORIENTED_EDGE('',*,*,#602,.F.);
#938 = PLANE('',#939);
#939 = AXIS2_PLACEMENT_3D('',#940,#941,#942);
#940 = CARTESIAN_POINT('',(6.552811,-52.677559,2.3352645));
#941 = DIRECTION('',(0.,1.,-1.314208952907E-16));
#942 = DIRECTION('',(1.,-1.062907145118E-32,-8.087809345433E-17));
#943 = ADVANCED_FACE('',(#944),#950,.F.);
#944 = FACE_BOUND('',#945,.F.);
#945 = EDGE_LOOP('',(#946,#947,#948,#949));
#946 = ORIENTED_EDGE('',*,*,#756,.F.);
#947 = ORIENTED_EDGE('',*,*,#705,.T.);
#948 = ORIENTED_EDGE('',*,*,#920,.F.);
#949 = ORIENTED_EDGE('',*,*,#770,.T.);
#950 = PLANE('',#951);
#951 = AXIS2_PLACEMENT_3D('',#952,#953,#954);
#952 = CARTESIAN_POINT('',(10.473512,-46.397728,2.3352645));
#953 = DIRECTION('',(0.,1.,-1.314208952907E-16));
#954 = DIRECTION('',(1.,-1.062907145118E-32,-8.087809345433E-17));
#955 = ADVANCED_FACE('',(#956),#967,.T.);
#956 = FACE_BOUND('',#957,.T.);
#957 = EDGE_LOOP('',(#958,#964,#965,#966));
#958 = ORIENTED_EDGE('',*,*,#959,.F.);
#959 = EDGE_CURVE('',#887,#821,#960,.T.);
#960 = LINE('',#961,#962);
#961 = CARTESIAN_POINT('',(10.4735101,-45.5,7.7172645));
#962 = VECTOR('',#963,1.);
#963 = DIRECTION('',(2.887798382145E-47,-2.22044604925E-16,-1.));
#964 = ORIENTED_EDGE('',*,*,#903,.T.);
#965 = ORIENTED_EDGE('',*,*,#795,.T.);
#966 = ORIENTED_EDGE('',*,*,#830,.F.);
#967 = PLANE('',#968);
#968 = AXIS2_PLACEMENT_3D('',#969,#970,#971);
#969 = CARTESIAN_POINT('',(10.4735101,-45.5,7.7172645));
#970 = DIRECTION('',(1.,2.286624903301E-31,-2.189528850508E-47));
#971 = DIRECTION('',(2.887798382145E-47,-2.22044604925E-16,-1.));
#972 = ADVANCED_FACE('',(#973,#984),#995,.F.);
#973 = FACE_BOUND('',#974,.F.);
#974 = EDGE_LOOP('',(#975));
#975 = ORIENTED_EDGE('',*,*,#976,.F.);
#976 = EDGE_CURVE('',#977,#977,#979,.T.);
#977 = VERTEX_POINT('',#978);
#978 = CARTESIAN_POINT('',(12.229656,-45.5,5.013775));
#979 = CIRCLE('',#980,3.714777);
#980 = AXIS2_PLACEMENT_3D('',#981,#982,#983);
#981 = CARTESIAN_POINT('',(8.514879,-45.5,5.013775));
#982 = DIRECTION('',(-2.930882181498E-16,-1.,4.440892098501E-16));
#983 = DIRECTION('',(1.,-2.930882181498E-16,1.479114197289E-31));
#984 = FACE_BOUND('',#985,.F.);
#985 = EDGE_LOOP('',(#986,#992,#993,#994));
#986 = ORIENTED_EDGE('',*,*,#987,.F.);
#987 = EDGE_CURVE('',#823,#885,#988,.T.);
#988 = LINE('',#989,#990);
#989 = CARTESIAN_POINT('',(6.7604839,-45.5,2.3360695));
#990 = VECTOR('',#991,1.);
#991 = DIRECTION('',(-2.887798382145E-47,2.22044604925E-16,1.));
#992 = ORIENTED_EDGE('',*,*,#820,.F.);
#993 = ORIENTED_EDGE('',*,*,#959,.F.);
#994 = ORIENTED_EDGE('',*,*,#884,.F.);
#995 = PLANE('',#996);
#996 = AXIS2_PLACEMENT_3D('',#997,#998,#999);
#997 = CARTESIAN_POINT('',(8.514879,-45.5,5.013775));
#998 = DIRECTION('',(-2.286624903301E-31,1.,9.146499613205E-31));
#999 = DIRECTION('',(0.,-9.146499613205E-31,1.));
#1000 = ADVANCED_FACE('',(#1001),#1007,.T.);
#1001 = FACE_BOUND('',#1002,.T.);
#1002 = EDGE_LOOP('',(#1003,#1004,#1005,#1006));
#1003 = ORIENTED_EDGE('',*,*,#987,.F.);
#1004 = ORIENTED_EDGE('',*,*,#846,.T.);
#1005 = ORIENTED_EDGE('',*,*,#870,.T.);
#1006 = ORIENTED_EDGE('',*,*,#894,.F.);
#1007 = PLANE('',#1008);
#1008 = AXIS2_PLACEMENT_3D('',#1009,#1010,#1011);
#1009 = CARTESIAN_POINT('',(6.7604839,-45.5,2.3360695));
#1010 = DIRECTION('',(-1.,-2.286624903301E-31,2.189528850508E-47));
#1011 = DIRECTION('',(-2.887798382145E-47,2.22044604925E-16,1.));
#1012 = ADVANCED_FACE('',(#1013),#1032,.T.);
#1013 = FACE_BOUND('',#1014,.F.);
#1014 = EDGE_LOOP('',(#1015,#1023,#1024,#1025));
#1015 = ORIENTED_EDGE('',*,*,#1016,.T.);
#1016 = EDGE_CURVE('',#1017,#977,#1019,.T.);
#1017 = VERTEX_POINT('',#1018);
#1018 = CARTESIAN_POINT('',(12.229656,-33.5,5.013775));
#1019 = LINE('',#1020,#1021);
#1020 = CARTESIAN_POINT('',(12.229656,-33.5,5.013775));
#1021 = VECTOR('',#1022,1.);
#1022 = DIRECTION('',(-2.930882181498E-16,-1.,4.440892098501E-16));
#1023 = ORIENTED_EDGE('',*,*,#976,.T.);
#1024 = ORIENTED_EDGE('',*,*,#1016,.F.);
#1025 = ORIENTED_EDGE('',*,*,#1026,.F.);
#1026 = EDGE_CURVE('',#1017,#1017,#1027,.T.);
#1027 = CIRCLE('',#1028,3.714777);
#1028 = AXIS2_PLACEMENT_3D('',#1029,#1030,#1031);
#1029 = CARTESIAN_POINT('',(8.514879,-33.5,5.013775));
#1030 = DIRECTION('',(-2.930882181498E-16,-1.,4.440892098501E-16));
#1031 = DIRECTION('',(1.,-2.930882181498E-16,1.479114197289E-31));
#1032 = CYLINDRICAL_SURFACE('',#1033,3.714777);
#1033 = AXIS2_PLACEMENT_3D('',#1034,#1035,#1036);
#1034 = CARTESIAN_POINT('',(8.514879,-33.5,5.013775));
#1035 = DIRECTION('',(2.930882181498E-16,1.,-4.440892098501E-16));
#1036 = DIRECTION('',(1.,-2.930882181498E-16,1.479114197289E-31));
#1037 = ADVANCED_FACE('',(#1038,#1049),#1052,.F.);
#1038 = FACE_BOUND('',#1039,.F.);
#1039 = EDGE_LOOP('',(#1040));
#1040 = ORIENTED_EDGE('',*,*,#1041,.F.);
#1041 = EDGE_CURVE('',#1042,#1042,#1044,.T.);
#1042 = VERTEX_POINT('',#1043);
#1043 = CARTESIAN_POINT('',(12.540788,-33.5,4.991296));
#1044 = CIRCLE('',#1045,4.040551);
#1045 = AXIS2_PLACEMENT_3D('',#1046,#1047,#1048);
#1046 = CARTESIAN_POINT('',(8.500237,-33.5,4.991296));
#1047 = DIRECTION('',(0.,-1.,2.22044604925E-16));
#1048 = DIRECTION('',(1.,0.,0.));
#1049 = FACE_BOUND('',#1050,.F.);
#1050 = EDGE_LOOP('',(#1051));
#1051 = ORIENTED_EDGE('',*,*,#1026,.T.);
#1052 = PLANE('',#1053);
#1053 = AXIS2_PLACEMENT_3D('',#1054,#1055,#1056);
#1054 = CARTESIAN_POINT('',(8.500237,-33.5,4.991296));
#1055 = DIRECTION('',(2.930882181498E-16,1.,-5.076436849353E-16));
#1056 = DIRECTION('',(0.,5.076436849353E-16,1.));
#1057 = ADVANCED_FACE('',(#1058),#1077,.T.);
#1058 = FACE_BOUND('',#1059,.F.);
#1059 = EDGE_LOOP('',(#1060,#1068,#1069,#1070));
#1060 = ORIENTED_EDGE('',*,*,#1061,.T.);
#1061 = EDGE_CURVE('',#1062,#1042,#1064,.T.);
#1062 = VERTEX_POINT('',#1063);
#1063 = CARTESIAN_POINT('',(12.540788,-24.5,4.991296));
#1064 = LINE('',#1065,#1066);
#1065 = CARTESIAN_POINT('',(12.540788,-24.5,4.991296));
#1066 = VECTOR('',#1067,1.);
#1067 = DIRECTION('',(0.,-1.,2.22044604925E-16));
#1068 = ORIENTED_EDGE('',*,*,#1041,.T.);
#1069 = ORIENTED_EDGE('',*,*,#1061,.F.);
#1070 = ORIENTED_EDGE('',*,*,#1071,.F.);
#1071 = EDGE_CURVE('',#1062,#1062,#1072,.T.);
#1072 = CIRCLE('',#1073,4.040551);
#1073 = AXIS2_PLACEMENT_3D('',#1074,#1075,#1076);
#1074 = CARTESIAN_POINT('',(8.500237,-24.5,4.991296));
#1075 = DIRECTION('',(0.,-1.,2.22044604925E-16));
#1076 = DIRECTION('',(1.,0.,0.));
#1077 = CYLINDRICAL_SURFACE('',#1078,4.040551);
#1078 = AXIS2_PLACEMENT_3D('',#1079,#1080,#1081);
#1079 = CARTESIAN_POINT('',(8.500237,-24.5,4.991296));
#1080 = DIRECTION('',(0.,1.,-2.22044604925E-16));
#1081 = DIRECTION('',(1.,0.,0.));
#1082 = ADVANCED_FACE('',(#1083,#1086),#1097,.T.);
#1083 = FACE_BOUND('',#1084,.T.);
#1084 = EDGE_LOOP('',(#1085));
#1085 = ORIENTED_EDGE('',*,*,#1071,.F.);
#1086 = FACE_BOUND('',#1087,.T.);
#1087 = EDGE_LOOP('',(#1088));
#1088 = ORIENTED_EDGE('',*,*,#1089,.T.);
#1089 = EDGE_CURVE('',#1090,#1090,#1092,.T.);
#1090 = VERTEX_POINT('',#1091);
#1091 = CARTESIAN_POINT('',(10.512983,-24.5,5.006169));
#1092 = CIRCLE('',#1093,2.);
#1093 = AXIS2_PLACEMENT_3D('',#1094,#1095,#1096);
#1094 = CARTESIAN_POINT('',(8.512983,-24.5,5.006169));
#1095 = DIRECTION('',(0.,-1.,2.22044604925E-16));
#1096 = DIRECTION('',(1.,0.,0.));
#1097 = PLANE('',#1098);
#1098 = AXIS2_PLACEMENT_3D('',#1099,#1100,#1101);
#1099 = CARTESIAN_POINT('',(8.500237,-24.5,4.991296));
#1100 = DIRECTION('',(2.930882181498E-16,1.,-5.076436849353E-16));
#1101 = DIRECTION('',(0.,5.076436849353E-16,1.));
#1102 = ADVANCED_FACE('',(#1103),#1122,.T.);
#1103 = FACE_BOUND('',#1104,.F.);
#1104 = EDGE_LOOP('',(#1105,#1113,#1114,#1115));
#1105 = ORIENTED_EDGE('',*,*,#1106,.T.);
#1106 = EDGE_CURVE('',#1107,#1090,#1109,.T.);
#1107 = VERTEX_POINT('',#1108);
#1108 = CARTESIAN_POINT('',(10.512983,-23.5,5.006169));
#1109 = LINE('',#1110,#1111);
#1110 = CARTESIAN_POINT('',(10.512983,-23.5,5.006169));
#1111 = VECTOR('',#1112,1.);
#1112 = DIRECTION('',(0.,-1.,2.22044604925E-16));
#1113 = ORIENTED_EDGE('',*,*,#1089,.T.);
#1114 = ORIENTED_EDGE('',*,*,#1106,.F.);
#1115 = ORIENTED_EDGE('',*,*,#1116,.F.);
#1116 = EDGE_CURVE('',#1107,#1107,#1117,.T.);
#1117 = CIRCLE('',#1118,2.);
#1118 = AXIS2_PLACEMENT_3D('',#1119,#1120,#1121);
#1119 = CARTESIAN_POINT('',(8.512983,-23.5,5.006169));
#1120 = DIRECTION('',(0.,-1.,2.22044604925E-16));
#1121 = DIRECTION('',(1.,0.,0.));
#1122 = CYLINDRICAL_SURFACE('',#1123,2.);
#1123 = AXIS2_PLACEMENT_3D('',#1124,#1125,#1126);
#1124 = CARTESIAN_POINT('',(8.512983,-23.5,5.006169));
#1125 = DIRECTION('',(0.,1.,-2.22044604925E-16));
#1126 = DIRECTION('',(1.,0.,0.));
#1127 = ADVANCED_FACE('',(#1128,#1162),#1165,.T.);
#1128 = FACE_BOUND('',#1129,.T.);
#1129 = EDGE_LOOP('',(#1130,#1140,#1148,#1156));
#1130 = ORIENTED_EDGE('',*,*,#1131,.F.);
#1131 = EDGE_CURVE('',#1132,#1134,#1136,.T.);
#1132 = VERTEX_POINT('',#1133);
#1133 = CARTESIAN_POINT('',(12.6,-23.5,1.));
#1134 = VERTEX_POINT('',#1135);
#1135 = CARTESIAN_POINT('',(-12.6,-23.5,1.));
#1136 = LINE('',#1137,#1138);
#1137 = CARTESIAN_POINT('',(13.5,-23.5,1.));
#1138 = VECTOR('',#1139,1.);
#1139 = DIRECTION('',(-1.,0.,0.));
#1140 = ORIENTED_EDGE('',*,*,#1141,.T.);
#1141 = EDGE_CURVE('',#1132,#1142,#1144,.T.);
#1142 = VERTEX_POINT('',#1143);
#1143 = CARTESIAN_POINT('',(12.6,-23.5,9.));
#1144 = LINE('',#1145,#1146);
#1145 = CARTESIAN_POINT('',(12.6,-23.5,1.));
#1146 = VECTOR('',#1147,1.);
#1147 = DIRECTION('',(0.,0.,1.));
#1148 = ORIENTED_EDGE('',*,*,#1149,.T.);
#1149 = EDGE_CURVE('',#1142,#1150,#1152,.T.);
#1150 = VERTEX_POINT('',#1151);
#1151 = CARTESIAN_POINT('',(-12.6,-23.5,9.));
#1152 = LINE('',#1153,#1154);
#1153 = CARTESIAN_POINT('',(13.5,-23.5,9.));
#1154 = VECTOR('',#1155,1.);
#1155 = DIRECTION('',(-1.,0.,0.));
#1156 = ORIENTED_EDGE('',*,*,#1157,.F.);
#1157 = EDGE_CURVE('',#1134,#1150,#1158,.T.);
#1158 = LINE('',#1159,#1160);
#1159 = CARTESIAN_POINT('',(-12.6,-23.5,1.));
#1160 = VECTOR('',#1161,1.);
#1161 = DIRECTION('',(0.,0.,1.));
#1162 = FACE_BOUND('',#1163,.T.);
#1163 = EDGE_LOOP('',(#1164));
#1164 = ORIENTED_EDGE('',*,*,#1116,.F.);
#1165 = PLANE('',#1166);
#1166 = AXIS2_PLACEMENT_3D('',#1167,#1168,#1169);
#1167 = CARTESIAN_POINT('',(13.5,-23.5,0.));
#1168 = DIRECTION('',(0.,-1.,0.));
#1169 = DIRECTION('',(-1.,0.,0.));
#1170 = ADVANCED_FACE('',(#1171),#1226,.T.);
#1171 = FACE_BOUND('',#1172,.F.);
#1172 = EDGE_LOOP('',(#1173,#1174,#1197,#1205));
#1173 = ORIENTED_EDGE('',*,*,#1131,.F.);
#1174 = ORIENTED_EDGE('',*,*,#1175,.F.);
#1175 = EDGE_CURVE('',#1176,#1132,#1178,.T.);
#1176 = VERTEX_POINT('',#1177);
#1177 = CARTESIAN_POINT('',(12.5,-22.5,-2.22044604925E-16));
#1178 = ( BOUNDED_CURVE() B_SPLINE_CURVE(9,(#1179,#1180,#1181,#1182,
    #1183,#1184,#1185,#1186,#1187,#1188,#1189,#1190,#1191,#1192,#1193,
#1194,#1195,#1196),.UNSPECIFIED.,.F.,.F.) B_SPLINE_CURVE_WITH_KNOTS((10,
8,10),(0.,0.955049447259,1.910098894519),.UNSPECIFIED.) CURVE() 
GEOMETRIC_REPRESENTATION_ITEM() RATIONAL_B_SPLINE_CURVE((1.,1.,1.,1.,1.,
1.,1.,1.,1.,1.,1.,1.,1.,1.,1.,1.,1.,1.)) REPRESENTATION_ITEM('') );
#1179 = CARTESIAN_POINT('',(12.5,-22.5,-2.22044604925E-16));
#1180 = CARTESIAN_POINT('',(12.515866556928,-22.65866556928,
    -6.661338147751E-16));
#1181 = CARTESIAN_POINT('',(12.531681371596,-22.81726239517,
    2.832784820867E-02));
#1182 = CARTESIAN_POINT('',(12.545583139661,-22.96988697081,
    8.490420795565E-02));
#1183 = CARTESIAN_POINT('',(12.554279181136,-23.10889420038,
    0.168207333186));
#1184 = CARTESIAN_POINT('',(12.55762243897,-23.23016837636,0.27327387898
    ));
#1185 = CARTESIAN_POINT('',(12.552630428506,-23.32712362905,
    0.395413405128));
#1186 = CARTESIAN_POINT('',(12.538253591031,-23.39402675316,
    0.52398985062));
#1187 = CARTESIAN_POINT('',(12.525230361999,-23.43623564901,
    0.636245333978));
#1188 = CARTESIAN_POINT('',(12.511561881713,-23.48765824681,
    0.817282088855));
#1189 = CARTESIAN_POINT('',(12.510897506426,-23.49683799124,
    0.886048570863));
#1190 = CARTESIAN_POINT('',(12.521528152222,-23.4968984649,
    0.925647377946));
#1191 = CARTESIAN_POINT('',(12.544529160518,-23.49941521838,
    0.943918287136));
#1192 = CARTESIAN_POINT('',(12.562798254938,-23.49921769895,
    0.962683317703));
#1193 = CARTESIAN_POINT('',(12.581536073339,-23.49980547133,
    0.972340554892));
#1194 = CARTESIAN_POINT('',(12.593689790905,-23.49990505042,
    0.982652281868));
#1195 = CARTESIAN_POINT('',(12.6,-23.5,0.991273393689));
#1196 = CARTESIAN_POINT('',(12.6,-23.5,1.));
#1197 = ORIENTED_EDGE('',*,*,#1198,.T.);
#1198 = EDGE_CURVE('',#1176,#1199,#1201,.T.);
#1199 = VERTEX_POINT('',#1200);
#1200 = CARTESIAN_POINT('',(-12.5,-22.5,-2.22044604925E-16));
#1201 = LINE('',#1202,#1203);
#1202 = CARTESIAN_POINT('',(13.5,-22.5,-2.22044604925E-16));
#1203 = VECTOR('',#1204,1.);
#1204 = DIRECTION('',(-1.,0.,0.));
#1205 = ORIENTED_EDGE('',*,*,#1206,.T.);
#1206 = EDGE_CURVE('',#1199,#1134,#1207,.T.);
#1207 = ( BOUNDED_CURVE() B_SPLINE_CURVE(9,(#1208,#1209,#1210,#1211,
    #1212,#1213,#1214,#1215,#1216,#1217,#1218,#1219,#1220,#1221,#1222,
#1223,#1224,#1225),.UNSPECIFIED.,.F.,.F.) B_SPLINE_CURVE_WITH_KNOTS((10,
8,10),(0.,0.955049447259,1.910098894519),.UNSPECIFIED.) CURVE() 
GEOMETRIC_REPRESENTATION_ITEM() RATIONAL_B_SPLINE_CURVE((1.,1.,1.,1.,1.,
1.,1.,1.,1.,1.,1.,1.,1.,1.,1.,1.,1.,1.)) REPRESENTATION_ITEM('') );
#1208 = CARTESIAN_POINT('',(-12.5,-22.5,-2.22044604925E-16));
#1209 = CARTESIAN_POINT('',(-12.51586655692,-22.65866556928,
    -2.442490654175E-15));
#1210 = CARTESIAN_POINT('',(-12.53168137159,-22.81726239517,
    2.832784820866E-02));
#1211 = CARTESIAN_POINT('',(-12.54558313966,-22.96988697081,
    8.490420795567E-02));
#1212 = CARTESIAN_POINT('',(-12.55427918113,-23.10889420038,
    0.168207333186));
#1213 = CARTESIAN_POINT('',(-12.55762243897,-23.23016837636,
    0.27327387898));
#1214 = CARTESIAN_POINT('',(-12.5526304285,-23.32712362905,
    0.395413405128));
#1215 = CARTESIAN_POINT('',(-12.53825359103,-23.39402675316,
    0.52398985062));
#1216 = CARTESIAN_POINT('',(-12.52523036199,-23.43623564901,
    0.636245333978));
#1217 = CARTESIAN_POINT('',(-12.51156188171,-23.48765824681,
    0.817282088855));
#1218 = CARTESIAN_POINT('',(-12.51089750642,-23.49683799124,
    0.886048570863));
#1219 = CARTESIAN_POINT('',(-12.52152815222,-23.4968984649,
    0.925647377946));
#1220 = CARTESIAN_POINT('',(-12.54452916051,-23.49941521838,
    0.943918287135));
#1221 = CARTESIAN_POINT('',(-12.56279825493,-23.49921769895,
    0.962683317704));
#1222 = CARTESIAN_POINT('',(-12.58153607333,-23.49980547133,
    0.972340554891));
#1223 = CARTESIAN_POINT('',(-12.5936897909,-23.49990505042,
    0.982652281868));
#1224 = CARTESIAN_POINT('',(-12.6,-23.5,0.991273393689));
#1225 = CARTESIAN_POINT('',(-12.6,-23.5,1.));
#1226 = CYLINDRICAL_SURFACE('',#1227,1.);
#1227 = AXIS2_PLACEMENT_3D('',#1228,#1229,#1230);
#1228 = CARTESIAN_POINT('',(13.5,-22.5,1.));
#1229 = DIRECTION('',(-1.,0.,0.));
#1230 = DIRECTION('',(0.,-1.,0.));
#1231 = ADVANCED_FACE('',(#1232),#1258,.T.);
#1232 = FACE_BOUND('',#1233,.T.);
#1233 = EDGE_LOOP('',(#1234,#1242,#1250,#1257));
#1234 = ORIENTED_EDGE('',*,*,#1235,.T.);
#1235 = EDGE_CURVE('',#1132,#1236,#1238,.T.);
#1236 = VERTEX_POINT('',#1237);
#1237 = CARTESIAN_POINT('',(13.5,-22.6,1.));
#1238 = ( BOUNDED_CURVE() B_SPLINE_CURVE(2,(#1239,#1240,#1241),
.UNSPECIFIED.,.F.,.F.) B_SPLINE_CURVE_WITH_KNOTS((3,3),(0.,
1.910098894519),.PIECEWISE_BEZIER_KNOTS.) CURVE() 
GEOMETRIC_REPRESENTATION_ITEM() RATIONAL_B_SPLINE_CURVE((1.,
0.707106781187,1.)) REPRESENTATION_ITEM('') );
#1239 = CARTESIAN_POINT('',(12.6,-23.5,1.));
#1240 = CARTESIAN_POINT('',(13.5,-23.5,1.));
#1241 = CARTESIAN_POINT('',(13.5,-22.6,1.));
#1242 = ORIENTED_EDGE('',*,*,#1243,.T.);
#1243 = EDGE_CURVE('',#1236,#1244,#1246,.T.);
#1244 = VERTEX_POINT('',#1245);
#1245 = CARTESIAN_POINT('',(13.5,-22.6,9.));
#1246 = LINE('',#1247,#1248);
#1247 = CARTESIAN_POINT('',(13.5,-22.6,1.));
#1248 = VECTOR('',#1249,1.);
#1249 = DIRECTION('',(0.,0.,1.));
#1250 = ORIENTED_EDGE('',*,*,#1251,.F.);
#1251 = EDGE_CURVE('',#1142,#1244,#1252,.T.);
#1252 = CIRCLE('',#1253,0.9);
#1253 = AXIS2_PLACEMENT_3D('',#1254,#1255,#1256);
#1254 = CARTESIAN_POINT('',(12.6,-22.6,9.));
#1255 = DIRECTION('',(-0.,0.,1.));
#1256 = DIRECTION('',(0.,-1.,0.));
#1257 = ORIENTED_EDGE('',*,*,#1141,.F.);
#1258 = CYLINDRICAL_SURFACE('',#1259,0.9);
#1259 = AXIS2_PLACEMENT_3D('',#1260,#1261,#1262);
#1260 = CARTESIAN_POINT('',(12.6,-22.6,1.));
#1261 = DIRECTION('',(0.,0.,1.));
#1262 = DIRECTION('',(0.,-1.,0.));
#1263 = ADVANCED_FACE('',(#1264),#1290,.T.);
#1264 = FACE_BOUND('',#1265,.T.);
#1265 = EDGE_LOOP('',(#1266,#1274,#1275,#1284));
#1266 = ORIENTED_EDGE('',*,*,#1267,.T.);
#1267 = EDGE_CURVE('',#1268,#1134,#1270,.T.);
#1268 = VERTEX_POINT('',#1269);
#1269 = CARTESIAN_POINT('',(-13.5,-22.6,1.));
#1270 = ( BOUNDED_CURVE() B_SPLINE_CURVE(2,(#1271,#1272,#1273),
.UNSPECIFIED.,.F.,.F.) B_SPLINE_CURVE_WITH_KNOTS((3,3),(0.,
1.910098894519),.PIECEWISE_BEZIER_KNOTS.) CURVE() 
GEOMETRIC_REPRESENTATION_ITEM() RATIONAL_B_SPLINE_CURVE((1.,
0.707106781187,1.)) REPRESENTATION_ITEM('') );
#1271 = CARTESIAN_POINT('',(-13.5,-22.6,1.));
#1272 = CARTESIAN_POINT('',(-13.5,-23.5,1.));
#1273 = CARTESIAN_POINT('',(-12.6,-23.5,1.));
#1274 = ORIENTED_EDGE('',*,*,#1157,.T.);
#1275 = ORIENTED_EDGE('',*,*,#1276,.F.);
#1276 = EDGE_CURVE('',#1277,#1150,#1279,.T.);
#1277 = VERTEX_POINT('',#1278);
#1278 = CARTESIAN_POINT('',(-13.5,-22.6,9.));
#1279 = CIRCLE('',#1280,0.9);
#1280 = AXIS2_PLACEMENT_3D('',#1281,#1282,#1283);
#1281 = CARTESIAN_POINT('',(-12.6,-22.6,9.));
#1282 = DIRECTION('',(0.,0.,1.));
#1283 = DIRECTION('',(-1.,0.,0.));
#1284 = ORIENTED_EDGE('',*,*,#1285,.F.);
#1285 = EDGE_CURVE('',#1268,#1277,#1286,.T.);
#1286 = LINE('',#1287,#1288);
#1287 = CARTESIAN_POINT('',(-13.5,-22.6,1.));
#1288 = VECTOR('',#1289,1.);
#1289 = DIRECTION('',(0.,0.,1.));
#1290 = CYLINDRICAL_SURFACE('',#1291,0.9);
#1291 = AXIS2_PLACEMENT_3D('',#1292,#1293,#1294);
#1292 = CARTESIAN_POINT('',(-12.6,-22.6,1.));
#1293 = DIRECTION('',(0.,0.,1.));
#1294 = DIRECTION('',(-1.,0.,0.));
#1295 = ADVANCED_FACE('',(#1296),#1351,.T.);
#1296 = FACE_BOUND('',#1297,.T.);
#1297 = EDGE_LOOP('',(#1298,#1299,#1322,#1330));
#1298 = ORIENTED_EDGE('',*,*,#1149,.F.);
#1299 = ORIENTED_EDGE('',*,*,#1300,.T.);
#1300 = EDGE_CURVE('',#1142,#1301,#1303,.T.);
#1301 = VERTEX_POINT('',#1302);
#1302 = CARTESIAN_POINT('',(12.5,-22.5,10.));
#1303 = ( BOUNDED_CURVE() B_SPLINE_CURVE(9,(#1304,#1305,#1306,#1307,
    #1308,#1309,#1310,#1311,#1312,#1313,#1314,#1315,#1316,#1317,#1318,
#1319,#1320,#1321),.UNSPECIFIED.,.F.,.F.) B_SPLINE_CURVE_WITH_KNOTS((10,
    8,10),(9.910098894519,10.865148341778,11.820197789037),
.UNSPECIFIED.) CURVE() GEOMETRIC_REPRESENTATION_ITEM() 
RATIONAL_B_SPLINE_CURVE((1.,1.,1.,1.,1.,1.,1.,1.,1.,1.,1.,1.,1.,1.,1.,1.
,1.,1.)) REPRESENTATION_ITEM('') );
#1304 = CARTESIAN_POINT('',(12.6,-23.5,9.));
#1305 = CARTESIAN_POINT('',(12.6,-23.5,9.008726606311));
#1306 = CARTESIAN_POINT('',(12.593689790905,-23.49990505042,
    9.017347718132));
#1307 = CARTESIAN_POINT('',(12.581536073339,-23.49980547133,
    9.027659445109));
#1308 = CARTESIAN_POINT('',(12.562798254938,-23.49921769895,
    9.037316682296));
#1309 = CARTESIAN_POINT('',(12.544529160518,-23.49941521838,
    9.056081712865));
#1310 = CARTESIAN_POINT('',(12.521528152222,-23.4968984649,
    9.074352622054));
#1311 = CARTESIAN_POINT('',(12.510897506426,-23.49683799124,
    9.113951429137));
#1312 = CARTESIAN_POINT('',(12.511561881713,-23.48765824681,
    9.182717911145));
#1313 = CARTESIAN_POINT('',(12.525230361999,-23.43623564901,
    9.363754666022));
#1314 = CARTESIAN_POINT('',(12.538253591031,-23.39402675316,
    9.47601014938));
#1315 = CARTESIAN_POINT('',(12.552630428506,-23.32712362905,
    9.604586594872));
#1316 = CARTESIAN_POINT('',(12.55762243897,-23.23016837636,9.72672612102
    ));
#1317 = CARTESIAN_POINT('',(12.554279181136,-23.10889420038,
    9.831792666814));
#1318 = CARTESIAN_POINT('',(12.545583139661,-22.96988697081,
    9.915095792044));
#1319 = CARTESIAN_POINT('',(12.531681371597,-22.81726239517,
    9.971672151791));
#1320 = CARTESIAN_POINT('',(12.515866556928,-22.65866556928,10.));
#1321 = CARTESIAN_POINT('',(12.5,-22.5,10.));
#1322 = ORIENTED_EDGE('',*,*,#1323,.T.);
#1323 = EDGE_CURVE('',#1301,#1324,#1326,.T.);
#1324 = VERTEX_POINT('',#1325);
#1325 = CARTESIAN_POINT('',(-12.5,-22.5,10.));
#1326 = LINE('',#1327,#1328);
#1327 = CARTESIAN_POINT('',(13.5,-22.5,10.));
#1328 = VECTOR('',#1329,1.);
#1329 = DIRECTION('',(-1.,0.,0.));
#1330 = ORIENTED_EDGE('',*,*,#1331,.F.);
#1331 = EDGE_CURVE('',#1150,#1324,#1332,.T.);
#1332 = ( BOUNDED_CURVE() B_SPLINE_CURVE(9,(#1333,#1334,#1335,#1336,
    #1337,#1338,#1339,#1340,#1341,#1342,#1343,#1344,#1345,#1346,#1347,
#1348,#1349,#1350),.UNSPECIFIED.,.F.,.F.) B_SPLINE_CURVE_WITH_KNOTS((10,
    8,10),(9.910098894519,10.865148341778,11.820197789037),
.UNSPECIFIED.) CURVE() GEOMETRIC_REPRESENTATION_ITEM() 
RATIONAL_B_SPLINE_CURVE((1.,1.,1.,1.,1.,1.,1.,1.,1.,1.,1.,1.,1.,1.,1.,1.
,1.,1.)) REPRESENTATION_ITEM('') );
#1333 = CARTESIAN_POINT('',(-12.6,-23.5,9.));
#1334 = CARTESIAN_POINT('',(-12.6,-23.5,9.008726606311));
#1335 = CARTESIAN_POINT('',(-12.5936897909,-23.49990505042,
    9.017347718132));
#1336 = CARTESIAN_POINT('',(-12.58153607333,-23.49980547133,
    9.027659445109));
#1337 = CARTESIAN_POINT('',(-12.56279825493,-23.49921769895,
    9.037316682296));
#1338 = CARTESIAN_POINT('',(-12.54452916051,-23.49941521838,
    9.056081712865));
#1339 = CARTESIAN_POINT('',(-12.52152815222,-23.4968984649,
    9.074352622054));
#1340 = CARTESIAN_POINT('',(-12.51089750642,-23.49683799124,
    9.113951429137));
#1341 = CARTESIAN_POINT('',(-12.51156188171,-23.48765824681,
    9.182717911145));
#1342 = CARTESIAN_POINT('',(-12.52523036199,-23.43623564901,
    9.363754666022));
#1343 = CARTESIAN_POINT('',(-12.53825359103,-23.39402675316,
    9.47601014938));
#1344 = CARTESIAN_POINT('',(-12.5526304285,-23.32712362905,
    9.604586594872));
#1345 = CARTESIAN_POINT('',(-12.55762243897,-23.23016837636,
    9.72672612102));
#1346 = CARTESIAN_POINT('',(-12.55427918113,-23.10889420038,
    9.831792666814));
#1347 = CARTESIAN_POINT('',(-12.54558313966,-22.96988697081,
    9.915095792044));
#1348 = CARTESIAN_POINT('',(-12.53168137159,-22.81726239517,
    9.971672151791));
#1349 = CARTESIAN_POINT('',(-12.51586655692,-22.65866556928,10.));
#1350 = CARTESIAN_POINT('',(-12.5,-22.5,10.));
#1351 = CYLINDRICAL_SURFACE('',#1352,1.);
#1352 = AXIS2_PLACEMENT_3D('',#1353,#1354,#1355);
#1353 = CARTESIAN_POINT('',(13.5,-22.5,9.));
#1354 = DIRECTION('',(-1.,0.,0.));
#1355 = DIRECTION('',(0.,-1.,0.));
#1356 = ADVANCED_FACE('',(#1357),#1382,.T.);
#1357 = FACE_BOUND('',#1358,.T.);
#1358 = EDGE_LOOP('',(#1359,#1380,#1381));
#1359 = ORIENTED_EDGE('',*,*,#1360,.T.);
#1360 = EDGE_CURVE('',#1176,#1236,#1361,.T.);
#1361 = ( BOUNDED_CURVE() B_SPLINE_CURVE(9,(#1362,#1363,#1364,#1365,
    #1366,#1367,#1368,#1369,#1370,#1371,#1372,#1373,#1374,#1375,#1376,
#1377,#1378,#1379),.UNSPECIFIED.,.F.,.F.) B_SPLINE_CURVE_WITH_KNOTS((10,
8,10),(0.,0.955049447259,1.910098894519),.UNSPECIFIED.) CURVE() 
GEOMETRIC_REPRESENTATION_ITEM() RATIONAL_B_SPLINE_CURVE((1.,1.,1.,1.,1.,
1.,1.,1.,1.,1.,1.,1.,1.,1.,1.,1.,1.,1.)) REPRESENTATION_ITEM('') );
#1362 = CARTESIAN_POINT('',(12.5,-22.5,-2.22044604925E-16));
#1363 = CARTESIAN_POINT('',(12.658665569283,-22.51586655692,
    -1.998401444325E-15));
#1364 = CARTESIAN_POINT('',(12.817262395175,-22.53168137159,
    2.832784820868E-02));
#1365 = CARTESIAN_POINT('',(12.969886970814,-22.54558313966,
    8.490420795565E-02));
#1366 = CARTESIAN_POINT('',(13.108894200384,-22.55427918113,
    0.168207333186));
#1367 = CARTESIAN_POINT('',(13.230168376367,-22.55762243897,
    0.27327387898));
#1368 = CARTESIAN_POINT('',(13.327123629051,-22.5526304285,
    0.395413405128));
#1369 = CARTESIAN_POINT('',(13.394026753166,-22.53825359103,
    0.52398985062));
#1370 = CARTESIAN_POINT('',(13.436235649018,-22.52523036199,
    0.636245333978));
#1371 = CARTESIAN_POINT('',(13.48765824681,-22.51156188171,
    0.817282088855));
#1372 = CARTESIAN_POINT('',(13.496837991243,-22.51089750642,
    0.886048570863));
#1373 = CARTESIAN_POINT('',(13.496898464904,-22.52152815222,
    0.925647377946));
#1374 = CARTESIAN_POINT('',(13.499415218387,-22.54452916051,
    0.943918287136));
#1375 = CARTESIAN_POINT('',(13.499217698957,-22.56279825493,
    0.962683317703));
#1376 = CARTESIAN_POINT('',(13.499805471331,-22.58153607333,
    0.972340554892));
#1377 = CARTESIAN_POINT('',(13.499905050422,-22.5936897909,
    0.982652281868));
#1378 = CARTESIAN_POINT('',(13.5,-22.6,0.991273393689));
#1379 = CARTESIAN_POINT('',(13.5,-22.6,1.));
#1380 = ORIENTED_EDGE('',*,*,#1235,.F.);
#1381 = ORIENTED_EDGE('',*,*,#1175,.F.);
#1382 = ( BOUNDED_SURFACE() B_SPLINE_SURFACE(2,9,(
    (#1383,#1384,#1385,#1386,#1387,#1388,#1389,#1390,#1391,#1392,#1393
      ,#1394,#1395,#1396,#1397,#1398,#1399,#1400)
    ,(#1401,#1402,#1403,#1404,#1405,#1406,#1407,#1408,#1409,#1410,#1411
      ,#1412,#1413,#1414,#1415,#1416,#1417,#1418)
    ,(#1419,#1420,#1421,#1422,#1423,#1424,#1425,#1426,#1427,#1428,#1429
      ,#1430,#1431,#1432,#1433,#1434,#1435,#1436
)),.UNSPECIFIED.,.F.,.F.,.F.) B_SPLINE_SURFACE_WITH_KNOTS((3,3),(10,8,10
    ),(0.,1.910098894519),(0.,0.955049447259,1.910098894519),
.UNSPECIFIED.) GEOMETRIC_REPRESENTATION_ITEM() RATIONAL_B_SPLINE_SURFACE
((
    (1.,1.,1.,1.,1.,1.,1.,1.,1.,1.,1.,1.,1.,1.,1.,1.,1.,1.)
    ,(1.,1.,0.985820256574,0.95761556216,0.915962338051,0.864453923266
      ,0.805376993259,0.744859077475,0.699391656098,0.64290399922
      ,0.631860221005,0.641971218823,0.663652441338,0.677272977883
      ,0.693101660951,0.702155057566,0.707106781187,0.707106781187)
    ,(1.,1.,1.,1.,1.,1.,1.,1.,1.,1.,1.,1.,1.,1.,1.,1.,1.,1.
))) REPRESENTATION_ITEM('') SURFACE() );
#1383 = CARTESIAN_POINT('',(12.5,-22.5,-2.22044604925E-16));
#1384 = CARTESIAN_POINT('',(12.515866556928,-22.65866556928,
    -6.661338147751E-16));
#1385 = CARTESIAN_POINT('',(12.531681371596,-22.81726239517,
    2.832784820867E-02));
#1386 = CARTESIAN_POINT('',(12.545583139661,-22.96988697081,
    8.490420795565E-02));
#1387 = CARTESIAN_POINT('',(12.554279181136,-23.10889420038,
    0.168207333186));
#1388 = CARTESIAN_POINT('',(12.55762243897,-23.23016837636,0.27327387898
    ));
#1389 = CARTESIAN_POINT('',(12.552630428506,-23.32712362905,
    0.395413405128));
#1390 = CARTESIAN_POINT('',(12.538253591031,-23.39402675316,
    0.52398985062));
#1391 = CARTESIAN_POINT('',(12.525230361999,-23.43623564901,
    0.636245333978));
#1392 = CARTESIAN_POINT('',(12.511561881713,-23.48765824681,
    0.817282088855));
#1393 = CARTESIAN_POINT('',(12.510897506426,-23.49683799124,
    0.886048570863));
#1394 = CARTESIAN_POINT('',(12.521528152222,-23.4968984649,
    0.925647377946));
#1395 = CARTESIAN_POINT('',(12.544529160518,-23.49941521838,
    0.943918287136));
#1396 = CARTESIAN_POINT('',(12.562798254938,-23.49921769895,
    0.962683317703));
#1397 = CARTESIAN_POINT('',(12.581536073339,-23.49980547133,
    0.972340554892));
#1398 = CARTESIAN_POINT('',(12.593689790905,-23.49990505042,
    0.982652281868));
#1399 = CARTESIAN_POINT('',(12.6,-23.5,0.991273393689));
#1400 = CARTESIAN_POINT('',(12.6,-23.5,1.));
#1401 = CARTESIAN_POINT('',(12.5,-22.5,-2.22044604925E-16));
#1402 = CARTESIAN_POINT('',(12.587266063106,-22.5872660631,
    -1.33226762955E-15));
#1403 = CARTESIAN_POINT('',(12.677053627169,-22.67705362716,
    2.804081031321E-03));
#1404 = CARTESIAN_POINT('',(12.768392066592,-22.76839206659,
    9.161830071137E-03));
#1405 = CARTESIAN_POINT('',(12.860273090138,-22.86027309013,
    1.692723483267E-02));
#1406 = CARTESIAN_POINT('',(12.951211105474,-22.95121110547,
    2.751579510514E-02));
#1407 = CARTESIAN_POINT('',(13.040932873987,-23.04093287398,
    3.616305968236E-02));
#1408 = CARTESIAN_POINT('',(13.130800338809,-23.13080033881,
    4.15520564853E-02));
#1409 = CARTESIAN_POINT('',(13.216314609113,-23.21631460911,
    6.872104202159E-02));
#1410 = CARTESIAN_POINT('',(13.372313086487,-23.37231308648,
    0.186315572853));
#1411 = CARTESIAN_POINT('',(13.433012174628,-23.43301217462,
    0.275900026511));
#1412 = CARTESIAN_POINT('',(13.465539472403,-23.4655394724,
    0.393768129746));
#1413 = CARTESIAN_POINT('',(13.477752740115,-23.47775274011,
    0.522166920047));
#1414 = CARTESIAN_POINT('',(13.490561568024,-23.49056156802,
    0.628869575317));
#1415 = CARTESIAN_POINT('',(13.49451363822,-23.49451363822,
    0.731777991824));
#1416 = CARTESIAN_POINT('',(13.498458301126,-23.49845830112,
    0.824181100674));
#1417 = CARTESIAN_POINT('',(13.5,-23.5,0.912733936894));
#1418 = CARTESIAN_POINT('',(13.5,-23.5,1.));
#1419 = CARTESIAN_POINT('',(12.5,-22.5,-2.22044604925E-16));
#1420 = CARTESIAN_POINT('',(12.658665569283,-22.51586655692,
    -1.998401444325E-15));
#1421 = CARTESIAN_POINT('',(12.817262395175,-22.53168137159,
    2.832784820868E-02));
#1422 = CARTESIAN_POINT('',(12.969886970814,-22.54558313966,
    8.490420795565E-02));
#1423 = CARTESIAN_POINT('',(13.108894200384,-22.55427918113,
    0.168207333186));
#1424 = CARTESIAN_POINT('',(13.230168376367,-22.55762243897,
    0.27327387898));
#1425 = CARTESIAN_POINT('',(13.327123629051,-22.5526304285,
    0.395413405128));
#1426 = CARTESIAN_POINT('',(13.394026753166,-22.53825359103,
    0.52398985062));
#1427 = CARTESIAN_POINT('',(13.436235649018,-22.52523036199,
    0.636245333978));
#1428 = CARTESIAN_POINT('',(13.48765824681,-22.51156188171,
    0.817282088855));
#1429 = CARTESIAN_POINT('',(13.496837991243,-22.51089750642,
    0.886048570863));
#1430 = CARTESIAN_POINT('',(13.496898464904,-22.52152815222,
    0.925647377946));
#1431 = CARTESIAN_POINT('',(13.499415218387,-22.54452916051,
    0.943918287136));
#1432 = CARTESIAN_POINT('',(13.499217698957,-22.56279825493,
    0.962683317703));
#1433 = CARTESIAN_POINT('',(13.499805471331,-22.58153607333,
    0.972340554892));
#1434 = CARTESIAN_POINT('',(13.499905050422,-22.5936897909,
    0.982652281868));
#1435 = CARTESIAN_POINT('',(13.5,-22.6,0.991273393689));
#1436 = CARTESIAN_POINT('',(13.5,-22.6,1.));
#1437 = ADVANCED_FACE('',(#1438),#1463,.T.);
#1438 = FACE_BOUND('',#1439,.T.);
#1439 = EDGE_LOOP('',(#1440,#1441,#1442));
#1440 = ORIENTED_EDGE('',*,*,#1206,.T.);
#1441 = ORIENTED_EDGE('',*,*,#1267,.F.);
#1442 = ORIENTED_EDGE('',*,*,#1443,.F.);
#1443 = EDGE_CURVE('',#1199,#1268,#1444,.T.);
#1444 = ( BOUNDED_CURVE() B_SPLINE_CURVE(9,(#1445,#1446,#1447,#1448,
    #1449,#1450,#1451,#1452,#1453,#1454,#1455,#1456,#1457,#1458,#1459,
#1460,#1461,#1462),.UNSPECIFIED.,.F.,.F.) B_SPLINE_CURVE_WITH_KNOTS((10,
8,10),(0.,0.955049447259,1.910098894519),.UNSPECIFIED.) CURVE() 
GEOMETRIC_REPRESENTATION_ITEM() RATIONAL_B_SPLINE_CURVE((1.,1.,1.,1.,1.,
1.,1.,1.,1.,1.,1.,1.,1.,1.,1.,1.,1.,1.)) REPRESENTATION_ITEM('') );
#1445 = CARTESIAN_POINT('',(-12.5,-22.5,-2.22044604925E-16));
#1446 = CARTESIAN_POINT('',(-12.65866556928,-22.51586655692,
    -1.110223024625E-16));
#1447 = CARTESIAN_POINT('',(-12.81726239517,-22.53168137159,
    2.832784820866E-02));
#1448 = CARTESIAN_POINT('',(-12.96988697081,-22.54558313966,
    8.490420795568E-02));
#1449 = CARTESIAN_POINT('',(-13.10889420038,-22.55427918113,
    0.168207333186));
#1450 = CARTESIAN_POINT('',(-13.23016837636,-22.55762243897,
    0.27327387898));
#1451 = CARTESIAN_POINT('',(-13.32712362905,-22.5526304285,
    0.395413405128));
#1452 = CARTESIAN_POINT('',(-13.39402675316,-22.53825359103,
    0.52398985062));
#1453 = CARTESIAN_POINT('',(-13.43623564901,-22.52523036199,
    0.636245333978));
#1454 = CARTESIAN_POINT('',(-13.48765824681,-22.51156188171,
    0.817282088855));
#1455 = CARTESIAN_POINT('',(-13.49683799124,-22.51089750642,
    0.886048570863));
#1456 = CARTESIAN_POINT('',(-13.4968984649,-22.52152815222,
    0.925647377946));
#1457 = CARTESIAN_POINT('',(-13.49941521838,-22.54452916051,
    0.943918287135));
#1458 = CARTESIAN_POINT('',(-13.49921769895,-22.56279825493,
    0.962683317704));
#1459 = CARTESIAN_POINT('',(-13.49980547133,-22.58153607333,
    0.972340554891));
#1460 = CARTESIAN_POINT('',(-13.49990505042,-22.5936897909,
    0.982652281868));
#1461 = CARTESIAN_POINT('',(-13.5,-22.6,0.991273393689));
#1462 = CARTESIAN_POINT('',(-13.5,-22.6,1.));
#1463 = ( BOUNDED_SURFACE() B_SPLINE_SURFACE(2,9,(
    (#1464,#1465,#1466,#1467,#1468,#1469,#1470,#1471,#1472,#1473,#1474
      ,#1475,#1476,#1477,#1478,#1479,#1480,#1481)
    ,(#1482,#1483,#1484,#1485,#1486,#1487,#1488,#1489,#1490,#1491,#1492
      ,#1493,#1494,#1495,#1496,#1497,#1498,#1499)
    ,(#1500,#1501,#1502,#1503,#1504,#1505,#1506,#1507,#1508,#1509,#1510
      ,#1511,#1512,#1513,#1514,#1515,#1516,#1517
)),.UNSPECIFIED.,.F.,.F.,.F.) B_SPLINE_SURFACE_WITH_KNOTS((3,3),(10,8,10
    ),(0.,1.910098894519),(0.,0.955049447259,1.910098894519),
.UNSPECIFIED.) GEOMETRIC_REPRESENTATION_ITEM() RATIONAL_B_SPLINE_SURFACE
((
    (1.,1.,1.,1.,1.,1.,1.,1.,1.,1.,1.,1.,1.,1.,1.,1.,1.,1.)
    ,(1.,1.,0.985820256574,0.95761556216,0.915962338051,0.864453923266
      ,0.805376993259,0.744859077475,0.699391656098,0.64290399922
      ,0.631860221005,0.641971218823,0.663652441338,0.677272977883
      ,0.693101660951,0.702155057566,0.707106781187,0.707106781187)
    ,(1.,1.,1.,1.,1.,1.,1.,1.,1.,1.,1.,1.,1.,1.,1.,1.,1.,1.
))) REPRESENTATION_ITEM('') SURFACE() );
#1464 = CARTESIAN_POINT('',(-12.5,-22.5,-2.22044604925E-16));
#1465 = CARTESIAN_POINT('',(-12.65866556928,-22.51586655692,
    -1.110223024625E-16));
#1466 = CARTESIAN_POINT('',(-12.81726239517,-22.53168137159,
    2.832784820866E-02));
#1467 = CARTESIAN_POINT('',(-12.96988697081,-22.54558313966,
    8.490420795568E-02));
#1468 = CARTESIAN_POINT('',(-13.10889420038,-22.55427918113,
    0.168207333186));
#1469 = CARTESIAN_POINT('',(-13.23016837636,-22.55762243897,
    0.27327387898));
#1470 = CARTESIAN_POINT('',(-13.32712362905,-22.5526304285,
    0.395413405128));
#1471 = CARTESIAN_POINT('',(-13.39402675316,-22.53825359103,
    0.52398985062));
#1472 = CARTESIAN_POINT('',(-13.43623564901,-22.52523036199,
    0.636245333978));
#1473 = CARTESIAN_POINT('',(-13.48765824681,-22.51156188171,
    0.817282088855));
#1474 = CARTESIAN_POINT('',(-13.49683799124,-22.51089750642,
    0.886048570863));
#1475 = CARTESIAN_POINT('',(-13.4968984649,-22.52152815222,
    0.925647377946));
#1476 = CARTESIAN_POINT('',(-13.49941521838,-22.54452916051,
    0.943918287135));
#1477 = CARTESIAN_POINT('',(-13.49921769895,-22.56279825493,
    0.962683317704));
#1478 = CARTESIAN_POINT('',(-13.49980547133,-22.58153607333,
    0.972340554891));
#1479 = CARTESIAN_POINT('',(-13.49990505042,-22.5936897909,
    0.982652281868));
#1480 = CARTESIAN_POINT('',(-13.5,-22.6,0.991273393689));
#1481 = CARTESIAN_POINT('',(-13.5,-22.6,1.));
#1482 = CARTESIAN_POINT('',(-12.5,-22.5,-3.330669073875E-16));
#1483 = CARTESIAN_POINT('',(-12.5872660631,-22.5872660631,
    -4.440892098501E-16));
#1484 = CARTESIAN_POINT('',(-12.67705362716,-22.67705362716,
    2.804081031323E-03));
#1485 = CARTESIAN_POINT('',(-12.76839206659,-22.76839206659,
    9.161830071127E-03));
#1486 = CARTESIAN_POINT('',(-12.86027309013,-22.86027309013,
    1.692723483268E-02));
#1487 = CARTESIAN_POINT('',(-12.95121110547,-22.95121110547,
    2.751579510513E-02));
#1488 = CARTESIAN_POINT('',(-13.04093287398,-23.04093287398,
    3.616305968235E-02));
#1489 = CARTESIAN_POINT('',(-13.1308003388,-23.1308003388,
    4.15520564853E-02));
#1490 = CARTESIAN_POINT('',(-13.21631460911,-23.21631460911,
    6.872104202158E-02));
#1491 = CARTESIAN_POINT('',(-13.37231308648,-23.37231308648,
    0.186315572853));
#1492 = CARTESIAN_POINT('',(-13.43301217462,-23.43301217462,
    0.275900026511));
#1493 = CARTESIAN_POINT('',(-13.4655394724,-23.4655394724,0.393768129746
    ));
#1494 = CARTESIAN_POINT('',(-13.47775274011,-23.47775274011,
    0.522166920047));
#1495 = CARTESIAN_POINT('',(-13.49056156802,-23.49056156802,
    0.628869575317));
#1496 = CARTESIAN_POINT('',(-13.49451363821,-23.49451363821,
    0.731777991824));
#1497 = CARTESIAN_POINT('',(-13.49845830112,-23.49845830112,
    0.824181100674));
#1498 = CARTESIAN_POINT('',(-13.5,-23.5,0.912733936894));
#1499 = CARTESIAN_POINT('',(-13.5,-23.5,1.));
#1500 = CARTESIAN_POINT('',(-12.5,-22.5,-2.22044604925E-16));
#1501 = CARTESIAN_POINT('',(-12.51586655692,-22.65866556928,
    -2.442490654175E-15));
#1502 = CARTESIAN_POINT('',(-12.53168137159,-22.81726239517,
    2.832784820866E-02));
#1503 = CARTESIAN_POINT('',(-12.54558313966,-22.96988697081,
    8.490420795567E-02));
#1504 = CARTESIAN_POINT('',(-12.55427918113,-23.10889420038,
    0.168207333186));
#1505 = CARTESIAN_POINT('',(-12.55762243897,-23.23016837636,
    0.27327387898));
#1506 = CARTESIAN_POINT('',(-12.5526304285,-23.32712362905,
    0.395413405128));
#1507 = CARTESIAN_POINT('',(-12.53825359103,-23.39402675316,
    0.52398985062));
#1508 = CARTESIAN_POINT('',(-12.52523036199,-23.43623564901,
    0.636245333978));
#1509 = CARTESIAN_POINT('',(-12.51156188171,-23.48765824681,
    0.817282088855));
#1510 = CARTESIAN_POINT('',(-12.51089750642,-23.49683799124,
    0.886048570863));
#1511 = CARTESIAN_POINT('',(-12.52152815222,-23.4968984649,
    0.925647377946));
#1512 = CARTESIAN_POINT('',(-12.54452916051,-23.49941521838,
    0.943918287135));
#1513 = CARTESIAN_POINT('',(-12.56279825493,-23.49921769895,
    0.962683317704));
#1514 = CARTESIAN_POINT('',(-12.58153607333,-23.49980547133,
    0.972340554891));
#1515 = CARTESIAN_POINT('',(-12.5936897909,-23.49990505042,
    0.982652281868));
#1516 = CARTESIAN_POINT('',(-12.6,-23.5,0.991273393689));
#1517 = CARTESIAN_POINT('',(-12.6,-23.5,1.));
#1518 = ADVANCED_FACE('',(#1519),#1544,.F.);
#1519 = FACE_BOUND('',#1520,.F.);
#1520 = EDGE_LOOP('',(#1521,#1529,#1530,#1538));
#1521 = ORIENTED_EDGE('',*,*,#1522,.F.);
#1522 = EDGE_CURVE('',#1199,#1523,#1525,.T.);
#1523 = VERTEX_POINT('',#1524);
#1524 = CARTESIAN_POINT('',(-12.5,22.5,-2.22044604925E-16));
#1525 = LINE('',#1526,#1527);
#1526 = CARTESIAN_POINT('',(-12.5,-23.5,-2.22044604925E-16));
#1527 = VECTOR('',#1528,1.);
#1528 = DIRECTION('',(0.,1.,0.));
#1529 = ORIENTED_EDGE('',*,*,#1198,.F.);
#1530 = ORIENTED_EDGE('',*,*,#1531,.F.);
#1531 = EDGE_CURVE('',#1532,#1176,#1534,.T.);
#1532 = VERTEX_POINT('',#1533);
#1533 = CARTESIAN_POINT('',(12.5,22.5,-2.22044604925E-16));
#1534 = LINE('',#1535,#1536);
#1535 = CARTESIAN_POINT('',(12.5,23.5,-2.22044604925E-16));
#1536 = VECTOR('',#1537,1.);
#1537 = DIRECTION('',(0.,-1.,0.));
#1538 = ORIENTED_EDGE('',*,*,#1539,.F.);
#1539 = EDGE_CURVE('',#1523,#1532,#1540,.T.);
#1540 = LINE('',#1541,#1542);
#1541 = CARTESIAN_POINT('',(-13.5,22.5,-2.22044604925E-16));
#1542 = VECTOR('',#1543,1.);
#1543 = DIRECTION('',(1.,0.,0.));
#1544 = PLANE('',#1545);
#1545 = AXIS2_PLACEMENT_3D('',#1546,#1547,#1548);
#1546 = CARTESIAN_POINT('',(0.,0.,0.));
#1547 = DIRECTION('',(0.,0.,1.));
#1548 = DIRECTION('',(1.,0.,0.));
#1549 = ADVANCED_FACE('',(#1550),#1575,.T.);
#1550 = FACE_BOUND('',#1551,.T.);
#1551 = EDGE_LOOP('',(#1552,#1560,#1568,#1574));
#1552 = ORIENTED_EDGE('',*,*,#1553,.F.);
#1553 = EDGE_CURVE('',#1554,#1236,#1556,.T.);
#1554 = VERTEX_POINT('',#1555);
#1555 = CARTESIAN_POINT('',(13.5,22.6,1.));
#1556 = LINE('',#1557,#1558);
#1557 = CARTESIAN_POINT('',(13.5,23.5,1.));
#1558 = VECTOR('',#1559,1.);
#1559 = DIRECTION('',(0.,-1.,0.));
#1560 = ORIENTED_EDGE('',*,*,#1561,.T.);
#1561 = EDGE_CURVE('',#1554,#1562,#1564,.T.);
#1562 = VERTEX_POINT('',#1563);
#1563 = CARTESIAN_POINT('',(13.5,22.6,9.));
#1564 = LINE('',#1565,#1566);
#1565 = CARTESIAN_POINT('',(13.5,22.6,1.));
#1566 = VECTOR('',#1567,1.);
#1567 = DIRECTION('',(0.,0.,1.));
#1568 = ORIENTED_EDGE('',*,*,#1569,.T.);
#1569 = EDGE_CURVE('',#1562,#1244,#1570,.T.);
#1570 = LINE('',#1571,#1572);
#1571 = CARTESIAN_POINT('',(13.5,23.5,9.));
#1572 = VECTOR('',#1573,1.);
#1573 = DIRECTION('',(0.,-1.,0.));
#1574 = ORIENTED_EDGE('',*,*,#1243,.F.);
#1575 = PLANE('',#1576);
#1576 = AXIS2_PLACEMENT_3D('',#1577,#1578,#1579);
#1577 = CARTESIAN_POINT('',(13.5,23.5,0.));
#1578 = DIRECTION('',(1.,0.,0.));
#1579 = DIRECTION('',(0.,-1.,0.));
#1580 = ADVANCED_FACE('',(#1581),#1606,.T.);
#1581 = FACE_BOUND('',#1582,.T.);
#1582 = EDGE_LOOP('',(#1583,#1584,#1605));
#1583 = ORIENTED_EDGE('',*,*,#1251,.T.);
#1584 = ORIENTED_EDGE('',*,*,#1585,.T.);
#1585 = EDGE_CURVE('',#1244,#1301,#1586,.T.);
#1586 = ( BOUNDED_CURVE() B_SPLINE_CURVE(9,(#1587,#1588,#1589,#1590,
    #1591,#1592,#1593,#1594,#1595,#1596,#1597,#1598,#1599,#1600,#1601,
#1602,#1603,#1604),.UNSPECIFIED.,.F.,.F.) B_SPLINE_CURVE_WITH_KNOTS((10,
    8,10),(9.910098894519,10.865148341778,11.820197789037),
.UNSPECIFIED.) CURVE() GEOMETRIC_REPRESENTATION_ITEM() 
RATIONAL_B_SPLINE_CURVE((1.,1.,1.,1.,1.,1.,1.,1.,1.,1.,1.,1.,1.,1.,1.,1.
,1.,1.)) REPRESENTATION_ITEM('') );
#1587 = CARTESIAN_POINT('',(13.5,-22.6,9.));
#1588 = CARTESIAN_POINT('',(13.5,-22.6,9.008726606311));
#1589 = CARTESIAN_POINT('',(13.499905050422,-22.5936897909,
    9.017347718132));
#1590 = CARTESIAN_POINT('',(13.499805471331,-22.58153607333,
    9.027659445109));
#1591 = CARTESIAN_POINT('',(13.499217698957,-22.56279825493,
    9.037316682296));
#1592 = CARTESIAN_POINT('',(13.499415218387,-22.54452916051,
    9.056081712865));
#1593 = CARTESIAN_POINT('',(13.496898464904,-22.52152815222,
    9.074352622054));
#1594 = CARTESIAN_POINT('',(13.496837991243,-22.51089750642,
    9.113951429137));
#1595 = CARTESIAN_POINT('',(13.48765824681,-22.51156188171,
    9.182717911145));
#1596 = CARTESIAN_POINT('',(13.436235649018,-22.52523036199,
    9.363754666022));
#1597 = CARTESIAN_POINT('',(13.394026753166,-22.53825359103,
    9.47601014938));
#1598 = CARTESIAN_POINT('',(13.327123629051,-22.5526304285,
    9.604586594872));
#1599 = CARTESIAN_POINT('',(13.230168376367,-22.55762243897,
    9.72672612102));
#1600 = CARTESIAN_POINT('',(13.108894200384,-22.55427918113,
    9.831792666814));
#1601 = CARTESIAN_POINT('',(12.969886970814,-22.54558313966,
    9.915095792044));
#1602 = CARTESIAN_POINT('',(12.817262395175,-22.53168137159,
    9.971672151791));
#1603 = CARTESIAN_POINT('',(12.658665569283,-22.51586655692,10.));
#1604 = CARTESIAN_POINT('',(12.5,-22.5,10.));
#1605 = ORIENTED_EDGE('',*,*,#1300,.F.);
#1606 = ( BOUNDED_SURFACE() B_SPLINE_SURFACE(2,9,(
    (#1607,#1608,#1609,#1610,#1611,#1612,#1613,#1614,#1615,#1616,#1617
      ,#1618,#1619,#1620,#1621,#1622,#1623,#1624)
    ,(#1625,#1626,#1627,#1628,#1629,#1630,#1631,#1632,#1633,#1634,#1635
      ,#1636,#1637,#1638,#1639,#1640,#1641,#1642)
    ,(#1643,#1644,#1645,#1646,#1647,#1648,#1649,#1650,#1651,#1652,#1653
      ,#1654,#1655,#1656,#1657,#1658,#1659,#1660
)),.UNSPECIFIED.,.F.,.F.,.F.) B_SPLINE_SURFACE_WITH_KNOTS((3,3),(10,8,10
    ),(0.,1.910098894519),(9.910098894519,10.865148341778,
11.820197789037),.UNSPECIFIED.) GEOMETRIC_REPRESENTATION_ITEM() 
RATIONAL_B_SPLINE_SURFACE((
    (1.,1.,1.,1.,1.,1.,1.,1.,1.,1.,1.,1.,1.,1.,1.,1.,1.,1.)
    ,(0.707106781187,0.707106781187,0.702155057566,0.693101660951
      ,0.677272977883,0.663652441338,0.641971218823,0.631860221005
      ,0.64290399922,0.699391656098,0.744859077475,0.805376993258
      ,0.864453923266,0.91596233805,0.95761556216,0.985820256574,1.,1.)
    ,(1.,1.,1.,1.,1.,1.,1.,1.,1.,1.,1.,1.,1.,1.,1.,1.,1.,1.
))) REPRESENTATION_ITEM('') SURFACE() );
#1607 = CARTESIAN_POINT('',(12.6,-23.5,9.));
#1608 = CARTESIAN_POINT('',(12.6,-23.5,9.008726606311));
#1609 = CARTESIAN_POINT('',(12.593689790905,-23.49990505042,
    9.017347718132));
#1610 = CARTESIAN_POINT('',(12.581536073339,-23.49980547133,
    9.027659445109));
#1611 = CARTESIAN_POINT('',(12.562798254938,-23.49921769895,
    9.037316682296));
#1612 = CARTESIAN_POINT('',(12.544529160518,-23.49941521838,
    9.056081712865));
#1613 = CARTESIAN_POINT('',(12.521528152222,-23.4968984649,
    9.074352622054));
#1614 = CARTESIAN_POINT('',(12.510897506426,-23.49683799124,
    9.113951429137));
#1615 = CARTESIAN_POINT('',(12.511561881713,-23.48765824681,
    9.182717911145));
#1616 = CARTESIAN_POINT('',(12.525230361999,-23.43623564901,
    9.363754666022));
#1617 = CARTESIAN_POINT('',(12.538253591031,-23.39402675316,
    9.47601014938));
#1618 = CARTESIAN_POINT('',(12.552630428506,-23.32712362905,
    9.604586594872));
#1619 = CARTESIAN_POINT('',(12.55762243897,-23.23016837636,9.72672612102
    ));
#1620 = CARTESIAN_POINT('',(12.554279181136,-23.10889420038,
    9.831792666814));
#1621 = CARTESIAN_POINT('',(12.545583139661,-22.96988697081,
    9.915095792044));
#1622 = CARTESIAN_POINT('',(12.531681371597,-22.81726239517,
    9.971672151791));
#1623 = CARTESIAN_POINT('',(12.515866556928,-22.65866556928,10.));
#1624 = CARTESIAN_POINT('',(12.5,-22.5,10.));
#1625 = CARTESIAN_POINT('',(13.5,-23.5,9.));
#1626 = CARTESIAN_POINT('',(13.5,-23.5,9.087266063106));
#1627 = CARTESIAN_POINT('',(13.498458301126,-23.49845830112,
    9.175818899326));
#1628 = CARTESIAN_POINT('',(13.494513638219,-23.49451363821,
    9.268222008176));
#1629 = CARTESIAN_POINT('',(13.490561568025,-23.49056156802,
    9.371130424683));
#1630 = CARTESIAN_POINT('',(13.477752740115,-23.47775274011,
    9.477833079953));
#1631 = CARTESIAN_POINT('',(13.465539472403,-23.4655394724,
    9.606231870254));
#1632 = CARTESIAN_POINT('',(13.433012174628,-23.43301217462,
    9.724099973489));
#1633 = CARTESIAN_POINT('',(13.372313086487,-23.37231308648,
    9.813684427147));
#1634 = CARTESIAN_POINT('',(13.216314609113,-23.21631460911,
    9.931278957978));
#1635 = CARTESIAN_POINT('',(13.130800338809,-23.1308003388,
    9.958447943515));
#1636 = CARTESIAN_POINT('',(13.040932873987,-23.04093287398,
    9.963836940318));
#1637 = CARTESIAN_POINT('',(12.951211105474,-22.95121110547,
    9.972484204895));
#1638 = CARTESIAN_POINT('',(12.860273090138,-22.86027309013,
    9.983072765167));
#1639 = CARTESIAN_POINT('',(12.768392066592,-22.76839206659,
    9.990838169929));
#1640 = CARTESIAN_POINT('',(12.677053627169,-22.67705362716,
    9.997195918969));
#1641 = CARTESIAN_POINT('',(12.587266063106,-22.5872660631,10.));
#1642 = CARTESIAN_POINT('',(12.5,-22.5,10.));
#1643 = CARTESIAN_POINT('',(13.5,-22.6,9.));
#1644 = CARTESIAN_POINT('',(13.5,-22.6,9.008726606311));
#1645 = CARTESIAN_POINT('',(13.499905050422,-22.5936897909,
    9.017347718132));
#1646 = CARTESIAN_POINT('',(13.499805471331,-22.58153607333,
    9.027659445109));
#1647 = CARTESIAN_POINT('',(13.499217698957,-22.56279825493,
    9.037316682296));
#1648 = CARTESIAN_POINT('',(13.499415218387,-22.54452916051,
    9.056081712865));
#1649 = CARTESIAN_POINT('',(13.496898464904,-22.52152815222,
    9.074352622054));
#1650 = CARTESIAN_POINT('',(13.496837991243,-22.51089750642,
    9.113951429137));
#1651 = CARTESIAN_POINT('',(13.48765824681,-22.51156188171,
    9.182717911145));
#1652 = CARTESIAN_POINT('',(13.436235649018,-22.52523036199,
    9.363754666022));
#1653 = CARTESIAN_POINT('',(13.394026753166,-22.53825359103,
    9.47601014938));
#1654 = CARTESIAN_POINT('',(13.327123629051,-22.5526304285,
    9.604586594872));
#1655 = CARTESIAN_POINT('',(13.230168376367,-22.55762243897,
    9.72672612102));
#1656 = CARTESIAN_POINT('',(13.108894200384,-22.55427918113,
    9.831792666814));
#1657 = CARTESIAN_POINT('',(12.969886970814,-22.54558313966,
    9.915095792044));
#1658 = CARTESIAN_POINT('',(12.817262395175,-22.53168137159,
    9.971672151791));
#1659 = CARTESIAN_POINT('',(12.658665569283,-22.51586655692,10.));
#1660 = CARTESIAN_POINT('',(12.5,-22.5,10.));
#1661 = ADVANCED_FACE('',(#1662),#1687,.T.);
#1662 = FACE_BOUND('',#1663,.T.);
#1663 = EDGE_LOOP('',(#1664,#1672,#1673,#1681));
#1664 = ORIENTED_EDGE('',*,*,#1665,.F.);
#1665 = EDGE_CURVE('',#1268,#1666,#1668,.T.);
#1666 = VERTEX_POINT('',#1667);
#1667 = CARTESIAN_POINT('',(-13.5,22.6,1.));
#1668 = LINE('',#1669,#1670);
#1669 = CARTESIAN_POINT('',(-13.5,-23.5,1.));
#1670 = VECTOR('',#1671,1.);
#1671 = DIRECTION('',(0.,1.,0.));
#1672 = ORIENTED_EDGE('',*,*,#1285,.T.);
#1673 = ORIENTED_EDGE('',*,*,#1674,.T.);
#1674 = EDGE_CURVE('',#1277,#1675,#1677,.T.);
#1675 = VERTEX_POINT('',#1676);
#1676 = CARTESIAN_POINT('',(-13.5,22.6,9.));
#1677 = LINE('',#1678,#1679);
#1678 = CARTESIAN_POINT('',(-13.5,-23.5,9.));
#1679 = VECTOR('',#1680,1.);
#1680 = DIRECTION('',(0.,1.,0.));
#1681 = ORIENTED_EDGE('',*,*,#1682,.F.);
#1682 = EDGE_CURVE('',#1666,#1675,#1683,.T.);
#1683 = LINE('',#1684,#1685);
#1684 = CARTESIAN_POINT('',(-13.5,22.6,1.));
#1685 = VECTOR('',#1686,1.);
#1686 = DIRECTION('',(0.,0.,1.));
#1687 = PLANE('',#1688);
#1688 = AXIS2_PLACEMENT_3D('',#1689,#1690,#1691);
#1689 = CARTESIAN_POINT('',(-13.5,-23.5,0.));
#1690 = DIRECTION('',(-1.,0.,0.));
#1691 = DIRECTION('',(0.,1.,0.));
#1692 = ADVANCED_FACE('',(#1693),#1718,.T.);
#1693 = FACE_BOUND('',#1694,.T.);
#1694 = EDGE_LOOP('',(#1695,#1696,#1697));
#1695 = ORIENTED_EDGE('',*,*,#1276,.T.);
#1696 = ORIENTED_EDGE('',*,*,#1331,.T.);
#1697 = ORIENTED_EDGE('',*,*,#1698,.F.);
#1698 = EDGE_CURVE('',#1277,#1324,#1699,.T.);
#1699 = ( BOUNDED_CURVE() B_SPLINE_CURVE(9,(#1700,#1701,#1702,#1703,
    #1704,#1705,#1706,#1707,#1708,#1709,#1710,#1711,#1712,#1713,#1714,
#1715,#1716,#1717),.UNSPECIFIED.,.F.,.F.) B_SPLINE_CURVE_WITH_KNOTS((10,
    8,10),(9.910098894519,10.865148341778,11.820197789037),
.UNSPECIFIED.) CURVE() GEOMETRIC_REPRESENTATION_ITEM() 
RATIONAL_B_SPLINE_CURVE((1.,1.,1.,1.,1.,1.,1.,1.,1.,1.,1.,1.,1.,1.,1.,1.
,1.,1.)) REPRESENTATION_ITEM('') );
#1700 = CARTESIAN_POINT('',(-13.5,-22.6,9.));
#1701 = CARTESIAN_POINT('',(-13.5,-22.6,9.008726606311));
#1702 = CARTESIAN_POINT('',(-13.49990505042,-22.5936897909,
    9.017347718132));
#1703 = CARTESIAN_POINT('',(-13.49980547133,-22.58153607333,
    9.027659445109));
#1704 = CARTESIAN_POINT('',(-13.49921769895,-22.56279825493,
    9.037316682297));
#1705 = CARTESIAN_POINT('',(-13.49941521838,-22.54452916051,
    9.056081712865));
#1706 = CARTESIAN_POINT('',(-13.4968984649,-22.52152815222,
    9.074352622054));
#1707 = CARTESIAN_POINT('',(-13.49683799124,-22.51089750642,
    9.113951429137));
#1708 = CARTESIAN_POINT('',(-13.48765824681,-22.51156188171,
    9.182717911145));
#1709 = CARTESIAN_POINT('',(-13.43623564901,-22.52523036199,
    9.363754666022));
#1710 = CARTESIAN_POINT('',(-13.39402675316,-22.53825359103,
    9.47601014938));
#1711 = CARTESIAN_POINT('',(-13.32712362905,-22.5526304285,
    9.604586594872));
#1712 = CARTESIAN_POINT('',(-13.23016837636,-22.55762243897,
    9.72672612102));
#1713 = CARTESIAN_POINT('',(-13.10889420038,-22.55427918113,
    9.831792666814));
#1714 = CARTESIAN_POINT('',(-12.96988697081,-22.54558313966,
    9.915095792044));
#1715 = CARTESIAN_POINT('',(-12.81726239517,-22.53168137159,
    9.971672151791));
#1716 = CARTESIAN_POINT('',(-12.65866556928,-22.51586655692,10.));
#1717 = CARTESIAN_POINT('',(-12.5,-22.5,10.));
#1718 = ( BOUNDED_SURFACE() B_SPLINE_SURFACE(2,9,(
    (#1719,#1720,#1721,#1722,#1723,#1724,#1725,#1726,#1727,#1728,#1729
      ,#1730,#1731,#1732,#1733,#1734,#1735,#1736)
    ,(#1737,#1738,#1739,#1740,#1741,#1742,#1743,#1744,#1745,#1746,#1747
      ,#1748,#1749,#1750,#1751,#1752,#1753,#1754)
    ,(#1755,#1756,#1757,#1758,#1759,#1760,#1761,#1762,#1763,#1764,#1765
      ,#1766,#1767,#1768,#1769,#1770,#1771,#1772
)),.UNSPECIFIED.,.F.,.F.,.F.) B_SPLINE_SURFACE_WITH_KNOTS((3,3),(10,8,10
    ),(0.,1.910098894519),(9.910098894519,10.865148341778,
11.820197789037),.UNSPECIFIED.) GEOMETRIC_REPRESENTATION_ITEM() 
RATIONAL_B_SPLINE_SURFACE((
    (1.,1.,1.,1.,1.,1.,1.,1.,1.,1.,1.,1.,1.,1.,1.,1.,1.,1.)
    ,(0.707106781187,0.707106781187,0.702155057566,0.693101660951
      ,0.677272977883,0.663652441338,0.641971218823,0.631860221005
      ,0.64290399922,0.699391656098,0.744859077475,0.805376993259
      ,0.864453923266,0.915962338051,0.95761556216,0.985820256574,1.,1.)
    ,(1.,1.,1.,1.,1.,1.,1.,1.,1.,1.,1.,1.,1.,1.,1.,1.,1.,1.
))) REPRESENTATION_ITEM('') SURFACE() );
#1719 = CARTESIAN_POINT('',(-13.5,-22.6,9.));
#1720 = CARTESIAN_POINT('',(-13.5,-22.6,9.008726606311));
#1721 = CARTESIAN_POINT('',(-13.49990505042,-22.5936897909,
    9.017347718132));
#1722 = CARTESIAN_POINT('',(-13.49980547133,-22.58153607333,
    9.027659445109));
#1723 = CARTESIAN_POINT('',(-13.49921769895,-22.56279825493,
    9.037316682297));
#1724 = CARTESIAN_POINT('',(-13.49941521838,-22.54452916051,
    9.056081712865));
#1725 = CARTESIAN_POINT('',(-13.4968984649,-22.52152815222,
    9.074352622054));
#1726 = CARTESIAN_POINT('',(-13.49683799124,-22.51089750642,
    9.113951429137));
#1727 = CARTESIAN_POINT('',(-13.48765824681,-22.51156188171,
    9.182717911145));
#1728 = CARTESIAN_POINT('',(-13.43623564901,-22.52523036199,
    9.363754666022));
#1729 = CARTESIAN_POINT('',(-13.39402675316,-22.53825359103,
    9.47601014938));
#1730 = CARTESIAN_POINT('',(-13.32712362905,-22.5526304285,
    9.604586594872));
#1731 = CARTESIAN_POINT('',(-13.23016837636,-22.55762243897,
    9.72672612102));
#1732 = CARTESIAN_POINT('',(-13.10889420038,-22.55427918113,
    9.831792666814));
#1733 = CARTESIAN_POINT('',(-12.96988697081,-22.54558313966,
    9.915095792044));
#1734 = CARTESIAN_POINT('',(-12.81726239517,-22.53168137159,
    9.971672151791));
#1735 = CARTESIAN_POINT('',(-12.65866556928,-22.51586655692,10.));
#1736 = CARTESIAN_POINT('',(-12.5,-22.5,10.));
#1737 = CARTESIAN_POINT('',(-13.5,-23.5,9.));
#1738 = CARTESIAN_POINT('',(-13.5,-23.5,9.087266063106));
#1739 = CARTESIAN_POINT('',(-13.49845830112,-23.49845830112,
    9.175818899326));
#1740 = CARTESIAN_POINT('',(-13.49451363821,-23.49451363821,
    9.268222008176));
#1741 = CARTESIAN_POINT('',(-13.49056156802,-23.49056156802,
    9.371130424682));
#1742 = CARTESIAN_POINT('',(-13.47775274011,-23.47775274011,
    9.477833079953));
#1743 = CARTESIAN_POINT('',(-13.4655394724,-23.4655394724,9.606231870254
    ));
#1744 = CARTESIAN_POINT('',(-13.43301217462,-23.43301217462,
    9.724099973489));
#1745 = CARTESIAN_POINT('',(-13.37231308648,-23.37231308648,
    9.813684427147));
#1746 = CARTESIAN_POINT('',(-13.21631460911,-23.21631460911,
    9.931278957978));
#1747 = CARTESIAN_POINT('',(-13.1308003388,-23.1308003388,9.958447943515
    ));
#1748 = CARTESIAN_POINT('',(-13.04093287398,-23.04093287398,
    9.963836940318));
#1749 = CARTESIAN_POINT('',(-12.95121110547,-22.95121110547,
    9.972484204895));
#1750 = CARTESIAN_POINT('',(-12.86027309013,-22.86027309013,
    9.983072765167));
#1751 = CARTESIAN_POINT('',(-12.76839206659,-22.76839206659,
    9.990838169929));
#1752 = CARTESIAN_POINT('',(-12.67705362716,-22.67705362716,
    9.997195918969));
#1753 = CARTESIAN_POINT('',(-12.5872660631,-22.5872660631,10.));
#1754 = CARTESIAN_POINT('',(-12.5,-22.5,10.));
#1755 = CARTESIAN_POINT('',(-12.6,-23.5,9.));
#1756 = CARTESIAN_POINT('',(-12.6,-23.5,9.008726606311));
#1757 = CARTESIAN_POINT('',(-12.5936897909,-23.49990505042,
    9.017347718132));
#1758 = CARTESIAN_POINT('',(-12.58153607333,-23.49980547133,
    9.027659445109));
#1759 = CARTESIAN_POINT('',(-12.56279825493,-23.49921769895,
    9.037316682296));
#1760 = CARTESIAN_POINT('',(-12.54452916051,-23.49941521838,
    9.056081712865));
#1761 = CARTESIAN_POINT('',(-12.52152815222,-23.4968984649,
    9.074352622054));
#1762 = CARTESIAN_POINT('',(-12.51089750642,-23.49683799124,
    9.113951429137));
#1763 = CARTESIAN_POINT('',(-12.51156188171,-23.48765824681,
    9.182717911145));
#1764 = CARTESIAN_POINT('',(-12.52523036199,-23.43623564901,
    9.363754666022));
#1765 = CARTESIAN_POINT('',(-12.53825359103,-23.39402675316,
    9.47601014938));
#1766 = CARTESIAN_POINT('',(-12.5526304285,-23.32712362905,
    9.604586594872));
#1767 = CARTESIAN_POINT('',(-12.55762243897,-23.23016837636,
    9.72672612102));
#1768 = CARTESIAN_POINT('',(-12.55427918113,-23.10889420038,
    9.831792666814));
#1769 = CARTESIAN_POINT('',(-12.54558313966,-22.96988697081,
    9.915095792044));
#1770 = CARTESIAN_POINT('',(-12.53168137159,-22.81726239517,
    9.971672151791));
#1771 = CARTESIAN_POINT('',(-12.51586655692,-22.65866556928,10.));
#1772 = CARTESIAN_POINT('',(-12.5,-22.5,10.));
#1773 = ADVANCED_FACE('',(#1774),#1799,.T.);
#1774 = FACE_BOUND('',#1775,.T.);
#1775 = EDGE_LOOP('',(#1776,#1784,#1785,#1793));
#1776 = ORIENTED_EDGE('',*,*,#1777,.F.);
#1777 = EDGE_CURVE('',#1324,#1778,#1780,.T.);
#1778 = VERTEX_POINT('',#1779);
#1779 = CARTESIAN_POINT('',(-12.5,22.5,10.));
#1780 = LINE('',#1781,#1782);
#1781 = CARTESIAN_POINT('',(-12.5,-23.5,10.));
#1782 = VECTOR('',#1783,1.);
#1783 = DIRECTION('',(0.,1.,0.));
#1784 = ORIENTED_EDGE('',*,*,#1323,.F.);
#1785 = ORIENTED_EDGE('',*,*,#1786,.F.);
#1786 = EDGE_CURVE('',#1787,#1301,#1789,.T.);
#1787 = VERTEX_POINT('',#1788);
#1788 = CARTESIAN_POINT('',(12.5,22.5,10.));
#1789 = LINE('',#1790,#1791);
#1790 = CARTESIAN_POINT('',(12.5,23.5,10.));
#1791 = VECTOR('',#1792,1.);
#1792 = DIRECTION('',(0.,-1.,0.));
#1793 = ORIENTED_EDGE('',*,*,#1794,.F.);
#1794 = EDGE_CURVE('',#1778,#1787,#1795,.T.);
#1795 = LINE('',#1796,#1797);
#1796 = CARTESIAN_POINT('',(-13.5,22.5,10.));
#1797 = VECTOR('',#1798,1.);
#1798 = DIRECTION('',(1.,0.,0.));
#1799 = PLANE('',#1800);
#1800 = AXIS2_PLACEMENT_3D('',#1801,#1802,#1803);
#1801 = CARTESIAN_POINT('',(0.,0.,10.));
#1802 = DIRECTION('',(0.,0.,1.));
#1803 = DIRECTION('',(1.,0.,0.));
#1804 = ADVANCED_FACE('',(#1805),#1831,.T.);
#1805 = FACE_BOUND('',#1806,.T.);
#1806 = EDGE_LOOP('',(#1807,#1808,#1809,#1810));
#1807 = ORIENTED_EDGE('',*,*,#1553,.T.);
#1808 = ORIENTED_EDGE('',*,*,#1360,.F.);
#1809 = ORIENTED_EDGE('',*,*,#1531,.F.);
#1810 = ORIENTED_EDGE('',*,*,#1811,.T.);
#1811 = EDGE_CURVE('',#1532,#1554,#1812,.T.);
#1812 = ( BOUNDED_CURVE() B_SPLINE_CURVE(9,(#1813,#1814,#1815,#1816,
    #1817,#1818,#1819,#1820,#1821,#1822,#1823,#1824,#1825,#1826,#1827,
#1828,#1829,#1830),.UNSPECIFIED.,.F.,.F.) B_SPLINE_CURVE_WITH_KNOTS((10,
8,10),(0.,0.955049447259,1.910098894519),.UNSPECIFIED.) CURVE() 
GEOMETRIC_REPRESENTATION_ITEM() RATIONAL_B_SPLINE_CURVE((1.,1.,1.,1.,1.,
1.,1.,1.,1.,1.,1.,1.,1.,1.,1.,1.,1.,1.)) REPRESENTATION_ITEM('') );
#1813 = CARTESIAN_POINT('',(12.5,22.5,-2.22044604925E-16));
#1814 = CARTESIAN_POINT('',(12.658665569283,22.515866556928,
    -1.665334536938E-15));
#1815 = CARTESIAN_POINT('',(12.817262395175,22.531681371596,
    2.832784820867E-02));
#1816 = CARTESIAN_POINT('',(12.969886970814,22.545583139661,
    8.490420795566E-02));
#1817 = CARTESIAN_POINT('',(13.108894200384,22.554279181136,
    0.168207333186));
#1818 = CARTESIAN_POINT('',(13.230168376367,22.55762243897,0.27327387898
    ));
#1819 = CARTESIAN_POINT('',(13.327123629051,22.552630428506,
    0.395413405128));
#1820 = CARTESIAN_POINT('',(13.394026753166,22.538253591031,
    0.52398985062));
#1821 = CARTESIAN_POINT('',(13.436235649018,22.525230361999,
    0.636245333978));
#1822 = CARTESIAN_POINT('',(13.48765824681,22.511561881713,
    0.817282088855));
#1823 = CARTESIAN_POINT('',(13.496837991243,22.510897506426,
    0.886048570863));
#1824 = CARTESIAN_POINT('',(13.496898464904,22.521528152222,
    0.925647377946));
#1825 = CARTESIAN_POINT('',(13.499415218387,22.544529160518,
    0.943918287136));
#1826 = CARTESIAN_POINT('',(13.499217698957,22.562798254938,
    0.962683317703));
#1827 = CARTESIAN_POINT('',(13.499805471331,22.581536073339,
    0.972340554892));
#1828 = CARTESIAN_POINT('',(13.499905050422,22.593689790905,
    0.982652281868));
#1829 = CARTESIAN_POINT('',(13.5,22.6,0.991273393689));
#1830 = CARTESIAN_POINT('',(13.5,22.6,1.));
#1831 = CYLINDRICAL_SURFACE('',#1832,1.);
#1832 = AXIS2_PLACEMENT_3D('',#1833,#1834,#1835);
#1833 = CARTESIAN_POINT('',(12.5,23.5,1.));
#1834 = DIRECTION('',(0.,-1.,0.));
#1835 = DIRECTION('',(-0.,-0.,-1.));
#1836 = ADVANCED_FACE('',(#1837),#1863,.T.);
#1837 = FACE_BOUND('',#1838,.F.);
#1838 = EDGE_LOOP('',(#1839,#1840,#1841,#1842));
#1839 = ORIENTED_EDGE('',*,*,#1665,.F.);
#1840 = ORIENTED_EDGE('',*,*,#1443,.F.);
#1841 = ORIENTED_EDGE('',*,*,#1522,.T.);
#1842 = ORIENTED_EDGE('',*,*,#1843,.T.);
#1843 = EDGE_CURVE('',#1523,#1666,#1844,.T.);
#1844 = ( BOUNDED_CURVE() B_SPLINE_CURVE(9,(#1845,#1846,#1847,#1848,
    #1849,#1850,#1851,#1852,#1853,#1854,#1855,#1856,#1857,#1858,#1859,
#1860,#1861,#1862),.UNSPECIFIED.,.F.,.F.) B_SPLINE_CURVE_WITH_KNOTS((10,
8,10),(0.,0.955049447259,1.910098894519),.UNSPECIFIED.) CURVE() 
GEOMETRIC_REPRESENTATION_ITEM() RATIONAL_B_SPLINE_CURVE((1.,1.,1.,1.,1.,
1.,1.,1.,1.,1.,1.,1.,1.,1.,1.,1.,1.,1.)) REPRESENTATION_ITEM('') );
#1845 = CARTESIAN_POINT('',(-12.5,22.5,-2.22044604925E-16));
#1846 = CARTESIAN_POINT('',(-12.65866556928,22.515866556928,
    2.22044604925E-16));
#1847 = CARTESIAN_POINT('',(-12.81726239517,22.531681371597,
    2.832784820865E-02));
#1848 = CARTESIAN_POINT('',(-12.96988697081,22.545583139661,
    8.490420795572E-02));
#1849 = CARTESIAN_POINT('',(-13.10889420038,22.554279181136,
    0.168207333186));
#1850 = CARTESIAN_POINT('',(-13.23016837636,22.55762243897,0.27327387898
    ));
#1851 = CARTESIAN_POINT('',(-13.32712362905,22.552630428506,
    0.395413405128));
#1852 = CARTESIAN_POINT('',(-13.39402675316,22.538253591031,
    0.52398985062));
#1853 = CARTESIAN_POINT('',(-13.43623564901,22.525230361999,
    0.636245333978));
#1854 = CARTESIAN_POINT('',(-13.48765824681,22.511561881713,
    0.817282088855));
#1855 = CARTESIAN_POINT('',(-13.49683799124,22.510897506426,
    0.886048570863));
#1856 = CARTESIAN_POINT('',(-13.4968984649,22.521528152222,
    0.925647377946));
#1857 = CARTESIAN_POINT('',(-13.49941521838,22.544529160518,
    0.943918287135));
#1858 = CARTESIAN_POINT('',(-13.49921769895,22.562798254937,
    0.962683317703));
#1859 = CARTESIAN_POINT('',(-13.49980547133,22.581536073339,
    0.972340554892));
#1860 = CARTESIAN_POINT('',(-13.49990505042,22.593689790905,
    0.982652281868));
#1861 = CARTESIAN_POINT('',(-13.5,22.6,0.991273393689));
#1862 = CARTESIAN_POINT('',(-13.5,22.6,1.));
#1863 = CYLINDRICAL_SURFACE('',#1864,1.);
#1864 = AXIS2_PLACEMENT_3D('',#1865,#1866,#1867);
#1865 = CARTESIAN_POINT('',(-12.5,-23.5,1.));
#1866 = DIRECTION('',(0.,1.,0.));
#1867 = DIRECTION('',(-1.,0.,0.));
#1868 = ADVANCED_FACE('',(#1869),#1924,.T.);
#1869 = FACE_BOUND('',#1870,.T.);
#1870 = EDGE_LOOP('',(#1871,#1881,#1902,#1903));
#1871 = ORIENTED_EDGE('',*,*,#1872,.T.);
#1872 = EDGE_CURVE('',#1873,#1875,#1877,.T.);
#1873 = VERTEX_POINT('',#1874);
#1874 = CARTESIAN_POINT('',(-12.6,23.5,1.));
#1875 = VERTEX_POINT('',#1876);
#1876 = CARTESIAN_POINT('',(12.6,23.5,1.));
#1877 = LINE('',#1878,#1879);
#1878 = CARTESIAN_POINT('',(-13.5,23.5,1.));
#1879 = VECTOR('',#1880,1.);
#1880 = DIRECTION('',(1.,0.,0.));
#1881 = ORIENTED_EDGE('',*,*,#1882,.F.);
#1882 = EDGE_CURVE('',#1532,#1875,#1883,.T.);
#1883 = ( BOUNDED_CURVE() B_SPLINE_CURVE(9,(#1884,#1885,#1886,#1887,
    #1888,#1889,#1890,#1891,#1892,#1893,#1894,#1895,#1896,#1897,#1898,
#1899,#1900,#1901),.UNSPECIFIED.,.F.,.F.) B_SPLINE_CURVE_WITH_KNOTS((10,
8,10),(0.,0.955049447259,1.910098894519),.UNSPECIFIED.) CURVE() 
GEOMETRIC_REPRESENTATION_ITEM() RATIONAL_B_SPLINE_CURVE((1.,1.,1.,1.,1.,
1.,1.,1.,1.,1.,1.,1.,1.,1.,1.,1.,1.,1.)) REPRESENTATION_ITEM('') );
#1884 = CARTESIAN_POINT('',(12.5,22.5,-2.22044604925E-16));
#1885 = CARTESIAN_POINT('',(12.515866556928,22.658665569283,
    -3.330669073875E-16));
#1886 = CARTESIAN_POINT('',(12.531681371596,22.817262395175,
    2.832784820866E-02));
#1887 = CARTESIAN_POINT('',(12.545583139661,22.969886970814,
    8.490420795568E-02));
#1888 = CARTESIAN_POINT('',(12.554279181136,23.108894200384,
    0.168207333186));
#1889 = CARTESIAN_POINT('',(12.55762243897,23.230168376367,0.27327387898
    ));
#1890 = CARTESIAN_POINT('',(12.552630428506,23.327123629051,
    0.395413405128));
#1891 = CARTESIAN_POINT('',(12.538253591031,23.394026753166,
    0.52398985062));
#1892 = CARTESIAN_POINT('',(12.525230361999,23.436235649018,
    0.636245333978));
#1893 = CARTESIAN_POINT('',(12.511561881713,23.48765824681,
    0.817282088855));
#1894 = CARTESIAN_POINT('',(12.510897506426,23.496837991243,
    0.886048570863));
#1895 = CARTESIAN_POINT('',(12.521528152222,23.496898464904,
    0.925647377946));
#1896 = CARTESIAN_POINT('',(12.544529160518,23.499415218387,
    0.943918287135));
#1897 = CARTESIAN_POINT('',(12.562798254938,23.499217698957,
    0.962683317703));
#1898 = CARTESIAN_POINT('',(12.581536073339,23.499805471331,
    0.972340554892));
#1899 = CARTESIAN_POINT('',(12.593689790905,23.499905050422,
    0.982652281868));
#1900 = CARTESIAN_POINT('',(12.6,23.5,0.991273393689));
#1901 = CARTESIAN_POINT('',(12.6,23.5,1.));
#1902 = ORIENTED_EDGE('',*,*,#1539,.F.);
#1903 = ORIENTED_EDGE('',*,*,#1904,.T.);
#1904 = EDGE_CURVE('',#1523,#1873,#1905,.T.);
#1905 = ( BOUNDED_CURVE() B_SPLINE_CURVE(9,(#1906,#1907,#1908,#1909,
    #1910,#1911,#1912,#1913,#1914,#1915,#1916,#1917,#1918,#1919,#1920,
#1921,#1922,#1923),.UNSPECIFIED.,.F.,.F.) B_SPLINE_CURVE_WITH_KNOTS((10,
8,10),(0.,0.955049447259,1.910098894519),.UNSPECIFIED.) CURVE() 
GEOMETRIC_REPRESENTATION_ITEM() RATIONAL_B_SPLINE_CURVE((1.,1.,1.,1.,1.,
1.,1.,1.,1.,1.,1.,1.,1.,1.,1.,1.,1.,1.)) REPRESENTATION_ITEM('') );
#1906 = CARTESIAN_POINT('',(-12.5,22.5,-2.22044604925E-16));
#1907 = CARTESIAN_POINT('',(-12.51586655692,22.658665569283,
    -8.881784197001E-16));
#1908 = CARTESIAN_POINT('',(-12.53168137159,22.817262395175,
    2.832784820865E-02));
#1909 = CARTESIAN_POINT('',(-12.54558313966,22.969886970814,
    8.490420795571E-02));
#1910 = CARTESIAN_POINT('',(-12.55427918113,23.108894200384,
    0.168207333186));
#1911 = CARTESIAN_POINT('',(-12.55762243897,23.230168376367,
    0.27327387898));
#1912 = CARTESIAN_POINT('',(-12.5526304285,23.327123629051,
    0.395413405128));
#1913 = CARTESIAN_POINT('',(-12.53825359103,23.394026753166,
    0.52398985062));
#1914 = CARTESIAN_POINT('',(-12.52523036199,23.436235649018,
    0.636245333978));
#1915 = CARTESIAN_POINT('',(-12.51156188171,23.48765824681,
    0.817282088855));
#1916 = CARTESIAN_POINT('',(-12.51089750642,23.496837991243,
    0.886048570863));
#1917 = CARTESIAN_POINT('',(-12.52152815222,23.496898464904,
    0.925647377946));
#1918 = CARTESIAN_POINT('',(-12.54452916051,23.499415218387,
    0.943918287135));
#1919 = CARTESIAN_POINT('',(-12.56279825493,23.499217698957,
    0.962683317703));
#1920 = CARTESIAN_POINT('',(-12.58153607333,23.499805471331,
    0.972340554891));
#1921 = CARTESIAN_POINT('',(-12.5936897909,23.499905050422,
    0.982652281868));
#1922 = CARTESIAN_POINT('',(-12.6,23.5,0.991273393689));
#1923 = CARTESIAN_POINT('',(-12.6,23.5,1.));
#1924 = CYLINDRICAL_SURFACE('',#1925,1.);
#1925 = AXIS2_PLACEMENT_3D('',#1926,#1927,#1928);
#1926 = CARTESIAN_POINT('',(-13.5,22.5,1.));
#1927 = DIRECTION('',(1.,0.,0.));
#1928 = DIRECTION('',(0.,0.,-1.));
#1929 = ADVANCED_FACE('',(#1930),#1954,.T.);
#1930 = FACE_BOUND('',#1931,.F.);
#1931 = EDGE_LOOP('',(#1932,#1938,#1939,#1948));
#1932 = ORIENTED_EDGE('',*,*,#1933,.T.);
#1933 = EDGE_CURVE('',#1875,#1554,#1934,.T.);
#1934 = ( BOUNDED_CURVE() B_SPLINE_CURVE(2,(#1935,#1936,#1937),
.UNSPECIFIED.,.F.,.F.) B_SPLINE_CURVE_WITH_KNOTS((3,3),(0.,
1.910098894519),.PIECEWISE_BEZIER_KNOTS.) CURVE() 
GEOMETRIC_REPRESENTATION_ITEM() RATIONAL_B_SPLINE_CURVE((1.,
0.707106781187,1.)) REPRESENTATION_ITEM('') );
#1935 = CARTESIAN_POINT('',(12.6,23.5,1.));
#1936 = CARTESIAN_POINT('',(13.5,23.5,1.));
#1937 = CARTESIAN_POINT('',(13.5,22.6,1.));
#1938 = ORIENTED_EDGE('',*,*,#1561,.T.);
#1939 = ORIENTED_EDGE('',*,*,#1940,.F.);
#1940 = EDGE_CURVE('',#1941,#1562,#1943,.T.);
#1941 = VERTEX_POINT('',#1942);
#1942 = CARTESIAN_POINT('',(12.6,23.5,9.));
#1943 = CIRCLE('',#1944,0.9);
#1944 = AXIS2_PLACEMENT_3D('',#1945,#1946,#1947);
#1945 = CARTESIAN_POINT('',(12.6,22.6,9.));
#1946 = DIRECTION('',(0.,0.,-1.));
#1947 = DIRECTION('',(0.,1.,0.));
#1948 = ORIENTED_EDGE('',*,*,#1949,.F.);
#1949 = EDGE_CURVE('',#1875,#1941,#1950,.T.);
#1950 = LINE('',#1951,#1952);
#1951 = CARTESIAN_POINT('',(12.6,23.5,1.));
#1952 = VECTOR('',#1953,1.);
#1953 = DIRECTION('',(0.,0.,1.));
#1954 = CYLINDRICAL_SURFACE('',#1955,0.9);
#1955 = AXIS2_PLACEMENT_3D('',#1956,#1957,#1958);
#1956 = CARTESIAN_POINT('',(12.6,22.6,1.));
#1957 = DIRECTION('',(0.,0.,1.));
#1958 = DIRECTION('',(0.,1.,0.));
#1959 = ADVANCED_FACE('',(#1960),#1986,.T.);
#1960 = FACE_BOUND('',#1961,.T.);
#1961 = EDGE_LOOP('',(#1962,#1963,#1984,#1985));
#1962 = ORIENTED_EDGE('',*,*,#1569,.F.);
#1963 = ORIENTED_EDGE('',*,*,#1964,.T.);
#1964 = EDGE_CURVE('',#1562,#1787,#1965,.T.);
#1965 = ( BOUNDED_CURVE() B_SPLINE_CURVE(9,(#1966,#1967,#1968,#1969,
    #1970,#1971,#1972,#1973,#1974,#1975,#1976,#1977,#1978,#1979,#1980,
#1981,#1982,#1983),.UNSPECIFIED.,.F.,.F.) B_SPLINE_CURVE_WITH_KNOTS((10,
    8,10),(9.910098894519,10.865148341778,11.820197789037),
.UNSPECIFIED.) CURVE() GEOMETRIC_REPRESENTATION_ITEM() 
RATIONAL_B_SPLINE_CURVE((1.,1.,1.,1.,1.,1.,1.,1.,1.,1.,1.,1.,1.,1.,1.,1.
,1.,1.)) REPRESENTATION_ITEM('') );
#1966 = CARTESIAN_POINT('',(13.5,22.6,9.));
#1967 = CARTESIAN_POINT('',(13.5,22.6,9.008726606311));
#1968 = CARTESIAN_POINT('',(13.499905050422,22.593689790905,
    9.017347718132));
#1969 = CARTESIAN_POINT('',(13.499805471331,22.581536073339,
    9.027659445109));
#1970 = CARTESIAN_POINT('',(13.499217698957,22.562798254937,
    9.037316682296));
#1971 = CARTESIAN_POINT('',(13.499415218387,22.544529160518,
    9.056081712865));
#1972 = CARTESIAN_POINT('',(13.496898464904,22.521528152222,
    9.074352622054));
#1973 = CARTESIAN_POINT('',(13.496837991243,22.510897506426,
    9.113951429137));
#1974 = CARTESIAN_POINT('',(13.48765824681,22.511561881713,
    9.182717911145));
#1975 = CARTESIAN_POINT('',(13.436235649018,22.525230361999,
    9.363754666022));
#1976 = CARTESIAN_POINT('',(13.394026753166,22.538253591031,
    9.47601014938));
#1977 = CARTESIAN_POINT('',(13.327123629051,22.552630428506,
    9.604586594872));
#1978 = CARTESIAN_POINT('',(13.230168376367,22.55762243897,9.72672612102
    ));
#1979 = CARTESIAN_POINT('',(13.108894200384,22.554279181136,
    9.831792666814));
#1980 = CARTESIAN_POINT('',(12.969886970815,22.545583139661,
    9.915095792044));
#1981 = CARTESIAN_POINT('',(12.817262395175,22.531681371597,
    9.971672151791));
#1982 = CARTESIAN_POINT('',(12.658665569283,22.515866556928,10.));
#1983 = CARTESIAN_POINT('',(12.5,22.5,10.));
#1984 = ORIENTED_EDGE('',*,*,#1786,.T.);
#1985 = ORIENTED_EDGE('',*,*,#1585,.F.);
#1986 = CYLINDRICAL_SURFACE('',#1987,1.);
#1987 = AXIS2_PLACEMENT_3D('',#1988,#1989,#1990);
#1988 = CARTESIAN_POINT('',(12.5,23.5,9.));
#1989 = DIRECTION('',(0.,-1.,0.));
#1990 = DIRECTION('',(1.,0.,0.));
#1991 = ADVANCED_FACE('',(#1992),#2016,.T.);
#1992 = FACE_BOUND('',#1993,.F.);
#1993 = EDGE_LOOP('',(#1994,#2000,#2008,#2015));
#1994 = ORIENTED_EDGE('',*,*,#1995,.T.);
#1995 = EDGE_CURVE('',#1666,#1873,#1996,.T.);
#1996 = ( BOUNDED_CURVE() B_SPLINE_CURVE(2,(#1997,#1998,#1999),
.UNSPECIFIED.,.F.,.F.) B_SPLINE_CURVE_WITH_KNOTS((3,3),(0.,
1.910098894519),.PIECEWISE_BEZIER_KNOTS.) CURVE() 
GEOMETRIC_REPRESENTATION_ITEM() RATIONAL_B_SPLINE_CURVE((1.,
0.707106781187,1.)) REPRESENTATION_ITEM('') );
#1997 = CARTESIAN_POINT('',(-13.5,22.6,1.));
#1998 = CARTESIAN_POINT('',(-13.5,23.5,1.));
#1999 = CARTESIAN_POINT('',(-12.6,23.5,1.));
#2000 = ORIENTED_EDGE('',*,*,#2001,.T.);
#2001 = EDGE_CURVE('',#1873,#2002,#2004,.T.);
#2002 = VERTEX_POINT('',#2003);
#2003 = CARTESIAN_POINT('',(-12.6,23.5,9.));
#2004 = LINE('',#2005,#2006);
#2005 = CARTESIAN_POINT('',(-12.6,23.5,1.));
#2006 = VECTOR('',#2007,1.);
#2007 = DIRECTION('',(0.,0.,1.));
#2008 = ORIENTED_EDGE('',*,*,#2009,.F.);
#2009 = EDGE_CURVE('',#1675,#2002,#2010,.T.);
#2010 = CIRCLE('',#2011,0.9);
#2011 = AXIS2_PLACEMENT_3D('',#2012,#2013,#2014);
#2012 = CARTESIAN_POINT('',(-12.6,22.6,9.));
#2013 = DIRECTION('',(0.,0.,-1.));
#2014 = DIRECTION('',(-1.,0.,0.));
#2015 = ORIENTED_EDGE('',*,*,#1682,.F.);
#2016 = CYLINDRICAL_SURFACE('',#2017,0.9);
#2017 = AXIS2_PLACEMENT_3D('',#2018,#2019,#2020);
#2018 = CARTESIAN_POINT('',(-12.6,22.6,1.));
#2019 = DIRECTION('',(0.,0.,1.));
#2020 = DIRECTION('',(-1.,0.,0.));
#2021 = ADVANCED_FACE('',(#2022),#2048,.T.);
#2022 = FACE_BOUND('',#2023,.T.);
#2023 = EDGE_LOOP('',(#2024,#2025,#2026,#2027));
#2024 = ORIENTED_EDGE('',*,*,#1674,.F.);
#2025 = ORIENTED_EDGE('',*,*,#1698,.T.);
#2026 = ORIENTED_EDGE('',*,*,#1777,.T.);
#2027 = ORIENTED_EDGE('',*,*,#2028,.F.);
#2028 = EDGE_CURVE('',#1675,#1778,#2029,.T.);
#2029 = ( BOUNDED_CURVE() B_SPLINE_CURVE(9,(#2030,#2031,#2032,#2033,
    #2034,#2035,#2036,#2037,#2038,#2039,#2040,#2041,#2042,#2043,#2044,
#2045,#2046,#2047),.UNSPECIFIED.,.F.,.F.) B_SPLINE_CURVE_WITH_KNOTS((10,
    8,10),(9.910098894519,10.865148341778,11.820197789037),
.UNSPECIFIED.) CURVE() GEOMETRIC_REPRESENTATION_ITEM() 
RATIONAL_B_SPLINE_CURVE((1.,1.,1.,1.,1.,1.,1.,1.,1.,1.,1.,1.,1.,1.,1.,1.
,1.,1.)) REPRESENTATION_ITEM('') );
#2030 = CARTESIAN_POINT('',(-13.5,22.6,9.));
#2031 = CARTESIAN_POINT('',(-13.5,22.6,9.008726606311));
#2032 = CARTESIAN_POINT('',(-13.49990505042,22.593689790905,
    9.017347718132));
#2033 = CARTESIAN_POINT('',(-13.49980547133,22.581536073339,
    9.027659445109));
#2034 = CARTESIAN_POINT('',(-13.49921769895,22.562798254938,
    9.037316682296));
#2035 = CARTESIAN_POINT('',(-13.49941521838,22.544529160518,
    9.056081712865));
#2036 = CARTESIAN_POINT('',(-13.4968984649,22.521528152222,
    9.074352622054));
#2037 = CARTESIAN_POINT('',(-13.49683799124,22.510897506426,
    9.113951429137));
#2038 = CARTESIAN_POINT('',(-13.48765824681,22.511561881713,
    9.182717911145));
#2039 = CARTESIAN_POINT('',(-13.43623564901,22.525230361999,
    9.363754666022));
#2040 = CARTESIAN_POINT('',(-13.39402675316,22.538253591031,
    9.47601014938));
#2041 = CARTESIAN_POINT('',(-13.32712362905,22.552630428506,
    9.604586594872));
#2042 = CARTESIAN_POINT('',(-13.23016837636,22.55762243897,9.72672612102
    ));
#2043 = CARTESIAN_POINT('',(-13.10889420038,22.554279181136,
    9.831792666814));
#2044 = CARTESIAN_POINT('',(-12.96988697081,22.545583139661,
    9.915095792044));
#2045 = CARTESIAN_POINT('',(-12.81726239517,22.531681371597,
    9.971672151791));
#2046 = CARTESIAN_POINT('',(-12.65866556928,22.515866556928,10.));
#2047 = CARTESIAN_POINT('',(-12.5,22.5,10.));
#2048 = CYLINDRICAL_SURFACE('',#2049,1.);
#2049 = AXIS2_PLACEMENT_3D('',#2050,#2051,#2052);
#2050 = CARTESIAN_POINT('',(-12.5,-23.5,9.));
#2051 = DIRECTION('',(0.,1.,0.));
#2052 = DIRECTION('',(-1.,0.,0.));
#2053 = ADVANCED_FACE('',(#2054),#2105,.T.);
#2054 = FACE_BOUND('',#2055,.T.);
#2055 = EDGE_LOOP('',(#2056,#2062,#2083,#2084));
#2056 = ORIENTED_EDGE('',*,*,#2057,.F.);
#2057 = EDGE_CURVE('',#2002,#1941,#2058,.T.);
#2058 = LINE('',#2059,#2060);
#2059 = CARTESIAN_POINT('',(-13.5,23.5,9.));
#2060 = VECTOR('',#2061,1.);
#2061 = DIRECTION('',(1.,0.,0.));
#2062 = ORIENTED_EDGE('',*,*,#2063,.T.);
#2063 = EDGE_CURVE('',#2002,#1778,#2064,.T.);
#2064 = ( BOUNDED_CURVE() B_SPLINE_CURVE(9,(#2065,#2066,#2067,#2068,
    #2069,#2070,#2071,#2072,#2073,#2074,#2075,#2076,#2077,#2078,#2079,
#2080,#2081,#2082),.UNSPECIFIED.,.F.,.F.) B_SPLINE_CURVE_WITH_KNOTS((10,
    8,10),(9.910098894519,10.865148341778,11.820197789037),
.UNSPECIFIED.) CURVE() GEOMETRIC_REPRESENTATION_ITEM() 
RATIONAL_B_SPLINE_CURVE((1.,1.,1.,1.,1.,1.,1.,1.,1.,1.,1.,1.,1.,1.,1.,1.
,1.,1.)) REPRESENTATION_ITEM('') );
#2065 = CARTESIAN_POINT('',(-12.6,23.5,9.));
#2066 = CARTESIAN_POINT('',(-12.6,23.5,9.008726606311));
#2067 = CARTESIAN_POINT('',(-12.5936897909,23.499905050422,
    9.017347718132));
#2068 = CARTESIAN_POINT('',(-12.58153607333,23.499805471331,
    9.027659445109));
#2069 = CARTESIAN_POINT('',(-12.56279825493,23.499217698957,
    9.037316682296));
#2070 = CARTESIAN_POINT('',(-12.54452916051,23.499415218387,
    9.056081712865));
#2071 = CARTESIAN_POINT('',(-12.52152815222,23.496898464904,
    9.074352622054));
#2072 = CARTESIAN_POINT('',(-12.51089750642,23.496837991243,
    9.113951429137));
#2073 = CARTESIAN_POINT('',(-12.51156188171,23.48765824681,
    9.182717911145));
#2074 = CARTESIAN_POINT('',(-12.52523036199,23.436235649018,
    9.363754666022));
#2075 = CARTESIAN_POINT('',(-12.53825359103,23.394026753166,
    9.47601014938));
#2076 = CARTESIAN_POINT('',(-12.5526304285,23.32712362905,9.604586594872
    ));
#2077 = CARTESIAN_POINT('',(-12.55762243897,23.230168376367,
    9.72672612102));
#2078 = CARTESIAN_POINT('',(-12.55427918113,23.108894200384,
    9.831792666814));
#2079 = CARTESIAN_POINT('',(-12.54558313966,22.969886970814,
    9.915095792044));
#2080 = CARTESIAN_POINT('',(-12.53168137159,22.817262395175,
    9.971672151791));
#2081 = CARTESIAN_POINT('',(-12.51586655692,22.658665569283,10.));
#2082 = CARTESIAN_POINT('',(-12.5,22.5,10.));
#2083 = ORIENTED_EDGE('',*,*,#1794,.T.);
#2084 = ORIENTED_EDGE('',*,*,#2085,.F.);
#2085 = EDGE_CURVE('',#1941,#1787,#2086,.T.);
#2086 = ( BOUNDED_CURVE() B_SPLINE_CURVE(9,(#2087,#2088,#2089,#2090,
    #2091,#2092,#2093,#2094,#2095,#2096,#2097,#2098,#2099,#2100,#2101,
#2102,#2103,#2104),.UNSPECIFIED.,.F.,.F.) B_SPLINE_CURVE_WITH_KNOTS((10,
    8,10),(9.910098894519,10.865148341778,11.820197789037),
.UNSPECIFIED.) CURVE() GEOMETRIC_REPRESENTATION_ITEM() 
RATIONAL_B_SPLINE_CURVE((1.,1.,1.,1.,1.,1.,1.,1.,1.,1.,1.,1.,1.,1.,1.,1.
,1.,1.)) REPRESENTATION_ITEM('') );
#2087 = CARTESIAN_POINT('',(12.6,23.5,9.));
#2088 = CARTESIAN_POINT('',(12.6,23.5,9.008726606311));
#2089 = CARTESIAN_POINT('',(12.593689790905,23.499905050422,
    9.017347718132));
#2090 = CARTESIAN_POINT('',(12.581536073339,23.499805471331,
    9.027659445109));
#2091 = CARTESIAN_POINT('',(12.562798254938,23.499217698957,
    9.037316682296));
#2092 = CARTESIAN_POINT('',(12.544529160518,23.499415218387,
    9.056081712865));
#2093 = CARTESIAN_POINT('',(12.521528152222,23.496898464904,
    9.074352622054));
#2094 = CARTESIAN_POINT('',(12.510897506426,23.496837991243,
    9.113951429137));
#2095 = CARTESIAN_POINT('',(12.511561881713,23.48765824681,
    9.182717911145));
#2096 = CARTESIAN_POINT('',(12.525230361999,23.436235649018,
    9.363754666022));
#2097 = CARTESIAN_POINT('',(12.538253591031,23.394026753166,
    9.47601014938));
#2098 = CARTESIAN_POINT('',(12.552630428506,23.327123629051,
    9.604586594872));
#2099 = CARTESIAN_POINT('',(12.55762243897,23.230168376367,9.72672612102
    ));
#2100 = CARTESIAN_POINT('',(12.554279181136,23.108894200384,
    9.831792666814));
#2101 = CARTESIAN_POINT('',(12.545583139661,22.969886970815,
    9.915095792044));
#2102 = CARTESIAN_POINT('',(12.531681371596,22.817262395175,
    9.971672151791));
#2103 = CARTESIAN_POINT('',(12.515866556928,22.658665569283,10.));
#2104 = CARTESIAN_POINT('',(12.5,22.5,10.));
#2105 = CYLINDRICAL_SURFACE('',#2106,1.);
#2106 = AXIS2_PLACEMENT_3D('',#2107,#2108,#2109);
#2107 = CARTESIAN_POINT('',(-13.5,22.5,9.));
#2108 = DIRECTION('',(1.,0.,0.));
#2109 = DIRECTION('',(0.,1.,0.));
#2110 = ADVANCED_FACE('',(#2111),#2116,.F.);
#2111 = FACE_BOUND('',#2112,.F.);
#2112 = EDGE_LOOP('',(#2113,#2114,#2115));
#2113 = ORIENTED_EDGE('',*,*,#1811,.T.);
#2114 = ORIENTED_EDGE('',*,*,#1933,.F.);
#2115 = ORIENTED_EDGE('',*,*,#1882,.F.);
#2116 = ( BOUNDED_SURFACE() B_SPLINE_SURFACE(2,9,(
    (#2117,#2118,#2119,#2120,#2121,#2122,#2123,#2124,#2125,#2126,#2127
      ,#2128,#2129,#2130,#2131,#2132,#2133,#2134)
    ,(#2135,#2136,#2137,#2138,#2139,#2140,#2141,#2142,#2143,#2144,#2145
      ,#2146,#2147,#2148,#2149,#2150,#2151,#2152)
    ,(#2153,#2154,#2155,#2156,#2157,#2158,#2159,#2160,#2161,#2162,#2163
      ,#2164,#2165,#2166,#2167,#2168,#2169,#2170
)),.UNSPECIFIED.,.F.,.F.,.F.) B_SPLINE_SURFACE_WITH_KNOTS((3,3),(10,8,10
    ),(0.,1.910098894519),(0.,0.955049447259,1.910098894519),
.UNSPECIFIED.) GEOMETRIC_REPRESENTATION_ITEM() RATIONAL_B_SPLINE_SURFACE
((
    (1.,1.,1.,1.,1.,1.,1.,1.,1.,1.,1.,1.,1.,1.,1.,1.,1.,1.)
    ,(1.,1.,0.985820256574,0.95761556216,0.915962338051,0.864453923266
      ,0.805376993259,0.744859077475,0.699391656098,0.64290399922
      ,0.631860221005,0.641971218823,0.663652441338,0.677272977883
      ,0.693101660951,0.702155057566,0.707106781187,0.707106781187)
    ,(1.,1.,1.,1.,1.,1.,1.,1.,1.,1.,1.,1.,1.,1.,1.,1.,1.,1.
))) REPRESENTATION_ITEM('') SURFACE() );
#2117 = CARTESIAN_POINT('',(12.5,22.5,-2.22044604925E-16));
#2118 = CARTESIAN_POINT('',(12.515866556928,22.658665569283,
    -3.330669073875E-16));
#2119 = CARTESIAN_POINT('',(12.531681371596,22.817262395175,
    2.832784820866E-02));
#2120 = CARTESIAN_POINT('',(12.545583139661,22.969886970814,
    8.490420795568E-02));
#2121 = CARTESIAN_POINT('',(12.554279181136,23.108894200384,
    0.168207333186));
#2122 = CARTESIAN_POINT('',(12.55762243897,23.230168376367,0.27327387898
    ));
#2123 = CARTESIAN_POINT('',(12.552630428506,23.327123629051,
    0.395413405128));
#2124 = CARTESIAN_POINT('',(12.538253591031,23.394026753166,
    0.52398985062));
#2125 = CARTESIAN_POINT('',(12.525230361999,23.436235649018,
    0.636245333978));
#2126 = CARTESIAN_POINT('',(12.511561881713,23.48765824681,
    0.817282088855));
#2127 = CARTESIAN_POINT('',(12.510897506426,23.496837991243,
    0.886048570863));
#2128 = CARTESIAN_POINT('',(12.521528152222,23.496898464904,
    0.925647377946));
#2129 = CARTESIAN_POINT('',(12.544529160518,23.499415218387,
    0.943918287135));
#2130 = CARTESIAN_POINT('',(12.562798254938,23.499217698957,
    0.962683317703));
#2131 = CARTESIAN_POINT('',(12.581536073339,23.499805471331,
    0.972340554892));
#2132 = CARTESIAN_POINT('',(12.593689790905,23.499905050422,
    0.982652281868));
#2133 = CARTESIAN_POINT('',(12.6,23.5,0.991273393689));
#2134 = CARTESIAN_POINT('',(12.6,23.5,1.));
#2135 = CARTESIAN_POINT('',(12.5,22.5,-2.22044604925E-16));
#2136 = CARTESIAN_POINT('',(12.587266063106,22.587266063106,
    -7.771561172376E-16));
#2137 = CARTESIAN_POINT('',(12.677053627169,22.677053627169,
    2.804081031319E-03));
#2138 = CARTESIAN_POINT('',(12.768392066592,22.768392066592,
    9.161830071141E-03));
#2139 = CARTESIAN_POINT('',(12.860273090138,22.860273090138,
    1.692723483266E-02));
#2140 = CARTESIAN_POINT('',(12.951211105474,22.951211105474,
    2.751579510515E-02));
#2141 = CARTESIAN_POINT('',(13.040932873987,23.040932873987,
    3.616305968236E-02));
#2142 = CARTESIAN_POINT('',(13.13080033881,23.13080033881,
    4.155205648529E-02));
#2143 = CARTESIAN_POINT('',(13.216314609113,23.216314609113,
    6.872104202159E-02));
#2144 = CARTESIAN_POINT('',(13.372313086487,23.372313086487,
    0.186315572853));
#2145 = CARTESIAN_POINT('',(13.433012174628,23.433012174628,
    0.275900026511));
#2146 = CARTESIAN_POINT('',(13.465539472403,23.465539472403,
    0.393768129746));
#2147 = CARTESIAN_POINT('',(13.477752740115,23.477752740115,
    0.522166920047));
#2148 = CARTESIAN_POINT('',(13.490561568024,23.490561568024,
    0.628869575317));
#2149 = CARTESIAN_POINT('',(13.49451363822,23.494513638219,
    0.731777991824));
#2150 = CARTESIAN_POINT('',(13.498458301126,23.498458301126,
    0.824181100674));
#2151 = CARTESIAN_POINT('',(13.5,23.5,0.912733936894));
#2152 = CARTESIAN_POINT('',(13.5,23.5,1.));
#2153 = CARTESIAN_POINT('',(12.5,22.5,-2.22044604925E-16));
#2154 = CARTESIAN_POINT('',(12.658665569283,22.515866556928,
    -1.665334536938E-15));
#2155 = CARTESIAN_POINT('',(12.817262395175,22.531681371596,
    2.832784820867E-02));
#2156 = CARTESIAN_POINT('',(12.969886970814,22.545583139661,
    8.490420795566E-02));
#2157 = CARTESIAN_POINT('',(13.108894200384,22.554279181136,
    0.168207333186));
#2158 = CARTESIAN_POINT('',(13.230168376367,22.55762243897,0.27327387898
    ));
#2159 = CARTESIAN_POINT('',(13.327123629051,22.552630428506,
    0.395413405128));
#2160 = CARTESIAN_POINT('',(13.394026753166,22.538253591031,
    0.52398985062));
#2161 = CARTESIAN_POINT('',(13.436235649018,22.525230361999,
    0.636245333978));
#2162 = CARTESIAN_POINT('',(13.48765824681,22.511561881713,
    0.817282088855));
#2163 = CARTESIAN_POINT('',(13.496837991243,22.510897506426,
    0.886048570863));
#2164 = CARTESIAN_POINT('',(13.496898464904,22.521528152222,
    0.925647377946));
#2165 = CARTESIAN_POINT('',(13.499415218387,22.544529160518,
    0.943918287136));
#2166 = CARTESIAN_POINT('',(13.499217698957,22.562798254938,
    0.962683317703));
#2167 = CARTESIAN_POINT('',(13.499805471331,22.581536073339,
    0.972340554892));
#2168 = CARTESIAN_POINT('',(13.499905050422,22.593689790905,
    0.982652281868));
#2169 = CARTESIAN_POINT('',(13.5,22.6,0.991273393689));
#2170 = CARTESIAN_POINT('',(13.5,22.6,1.));
#2171 = ADVANCED_FACE('',(#2172),#2177,.F.);
#2172 = FACE_BOUND('',#2173,.F.);
#2173 = EDGE_LOOP('',(#2174,#2175,#2176));
#2174 = ORIENTED_EDGE('',*,*,#1904,.T.);
#2175 = ORIENTED_EDGE('',*,*,#1995,.F.);
#2176 = ORIENTED_EDGE('',*,*,#1843,.F.);
#2177 = ( BOUNDED_SURFACE() B_SPLINE_SURFACE(2,9,(
    (#2178,#2179,#2180,#2181,#2182,#2183,#2184,#2185,#2186,#2187,#2188
      ,#2189,#2190,#2191,#2192,#2193,#2194,#2195)
    ,(#2196,#2197,#2198,#2199,#2200,#2201,#2202,#2203,#2204,#2205,#2206
      ,#2207,#2208,#2209,#2210,#2211,#2212,#2213)
    ,(#2214,#2215,#2216,#2217,#2218,#2219,#2220,#2221,#2222,#2223,#2224
      ,#2225,#2226,#2227,#2228,#2229,#2230,#2231
)),.UNSPECIFIED.,.F.,.F.,.F.) B_SPLINE_SURFACE_WITH_KNOTS((3,3),(10,8,10
    ),(0.,1.910098894519),(0.,0.955049447259,1.910098894519),
.UNSPECIFIED.) GEOMETRIC_REPRESENTATION_ITEM() RATIONAL_B_SPLINE_SURFACE
((
    (1.,1.,1.,1.,1.,1.,1.,1.,1.,1.,1.,1.,1.,1.,1.,1.,1.,1.)
    ,(1.,1.,0.985820256574,0.95761556216,0.915962338051,0.864453923266
      ,0.805376993259,0.744859077475,0.699391656098,0.64290399922
      ,0.631860221005,0.641971218823,0.663652441338,0.677272977883
      ,0.693101660951,0.702155057566,0.707106781187,0.707106781187)
    ,(1.,1.,1.,1.,1.,1.,1.,1.,1.,1.,1.,1.,1.,1.,1.,1.,1.,1.
))) REPRESENTATION_ITEM('') SURFACE() );
#2178 = CARTESIAN_POINT('',(-12.5,22.5,-2.22044604925E-16));
#2179 = CARTESIAN_POINT('',(-12.65866556928,22.515866556928,
    2.22044604925E-16));
#2180 = CARTESIAN_POINT('',(-12.81726239517,22.531681371597,
    2.832784820865E-02));
#2181 = CARTESIAN_POINT('',(-12.96988697081,22.545583139661,
    8.490420795572E-02));
#2182 = CARTESIAN_POINT('',(-13.10889420038,22.554279181136,
    0.168207333186));
#2183 = CARTESIAN_POINT('',(-13.23016837636,22.55762243897,0.27327387898
    ));
#2184 = CARTESIAN_POINT('',(-13.32712362905,22.552630428506,
    0.395413405128));
#2185 = CARTESIAN_POINT('',(-13.39402675316,22.538253591031,
    0.52398985062));
#2186 = CARTESIAN_POINT('',(-13.43623564901,22.525230361999,
    0.636245333978));
#2187 = CARTESIAN_POINT('',(-13.48765824681,22.511561881713,
    0.817282088855));
#2188 = CARTESIAN_POINT('',(-13.49683799124,22.510897506426,
    0.886048570863));
#2189 = CARTESIAN_POINT('',(-13.4968984649,22.521528152222,
    0.925647377946));
#2190 = CARTESIAN_POINT('',(-13.49941521838,22.544529160518,
    0.943918287135));
#2191 = CARTESIAN_POINT('',(-13.49921769895,22.562798254937,
    0.962683317703));
#2192 = CARTESIAN_POINT('',(-13.49980547133,22.581536073339,
    0.972340554892));
#2193 = CARTESIAN_POINT('',(-13.49990505042,22.593689790905,
    0.982652281868));
#2194 = CARTESIAN_POINT('',(-13.5,22.6,0.991273393689));
#2195 = CARTESIAN_POINT('',(-13.5,22.6,1.));
#2196 = CARTESIAN_POINT('',(-12.5,22.5,-2.22044604925E-16));
#2197 = CARTESIAN_POINT('',(-12.5872660631,22.587266063106,
    1.110223024625E-15));
#2198 = CARTESIAN_POINT('',(-12.67705362716,22.677053627169,
    2.804081031317E-03));
#2199 = CARTESIAN_POINT('',(-12.76839206659,22.768392066592,
    9.161830071142E-03));
#2200 = CARTESIAN_POINT('',(-12.86027309013,22.860273090138,
    1.692723483265E-02));
#2201 = CARTESIAN_POINT('',(-12.95121110547,22.951211105474,
    2.751579510517E-02));
#2202 = CARTESIAN_POINT('',(-13.04093287398,23.040932873987,
    3.616305968232E-02));
#2203 = CARTESIAN_POINT('',(-13.1308003388,23.130800338809,
    4.155205648531E-02));
#2204 = CARTESIAN_POINT('',(-13.21631460911,23.216314609113,
    6.872104202158E-02));
#2205 = CARTESIAN_POINT('',(-13.37231308648,23.372313086487,
    0.186315572853));
#2206 = CARTESIAN_POINT('',(-13.43301217462,23.433012174628,
    0.275900026511));
#2207 = CARTESIAN_POINT('',(-13.4655394724,23.465539472403,
    0.393768129746));
#2208 = CARTESIAN_POINT('',(-13.47775274011,23.477752740115,
    0.522166920047));
#2209 = CARTESIAN_POINT('',(-13.49056156802,23.490561568024,
    0.628869575317));
#2210 = CARTESIAN_POINT('',(-13.49451363821,23.49451363822,
    0.731777991824));
#2211 = CARTESIAN_POINT('',(-13.49845830112,23.498458301126,
    0.824181100674));
#2212 = CARTESIAN_POINT('',(-13.5,23.5,0.912733936894));
#2213 = CARTESIAN_POINT('',(-13.5,23.5,1.));
#2214 = CARTESIAN_POINT('',(-12.5,22.5,-2.22044604925E-16));
#2215 = CARTESIAN_POINT('',(-12.51586655692,22.658665569283,
    -8.881784197001E-16));
#2216 = CARTESIAN_POINT('',(-12.53168137159,22.817262395175,
    2.832784820865E-02));
#2217 = CARTESIAN_POINT('',(-12.54558313966,22.969886970814,
    8.490420795571E-02));
#2218 = CARTESIAN_POINT('',(-12.55427918113,23.108894200384,
    0.168207333186));
#2219 = CARTESIAN_POINT('',(-12.55762243897,23.230168376367,
    0.27327387898));
#2220 = CARTESIAN_POINT('',(-12.5526304285,23.327123629051,
    0.395413405128));
#2221 = CARTESIAN_POINT('',(-12.53825359103,23.394026753166,
    0.52398985062));
#2222 = CARTESIAN_POINT('',(-12.52523036199,23.436235649018,
    0.636245333978));
#2223 = CARTESIAN_POINT('',(-12.51156188171,23.48765824681,
    0.817282088855));
#2224 = CARTESIAN_POINT('',(-12.51089750642,23.496837991243,
    0.886048570863));
#2225 = CARTESIAN_POINT('',(-12.52152815222,23.496898464904,
    0.925647377946));
#2226 = CARTESIAN_POINT('',(-12.54452916051,23.499415218387,
    0.943918287135));
#2227 = CARTESIAN_POINT('',(-12.56279825493,23.499217698957,
    0.962683317703));
#2228 = CARTESIAN_POINT('',(-12.58153607333,23.499805471331,
    0.972340554891));
#2229 = CARTESIAN_POINT('',(-12.5936897909,23.499905050422,
    0.982652281868));
#2230 = CARTESIAN_POINT('',(-12.6,23.5,0.991273393689));
#2231 = CARTESIAN_POINT('',(-12.6,23.5,1.));
#2232 = ADVANCED_FACE('',(#2233),#2239,.T.);
#2233 = FACE_BOUND('',#2234,.T.);
#2234 = EDGE_LOOP('',(#2235,#2236,#2237,#2238));
#2235 = ORIENTED_EDGE('',*,*,#1872,.F.);
#2236 = ORIENTED_EDGE('',*,*,#2001,.T.);
#2237 = ORIENTED_EDGE('',*,*,#2057,.T.);
#2238 = ORIENTED_EDGE('',*,*,#1949,.F.);
#2239 = PLANE('',#2240);
#2240 = AXIS2_PLACEMENT_3D('',#2241,#2242,#2243);
#2241 = CARTESIAN_POINT('',(-13.5,23.5,0.));
#2242 = DIRECTION('',(0.,1.,0.));
#2243 = DIRECTION('',(1.,0.,0.));
#2244 = ADVANCED_FACE('',(#2245),#2250,.F.);
#2245 = FACE_BOUND('',#2246,.F.);
#2246 = EDGE_LOOP('',(#2247,#2248,#2249));
#2247 = ORIENTED_EDGE('',*,*,#1940,.T.);
#2248 = ORIENTED_EDGE('',*,*,#1964,.T.);
#2249 = ORIENTED_EDGE('',*,*,#2085,.F.);
#2250 = ( BOUNDED_SURFACE() B_SPLINE_SURFACE(2,9,(
    (#2251,#2252,#2253,#2254,#2255,#2256,#2257,#2258,#2259,#2260,#2261
      ,#2262,#2263,#2264,#2265,#2266,#2267,#2268)
    ,(#2269,#2270,#2271,#2272,#2273,#2274,#2275,#2276,#2277,#2278,#2279
      ,#2280,#2281,#2282,#2283,#2284,#2285,#2286)
    ,(#2287,#2288,#2289,#2290,#2291,#2292,#2293,#2294,#2295,#2296,#2297
      ,#2298,#2299,#2300,#2301,#2302,#2303,#2304
)),.UNSPECIFIED.,.F.,.F.,.F.) B_SPLINE_SURFACE_WITH_KNOTS((3,3),(10,8,10
    ),(0.,1.910098894519),(9.910098894519,10.865148341778,
11.820197789037),.UNSPECIFIED.) GEOMETRIC_REPRESENTATION_ITEM() 
RATIONAL_B_SPLINE_SURFACE((
    (1.,1.,1.,1.,1.,1.,1.,1.,1.,1.,1.,1.,1.,1.,1.,1.,1.,1.)
    ,(0.707106781187,0.707106781187,0.702155057566,0.693101660951
      ,0.677272977883,0.663652441338,0.641971218823,0.631860221005
      ,0.64290399922,0.699391656098,0.744859077475,0.805376993258
      ,0.864453923266,0.915962338051,0.95761556216,0.985820256574,1.,1.)
    ,(1.,1.,1.,1.,1.,1.,1.,1.,1.,1.,1.,1.,1.,1.,1.,1.,1.,1.
))) REPRESENTATION_ITEM('') SURFACE() );
#2251 = CARTESIAN_POINT('',(12.6,23.5,9.));
#2252 = CARTESIAN_POINT('',(12.6,23.5,9.008726606311));
#2253 = CARTESIAN_POINT('',(12.593689790905,23.499905050422,
    9.017347718132));
#2254 = CARTESIAN_POINT('',(12.581536073339,23.499805471331,
    9.027659445109));
#2255 = CARTESIAN_POINT('',(12.562798254938,23.499217698957,
    9.037316682296));
#2256 = CARTESIAN_POINT('',(12.544529160518,23.499415218387,
    9.056081712865));
#2257 = CARTESIAN_POINT('',(12.521528152222,23.496898464904,
    9.074352622054));
#2258 = CARTESIAN_POINT('',(12.510897506426,23.496837991243,
    9.113951429137));
#2259 = CARTESIAN_POINT('',(12.511561881713,23.48765824681,
    9.182717911145));
#2260 = CARTESIAN_POINT('',(12.525230361999,23.436235649018,
    9.363754666022));
#2261 = CARTESIAN_POINT('',(12.538253591031,23.394026753166,
    9.47601014938));
#2262 = CARTESIAN_POINT('',(12.552630428506,23.327123629051,
    9.604586594872));
#2263 = CARTESIAN_POINT('',(12.55762243897,23.230168376367,9.72672612102
    ));
#2264 = CARTESIAN_POINT('',(12.554279181136,23.108894200384,
    9.831792666814));
#2265 = CARTESIAN_POINT('',(12.545583139661,22.969886970815,
    9.915095792044));
#2266 = CARTESIAN_POINT('',(12.531681371596,22.817262395175,
    9.971672151791));
#2267 = CARTESIAN_POINT('',(12.515866556928,22.658665569283,10.));
#2268 = CARTESIAN_POINT('',(12.5,22.5,10.));
#2269 = CARTESIAN_POINT('',(13.5,23.5,9.));
#2270 = CARTESIAN_POINT('',(13.5,23.5,9.087266063106));
#2271 = CARTESIAN_POINT('',(13.498458301126,23.498458301126,
    9.175818899326));
#2272 = CARTESIAN_POINT('',(13.494513638219,23.494513638219,
    9.268222008176));
#2273 = CARTESIAN_POINT('',(13.490561568024,23.490561568024,
    9.371130424683));
#2274 = CARTESIAN_POINT('',(13.477752740115,23.477752740115,
    9.477833079953));
#2275 = CARTESIAN_POINT('',(13.465539472403,23.465539472403,
    9.606231870254));
#2276 = CARTESIAN_POINT('',(13.433012174628,23.433012174628,
    9.724099973489));
#2277 = CARTESIAN_POINT('',(13.372313086487,23.372313086487,
    9.813684427147));
#2278 = CARTESIAN_POINT('',(13.216314609113,23.216314609113,
    9.931278957978));
#2279 = CARTESIAN_POINT('',(13.130800338809,23.13080033881,
    9.958447943515));
#2280 = CARTESIAN_POINT('',(13.040932873987,23.040932873987,
    9.963836940318));
#2281 = CARTESIAN_POINT('',(12.951211105474,22.951211105474,
    9.972484204895));
#2282 = CARTESIAN_POINT('',(12.860273090138,22.860273090138,
    9.983072765167));
#2283 = CARTESIAN_POINT('',(12.768392066592,22.768392066592,
    9.990838169929));
#2284 = CARTESIAN_POINT('',(12.677053627169,22.677053627169,
    9.997195918969));
#2285 = CARTESIAN_POINT('',(12.587266063106,22.587266063106,10.));
#2286 = CARTESIAN_POINT('',(12.5,22.5,10.));
#2287 = CARTESIAN_POINT('',(13.5,22.6,9.));
#2288 = CARTESIAN_POINT('',(13.5,22.6,9.008726606311));
#2289 = CARTESIAN_POINT('',(13.499905050422,22.593689790905,
    9.017347718132));
#2290 = CARTESIAN_POINT('',(13.499805471331,22.581536073339,
    9.027659445109));
#2291 = CARTESIAN_POINT('',(13.499217698957,22.562798254937,
    9.037316682296));
#2292 = CARTESIAN_POINT('',(13.499415218387,22.544529160518,
    9.056081712865));
#2293 = CARTESIAN_POINT('',(13.496898464904,22.521528152222,
    9.074352622054));
#2294 = CARTESIAN_POINT('',(13.496837991243,22.510897506426,
    9.113951429137));
#2295 = CARTESIAN_POINT('',(13.48765824681,22.511561881713,
    9.182717911145));
#2296 = CARTESIAN_POINT('',(13.436235649018,22.525230361999,
    9.363754666022));
#2297 = CARTESIAN_POINT('',(13.394026753166,22.538253591031,
    9.47601014938));
#2298 = CARTESIAN_POINT('',(13.327123629051,22.552630428506,
    9.604586594872));
#2299 = CARTESIAN_POINT('',(13.230168376367,22.55762243897,9.72672612102
    ));
#2300 = CARTESIAN_POINT('',(13.108894200384,22.554279181136,
    9.831792666814));
#2301 = CARTESIAN_POINT('',(12.969886970815,22.545583139661,
    9.915095792044));
#2302 = CARTESIAN_POINT('',(12.817262395175,22.531681371597,
    9.971672151791));
#2303 = CARTESIAN_POINT('',(12.658665569283,22.515866556928,10.));
#2304 = CARTESIAN_POINT('',(12.5,22.5,10.));
#2305 = ADVANCED_FACE('',(#2306),#2311,.F.);
#2306 = FACE_BOUND('',#2307,.F.);
#2307 = EDGE_LOOP('',(#2308,#2309,#2310));
#2308 = ORIENTED_EDGE('',*,*,#2009,.T.);
#2309 = ORIENTED_EDGE('',*,*,#2063,.T.);
#2310 = ORIENTED_EDGE('',*,*,#2028,.F.);
#2311 = ( BOUNDED_SURFACE() B_SPLINE_SURFACE(2,9,(
    (#2312,#2313,#2314,#2315,#2316,#2317,#2318,#2319,#2320,#2321,#2322
      ,#2323,#2324,#2325,#2326,#2327,#2328,#2329)
    ,(#2330,#2331,#2332,#2333,#2334,#2335,#2336,#2337,#2338,#2339,#2340
      ,#2341,#2342,#2343,#2344,#2345,#2346,#2347)
    ,(#2348,#2349,#2350,#2351,#2352,#2353,#2354,#2355,#2356,#2357,#2358
      ,#2359,#2360,#2361,#2362,#2363,#2364,#2365
)),.UNSPECIFIED.,.F.,.F.,.F.) B_SPLINE_SURFACE_WITH_KNOTS((3,3),(10,8,10
    ),(0.,1.910098894519),(9.910098894519,10.865148341778,
11.820197789037),.UNSPECIFIED.) GEOMETRIC_REPRESENTATION_ITEM() 
RATIONAL_B_SPLINE_SURFACE((
    (1.,1.,1.,1.,1.,1.,1.,1.,1.,1.,1.,1.,1.,1.,1.,1.,1.,1.)
    ,(0.707106781187,0.707106781187,0.702155057566,0.693101660951
      ,0.677272977883,0.663652441338,0.641971218823,0.631860221005
      ,0.64290399922,0.699391656098,0.744859077475,0.805376993259
      ,0.864453923266,0.915962338051,0.95761556216,0.985820256574,1.,1.)
    ,(1.,1.,1.,1.,1.,1.,1.,1.,1.,1.,1.,1.,1.,1.,1.,1.,1.,1.
))) REPRESENTATION_ITEM('') SURFACE() );
#2312 = CARTESIAN_POINT('',(-13.5,22.6,9.));
#2313 = CARTESIAN_POINT('',(-13.5,22.6,9.008726606311));
#2314 = CARTESIAN_POINT('',(-13.49990505042,22.593689790905,
    9.017347718132));
#2315 = CARTESIAN_POINT('',(-13.49980547133,22.581536073339,
    9.027659445109));
#2316 = CARTESIAN_POINT('',(-13.49921769895,22.562798254938,
    9.037316682296));
#2317 = CARTESIAN_POINT('',(-13.49941521838,22.544529160518,
    9.056081712865));
#2318 = CARTESIAN_POINT('',(-13.4968984649,22.521528152222,
    9.074352622054));
#2319 = CARTESIAN_POINT('',(-13.49683799124,22.510897506426,
    9.113951429137));
#2320 = CARTESIAN_POINT('',(-13.48765824681,22.511561881713,
    9.182717911145));
#2321 = CARTESIAN_POINT('',(-13.43623564901,22.525230361999,
    9.363754666022));
#2322 = CARTESIAN_POINT('',(-13.39402675316,22.538253591031,
    9.47601014938));
#2323 = CARTESIAN_POINT('',(-13.32712362905,22.552630428506,
    9.604586594872));
#2324 = CARTESIAN_POINT('',(-13.23016837636,22.55762243897,9.72672612102
    ));
#2325 = CARTESIAN_POINT('',(-13.10889420038,22.554279181136,
    9.831792666814));
#2326 = CARTESIAN_POINT('',(-12.96988697081,22.545583139661,
    9.915095792044));
#2327 = CARTESIAN_POINT('',(-12.81726239517,22.531681371597,
    9.971672151791));
#2328 = CARTESIAN_POINT('',(-12.65866556928,22.515866556928,10.));
#2329 = CARTESIAN_POINT('',(-12.5,22.5,10.));
#2330 = CARTESIAN_POINT('',(-13.5,23.5,9.));
#2331 = CARTESIAN_POINT('',(-13.5,23.5,9.087266063106));
#2332 = CARTESIAN_POINT('',(-13.49845830112,23.498458301126,
    9.175818899326));
#2333 = CARTESIAN_POINT('',(-13.49451363821,23.494513638219,
    9.268222008176));
#2334 = CARTESIAN_POINT('',(-13.49056156802,23.490561568025,
    9.371130424683));
#2335 = CARTESIAN_POINT('',(-13.47775274011,23.477752740115,
    9.477833079953));
#2336 = CARTESIAN_POINT('',(-13.4655394724,23.465539472403,
    9.606231870254));
#2337 = CARTESIAN_POINT('',(-13.43301217462,23.433012174628,
    9.724099973489));
#2338 = CARTESIAN_POINT('',(-13.37231308648,23.372313086487,
    9.813684427147));
#2339 = CARTESIAN_POINT('',(-13.21631460911,23.216314609113,
    9.931278957978));
#2340 = CARTESIAN_POINT('',(-13.13080033881,23.13080033881,
    9.958447943515));
#2341 = CARTESIAN_POINT('',(-13.04093287398,23.040932873987,
    9.963836940318));
#2342 = CARTESIAN_POINT('',(-12.95121110547,22.951211105474,
    9.972484204895));
#2343 = CARTESIAN_POINT('',(-12.86027309013,22.860273090138,
    9.983072765167));
#2344 = CARTESIAN_POINT('',(-12.76839206659,22.768392066592,
    9.990838169929));
#2345 = CARTESIAN_POINT('',(-12.67705362716,22.677053627169,
    9.997195918969));
#2346 = CARTESIAN_POINT('',(-12.5872660631,22.587266063106,10.));
#2347 = CARTESIAN_POINT('',(-12.5,22.5,10.));
#2348 = CARTESIAN_POINT('',(-12.6,23.5,9.));
#2349 = CARTESIAN_POINT('',(-12.6,23.5,9.008726606311));
#2350 = CARTESIAN_POINT('',(-12.5936897909,23.499905050422,
    9.017347718132));
#2351 = CARTESIAN_POINT('',(-12.58153607333,23.499805471331,
    9.027659445109));
#2352 = CARTESIAN_POINT('',(-12.56279825493,23.499217698957,
    9.037316682296));
#2353 = CARTESIAN_POINT('',(-12.54452916051,23.499415218387,
    9.056081712865));
#2354 = CARTESIAN_POINT('',(-12.52152815222,23.496898464904,
    9.074352622054));
#2355 = CARTESIAN_POINT('',(-12.51089750642,23.496837991243,
    9.113951429137));
#2356 = CARTESIAN_POINT('',(-12.51156188171,23.48765824681,
    9.182717911145));
#2357 = CARTESIAN_POINT('',(-12.52523036199,23.436235649018,
    9.363754666022));
#2358 = CARTESIAN_POINT('',(-12.53825359103,23.394026753166,
    9.47601014938));
#2359 = CARTESIAN_POINT('',(-12.5526304285,23.32712362905,9.604586594872
    ));
#2360 = CARTESIAN_POINT('',(-12.55762243897,23.230168376367,
    9.72672612102));
#2361 = CARTESIAN_POINT('',(-12.55427918113,23.108894200384,
    9.831792666814));
#2362 = CARTESIAN_POINT('',(-12.54558313966,22.969886970814,
    9.915095792044));
#2363 = CARTESIAN_POINT('',(-12.53168137159,22.817262395175,
    9.971672151791));
#2364 = CARTESIAN_POINT('',(-12.51586655692,22.658665569283,10.));
#2365 = CARTESIAN_POINT('',(-12.5,22.5,10.));
#2366 = ( GEOMETRIC_REPRESENTATION_CONTEXT(3) 
GLOBAL_UNCERTAINTY_ASSIGNED_CONTEXT((#2370)) 
GLOBAL_UNIT_ASSIGNED_CONTEXT((#2367,#2368,#2369)) REPRESENTATION_CONTEXT
('Context #1','3D Context with UNIT and UNCERTAINTY') );
#2367 = ( LENGTH_UNIT() NAMED_UNIT(*) SI_UNIT(.MILLI.,.METRE.) );
#2368 = ( NAMED_UNIT(*) PLANE_ANGLE_UNIT() SI_UNIT($,.RADIAN.) );
#2369 = ( NAMED_UNIT(*) SI_UNIT($,.STERADIAN.) SOLID_ANGLE_UNIT() );
#2370 = UNCERTAINTY_MEASURE_WITH_UNIT(LENGTH_MEASURE(5.E-04),#2367,
  'distance_accuracy_value','confusion accuracy');
#2371 = PRODUCT_RELATED_PRODUCT_CATEGORY('part',$,(#7));
#2372 = MECHANICAL_DESIGN_GEOMETRIC_PRESENTATION_REPRESENTATION('',(
    #2373),#2366);
#2373 = STYLED_ITEM('color',(#2374),#15);
#2374 = PRESENTATION_STYLE_ASSIGNMENT((#2375,#2381));
#2375 = SURFACE_STYLE_USAGE(.BOTH.,#2376);
#2376 = SURFACE_SIDE_STYLE('',(#2377));
#2377 = SURFACE_STYLE_FILL_AREA(#2378);
#2378 = FILL_AREA_STYLE('',(#2379));
#2379 = FILL_AREA_STYLE_COLOUR('',#2380);
#2380 = COLOUR_RGB('',2.999999916181E-02,0.360000017153,0.620000000292);
#2381 = CURVE_STYLE('',#2382,POSITIVE_LENGTH_MEASURE(0.1),#2383);
#2382 = DRAUGHTING_PRE_DEFINED_CURVE_FONT('continuous');
#2383 = COLOUR_RGB('',9.803921802644E-02,9.803921802644E-02,
  9.803921802644E-02);
ENDSEC;
END-ISO-10303-21;
