ISO-10303-21;
HEADER;
FILE_DESCRIPTION (( 'STEP AP203' ),
    '1' );
FILE_NAME ('Пропеллер 9450 CCW.STEP',
    '2022-07-12T16:27:00',
    ( '' ),
    ( '' ),
    'SwSTEP 2.0',
    'SolidWorks 2021',
    '' );
FILE_SCHEMA (( 'CONFIG_CONTROL_DESIGN' ));
ENDSEC;

DATA;
#1 = CARTESIAN_POINT ( 'NONE',  ( -119.3132773936983853, 6.752621805717746284, 2.086476042498040417 ) ) ;
#2 = CARTESIAN_POINT ( 'NONE',  ( -2.307291251745968275, 6.768484771049514848, 6.055873279931430986 ) ) ;
#3 = CARTESIAN_POINT ( 'NONE',  ( 14.70701254102626621, 4.090651070525228583, -10.63617610931396484 ) ) ;
#4 = CARTESIAN_POINT ( 'NONE',  ( 38.08528874817743315, 8.414198531734685460, -9.455955968283038970 ) ) ;
#5 = CARTESIAN_POINT ( 'NONE',  ( -119.0911497413836599, 5.919809862472138029, 2.562136990235428069 ) ) ;
#6 = CARTESIAN_POINT ( 'NONE',  ( 25.88036255172575650, -0.5723438220544299071, 16.61907327405420176 ) ) ;
#7 = CARTESIAN_POINT ( 'NONE',  ( 93.98096315977407755, 3.749189233548921862, 7.578881695171526545 ) ) ;
#8 = CYLINDRICAL_SURFACE ( 'NONE', #3013, 4.000000000000020428 ) ;
#9 = CARTESIAN_POINT ( 'NONE',  ( 119.5320501673178200, 5.606933003920854475, -2.185167460664530825 ) ) ;
#10 = EDGE_CURVE ( 'NONE', #2291, #4943, #2409, .T. ) ;
#11 = CARTESIAN_POINT ( 'NONE',  ( 2.557864995856708124, 6.154633039554550322, -6.029042699764493030 ) ) ;
#12 = CARTESIAN_POINT ( 'NONE',  ( 3.847837617575271985, 4.237901402407863394, 6.947501781605596172 ) ) ;
#13 = CARTESIAN_POINT ( 'NONE',  ( 119.5585194480294859, 5.605215292311634734, -2.116728223968323608 ) ) ;
#14 = CIRCLE ( 'NONE', #4857, 0.2499999999999998612 ) ;
#15 = CARTESIAN_POINT ( 'NONE',  ( 6.104766650043176313, 6.434026638931137576, -6.118751097737098021 ) ) ;
#16 = DIRECTION ( 'NONE',  ( 0.000000000000000000, 0.7511278943341809233, -0.6601567134802913683 ) ) ;
#17 = EDGE_LOOP ( 'NONE', ( #401, #3380, #844, #1497 ) ) ;
#18 = CARTESIAN_POINT ( 'NONE',  ( -22.01017013318470461, 0.4394829062949311971, -14.59544467883262797 ) ) ;
#19 = CARTESIAN_POINT ( 'NONE',  ( 3.279785911180567837, 5.866943052387157742, -5.029538815939896601 ) ) ;
#20 = B_SPLINE_SURFACE_WITH_KNOTS ( 'NONE', 3, 3, ( 
 ( #3102, #1511, #3625, #2106, #4173, #996, #5827, #1614, #4243, #3729, #2550, #2144 ),
 ( #5753, #3139, #516, #1101, #4207, #3697, #1581, #1069, #548, #5205, #6272, #3209 ),
 ( #5276, #6750, #3, #6308, #6237, #2178, #2661, #38, #5310, #585, #1648, #1546 ),
 ( #2700, #4790, #480, #5240, #73, #2624, #3661, #6375, #2035, #4722, #4140, #3758 ),
 ( #965, #3070, #2587, #5168, #4685, #443, #5720, #1783, #1269, #133, #6543, #3278 ),
 ( #2276, #2862, #615, #3899, #3246, #4888, #2346, #5926, #5406, #2243, #1169, #3794 ),
 ( #2728, #5374, #102, #646, #4953, #2759, #4448, #1819, #4348, #6504, #1686, #1236 ),
 ( #200, #3381, #5859, #5442, #5894, #1136, #6407, #4851, #3348, #4819, #4381, #6473 ),
 ( #6443, #5344, #2208, #1751, #680, #4309, #1718, #5476, #3829, #716, #1201, #3311 ),
 ( #2795, #2827, #167, #3860, #5955, #4921, #2312, #4411, #5992, #751, #232, #2895 ),
 ( #5508, #4002, #2935, #891, #6133, #3524, #1336, #3033, #6164, #5548, #345, #380 ),
 ( #5617, #4609, #6647, #786, #406, #4516, #4578, #1408, #2484, #6679, #1372, #5583 ) ),
 .UNSPECIFIED., .F., .F., .F.,
 ( 4, 1, 1, 1, 1, 1, 1, 1, 1, 4 ),
 ( 4, 1, 1, 1, 1, 1, 1, 1, 1, 4 ),
 ( 0.000000000000000000, 0.1417127847671508789, 0.1551509052515029907, 0.1657356023788452148, 0.1771409809589385986, 0.2231217920780181885, 0.3333333432674407959, 0.5326879024505615234, 0.6666666865348815918, 1.000000000000000000 ),
 ( 0.000000000000000000, 0.08963161706924438477, 0.1213425919413566589, 0.1563608050346374512, 0.2438607364892959595, 0.3333333432674407959, 0.4686315357685089111, 0.6666666865348815918, 0.8459483385086059570, 1.000000000000000000 ),
 .UNSPECIFIED. ) ;
#21 = DIRECTION ( 'NONE',  ( 0.000000000000000000, 0.000000000000000000, -1.000000000000000000 ) ) ;
#22 = CARTESIAN_POINT ( 'NONE',  ( 69.74739368432342701, 7.441882674464481262, -6.862909515812816608 ) ) ;
#23 = CARTESIAN_POINT ( 'NONE',  ( 118.2987968472913849, 6.203611171286590675, -3.546361191731470797 ) ) ;
#24 = CARTESIAN_POINT ( 'NONE',  ( 4.991610185694106860, 7.086913143708815532, 3.343131881249686188 ) ) ;
#25 = CARTESIAN_POINT ( 'NONE',  ( -13.49426555633545810, -4.692141978563333815, -23.07477951049804688 ) ) ;
#26 = CARTESIAN_POINT ( 'NONE',  ( 12.95791603228925659, 4.714090114070661919, 9.159465488115889897 ) ) ;
#27 = CARTESIAN_POINT ( 'NONE',  ( 119.7541022496582173, 5.146561830302926133, -0.6702196378047430292 ) ) ;
#28 = AXIS2_PLACEMENT_3D ( 'NONE', #1930, #405, #6132 ) ;
#29 = CARTESIAN_POINT ( 'NONE',  ( -5.400737569650565284, 7.771706962200674695, -2.635955440993528853 ) ) ;
#30 = CARTESIAN_POINT ( 'NONE',  ( -74.97229528755174499, 1.935960862303497843, -13.08463330151838733 ) ) ;
#31 = CARTESIAN_POINT ( 'NONE',  ( -101.4777538644585775, 6.715158435759970956, 5.374376618190624733 ) ) ;
#32 = CARTESIAN_POINT ( 'NONE',  ( 50.64053872686528024, 0.8842068959460912536, 14.86017154563340981 ) ) ;
#33 = CARTESIAN_POINT ( 'NONE',  ( 107.2581947560518358, 2.504996245713631442, 10.20511052209940139 ) ) ;
#34 = EDGE_CURVE ( 'NONE', #313, #3525, #3664, .T. ) ;
#35 = CARTESIAN_POINT ( 'NONE',  ( -119.6478200238305760, 6.038069699757248721, -1.704322572503152777 ) ) ;
#36 = CARTESIAN_POINT ( 'NONE',  ( -2.286058798933924052, 6.113002010928979324, 5.604164654859529193 ) ) ;
#37 = AXIS2_PLACEMENT_3D ( 'NONE', #4882, #4341, #2656 ) ;
#38 = CARTESIAN_POINT ( 'NONE',  ( 63.11630359741490537, 6.154895684509864573, -9.219183921813973726 ) ) ;
#39 = CARTESIAN_POINT ( 'NONE',  ( 10.38717717670281360, 7.470752993294109245, -6.457089456002231387 ) ) ;
#40 = CARTESIAN_POINT ( 'NONE',  ( -119.4051709218309725, 5.476351854497374383, -1.911351683696043802 ) ) ;
#41 = CARTESIAN_POINT ( 'NONE',  ( -119.6906280248115593, 6.372409016395661929, 1.123010139893673820 ) ) ;
#42 = CARTESIAN_POINT ( 'NONE',  ( 4.039399975478629834, 6.560543513359384349, -6.399896609440078876 ) ) ;
#43 = AXIS2_PLACEMENT_3D ( 'NONE', #2066, #4139, #3101 ) ;
#44 = CARTESIAN_POINT ( 'NONE',  ( -119.4365177207555746, 5.867249439142583789, 1.183728820926152503 ) ) ;
#45 = DIRECTION ( 'NONE',  ( 0.000000000000000000, 0.000000000000000000, -1.000000000000000000 ) ) ;
#46 = EDGE_LOOP ( 'NONE', ( #2299, #4360, #4036, #4603, #5176 ) ) ;
#47 = CARTESIAN_POINT ( 'NONE',  ( -119.5642382292899839, 6.156992526077305961, 2.116728223968324496 ) ) ;
#48 = CARTESIAN_POINT ( 'NONE',  ( -5.683888168231971960, 7.714244668394650617, -1.946614072992895794 ) ) ;
#49 = CARTESIAN_POINT ( 'NONE',  ( 9.213752371009478637, 6.804110570378083089, -6.306828390702089671 ) ) ;
#50 = CARTESIAN_POINT ( 'NONE',  ( -6.140168216682725166, 4.149524535686387239, -7.362487844841094642 ) ) ;
#51 = CARTESIAN_POINT ( 'NONE',  ( 2.302671098795752158, 6.464035190282893417, -6.014267845432303972 ) ) ;
#52 = DATE_AND_TIME ( #5772, #4155 ) ;
#53 = ORIENTED_EDGE ( 'NONE', *, *, #838, .F. ) ;
#54 = FACE_OUTER_BOUND ( 'NONE', #6722, .T. ) ;
#55 = CARTESIAN_POINT ( 'NONE',  ( 5.818738652962946567, 4.101143381537182719, -1.441725722651272301 ) ) ;
#56 = MANIFOLD_SOLID_BREP ( 'Phantom 3 CCW-3-solid1', #5088 ) ;
#57 = CARTESIAN_POINT ( 'NONE',  ( 88.78307591779858399, 6.725343406535515989, -5.938703067235064914 ) ) ;
#58 = CARTESIAN_POINT ( 'NONE',  ( 50.73463881620720883, 7.882133840051196216, -8.252053764531909863 ) ) ;
#59 = CARTESIAN_POINT ( 'NONE',  ( 117.8961516369924993, 6.068963639818576894, -4.095920453235196490 ) ) ;
#60 = CARTESIAN_POINT ( 'NONE',  ( 5.911639828301416877, 8.248997300769969954, 1.106275979865659842 ) ) ;
#61 = CARTESIAN_POINT ( 'NONE',  ( -14.56035327911376775, 6.279067547498675239, 5.784553050994873935 ) ) ;
#62 = CARTESIAN_POINT ( 'NONE',  ( 28.78958274900789505, 7.999825231824991612, -9.242397190966238796 ) ) ;
#63 = B_SPLINE_CURVE_WITH_KNOTS ( 'NONE', 3,
 ( #5242, #2626, #446, #3044, #2004, #6786, #417, #3569, #6310, #5207, #6239, #4724, #998, #5140, #5170, #4210, #4590, #2494, #6209, #4623, #5691, #5757, #1513, #2070, #518, #2523, #2552, #6718, #6691, #4176, #1035, #936, #4655, #3700 ),
 .UNSPECIFIED., .F., .F.,
 ( 4, 2, 2, 2, 2, 2, 2, 2, 2, 2, 2, 2, 2, 2, 2, 2, 4 ),
 ( 2.557246599859808298E-17, 0.0009551226664510481914, 0.001910245332902070796, 0.002865367999353093508, 0.003820490665804116871, 0.004775613332255139801, 0.005730735998706162730, 0.006685858665157187394, 0.007640981331608209456, 0.008596103998059233253, 0.009551226664510255315, 0.01050634933096128085, 0.01098391066418679188, 0.01146147199741230117, 0.01241659466386332671, 0.01337171733031435224, 0.01528196266321639810 ),
 .UNSPECIFIED. ) ;
#64 = CARTESIAN_POINT ( 'NONE',  ( 3.597253320089863315, 3.756968290650126718, 4.800838721753856397 ) ) ;
#65 = CARTESIAN_POINT ( 'NONE',  ( 57.18872920816451710, 7.457477324329571999, -7.780756909534977339 ) ) ;
#66 = CARTESIAN_POINT ( 'NONE',  ( -80.49516158732484428, 3.624724934581602831, -9.388493841100862269 ) ) ;
#67 = CARTESIAN_POINT ( 'NONE',  ( -1.717692990862539570, 4.199139092742159463, -6.024600915958601810 ) ) ;
#68 = CARTESIAN_POINT ( 'NONE',  ( 114.9358340187714447, 5.556182549591997422, -4.515785920470190895 ) ) ;
#69 = CARTESIAN_POINT ( 'NONE',  ( 112.8980272828614346, 2.006912092704880912, 11.31207724082208088 ) ) ;
#70 = PRODUCT_RELATED_PRODUCT_CATEGORY ( 'detail', '', ( #5359 ) ) ;
#71 = CARTESIAN_POINT ( 'NONE',  ( -119.6946232752121801, 6.355276819031295155, 1.018748471795964505 ) ) ;
#72 = CARTESIAN_POINT ( 'NONE',  ( -3.879600170629659228, 5.466376457188644622, 5.080542217691199625 ) ) ;
#74 = EDGE_CURVE ( 'NONE', #1682, #1892, #2067, .T. ) ;
#73 = CARTESIAN_POINT ( 'NONE',  ( 29.78580158047045856, 9.596749321472321625, -8.876574516296390271 ) ) ;
#75 = CARTESIAN_POINT ( 'NONE',  ( 9.091886420369558408, 7.498401073623755408, -6.219837844293048867 ) ) ;
#76 = CARTESIAN_POINT ( 'NONE',  ( -119.3993013123232316, 5.685800232398587006, -0.6720666851566747813 ) ) ;
#77 = CARTESIAN_POINT ( 'NONE',  ( 23.79424010327772265, -0.2780007083101527221, 15.44626599904615993 ) ) ;
#78 = CARTESIAN_POINT ( 'NONE',  ( -5.010375189465630541, 6.942322932666133539, 6.207892201937883492 ) ) ;
#79 = CARTESIAN_POINT ( 'NONE',  ( -119.4145785096467165, 5.884751621606651106, 1.495542482739742329 ) ) ;
#80 = DIRECTION ( 'NONE',  ( 0.000000000000000000, 0.000000000000000000, 1.000000000000000000 ) ) ;
#81 = CARTESIAN_POINT ( 'NONE',  ( 2.296077486113823785, 6.029301144177618532, -5.907996291776294484 ) ) ;
#82 = CARTESIAN_POINT ( 'NONE',  ( 4.830663171776721221, 6.534648087476024436, -6.323368891774395983 ) ) ;
#83 = CARTESIAN_POINT ( 'NONE',  ( -2.288508594992417322, 6.933582837103771546, 5.678341678239674728 ) ) ;
#84 = DIRECTION ( 'NONE',  ( 0.003466446012709982136, 0.7511198954886912915, 0.6601567134802904802 ) ) ;
#85 = VERTEX_POINT ( 'NONE', #4131 ) ;
#86 = ORIENTED_EDGE ( 'NONE', *, *, #1842, .F. ) ;
#87 = DIRECTION ( 'NONE',  ( 0.000000000000000000, -1.000000000000000000, -0.000000000000000000 ) ) ;
#88 = CARTESIAN_POINT ( 'NONE',  ( 40.20108730209761916, 8.320688483130695090, -9.297833324593336002 ) ) ;
#89 = CARTESIAN_POINT ( 'NONE',  ( 13.12863159385921286, 7.473684633242923425, -6.842270066915863147 ) ) ;
#90 = CARTESIAN_POINT ( 'NONE',  ( 31.76263685896253008, 8.743173558837197490, -9.522408774986823587 ) ) ;
#91 = CARTESIAN_POINT ( 'NONE',  ( -1.653159856796259763, 10.01597908276172255, 11.65948295593261719 ) ) ;
#92 = CARTESIAN_POINT ( 'NONE',  ( 5.660509553662484983, 4.724839762336031868, 6.961782506609337950 ) ) ;
#93 = CARTESIAN_POINT ( 'NONE',  ( 119.7571126823285823, 6.009272312253283843, -0.6759959562015622758 ) ) ;
#94 = EDGE_CURVE ( 'NONE', #3111, #2041, #2228, .T. ) ;
#95 = DIRECTION ( 'NONE',  ( -0.9982411344615734761, 0.03309843069366841944, -0.04918466584706579492 ) ) ;
#96 = CARTESIAN_POINT ( 'NONE',  ( -96.07264401350037986, 4.277575387526699302, -7.243190794011137079 ) ) ;
#97 = DIRECTION ( 'NONE',  ( 0.03043723975788915209, 0.2547469262780542865, 0.9665286224358824452 ) ) ;
#98 = CARTESIAN_POINT ( 'NONE',  ( 53.67049880470712253, 1.380977840816788094, 14.18796347368311750 ) ) ;
#99 = DIRECTION ( 'NONE',  ( -0.0008978090694777838329, -0.1945399558938228912, 0.9808941836404702075 ) ) ;
#100 = EDGE_LOOP ( 'NONE', ( #3442, #1261, #2712, #4090, #2244, #6212, #3290, #5173, #1882 ) ) ;
#101 = CARTESIAN_POINT ( 'NONE',  ( 11.63189210538107332, 3.954127951791062578, 9.175855513071690339 ) ) ;
#102 = CARTESIAN_POINT ( 'NONE',  ( 12.72723154524457811, 9.525941579064955533, -5.350296020507813388 ) ) ;
#103 = CARTESIAN_POINT ( 'NONE',  ( -5.059341796265973024, 6.447326919083690377, 6.172169357580751914 ) ) ;
#104 = CARTESIAN_POINT ( 'NONE',  ( -10.89924065300484202, 6.478934560640414730, 6.441173418016066243 ) ) ;
#105 = CARTESIAN_POINT ( 'NONE',  ( 41.73174980651223365, -1.132848339085895217, 17.30372821185504506 ) ) ;
#106 = CARTESIAN_POINT ( 'NONE',  ( -1.730006773736293857, 5.169130041880638515, -5.745166017006867243 ) ) ;
#107 = CARTESIAN_POINT ( 'NONE',  ( -38.21627334753226535, 8.128436829051331358, 9.300232734584156447 ) ) ;
#108 = EDGE_CURVE ( 'NONE', #6680, #3455, #3971, .T. ) ;
#109 = CARTESIAN_POINT ( 'NONE',  ( 1.950123729682803564, 3.858673715705243090, 5.851952450373560488 ) ) ;
#110 = CARTESIAN_POINT ( 'NONE',  ( -5.072805671467156330, 8.529678861476647000, 3.714258561954990157 ) ) ;
#111 = CARTESIAN_POINT ( 'NONE',  ( 25.61649744661201922, 8.050153356555846074, -8.982810585909541956 ) ) ;
#112 = CARTESIAN_POINT ( 'NONE',  ( -103.5908999714214502, 6.892981508719337569, 5.210793515848403779 ) ) ;
#113 = CARTESIAN_POINT ( 'NONE',  ( -5.346220359327425342, 4.805198988957259942, -7.186692439654933651 ) ) ;
#114 = EDGE_CURVE ( 'NONE', #1815, #3419, #3554, .T. ) ;
#115 = ORIENTED_EDGE ( 'NONE', *, *, #618, .F. ) ;
#116 = CARTESIAN_POINT ( 'NONE',  ( -39.17773437500000000, 5.531752617536541905, 12.36839771270752131 ) ) ;
#117 = CARTESIAN_POINT ( 'NONE',  ( -5.993467180072628686, 3.586556310154116467, -0.4252670590603811474 ) ) ;
#118 = CARTESIAN_POINT ( 'NONE',  ( 22.46464576035550564, 7.988560991978596704, -8.461803973836236281 ) ) ;
#119 = CARTESIAN_POINT ( 'NONE',  ( 5.538943495908688952, 7.564663606616022662, 3.037820489401759527 ) ) ;
#120 = CARTESIAN_POINT ( 'NONE',  ( -6.109239578247076530, -0.4225916550770142943, -18.73341941833496094 ) ) ;
#121 = CARTESIAN_POINT ( 'NONE',  ( 31.92436594889352364, 8.088575972334542286, -9.476630114298892238 ) ) ;
#122 = ORIENTED_EDGE ( 'NONE', *, *, #1465, .F. ) ;
#123 = CARTESIAN_POINT ( 'NONE',  ( 5.087647441358441824, 3.269557580699437693, 3.156344939370986591 ) ) ;
#124 = CARTESIAN_POINT ( 'NONE',  ( 2.519673228330277404, 6.956945942659646498, -5.889756391797206447 ) ) ;
#125 = CARTESIAN_POINT ( 'NONE',  ( -75.35840958103622711, 3.676362820775126661, -10.56511598056090584 ) ) ;
#126 = CARTESIAN_POINT ( 'NONE',  ( -119.4064522260075591, 5.721572179638128475, -1.959986551815595668 ) ) ;
#127 = CARTESIAN_POINT ( 'NONE',  ( 109.4831616674691617, 5.833923599752424138, -5.487973473870098928 ) ) ;
#128 = CIRCLE ( 'NONE', #907, 1.000000000000014877 ) ;
#129 = CARTESIAN_POINT ( 'NONE',  ( -118.4498136589094344, 6.503646144244032534, 3.687051861845588974 ) ) ;
#130 = ORIENTED_EDGE ( 'NONE', *, *, #6559, .T. ) ;
#131 = CARTESIAN_POINT ( 'NONE',  ( 117.4787188457157185, 5.476420790786169057, -4.336868504595605245 ) ) ;
#132 = CARTESIAN_POINT ( 'NONE',  ( 2.539060244501875285, 4.780522999315045318, 6.788108589572709128 ) ) ;
#133 = CARTESIAN_POINT ( 'NONE',  ( 98.08669532767144972, 7.130887424454167345, -4.585349559783951534 ) ) ;
#134 = VERTEX_POINT ( 'NONE', #5648 ) ;
#135 = CARTESIAN_POINT ( 'NONE',  ( 5.749435984290026447, 7.157186546740504696, -6.081728902940279902 ) ) ;
#136 = CARTESIAN_POINT ( 'NONE',  ( -105.7030334660848041, 6.607405845750482953, 5.240136679104058892 ) ) ;
#137 = TOROIDAL_SURFACE ( 'NONE', #1788, 3.000000000000000000, 1.000000000000039968 ) ;
#138 = CARTESIAN_POINT ( 'NONE',  ( 50.42610762961741955, -0.9743549017388561939, 16.98689621670661154 ) ) ;
#139 = CARTESIAN_POINT ( 'NONE',  ( -112.6026163046378059, 4.889988984074180145, -4.439438078504370111 ) ) ;
#140 = CARTESIAN_POINT ( 'NONE',  ( -2.696679570778232282, 4.699516423095591477, -6.802778817767987540 ) ) ;
#141 = CARTESIAN_POINT ( 'NONE',  ( 6.017221037302559417, 6.079468806248544688, 11.28752994537353160 ) ) ;
#142 = AXIS2_PLACEMENT_3D ( 'NONE', #2637, #5771, #2121 ) ;
#143 = CARTESIAN_POINT ( 'NONE',  ( -2.294534066784604587, 5.917966921071055708, 5.770948338387603904 ) ) ;
#144 = CARTESIAN_POINT ( 'NONE',  ( 31.90951271584720317, 8.157444475084584923, -9.612361804372381968 ) ) ;
#145 = CARTESIAN_POINT ( 'NONE',  ( -44.41842602246953930, 8.408171222956779545, 8.922497874444943022 ) ) ;
#146 = CARTESIAN_POINT ( 'NONE',  ( -118.8213414057791226, 6.182522347444229460, 3.342031209619400922 ) ) ;
#147 = ORIENTED_EDGE ( 'NONE', *, *, #5215, .F. ) ;
#148 = CARTESIAN_POINT ( 'NONE',  ( -38.96236801147460938, 9.795089752851483311, 6.533321380615236151 ) ) ;
#149 = CARTESIAN_POINT ( 'NONE',  ( -4.728930710666426229, 3.336508714053291413, -4.137404487361779459 ) ) ;
#150 = CARTESIAN_POINT ( 'NONE',  ( -22.01017013318470461, 0.4394829062949311971, -14.59544467883262797 ) ) ;
#151 = CARTESIAN_POINT ( 'NONE',  ( 1.680134827547574261, 4.372325424387626391, 6.729563127874977013 ) ) ;
#152 = ADVANCED_FACE ( 'NONE', ( #6099, #2540 ), #2967, .F. ) ;
#153 = CARTESIAN_POINT ( 'NONE',  ( 5.885926115509453105, 8.413143722729476082, -1.238819663606092636 ) ) ;
#154 = CARTESIAN_POINT ( 'NONE',  ( -21.42941474914550781, 1.850094826398831271, -11.87713050842284979 ) ) ;
#155 = FACE_OUTER_BOUND ( 'NONE', #262, .T. ) ;
#156 = ORIENTED_EDGE ( 'NONE', *, *, #1379, .F. ) ;
#157 = CARTESIAN_POINT ( 'NONE',  ( 5.744044622223274388, 3.667631619380838259, 1.710359410267185964 ) ) ;
#158 = DIRECTION ( 'NONE',  ( -0.002113351238702814751, -0.4579272706771084223, 0.8889871475543142942 ) ) ;
#159 = CARTESIAN_POINT ( 'NONE',  ( -90.27486530658583774, 2.880061896299245472, -10.91877654880872583 ) ) ;
#160 = CARTESIAN_POINT ( 'NONE',  ( -29.99110304949170924, -1.616905545747914452, -18.01979038091789675 ) ) ;
#161 = CARTESIAN_POINT ( 'NONE',  ( 107.6087868267263445, 5.899504181164593852, -5.566371239268420368 ) ) ;
#162 = CARTESIAN_POINT ( 'NONE',  ( -116.8749227609650205, 6.284014352495512767, 4.580598064386799173 ) ) ;
#163 = ORIENTED_EDGE ( 'NONE', *, *, #4183, .T. ) ;
#164 = CARTESIAN_POINT ( 'NONE',  ( 117.3716767921840187, 5.461182961177702744, -4.130877703766624442 ) ) ;
#165 = CARTESIAN_POINT ( 'NONE',  ( -1.934800644836689898, 4.431477905432754660, -6.693559900492494386 ) ) ;
#166 = VERTEX_POINT ( 'NONE', #2511 ) ;
#167 = CARTESIAN_POINT ( 'NONE',  ( 12.01328557080387149, 3.812840294884267234, 11.79829883575439098 ) ) ;
#168 = ORIENTED_EDGE ( 'NONE', *, *, #3370, .F. ) ;
#169 = CARTESIAN_POINT ( 'NONE',  ( 119.0120547249900227, 5.628061375924141352, -3.123067901197629226 ) ) ;
#170 = CARTESIAN_POINT ( 'NONE',  ( 4.846787561212353879, 6.653450293539214577, -6.320435523691115165 ) ) ;
#171 = CARTESIAN_POINT ( 'NONE',  ( -6.138723134576017593, 6.476703429705392701, 5.974159534182430953 ) ) ;
#172 = CARTESIAN_POINT ( 'NONE',  ( 53.29920895549285831, -0.4110207853069152706, 16.27970102040000810 ) ) ;
#173 = CARTESIAN_POINT ( 'NONE',  ( -80.48793243666780484, 3.624305801484559719, -9.389620624743796995 ) ) ;
#174 = CARTESIAN_POINT ( 'NONE',  ( -41.37187791522175218, 8.006225730223524906, 9.039273698286386605 ) ) ;
#175 = CARTESIAN_POINT ( 'NONE',  ( 23.41531054660863731, 11.33033941657654076, -15.50873851776123225 ) ) ;
#176 = CARTESIAN_POINT ( 'NONE',  ( -4.085334276364920747, 6.567656522441328804, -4.906670883062869137 ) ) ;
#177 = CARTESIAN_POINT ( 'NONE',  ( 119.3271499837112515, 6.223776612132178698, -2.655111229718244648 ) ) ;
#178 = CARTESIAN_POINT ( 'NONE',  ( 22.48671547532684301, 7.800859006117683236, -8.464620209733602962 ) ) ;
#179 = CARTESIAN_POINT ( 'NONE',  ( -28.56815384166039706, 8.685274603041509778, 9.361412097805768440 ) ) ;
#180 = CARTESIAN_POINT ( 'NONE',  ( -21.12925464845059764, 0.9817925134694616141, -14.48104332630030378 ) ) ;
#181 = EDGE_LOOP ( 'NONE', ( #530, #3897, #1157 ) ) ;
#182 = CARTESIAN_POINT ( 'NONE',  ( -77.47038269042968750, 7.816240699468649744, 6.095333576202397019 ) ) ;
#183 = CARTESIAN_POINT ( 'NONE',  ( -4.295705692886037319, 3.341307055175138707, -4.201072429011266429 ) ) ;
#184 = CARTESIAN_POINT ( 'NONE',  ( 5.327981019681406138, 6.843499281180140059, -6.216579840993619044 ) ) ;
#185 = CARTESIAN_POINT ( 'NONE',  ( -9.756796325218401517E-14, 17.55465326023650974, 0.000000000000000000 ) ) ;
#186 = DIRECTION ( 'NONE',  ( -0.02950973016232363161, 0.7596121306829353159, 0.6497065389428355875 ) ) ;
#187 = CARTESIAN_POINT ( 'NONE',  ( -34.65046691894531250, 6.117987902341837092, 1.013434767723085494 ) ) ;
#188 = DIRECTION ( 'NONE',  ( -0.000000000000000000, -1.000000000000000000, -0.000000000000000000 ) ) ;
#189 = ORIENTED_EDGE ( 'NONE', *, *, #3687, .T. ) ;
#190 = ADVANCED_FACE ( 'NONE', ( #5158 ), #4607, .T. ) ;
#191 = CARTESIAN_POINT ( 'NONE',  ( 50.87490240480659054, 7.661839831593495020, -8.317396708788217907 ) ) ;
#192 = CARTESIAN_POINT ( 'NONE',  ( -107.2783519872223792, 3.000040645853005561, -10.20511052518159723 ) ) ;
#193 = CARTESIAN_POINT ( 'NONE',  ( 80.48682719097800486, 3.691927699784191219, 9.624798961504229311 ) ) ;
#194 = CARTESIAN_POINT ( 'NONE',  ( -118.3071707600464464, 6.688851561837865667, 3.806238861703694187 ) ) ;
#195 = ORIENTED_EDGE ( 'NONE', *, *, #5341, .F. ) ;
#196 = EDGE_CURVE ( 'NONE', #3455, #5651, #1647, .T. ) ;
#197 = CARTESIAN_POINT ( 'NONE',  ( -22.02057206459119243, 0.6381762240282801146, -14.99281462111320629 ) ) ;
#198 = CARTESIAN_POINT ( 'NONE',  ( 3.472120733404433057, 4.804723624535305326, 6.891848293896290834 ) ) ;
#199 = ORIENTED_EDGE ( 'NONE', *, *, #3388, .F. ) ;
#200 = CARTESIAN_POINT ( 'NONE',  ( 0.3138567351723238752, 9.765030155627279385, -1.228441119194030540 ) ) ;
#201 = ORIENTED_EDGE ( 'NONE', *, *, #94, .F. ) ;
#202 = CARTESIAN_POINT ( 'NONE',  ( -22.91276117935287715, 0.1358203257319595680, -15.03644689841507720 ) ) ;
#203 = CARTESIAN_POINT ( 'NONE',  ( 10.39403040697238723, 7.544858368161388995, -6.381614863803985571 ) ) ;
#204 = CARTESIAN_POINT ( 'NONE',  ( -38.25037880215039365, 8.352893452508915573, 9.443078486806323113 ) ) ;
#205 = CARTESIAN_POINT ( 'NONE',  ( 32.85316745457098619, -3.782514185956683761, 19.93036632257360097 ) ) ;
#206 = CARTESIAN_POINT ( 'NONE',  ( 28.47374922024454946, -1.771352481996193884, 17.28597498621910589 ) ) ;
#207 = CARTESIAN_POINT ( 'NONE',  ( -8.215371466803130573, 4.484362107020770871, -7.913893768088064995 ) ) ;
#208 = CARTESIAN_POINT ( 'NONE',  ( 1.579989647021629473, 2.980810621826072815, 0.4356298148632044565 ) ) ;
#209 = CARTESIAN_POINT ( 'NONE',  ( -6.138014618789042309, 8.687389066624856326, 1.251367252789500784 ) ) ;
#210 = CARTESIAN_POINT ( 'NONE',  ( 119.5653428901714079, 5.945148345208066232, -2.099659554142977669 ) ) ;
#211 = CARTESIAN_POINT ( 'NONE',  ( 19.40636051942586704, 7.334066079922919812, -7.749874064389235429 ) ) ;
#212 = CARTESIAN_POINT ( 'NONE',  ( -71.85655376017126628, 7.701189512877385290, 6.754823082813665280 ) ) ;
#213 = CARTESIAN_POINT ( 'NONE',  ( -10.84781358040343413, 4.346209277398823012, -8.739497952647580448 ) ) ;
#214 = ORIENTED_EDGE ( 'NONE', *, *, #4159, .T. ) ;
#215 = CARTESIAN_POINT ( 'NONE',  ( -21.97276878356933594, 8.321894676862696016, 8.307656288146974433 ) ) ;
#216 = EDGE_CURVE ( 'NONE', #1217, #2291, #3640, .T. ) ;
#217 = CARTESIAN_POINT ( 'NONE',  ( -6.026638334397738106, 3.446841250707966431, -1.756540534921673613 ) ) ;
#218 = CARTESIAN_POINT ( 'NONE',  ( -9.023155450215913476, 3.942492090877414590, -8.175573503118194196 ) ) ;
#219 = CARTESIAN_POINT ( 'NONE',  ( -9.714451465470119729E-14, -42.18829223128360439, 0.000000000000000000 ) ) ;
#220 = CARTESIAN_POINT ( 'NONE',  ( 2.843411030376320703, 7.132937618551950187, -5.763442792082078547 ) ) ;
#221 = CARTESIAN_POINT ( 'NONE',  ( -33.77997589111328836, 1.634396584211343928, -12.04385662078857244 ) ) ;
#222 = DIRECTION ( 'NONE',  ( -0.000000000000000000, -1.000000000000000000, -0.000000000000000000 ) ) ;
#223 = CARTESIAN_POINT ( 'NONE',  ( -5.767106804984599933, 3.697698748178612771, -1.685365113851953645 ) ) ;
#224 = CARTESIAN_POINT ( 'NONE',  ( -113.1122138578542433, 4.923280108258359711, -4.305456318605662247 ) ) ;
#225 = CARTESIAN_POINT ( 'NONE',  ( -9.714451465470119729E-14, 7.643375672974132229, 0.000000000000000000 ) ) ;
#226 = ADVANCED_FACE ( 'NONE', ( #4546 ), #6380, .T. ) ;
#227 = CARTESIAN_POINT ( 'NONE',  ( -117.4781559600744885, 6.530097502602761672, 4.342982345198750593 ) ) ;
#228 = ORIENTED_EDGE ( 'NONE', *, *, #4710, .F. ) ;
#229 = CARTESIAN_POINT ( 'NONE',  ( 119.3910786480600024, 5.133480325802765698, 0.6813557626152121349 ) ) ;
#230 = CARTESIAN_POINT ( 'NONE',  ( 6.260461819410009454, 4.728614745726476443, 7.388375260637763731 ) ) ;
#231 = EDGE_LOOP ( 'NONE', ( #6648, #6126, #4327, #2449 ) ) ;
#232 = CARTESIAN_POINT ( 'NONE',  ( 112.1235168514501055, -3.638443797427102666, 12.48796749114988280 ) ) ;
#233 = ORIENTED_EDGE ( 'NONE', *, *, #2482, .F. ) ;
#234 = CARTESIAN_POINT ( 'NONE',  ( -24.76759313433032261, -1.624012774867893416, -17.76159495844263247 ) ) ;
#235 = CARTESIAN_POINT ( 'NONE',  ( -21.44241632890168603, 7.811607548637170773, 8.275231663762317780 ) ) ;
#236 = CARTESIAN_POINT ( 'NONE',  ( -9.714451465470119729E-14, 14.28867513459489835, 0.000000000000000000 ) ) ;
#237 = EDGE_CURVE ( 'NONE', #407, #5007, #5743, .T. ) ;
#238 = EDGE_CURVE ( 'NONE', #1892, #5805, #5021, .T. ) ;
#239 = CARTESIAN_POINT ( 'NONE',  ( 37.72286919070712230, -1.946050126640758382, 18.21285221806573063 ) ) ;
#240 = CARTESIAN_POINT ( 'NONE',  ( -103.2905095483458240, 4.593261320797827452, -5.981171655640584284 ) ) ;
#241 = AXIS2_PLACEMENT_3D ( 'NONE', #404, #1473, #5061 ) ;
#242 = CARTESIAN_POINT ( 'NONE',  ( -95.13108366994444509, 6.629546785571689860, 5.418785204185065929 ) ) ;
#243 = CARTESIAN_POINT ( 'NONE',  ( 13.87699552998397579, 2.899402451076233511, 11.50171756744384588 ) ) ;
#244 = VECTOR ( 'NONE', #3994, 1000.000000000000000 ) ;
#245 = CARTESIAN_POINT ( 'NONE',  ( -1.952796054122662106, 5.417591386400212983, -6.106718297155747877 ) ) ;
#246 = CARTESIAN_POINT ( 'NONE',  ( 118.4742173692144576, 5.328139912852436488, 2.491890157519120574 ) ) ;
#247 = CARTESIAN_POINT ( 'NONE',  ( 117.9024514068053548, 5.886607171300734187, -4.090115324174986355 ) ) ;
#248 = CARTESIAN_POINT ( 'NONE',  ( 38.22831437867486670, 8.018815609397524469, -9.443794676014096723 ) ) ;
#249 = CARTESIAN_POINT ( 'NONE',  ( -31.72726762061749994, 8.795577663524312584, 9.574205323023168290 ) ) ;
#250 = CARTESIAN_POINT ( 'NONE',  ( -15.75172410886656316, 3.086186701002223032, -11.25019777505047536 ) ) ;
#251 = CIRCLE ( 'NONE', #4108, 30.00000000000000355 ) ;
#252 = ORIENTED_EDGE ( 'NONE', *, *, #1164, .F. ) ;
#253 = CARTESIAN_POINT ( 'NONE',  ( -50.37033843994141336, 8.885399372755060199, 7.015694618225100321 ) ) ;
#254 = CARTESIAN_POINT ( 'NONE',  ( -5.270459136462680050, 4.562165192243449852, 2.883553788213169877 ) ) ;
#255 = B_SPLINE_CURVE_WITH_KNOTS ( 'NONE', 3,
 ( #5747, #4718, #5716, #1478 ),
 .UNSPECIFIED., .F., .F.,
 ( 4, 4 ),
 ( 0.000000000000000000, 0.0001908980202395176365 ),
 .UNSPECIFIED. ) ;
#256 = CARTESIAN_POINT ( 'NONE',  ( -116.8100212925291288, 6.504763850193965524, 4.462925595614787078 ) ) ;
#257 = CARTESIAN_POINT ( 'NONE',  ( 12.01201205876851041, 7.607092026951306707, -6.598656784357043392 ) ) ;
#258 = AXIS2_PLACEMENT_3D ( 'NONE', #598, #2741, #4833 ) ;
#259 = CARTESIAN_POINT ( 'NONE',  ( 5.315970391501761760, 8.671326193748839728, -2.817500618426990844 ) ) ;
#260 = CARTESIAN_POINT ( 'NONE',  ( -101.0025100708007955, -4.459364383043223690, -24.66734695434569602 ) ) ;
#261 = DIRECTION ( 'NONE',  ( -0.000000000000000000, -1.000000000000000000, -0.000000000000000000 ) ) ;
#262 = EDGE_LOOP ( 'NONE', ( #3680, #6709, #2863, #3573, #4536 ) ) ;
#263 =( BOUNDED_SURFACE ( )  B_SPLINE_SURFACE ( 3, 2, ( 
 ( #1198, #5403, #1005 ),
 ( #2273, #4693, #677 ),
 ( #2114, #131, #164 ),
 ( #1041, #3276, #4216 ),
 ( #6405, #2240, #3113 ),
 ( #6759, #644, #4148 ),
 ( #3308, #1683, #6280 ),
 ( #1716, #2756, #2560 ),
 ( #4729, #1167, #2791 ),
 ( #4885, #972, #6792 ),
 ( #9, #6440, #5248 ),
 ( #6245, #3792, #3148 ),
 ( #5214, #3078, #1554 ),
 ( #5372, #5892, #523 ),
 ( #6214, #1489, #490 ),
 ( #4345, #3602, #3826 ),
 ( #5923, #5175, #5696 ),
 ( #451, #2043, #2077 ),
 ( #3670, #2631, #4182 ),
 ( #5506, #783, #3415 ),
 ( #2893, #4951, #229 ),
 ( #1267, #4988, #3964 ),
 ( #2859, #5544, #825 ),
 ( #5952, #272, #2380 ) ),
 .UNSPECIFIED., .F., .F., .T. ) 
 B_SPLINE_SURFACE_WITH_KNOTS ( ( 4, 2, 2, 2, 2, 2, 2, 2, 2, 2, 2, 4 ),
 ( 3, 3 ),
 ( 0.1121355139585554495, 0.1130794089598445573, 0.1140233039611336652, 0.1149671989624227730, 0.1154391464630673270, 0.1156751202133896039, 0.1159110939637118809, 0.1163830414643564348, 0.1168549889650009888, 0.1177988839662900966, 0.1187427789675792045, 0.1196866739688683262 ),
 ( 0.000000000000000000, 1.000000000000000000 ),
 .UNSPECIFIED. ) 
 GEOMETRIC_REPRESENTATION_ITEM ( )  RATIONAL_B_SPLINE_SURFACE ( (
 ( 1.000000000000000000, 0.7397351428080956026, 1.000000000000000000),
 ( 1.000000000000000000, 0.7366624650636302007, 1.000000000000000000),
 ( 1.000000000000000000, 0.7327128281058700177, 1.000000000000000000),
 ( 1.000000000000000000, 0.7233445510147219482, 1.000000000000000000),
 ( 1.000000000000000000, 0.7172079881499734411, 1.000000000000000000),
 ( 1.000000000000000000, 0.7091864344944970311, 1.000000000000000000),
 ( 1.000000000000000000, 0.7070406720839925718, 1.000000000000000000),
 ( 1.000000000000000000, 0.7064597965057666240, 1.000000000000000000),
 ( 1.000000000000000000, 0.7067978198625308739, 1.000000000000000000),
 ( 1.000000000000000000, 0.7070364323081174129, 1.000000000000000000),
 ( 1.000000000000000000, 0.7070168869277262402, 1.000000000000000000),
 ( 1.000000000000000000, 0.7067105610563597651, 1.000000000000000000),
 ( 1.000000000000000000, 0.7063786295717987551, 1.000000000000000000),
 ( 1.000000000000000000, 0.7056365034991251006, 1.000000000000000000),
 ( 1.000000000000000000, 0.7054988234727223029, 1.000000000000000000),
 ( 1.000000000000000000, 0.7052555921841400233, 1.000000000000000000),
 ( 1.000000000000000000, 0.7050218941968595665, 1.000000000000000000),
 ( 1.000000000000000000, 0.7041379012026723894, 1.000000000000000000),
 ( 1.000000000000000000, 0.7032874487712473810, 1.000000000000000000),
 ( 1.000000000000000000, 0.7025403894669580707, 1.000000000000000000),
 ( 1.000000000000000000, 0.7027002283859131726, 1.000000000000000000),
 ( 1.000000000000000000, 0.7053083867205358626, 1.000000000000000000),
 ( 1.000000000000000000, 0.7064642502463406304, 1.000000000000000000),
 ( 1.000000000000000000, 0.7071263368314195663, 1.000000000000000000) ) ) 
 REPRESENTATION_ITEM ( '' )  SURFACE ( )  );
#264 = CIRCLE ( 'NONE', #4990, 0.2499999999999988343 ) ;
#265 = APPLICATION_CONTEXT ( 'configuration controlled 3d designs of mechanical parts and assemblies' ) ;
#266 = CARTESIAN_POINT ( 'NONE',  ( 63.40045360827389942, 7.635346904453495398, -7.230858669376690528 ) ) ;
#267 = CARTESIAN_POINT ( 'NONE',  ( 21.53849552764974007, 7.719860214639406415, -8.292167866818870081 ) ) ;
#268 = CARTESIAN_POINT ( 'NONE',  ( -112.6030494107971833, 4.897104443190951173, -4.417898817699756897 ) ) ;
#269 = DIRECTION ( 'NONE',  ( 0.000000000000000000, -0.000000000000000000, 1.000000000000000000 ) ) ;
#270 = CARTESIAN_POINT ( 'NONE',  ( -116.8265269772829527, 6.532397549192530128, 4.598243671920579700 ) ) ;
#271 = EDGE_LOOP ( 'NONE', ( #2265, #2994, #5063, #4703 ) ) ;
#272 = CARTESIAN_POINT ( 'NONE',  ( 119.6461753105964050, 4.924405348516082803, 1.903546172211444620 ) ) ;
#273 = CARTESIAN_POINT ( 'NONE',  ( 15.79730751504747310, 3.084880873445875693, 11.17969664685998232 ) ) ;
#274 = EDGE_LOOP ( 'NONE', ( #4208, #2481, #6768, #3482 ) ) ;
#275 = CARTESIAN_POINT ( 'NONE',  ( -3.535682600059633529, 6.123219332135207971, -4.856642665472842957 ) ) ;
#276 = CARTESIAN_POINT ( 'NONE',  ( -32.29931188908185646, -3.582182651707995991, -19.87998471730301375 ) ) ;
#277 = CARTESIAN_POINT ( 'NONE',  ( -31.90393433897710551, 8.457162689968740210, 9.613586174472221302 ) ) ;
#278 = CARTESIAN_POINT ( 'NONE',  ( -4.848890328955729245, 6.675823129893085905, 6.320435523690459689 ) ) ;
#279 = CARTESIAN_POINT ( 'NONE',  ( 56.75594221115601101, 1.749323902769383654, 13.63727466433278579 ) ) ;
#280 = DIRECTION ( 'NONE',  ( 0.08957375645485962656, 0.9959801916476881400, 6.938893903907230744E-15 ) ) ;
#281 = CARTESIAN_POINT ( 'NONE',  ( 3.124131531314187082, 3.658767784947265955, 5.509338490158628865 ) ) ;
#282 = CARTESIAN_POINT ( 'NONE',  ( 6.823000928695333478, 7.952820312437615335, -8.165199279785156250 ) ) ;
#283 = EDGE_CURVE ( 'NONE', #3457, #4027, #793, .T. ) ;
#284 = EDGE_CURVE ( 'NONE', #4307, #2916, #5307, .T. ) ;
#285 = CARTESIAN_POINT ( 'NONE',  ( -1.700447885241903156, 4.325203960909943746, -6.371983351724278322 ) ) ;
#286 = CARTESIAN_POINT ( 'NONE',  ( 116.2497775582063468, 4.637456730271895644, 3.309892751685403756 ) ) ;
#287 = CARTESIAN_POINT ( 'NONE',  ( 119.6640956099305839, 5.552369294739361472, 0.3427318229948265182 ) ) ;
#288 = CARTESIAN_POINT ( 'NONE',  ( 76.15509050459817786, 6.776983761848224930, -6.628363076348819938 ) ) ;
#289 = CARTESIAN_POINT ( 'NONE',  ( -41.25126713598862693, 8.659510470474209853, 9.103145405505250309 ) ) ;
#290 = CARTESIAN_POINT ( 'NONE',  ( -118.0638456332977881, 6.217797650464680359, 3.994836790887328792 ) ) ;
#291 = ORIENTED_EDGE ( 'NONE', *, *, #5189, .F. ) ;
#292 = CARTESIAN_POINT ( 'NONE',  ( -13.83347129821777166, 6.290425868211717564, 8.111748695373535156 ) ) ;
#293 = CARTESIAN_POINT ( 'NONE',  ( -4.818288465063355730, 4.874398976840820907, 4.161816533985895461 ) ) ;
#294 = DIRECTION ( 'NONE',  ( -0.000000000000000000, -1.000000000000000000, -0.000000000000000000 ) ) ;
#295 = CARTESIAN_POINT ( 'NONE',  ( 8.352736457805168158, 7.471365296097233433, -6.133980877235581275 ) ) ;
#296 = CARTESIAN_POINT ( 'NONE',  ( -81.53825379378982063, 4.120452788867304150, -9.468181551708884314 ) ) ;
#297 = CARTESIAN_POINT ( 'NONE',  ( 1.680134827547574261, 4.372325424387626391, 6.729563127874977013 ) ) ;
#298 = CARTESIAN_POINT ( 'NONE',  ( -23.20078277587889914, 10.54113105076406320, 13.70991897583007990 ) ) ;
#299 = AXIS2_PLACEMENT_3D ( 'NONE', #3402, #186, #4400 ) ;
#300 = DIRECTION ( 'NONE',  ( 0.000000000000000000, 0.000000000000000000, -1.000000000000000000 ) ) ;
#301 = EDGE_LOOP ( 'NONE', ( #6702, #370, #5524, #6343 ) ) ;
#302 = CARTESIAN_POINT ( 'NONE',  ( 71.85676101334512111, 7.171912885708550789, -6.849895980888496716 ) ) ;
#303 = CARTESIAN_POINT ( 'NONE',  ( 19.45856822337479031, 7.568042978930796139, -7.912849042013601952 ) ) ;
#304 = CARTESIAN_POINT ( 'NONE',  ( -108.4733262847102395, 4.753813133293723681, -5.138078526161470094 ) ) ;
#305 = CARTESIAN_POINT ( 'NONE',  ( 5.601118473286971877, 3.902400247559544955, 7.048107194511972651 ) ) ;
#306 = B_SPLINE_CURVE_WITH_KNOTS ( 'NONE', 3,
 ( #136, #5377, #5897, #649, #3280, #2762, #2939, #1898, #6509, #4519, #3460, #4039, #5446, #3422, #316, #4486, #831, #1860, #3934, #204, #2350, #4925, #5480, #2316, #3385, #349, #755, #6651, #1935, #6547, #4006, #3903, #5552, #5066, #2420, #5587, #4552, #5031, #5996, #1240, #1787, #2866, #2900, #4995, #4414, #4452, #1305, #3352, #2386, #278 ),
 .UNSPECIFIED., .F., .F.,
 ( 4, 2, 2, 2, 2, 2, 2, 2, 2, 2, 2, 2, 2, 2, 2, 2, 2, 2, 2, 2, 2, 2, 2, 2, 4 ),
 ( 0.1459141708340431220, 0.1522367617839938403, 0.1585593527339445308, 0.1712045346338459118, 0.1775271255837966300, 0.1838497165337473205, 0.1901723074836980387, 0.1964948984336487292, 0.2091400803335501379, 0.2123013758085254832, 0.2154626712835008007, 0.2217852622334514912, 0.2249465577084268086, 0.2281078531834021539, 0.2312691486583774714, 0.2344304441333528166, 0.2375917396083281619, 0.2407530350833034793, 0.2423336828207911797, 0.2431240066895350160, 0.2439143305582788523, 0.2447046544270226887, 0.2454949782957665527, 0.2462853021645103890, 0.2470756260332541976 ),
 .UNSPECIFIED. ) ;
#307 = CARTESIAN_POINT ( 'NONE',  ( -119.6576974773951036, 5.716974883747655056, -1.995095468478512712 ) ) ;
#308 = CARTESIAN_POINT ( 'NONE',  ( 1.909910839063155397, 4.118477500031429095, 6.576783346763550142 ) ) ;
#309 = CARTESIAN_POINT ( 'NONE',  ( -2.555373850514048417, 6.475032130600092195, 6.002003839226088822 ) ) ;
#310 = EDGE_CURVE ( 'NONE', #3780, #1232, #6255, .T. ) ;
#311 = ORIENTED_EDGE ( 'NONE', *, *, #3026, .F. ) ;
#312 = CARTESIAN_POINT ( 'NONE',  ( -4.329048408575631335, 7.031717581002855155, -4.168946770940452851 ) ) ;
#313 = VERTEX_POINT ( 'NONE', #5668 ) ;
#314 = CARTESIAN_POINT ( 'NONE',  ( -24.99648500058583878, -1.710947203327773281, -17.86258245281108969 ) ) ;
#315 = CARTESIAN_POINT ( 'NONE',  ( -34.01699157800510420, 8.300202566798891013, 9.626103977368485332 ) ) ;
#316 = CARTESIAN_POINT ( 'NONE',  ( -57.18656400579902765, 7.721399016742886090, 7.780756909534967569 ) ) ;
#317 = CARTESIAN_POINT ( 'NONE',  ( 65.39144638571583812, 1.042794632144989686, 14.09872551594427925 ) ) ;
#318 = CARTESIAN_POINT ( 'NONE',  ( -44.71198073979523002, -0.5845482247195598058, -16.14894091221298922 ) ) ;
#319 = DIRECTION ( 'NONE',  ( -0.004526672695237547034, -0.9808529858193687501, -0.1946970196062063063 ) ) ;
#320 = CARTESIAN_POINT ( 'NONE',  ( 54.54665429526430387, -6.333393074860082628, 24.72922134399412641 ) ) ;
#321 = CARTESIAN_POINT ( 'NONE',  ( 1.743126386402136463, 4.634045487795135365, 6.731572192124451348 ) ) ;
#322 = CARTESIAN_POINT ( 'NONE',  ( 115.4314387687057319, 1.739930828627501702, 12.15126856641735209 ) ) ;
#323 = CARTESIAN_POINT ( 'NONE',  ( 119.3764478622993011, 5.977809260248495349, -2.561821706354081130 ) ) ;
#324 = CARTESIAN_POINT ( 'NONE',  ( 63.49510103003379413, 7.281370174078431567, -7.319290489130936272 ) ) ;
#325 = CARTESIAN_POINT ( 'NONE',  ( -11.95365620632119530, 7.659917508995387259, 6.590741023665470877 ) ) ;
#326 = ORIENTED_EDGE ( 'NONE', *, *, #6263, .T. ) ;
#327 = CARTESIAN_POINT ( 'NONE',  ( -62.59032821655273438, 7.706804306684517769, -2.349545001983639025 ) ) ;
#328 = ADVANCED_FACE ( 'NONE', ( #3435 ), #1671, .T. ) ;
#329 = CARTESIAN_POINT ( 'NONE',  ( -1.899660458037471189, 3.915995626650413897, -5.974458620729544478 ) ) ;
#330 = CARTESIAN_POINT ( 'NONE',  ( -15.88472847791061149, 2.450648787900419734, -10.97448891029459794 ) ) ;
#331 = CARTESIAN_POINT ( 'NONE',  ( 0.000000000000000000, 0.000000000000000000, -5.500000000000000000 ) ) ;
#332 = CARTESIAN_POINT ( 'NONE',  ( 11.62704972986187002, 3.532275330653649625, 9.186858036490823665 ) ) ;
#333 = CARTESIAN_POINT ( 'NONE',  ( 117.1056942456515060, 6.005311770532767213, -4.347328150369328625 ) ) ;
#334 = CARTESIAN_POINT ( 'NONE',  ( -115.1201930037376115, 6.165591975791123502, 5.247974302567231852 ) ) ;
#335 = EDGE_CURVE ( 'NONE', #3111, #1921, #458, .T. ) ;
#336 = CARTESIAN_POINT ( 'NONE',  ( -107.5402128871716911, 6.308727709857660848, 4.933911274013608406 ) ) ;
#337 = VERTEX_POINT ( 'NONE', #3985 ) ;
#338 = CARTESIAN_POINT ( 'NONE',  ( 97.24100561745576954, 6.676190941391986655, -5.431469399012986976 ) ) ;
#339 = CARTESIAN_POINT ( 'NONE',  ( -3.664507676295612804, 3.761453248076854550, -4.761241966860025876 ) ) ;
#340 = CARTESIAN_POINT ( 'NONE',  ( -112.2813710917262853, 2.598903695052103391, -11.11795931733204057 ) ) ;
#341 = CARTESIAN_POINT ( 'NONE',  ( 9.314865995459596704, 4.507887921893374283, 8.187316770263437959 ) ) ;
#342 = CARTESIAN_POINT ( 'NONE',  ( -9.714451465470119729E-14, 14.28867513459489835, 0.000000000000000000 ) ) ;
#343 = ORIENTED_EDGE ( 'NONE', *, *, #4894, .F. ) ;
#344 = FACE_OUTER_BOUND ( 'NONE', #3243, .T. ) ;
#345 = CARTESIAN_POINT ( 'NONE',  ( 112.0556185709754402, -9.390623572812826225, 15.65855407714841796 ) ) ;
#346 = ORIENTED_EDGE ( 'NONE', *, *, #1794, .F. ) ;
#347 = CARTESIAN_POINT ( 'NONE',  ( -34.64899369334055734, -2.044563851850203395, -18.50360992899162937 ) ) ;
#348 = CARTESIAN_POINT ( 'NONE',  ( -15.22181645333520983, 7.179093383013907648, 7.170889507566232446 ) ) ;
#349 = CARTESIAN_POINT ( 'NONE',  ( -25.69536236451172329, 8.174364554296307261, 8.995167763547074813 ) ) ;
#350 = CARTESIAN_POINT ( 'NONE',  ( 77.38367757071596031, 3.056320399478421379, 9.922458840965902027 ) ) ;
#351 = CARTESIAN_POINT ( 'NONE',  ( -43.72988216539985018, -0.8382342883989477578, -16.43997744088968460 ) ) ;
#352 = CARTESIAN_POINT ( 'NONE',  ( 10.82776720400100423, 4.087092282550863764, 8.851378288016329421 ) ) ;
#353 = CARTESIAN_POINT ( 'NONE',  ( 55.20899504104165345, 5.194878769946011943, 3.880985498428334957 ) ) ;
#354 = FACE_OUTER_BOUND ( 'NONE', #1325, .T. ) ;
#355 = CARTESIAN_POINT ( 'NONE',  ( 115.9624738891828883, 5.086174664063075390, 3.578211698046339873 ) ) ;
#356 = CARTESIAN_POINT ( 'NONE',  ( 3.843305833661251558, 6.736883305785721809, -6.230869737084522519 ) ) ;
#357 = CARTESIAN_POINT ( 'NONE',  ( 88.79660339976734917, 6.380140311610800197, -5.732341571097915534 ) ) ;
#358 = CARTESIAN_POINT ( 'NONE',  ( -8.828050963657387840, 7.349562016601273839, 6.264487317733724581 ) ) ;
#359 = EDGE_LOOP ( 'NONE', ( #5925, #4549, #2828, #1354 ) ) ;
#360 = FACE_OUTER_BOUND ( 'NONE', #2050, .T. ) ;
#361 = CARTESIAN_POINT ( 'NONE',  ( 105.6907663221108606, 6.121296540886164372, -4.990296521647927364 ) ) ;
#362 = VECTOR ( 'NONE', #824, 1000.000000000000114 ) ;
#363 = CARTESIAN_POINT ( 'NONE',  ( 21.87478852203743429, 0.5613930989842585983, 14.92660783863924401 ) ) ;
#364 = CARTESIAN_POINT ( 'NONE',  ( 2.529100684529951515, 6.738629988946952309, -6.094499183668530051 ) ) ;
#365 = CARTESIAN_POINT ( 'NONE',  ( -13.56980562298159931, 3.803541329051545183, -9.966278112531860245 ) ) ;
#366 = CARTESIAN_POINT ( 'NONE',  ( -18.00899559385941728, 2.049293074270513326, -12.58938204031460550 ) ) ;
#367 = CARTESIAN_POINT ( 'NONE',  ( -114.9385528564453267, -4.504748790086666510, -24.90293502807616477 ) ) ;
#368 = AXIS2_PLACEMENT_3D ( 'NONE', #2784, #3237, #3373 ) ;
#369 = CARTESIAN_POINT ( 'NONE',  ( -114.9420318235483478, 6.086621183413084779, 4.515769731198390424 ) ) ;
#370 = ORIENTED_EDGE ( 'NONE', *, *, #4948, .T. ) ;
#371 = AXIS2_PLACEMENT_3D ( 'NONE', #6356, #5836, #16 ) ;
#373 = EDGE_CURVE ( 'NONE', #3443, #166, #1901, .T. ) ;
#372 = CARTESIAN_POINT ( 'NONE',  ( 63.40138474338733232, 7.437266647243992779, -7.326318710707780291 ) ) ;
#374 = CARTESIAN_POINT ( 'NONE',  ( 22.57832979282353847, 7.808711647065908146, -8.480866915619539981 ) ) ;
#375 = CARTESIAN_POINT ( 'NONE',  ( -4.041940104831757807, 6.579191255281731543, 6.399896609433229244 ) ) ;
#376 = CARTESIAN_POINT ( 'NONE',  ( 119.3868111809846511, 4.986524077355209528, 1.603218328628333467 ) ) ;
#377 = CIRCLE ( 'NONE', #1252, 5.999999999999998224 ) ;
#378 = CARTESIAN_POINT ( 'NONE',  ( -1.644645411169725957, 4.209000018959792477, -5.770181753780603273 ) ) ;
#379 = CARTESIAN_POINT ( 'NONE',  ( -78.20610750491569263, 7.528631609275314496, 6.431897267790181338 ) ) ;
#380 = CARTESIAN_POINT ( 'NONE',  ( 118.3834885457089143, -10.01264673089134760, 15.40836811065671874 ) ) ;
#381 = ORIENTED_EDGE ( 'NONE', *, *, #3739, .T. ) ;
#382 = CARTESIAN_POINT ( 'NONE',  ( -64.52718311593010014, 2.321469949171274028, -12.19168369387844209 ) ) ;
#383 = CARTESIAN_POINT ( 'NONE',  ( -27.70396780675329751, 8.301243100090305305, 9.262345420096476545 ) ) ;
#384 = DIRECTION ( 'NONE',  ( 0.000000000000000000, 0.000000000000000000, -1.000000000000000000 ) ) ;
#385 = CARTESIAN_POINT ( 'NONE',  ( 74.30247517352152897, 2.809255692393778592, 10.52296501750852187 ) ) ;
#386 = CARTESIAN_POINT ( 'NONE',  ( 8.203119283304324938, 4.446476338653511995, 7.913893768088064995 ) ) ;
#387 = CARTESIAN_POINT ( 'NONE',  ( 71.64174449492411156, 0.9353005598294874545, 14.19838428497313210 ) ) ;
#388 = DIRECTION ( 'NONE',  ( 0.04905555417613995800, -0.0002263931912821128423, -0.9987960258984788231 ) ) ;
#389 = CARTESIAN_POINT ( 'NONE',  ( 115.5854230460183629, 4.576295735850138158, 3.567137343741604738 ) ) ;
#390 = CARTESIAN_POINT ( 'NONE',  ( -4.791149215302721309, 6.677386727421343871, 6.077200002106718735 ) ) ;
#391 = CARTESIAN_POINT ( 'NONE',  ( -118.3092127205564310, 6.487205444231508800, 3.803165693595330854 ) ) ;
#392 = CARTESIAN_POINT ( 'NONE',  ( -7.283452235844605660, 7.264243736200241663, 6.112853231465775750 ) ) ;
#393 = ORIENTED_EDGE ( 'NONE', *, *, #2642, .F. ) ;
#394 = CARTESIAN_POINT ( 'NONE',  ( -21.75058364868165484, -8.953377215684906076, -21.21912574768066406 ) ) ;
#395 = DIRECTION ( 'NONE',  ( -1.000000000000000000, 0.000000000000000000, 0.000000000000000000 ) ) ;
#396 = CARTESIAN_POINT ( 'NONE',  ( 18.76312049296339524, 1.707953206917657063, 13.06637199995028631 ) ) ;
#397 = CARTESIAN_POINT ( 'NONE',  ( 105.6451255589524010, 8.421198056616210792, -5.258037799610657537 ) ) ;
#398 = CARTESIAN_POINT ( 'NONE',  ( -9.714451465470119729E-14, -42.18829223128360439, -4.000000000000020428 ) ) ;
#399 = CARTESIAN_POINT ( 'NONE',  ( 117.9283550104660918, 6.149491685879470815, -3.868706823268336148 ) ) ;
#400 = CARTESIAN_POINT ( 'NONE',  ( -1.730748412503147593, 4.104414357537557123, -5.761593645975136013 ) ) ;
#401 = ORIENTED_EDGE ( 'NONE', *, *, #6468, .F. ) ;
#402 = CARTESIAN_POINT ( 'NONE',  ( -119.4051709218325925, 5.476351854500471461, -1.911351683680388769 ) ) ;
#403 = CARTESIAN_POINT ( 'NONE',  ( -9.714451465470119729E-14, -1.000000000000018208, -5.999999999999998224 ) ) ;
#404 = CARTESIAN_POINT ( 'NONE',  ( -6.500000000000095923, -5.204170427930421283E-14, 0.000000000000000000 ) ) ;
#405 = DIRECTION ( 'NONE',  ( 1.000000000000000000, 0.000000000000000000, -1.224646799147353207E-16 ) ) ;
#406 = CARTESIAN_POINT ( 'NONE',  ( 28.37547389882051974, -8.960585254005001943, 21.83477592468261008 ) ) ;
#407 = VERTEX_POINT ( 'NONE', #4663 ) ;
#408 = CARTESIAN_POINT ( 'NONE',  ( -59.86684267477725285, 2.346775585205556514, -13.13212714067924303 ) ) ;
#409 = CARTESIAN_POINT ( 'NONE',  ( -59.28162075799654218, 7.482502050736079546, 7.612835976395961879 ) ) ;
#410 = CARTESIAN_POINT ( 'NONE',  ( -9.668527210502093417E-14, 6.488675134594886984, 3.500000000000023537 ) ) ;
#411 = CARTESIAN_POINT ( 'NONE',  ( 89.83736190654192910, 3.598063823841325171, 8.169759694756665525 ) ) ;
#412 = EDGE_CURVE ( 'NONE', #3406, #3525, #4317, .T. ) ;
#413 = CARTESIAN_POINT ( 'NONE',  ( 15.76652845104193901, 2.878397649765058297, 11.27059662972363085 ) ) ;
#414 = CARTESIAN_POINT ( 'NONE',  ( 72.78263171357122019, 7.703041290503570337, -9.463112831115733314 ) ) ;
#415 = CARTESIAN_POINT ( 'NONE',  ( -119.4112543782456584, 6.704323466091105743, 1.642060091489392359 ) ) ;
#416 = CARTESIAN_POINT ( 'NONE',  ( 16.09820013790622539, 7.759389344218090123, -7.321455765533436022 ) ) ;
#417 = CARTESIAN_POINT ( 'NONE',  ( 4.235078017620632629, 5.310048263664392643, -4.251621162770529594 ) ) ;
#418 = CARTESIAN_POINT ( 'NONE',  ( 95.14215157759180386, 6.225437601456818015, -5.625122674556210178 ) ) ;
#419 = CARTESIAN_POINT ( 'NONE',  ( -6.767155471086518048, 7.318333243082272510, 6.093028648103720357 ) ) ;
#420 = VERTEX_POINT ( 'NONE', #3634 ) ;
#421 = CARTESIAN_POINT ( 'NONE',  ( -119.1062011718750284, -3.488882510484610844, -12.03594112396239701 ) ) ;
#422 = CARTESIAN_POINT ( 'NONE',  ( -3.853259095014670788, 5.093626650372335085, 4.611616347718786812 ) ) ;
#423 = CARTESIAN_POINT ( 'NONE',  ( 2.000341501454581117, 4.169610409467652268, 6.749837205982226251 ) ) ;
#424 = CARTESIAN_POINT ( 'NONE',  ( 2.533734237581350968, 6.624872869650404894, -6.191818223223072515 ) ) ;
#425 = CARTESIAN_POINT ( 'NONE',  ( 2.279728440315162974, 6.145153762471534442, -5.567670970234099848 ) ) ;
#426 = CARTESIAN_POINT ( 'NONE',  ( 118.8457436934455416, 6.244506449627039935, -2.967792898561715464 ) ) ;
#427 = CARTESIAN_POINT ( 'NONE',  ( -22.02895240704484792, 0.6611015828371499259, -14.70960416550070349 ) ) ;
#428 = ORIENTED_EDGE ( 'NONE', *, *, #536, .F. ) ;
#429 = CARTESIAN_POINT ( 'NONE',  ( 1.717918879614545702, 4.184691141788929869, 5.744731753733193891 ) ) ;
#430 =( BOUNDED_SURFACE ( )  B_SPLINE_SURFACE ( 3, 2, ( 
 ( #4801, #1525, #3639 ),
 ( #6387, #1660, #3768 ),
 ( #1081, #2602, #4735 ),
 ( #4831, #5870, #3188 ),
 ( #1148, #4188, #6798 ),
 ( #627, #113, #5289 ),
 ( #5732, #1010, #2084 ),
 ( #1048, #6285, #1560 ),
 ( #3154, #3677, #1697 ),
 ( #5489, #3289, #5937 ),
 ( #1181, #5522, #802 ),
 ( #2290, #1800, #213 ),
 ( #5456, #5420, #4394 ),
 ( #2770, #2255, #694 ),
 ( #3361, #5385, #3432 ),
 ( #6486, #250, #729 ),
 ( #4934, #2325, #3912 ),
 ( #2808, #764, #6521 ),
 ( #4901, #4463, #1834 ),
 ( #4359, #1764, #6005 ),
 ( #180, #2914, #4424 ),
 ( #2363, #1251, #2841 ) ),
 .UNSPECIFIED., .F., .F., .T. ) 
 B_SPLINE_SURFACE_WITH_KNOTS ( ( 4, 2, 2, 2, 2, 2, 2, 2, 2, 2, 4 ),
 ( 3, 3 ),
 ( 0.01020259169438570909, 0.01161937643551343852, 0.01303616117664116968, 0.01586973065889663026, 0.01728651540002436315, 0.01870330014115209258, 0.02153686962340755490, 0.02437043910566301722, 0.02720400858791847953, 0.03003757807017394185, 0.03287114755242940417 ),
 ( 0.000000000000000000, 1.000000000000000000 ),
 .UNSPECIFIED. ) 
 GEOMETRIC_REPRESENTATION_ITEM ( )  RATIONAL_B_SPLINE_SURFACE ( (
 ( 1.000000000000000000, 0.9343861149939066690, 1.000000000000000000),
 ( 1.000000000000000000, 0.9322882291592770043, 1.000000000000000000),
 ( 1.000000000000000000, 0.9301547100897371578, 1.000000000000000000),
 ( 1.000000000000000000, 0.9257587045052342312, 1.000000000000000000),
 ( 1.000000000000000000, 0.9235222548972978895, 1.000000000000000000),
 ( 1.000000000000000000, 0.9169338375371846039, 1.000000000000000000),
 ( 1.000000000000000000, 0.9127062161876036139, 1.000000000000000000),
 ( 1.000000000000000000, 0.9075157402249611760, 1.000000000000000000),
 ( 1.000000000000000000, 0.9059730851613227998, 1.000000000000000000),
 ( 1.000000000000000000, 0.9034239551335196960, 1.000000000000000000),
 ( 1.000000000000000000, 0.9024132135202908023, 1.000000000000000000),
 ( 1.000000000000000000, 0.9002223205814444684, 1.000000000000000000),
 ( 1.000000000000000000, 0.9000367191216793739, 1.000000000000000000),
 ( 1.000000000000000000, 0.9009498575249281771, 1.000000000000000000),
 ( 1.000000000000000000, 0.9015831308647889175, 1.000000000000000000),
 ( 1.000000000000000000, 0.9027551128626741805, 1.000000000000000000),
 ( 1.000000000000000000, 0.9032611919552137048, 1.000000000000000000),
 ( 1.000000000000000000, 0.9037288365149734881, 1.000000000000000000),
 ( 1.000000000000000000, 0.9037117888347544481, 1.000000000000000000),
 ( 1.000000000000000000, 0.9029516156180340536, 1.000000000000000000),
 ( 1.000000000000000000, 0.9018482700391704521, 1.000000000000000000),
 ( 1.000000000000000000, 0.9026079963439606058, 1.000000000000000000) ) ) 
 REPRESENTATION_ITEM ( '' )  SURFACE ( )  );
#431 = CARTESIAN_POINT ( 'NONE',  ( -119.6602173953463222, 2.561807202175251152, -12.19103286124552454 ) ) ;
#432 = FACE_OUTER_BOUND ( 'NONE', #1487, .T. ) ;
#433 = CARTESIAN_POINT ( 'NONE',  ( 1.687361189385842675, 4.736089961074498866, 6.402376139000771182 ) ) ;
#434 = CARTESIAN_POINT ( 'NONE',  ( -103.5914313355558818, 6.892961461148086499, 5.210774267518750058 ) ) ;
#435 = CARTESIAN_POINT ( 'NONE',  ( -4.853645945902135495, 8.560987085401817964, 3.532005703278089381 ) ) ;
#436 = CARTESIAN_POINT ( 'NONE',  ( -65.41879751363545381, 1.344640074372247751, -14.09872551586692424 ) ) ;
#437 = CARTESIAN_POINT ( 'NONE',  ( -38.20874035039205552, 8.128696154194114953, 9.300751529175991905 ) ) ;
#438 = CARTESIAN_POINT ( 'NONE',  ( 116.7897577356104648, 5.746511979756752098, -4.343771664039974389 ) ) ;
#439 = CARTESIAN_POINT ( 'NONE',  ( 99.17408988513454915, 4.417652227605635140, 6.910741859888497096 ) ) ;
#440 = ADVANCED_FACE ( 'NONE', ( #4849 ), #263, .T. ) ;
#441 = CARTESIAN_POINT ( 'NONE',  ( -119.4278714916365232, 6.677578636063921103, 1.447805877712288192 ) ) ;
#442 = CARTESIAN_POINT ( 'NONE',  ( 127.1989404552633687, 5.329847056765116164, -4.337222576141377850 ) ) ;
#443 = CARTESIAN_POINT ( 'NONE',  ( 39.02110217227440359, 9.470989671163186685, -7.625375270843511188 ) ) ;
#444 = ADVANCED_FACE ( 'NONE', ( #4479 ), #4315, .T. ) ;
#445 = CARTESIAN_POINT ( 'NONE',  ( 21.28807526672248684, 7.948845706401015399, -8.248070414229735192 ) ) ;
#446 = CARTESIAN_POINT ( 'NONE',  ( 2.832967148186051443, 6.065915857189517979, -5.294851569014829451 ) ) ;
#447 = CARTESIAN_POINT ( 'NONE',  ( 27.03963949141384049, -1.344533752266909854, 16.78106019007863381 ) ) ;
#448 = CARTESIAN_POINT ( 'NONE',  ( -17.65004711798338377, 7.944931086929516439, 7.591702063550793689 ) ) ;
#449 = ORIENTED_EDGE ( 'NONE', *, *, #284, .F. ) ;
#450 = CARTESIAN_POINT ( 'NONE',  ( -116.1920547485351563, 3.368483574567874506, -7.224443912506097298 ) ) ;
#451 = CARTESIAN_POINT ( 'NONE',  ( 119.6973366841692581, 5.519648730970746264, -0.5360327936126954018 ) ) ;
#452 = CARTESIAN_POINT ( 'NONE',  ( 11.53926498868268524, 3.310263558463821809, 8.863227151298181283 ) ) ;
#453 = CARTESIAN_POINT ( 'NONE',  ( 4.559941053303561809, 6.451106676339863455, -6.388173655724951772 ) ) ;
#454 = CARTESIAN_POINT ( 'NONE',  ( 5.056182280195857359, 6.423985285074802043, -6.172169357581272386 ) ) ;
#455 = CARTESIAN_POINT ( 'NONE',  ( -11.55672525322508903, 3.363557697969992155, -8.863227151297724760 ) ) ;
#456 = CARTESIAN_POINT ( 'NONE',  ( -116.8549244993563576, 6.116159336960516058, 5.172276993804212353 ) ) ;
#457 = PERSON_AND_ORGANIZATION_ROLE ( 'design_supplier' ) ;
#458 = CIRCLE ( 'NONE', #3884, 3.500000000000023981 ) ;
#459 = VERTEX_POINT ( 'NONE', #3378 ) ;
#460 = DIRECTION ( 'NONE',  ( -0.000000000000000000, -1.000000000000000000, -0.000000000000000000 ) ) ;
#461 = CARTESIAN_POINT ( 'NONE',  ( 6.098204374177696785, 3.464195996979068770, 1.430924116544294300 ) ) ;
#462 = CARTESIAN_POINT ( 'NONE',  ( -84.55557088937922572, 7.199118916696525261, 6.182308506164218898 ) ) ;
#463 = CIRCLE ( 'NONE', #4323, 0.2499999999999998335 ) ;
#464 = CARTESIAN_POINT ( 'NONE',  ( -114.6164829152172899, 5.023673655097301349, -3.902375074344075490 ) ) ;
#465 = CARTESIAN_POINT ( 'NONE',  ( 119.3806635476080231, 5.040345890485236957, 1.293715224845412903 ) ) ;
#466 = CARTESIAN_POINT ( 'NONE',  ( -66.07305280381947910, 2.443763334235133922, -11.96874915445417464 ) ) ;
#467 = AXIS2_PLACEMENT_3D ( 'NONE', #4534, #6730, #6669 ) ;
#468 = CARTESIAN_POINT ( 'NONE',  ( -2.336745239474234292, 3.858858369269021704, -5.909948794113724979 ) ) ;
#469 = CARTESIAN_POINT ( 'NONE',  ( -8.088764415174543032, 7.498083756829878155, 6.105428518279905070 ) ) ;
#470 =( BOUNDED_SURFACE ( )  B_SPLINE_SURFACE ( 3, 2, ( 
 ( #109, #3182, #3764 ),
 ( #1622, #6350, #3735 ),
 ( #3147, #4215, #2185 ),
 ( #5247, #6316, #5865 ) ),
 .UNSPECIFIED., .F., .F., .T. ) 
 B_SPLINE_SURFACE_WITH_KNOTS ( ( 4, 4 ),
 ( 3, 3 ),
 ( 0.02781150024544690874, 0.02879259628872552629 ),
 ( 0.000000000000000000, 1.000000000000000000 ),
 .UNSPECIFIED. ) 
 GEOMETRIC_REPRESENTATION_ITEM ( )  RATIONAL_B_SPLINE_SURFACE ( (
 ( 1.000000000000000000, 0.7235839602778530999, 1.000000000000000000),
 ( 1.000000000000000000, 0.7268361938540129907, 1.000000000000000000),
 ( 1.000000000000000000, 0.7299678866541227107, 1.000000000000000000),
 ( 1.000000000000000000, 0.7330102370464379735, 1.000000000000000000) ) ) 
 REPRESENTATION_ITEM ( '' )  SURFACE ( )  );
#471 = CARTESIAN_POINT ( 'NONE',  ( -5.137013887934621437, 8.655415753051283190, 3.118028983726357506 ) ) ;
#472 = CARTESIAN_POINT ( 'NONE',  ( -47.69440568429851623, 0.1172992352879423245, -15.31551411473091129 ) ) ;
#473 = CARTESIAN_POINT ( 'NONE',  ( -84.61565614060647533, 6.935230686338287320, 6.177213787918129029 ) ) ;
#474 = CARTESIAN_POINT ( 'NONE',  ( 1.697880718361378882, 4.238446309102383402, 6.156172180971376307 ) ) ;
#475 = CIRCLE ( 'NONE', #1359, 0.2500000000000002220 ) ;
#476 = CARTESIAN_POINT ( 'NONE',  ( 109.3819331081855921, 2.362219480990082499, 10.46802056967245953 ) ) ;
#477 = CARTESIAN_POINT ( 'NONE',  ( 2.840170991205269502, 5.925141961479502228, -5.745031672844387316 ) ) ;
#478 = CARTESIAN_POINT ( 'NONE',  ( -6.273547853349843884, 3.621913391028245499, -0.4332066963528097836 ) ) ;
#479 = AXIS2_PLACEMENT_3D ( 'NONE', #5670, #943, #6353 ) ;
#480 = CARTESIAN_POINT ( 'NONE',  ( 13.98463708633262215, 5.895198112976198779, -8.578598022460937500 ) ) ;
#481 = CARTESIAN_POINT ( 'NONE',  ( 28.57872600731491985, 8.440328234985495115, -9.361074669331848952 ) ) ;
#482 = CARTESIAN_POINT ( 'NONE',  ( -118.1591041047859392, 5.955064568932842306, 3.619773771856318767 ) ) ;
#483 = CARTESIAN_POINT ( 'NONE',  ( 21.16187064190370393, -0.2356785477317072941, 15.85041674641071197 ) ) ;
#484 = CARTESIAN_POINT ( 'NONE',  ( 89.82945297093462500, 3.597801930758859790, 8.170792940183456921 ) ) ;
#485 = ADVANCED_FACE ( 'NONE', ( #1853 ), #3556, .T. ) ;
#486 = CARTESIAN_POINT ( 'NONE',  ( -119.6881566198783702, 6.116970862310673773, 1.181039277625596906 ) ) ;
#487 = ADVANCED_FACE ( 'NONE', ( #6541 ), #3453, .F. ) ;
#488 = ORIENTED_EDGE ( 'NONE', *, *, #5189, .T. ) ;
#489 = CARTESIAN_POINT ( 'NONE',  ( 2.635651054869316834, 12.05506208917785926, -15.69466209411620916 ) ) ;
#490 = CARTESIAN_POINT ( 'NONE',  ( 119.4076049336963194, 5.333667964734199352, -1.495542482739794288 ) ) ;
#491 = CARTESIAN_POINT ( 'NONE',  ( 6.126392860975994559, 4.121219370570607943, 7.362487844841282048 ) ) ;
#492 = CARTESIAN_POINT ( 'NONE',  ( 119.6300175971444730, 5.594750567331331581, -1.794461359730268324 ) ) ;
#493 = CARTESIAN_POINT ( 'NONE',  ( 6.890525070876612368, 6.380191738497087428, -5.999421864458225784 ) ) ;
#494 = CARTESIAN_POINT ( 'NONE',  ( -5.257641979537436505, 3.945590598326992549, -6.978794469371225162 ) ) ;
#495 = CARTESIAN_POINT ( 'NONE',  ( 2.552368858704558541, 6.463245982890923891, -6.002003839226408566 ) ) ;
#496 = CARTESIAN_POINT ( 'NONE',  ( -116.7901341968911879, 6.036802018591361119, 4.368713801186902224 ) ) ;
#497 = ORIENTED_EDGE ( 'NONE', *, *, #2993, .T. ) ;
#498 = CARTESIAN_POINT ( 'NONE',  ( -2.283107464193438130, 6.266784807924369538, 5.548628326630665519 ) ) ;
#499 = CARTESIAN_POINT ( 'NONE',  ( 5.991073220675433575, 3.915505412629196158, -0.1809712519962197730 ) ) ;
#500 = CARTESIAN_POINT ( 'NONE',  ( -5.826627123722571966, 7.017468450172722250, 6.147161965797949712 ) ) ;
#501 = CARTESIAN_POINT ( 'NONE',  ( -1.936106462099512759, 4.050570222114806107, -6.359985248735067209 ) ) ;
#502 = CARTESIAN_POINT ( 'NONE',  ( 119.4117375406295594, 6.148889811727050514, -1.608726730862437782 ) ) ;
#503 = CARTESIAN_POINT ( 'NONE',  ( -120.1839109535040961, 2.843793157383355030, -11.61602013423509838 ) ) ;
#504 = CARTESIAN_POINT ( 'NONE',  ( -5.416391849517823154, 3.481673271833383154, -0.7392387390136718750 ) ) ;
#505 = CARTESIAN_POINT ( 'NONE',  ( -46.68431622249849511, -0.1054089263872508703, -15.58609773798833764 ) ) ;
#506 = B_SPLINE_CURVE_WITH_KNOTS ( 'NONE', 3,
 ( #424, #364, #1875, #6727 ),
 .UNSPECIFIED., .F., .F.,
 ( 4, 4 ),
 ( 4.011444891150087282E-16, 0.0004491231321182078155 ),
 .UNSPECIFIED. ) ;
#507 = CARTESIAN_POINT ( 'NONE',  ( 1.681073956476655029, 3.966890357175132387, 6.095968185507075532 ) ) ;
#508 = CARTESIAN_POINT ( 'NONE',  ( -4.797100486583840251, 8.247408467060298065, 3.607356812519230793 ) ) ;
#509 = CARTESIAN_POINT ( 'NONE',  ( -45.66640886511559927, -1.840917348681945009, -18.19488918030078750 ) ) ;
#510 = CARTESIAN_POINT ( 'NONE',  ( -105.7030334661093747, 6.607405845749592110, 5.240136679103188477 ) ) ;
#511 = DIRECTION ( 'NONE',  ( 1.000000000000000000, 0.000000000000000000, -1.224646799147353207E-16 ) ) ;
#512 = CARTESIAN_POINT ( 'NONE',  ( 108.4792726518299730, 4.716962628880066788, 5.322899531144431151 ) ) ;
#513 = AXIS2_PLACEMENT_3D ( 'NONE', #1106, #1000, #6241 ) ;
#514 = CARTESIAN_POINT ( 'NONE',  ( 3.630126922372917342, 5.578006239646328801, -5.263437750509049273 ) ) ;
#515 = CARTESIAN_POINT ( 'NONE',  ( -6.185631969137795672, 3.825936285281964722, 1.195716769788004674 ) ) ;
#516 = CARTESIAN_POINT ( 'NONE',  ( 15.20078958045290740, 2.319114004592299327, -12.57690525054931641 ) ) ;
#517 = CARTESIAN_POINT ( 'NONE',  ( 17.66371003379217441, 7.938444137366678532, -7.508485068748508517 ) ) ;
#518 = CARTESIAN_POINT ( 'NONE',  ( 5.108173116980680994, 3.534149950909118321, 3.124597174118981968 ) ) ;
#519 = CARTESIAN_POINT ( 'NONE',  ( 29.45264207734841477, -2.021657633211643379, 17.57280313644572090 ) ) ;
#520 = CARTESIAN_POINT ( 'NONE',  ( 78.40546999489971824, 3.128679948448831905, 9.734138410251752305 ) ) ;
#521 = CARTESIAN_POINT ( 'NONE',  ( -119.6684466505028865, 5.722152491108543515, -0.3836535983720196774 ) ) ;
#522 = CARTESIAN_POINT ( 'NONE',  ( 1.666505899473268437, 10.00831893361567992, -11.65948295593261541 ) ) ;
#523 = CARTESIAN_POINT ( 'NONE',  ( 119.3944029164467793, 5.341108897957932200, -1.651556919646659738 ) ) ;
#524 = CARTESIAN_POINT ( 'NONE',  ( -119.6397642894881272, 5.842832073102261603, -1.307321968615028585 ) ) ;
#525 = CARTESIAN_POINT ( 'NONE',  ( 21.97910397945929972, 0.3379773857790260849, 14.59544467883262264 ) ) ;
#526 = CARTESIAN_POINT ( 'NONE',  ( -2.807702515207567640, 7.023907467131563109, 5.310293540432654780 ) ) ;
#527 = FACE_OUTER_BOUND ( 'NONE', #1929, .T. ) ;
#528 = CARTESIAN_POINT ( 'NONE',  ( -88.79765035958162400, 7.258168066151942988, 5.938848704557964098 ) ) ;
#529 = DIRECTION ( 'NONE',  ( -0.000000000000000000, 0.000000000000000000, 1.000000000000000000 ) ) ;
#530 = ORIENTED_EDGE ( 'NONE', *, *, #6559, .F. ) ;
#531 = CARTESIAN_POINT ( 'NONE',  ( -98.86351013183593750, 2.667405159650863222, 11.32365798950195845 ) ) ;
#532 = CARTESIAN_POINT ( 'NONE',  ( 5.258597373950043341, 4.537869329599752533, -2.883553788213166325 ) ) ;
#533 = SPHERICAL_SURFACE ( 'NONE', #2012, 0.2500000000000000000 ) ;
#534 = DIRECTION ( 'NONE',  ( 0.000000000000000000, 1.000000000000000000, 0.000000000000000000 ) ) ;
#535 = CARTESIAN_POINT ( 'NONE',  ( 119.6898181850445582, 5.802895748328512404, -1.018748471805513756 ) ) ;
#536 = EDGE_CURVE ( 'NONE', #4114, #3856, #674, .T. ) ;
#537 = CARTESIAN_POINT ( 'NONE',  ( -9.714451465470119729E-14, 5.622649730810450386, 0.000000000000000000 ) ) ;
#538 = CARTESIAN_POINT ( 'NONE',  ( -2.238980054855340462, 11.14724734562488173, 13.91060161590576172 ) ) ;
#539 = CARTESIAN_POINT ( 'NONE',  ( 16.29548974179882848, 7.120236691419923325, -7.210439394015724979 ) ) ;
#540 = CARTESIAN_POINT ( 'NONE',  ( 4.711418325348537550, 3.314725050601663447, 4.137404487362070782 ) ) ;
#541 = CARTESIAN_POINT ( 'NONE',  ( -5.446531207224557747, 7.484550890691525460, -2.536439545761569381 ) ) ;
#542 = CARTESIAN_POINT ( 'NONE',  ( -80.50644285028491254, 4.063678661065341480, -9.624074282677343106 ) ) ;
#543 = CARTESIAN_POINT ( 'NONE',  ( -71.91725211199891987, 7.169801720510219134, 6.654667339038967455 ) ) ;
#544 = CARTESIAN_POINT ( 'NONE',  ( 49.63652333020564100, 0.7009794624822215381, 15.10079583805497805 ) ) ;
#545 = CARTESIAN_POINT ( 'NONE',  ( 105.3548294547366311, 4.173386985138799687, 5.638603767292970304 ) ) ;
#546 = CARTESIAN_POINT ( 'NONE',  ( -119.4637120366143535, 6.518271469624831838, 0.4932181185344243768 ) ) ;
#547 = CARTESIAN_POINT ( 'NONE',  ( -2.283107464193438130, 6.266784807924369538, 5.548628326630665519 ) ) ;
#548 = CARTESIAN_POINT ( 'NONE',  ( 77.63247677544757153, 4.046414914697683329, -10.30659961700440519 ) ) ;
#549 = EDGE_LOOP ( 'NONE', ( #3328, #3034, #1750 ) ) ;
#550 = CARTESIAN_POINT ( 'NONE',  ( 18.17046570913130310, 7.897820194739263222, -7.683192500940649872 ) ) ;
#551 = CARTESIAN_POINT ( 'NONE',  ( -119.4427688332292234, 5.795620541461322439, 0.2647956636909963857 ) ) ;
#552 = CARTESIAN_POINT ( 'NONE',  ( 30.46654544728755099, -3.477021659988111413, 19.62888986085880916 ) ) ;
#553 = CARTESIAN_POINT ( 'NONE',  ( 103.2777474675353204, 4.116603797494139627, 5.981171655640586060 ) ) ;
#554 = CARTESIAN_POINT ( 'NONE',  ( -119.7039497485618682, 5.820849901878811572, 0.5573277731084265163 ) ) ;
#555 = CARTESIAN_POINT ( 'NONE',  ( 2.552368858704555432, 6.463245982890923003, -6.002003839226408566 ) ) ;
#556 = CARTESIAN_POINT ( 'NONE',  ( -119.6971002782042177, 6.053283428866333082, 0.3204698692177234687 ) ) ;
#557 = PLANE ( 'NONE',  #3338 ) ;
#558 = CARTESIAN_POINT ( 'NONE',  ( -5.179592535547784315, 8.399666878902293021, 3.045235149243235462 ) ) ;
#559 = CARTESIAN_POINT ( 'NONE',  ( -95.13250507863354244, 7.108295555010956335, 5.628643011838811105 ) ) ;
#560 = DIRECTION ( 'NONE',  ( 1.000000000000000000, 0.000000000000000000, 0.000000000000000000 ) ) ;
#561 = ORIENTED_EDGE ( 'NONE', *, *, #1020, .T. ) ;
#562 = CARTESIAN_POINT ( 'NONE',  ( 119.3987256654736910, 5.170527763181158143, 1.959986551815581901 ) ) ;
#563 = CARTESIAN_POINT ( 'NONE',  ( 6.165308848286646715, 3.802103306191068732, -1.226454991802452099 ) ) ;
#564 = CC_DESIGN_DATE_AND_TIME_ASSIGNMENT ( #1431, #3548, ( #5143 ) ) ;
#565 = CARTESIAN_POINT ( 'NONE',  ( 69.75668948424289795, 7.243254450732186100, -6.958194774662834980 ) ) ;
#566 = CARTESIAN_POINT ( 'NONE',  ( -2.555373850527150381, 6.475032130601257485, 6.002003839226409454 ) ) ;
#567 = CARTESIAN_POINT ( 'NONE',  ( 119.3715981190710806, 6.177759554683100340, -1.850591735279424555 ) ) ;
#568 = CARTESIAN_POINT ( 'NONE',  ( 5.779466625254462642, 7.789839297219986136, 1.654058920126774135 ) ) ;
#569 = CARTESIAN_POINT ( 'NONE',  ( -4.000740528106698335, -3.344995944322620929, -22.83184432983398438 ) ) ;
#570 = TOROIDAL_SURFACE ( 'NONE', #6512, 4.500000000000000888, 0.5000000000000004441 ) ;
#571 = CARTESIAN_POINT ( 'NONE',  ( 5.588921481660389823, 8.668819737388739455, -2.851002924390660720 ) ) ;
#572 = EDGE_CURVE ( 'NONE', #3407, #2277, #1561, .T. ) ;
#573 = ADVANCED_FACE ( 'NONE', ( #344 ), #4515, .F. ) ;
#574 = CARTESIAN_POINT ( 'NONE',  ( 4.278220065315046838, 3.321522668765261255, 4.201072429011635911 ) ) ;
#575 = AXIS2_PLACEMENT_3D ( 'NONE', #126, #97, #3204 ) ;
#576 = CARTESIAN_POINT ( 'NONE',  ( -4.076974437508079419, 8.220349068186262542, 4.417138342112362004 ) ) ;
#577 = CARTESIAN_POINT ( 'NONE',  ( -69.67611169327300047, 1.609330210401220818, -13.65440190467248271 ) ) ;
#578 = CARTESIAN_POINT ( 'NONE',  ( -22.91225551623332635, 0.5396092789561777181, -15.32256989015497872 ) ) ;
#579 = CARTESIAN_POINT ( 'NONE',  ( 65.02368779407169086, 2.476888543959721911, 12.39292464333472843 ) ) ;
#580 = CARTESIAN_POINT ( 'NONE',  ( 111.0488397128075206, 4.321315910149089667, 4.713260082567135356 ) ) ;
#581 = AXIS2_PLACEMENT_3D ( 'NONE', #967, #1071, #3072 ) ;
#582 = CARTESIAN_POINT ( 'NONE',  ( -119.4492377356344264, 6.628196086029744194, 1.127914493615395308 ) ) ;
#583 = CARTESIAN_POINT ( 'NONE',  ( -2.571573255647789491, 3.807918083403239784, -5.806113324800282527 ) ) ;
#584 = CIRCLE ( 'NONE', #3566, 0.5000000000000004441 ) ;
#585 = CARTESIAN_POINT ( 'NONE',  ( 98.43112726245756505, 5.069212558173536998, -7.394506931304947628 ) ) ;
#586 = CARTESIAN_POINT ( 'NONE',  ( 6.043146466010293594, 7.041017457664739965, -6.127915433909500109 ) ) ;
#587 = CARTESIAN_POINT ( 'NONE',  ( 2.564286128282672550, 6.275349763731959740, -6.166481769392030188 ) ) ;
#588 = CARTESIAN_POINT ( 'NONE',  ( 22.88373366428219668, 0.4332226409719974747, 15.32360040018716063 ) ) ;
#589 = CARTESIAN_POINT ( 'NONE',  ( 114.1057214652937262, 4.457826592702145874, 4.055120416156894336 ) ) ;
#590 = CIRCLE ( 'NONE', #3347, 0.2499999999999987788 ) ;
#591 = CARTESIAN_POINT ( 'NONE',  ( -116.7901341968911879, 6.036802018591361119, 4.368713801186902224 ) ) ;
#592 = CARTESIAN_POINT ( 'NONE',  ( -107.5587579245965060, 6.761812628343470521, 5.040767472288425033 ) ) ;
#593 = CARTESIAN_POINT ( 'NONE',  ( -119.2935127757422720, 6.169635255433081333, 2.712981958047988140 ) ) ;
#594 = CARTESIAN_POINT ( 'NONE',  ( 5.850857401005192138, 6.559685822109350362, -6.141416558466398889 ) ) ;
#595 = CARTESIAN_POINT ( 'NONE',  ( -2.286122357308306707, 6.890450844486344373, 5.628479988899228736 ) ) ;
#596 = CARTESIAN_POINT ( 'NONE',  ( -9.714451465470119729E-14, 10.63921286096972096, 0.000000000000000000 ) ) ;
#597 = VERTEX_POINT ( 'NONE', #1780 ) ;
#598 = CARTESIAN_POINT ( 'NONE',  ( -1.675309353637610243, 11.06597952085803094, -6.684208090855991991 ) ) ;
#599 = CARTESIAN_POINT ( 'NONE',  ( 4.065004981616969992, 4.951886712633688070, -4.418015319088777204 ) ) ;
#600 =( BOUNDED_CURVE ( )  B_SPLINE_CURVE ( 3, ( #1664, #3060, #5799, #3253 ),
 .UNSPECIFIED., .F., .T. ) 
 B_SPLINE_CURVE_WITH_KNOTS ( ( 4, 4 ),
 ( 1.228982067163009839, 1.229232980878274484 ),
 .UNSPECIFIED. ) 
 CURVE ( )  GEOMETRIC_REPRESENTATION_ITEM ( )  RATIONAL_B_SPLINE_CURVE ( ( 1.000000000000000000, 0.9999999947535256339, 0.9999999947535256339, 1.000000000000000000 ) ) 
 REPRESENTATION_ITEM ( '' )  );
#601 = CARTESIAN_POINT ( 'NONE',  ( 19.35364831143454367, 7.859222199807566867, -7.895317200231573018 ) ) ;
#602 = CARTESIAN_POINT ( 'NONE',  ( 76.09209016721578678, 7.231878610364090854, -6.539585483512762032 ) ) ;
#603 = CARTESIAN_POINT ( 'NONE',  ( 2.874981707423864830, 5.856935817940281730, 5.712401959964627629 ) ) ;
#604 = FACE_OUTER_BOUND ( 'NONE', #100, .T. ) ;
#605 = CARTESIAN_POINT ( 'NONE',  ( 27.74616889702007327, 7.952170253171386705, -9.127666843468951186 ) ) ;
#606 = CARTESIAN_POINT ( 'NONE',  ( 4.814229227034518388, 3.537125406022299412, 3.562255726758713159 ) ) ;
#607 = DIRECTION ( 'NONE',  ( 0.000000000000000000, 0.000000000000000000, -1.000000000000000000 ) ) ;
#608 = CARTESIAN_POINT ( 'NONE',  ( -78.02843941113688686, 2.170988921135409200, -12.64857063090140699 ) ) ;
#609 = CARTESIAN_POINT ( 'NONE',  ( -68.15092874957812796, 3.030356578681644653, -11.91581080681562277 ) ) ;
#610 = CARTESIAN_POINT ( 'NONE',  ( 26.57307693506551161, -0.8017060871105667896, 16.90240747048162717 ) ) ;
#611 = EDGE_CURVE ( 'NONE', #4497, #313, #3344, .T. ) ;
#612 = DIRECTION ( 'NONE',  ( -0.08526425572249862750, 0.9963583726230680337, 0.000000000000000000 ) ) ;
#613 = EDGE_LOOP ( 'NONE', ( #228, #3191, #4180, #4852 ) ) ;
#614 = CARTESIAN_POINT ( 'NONE',  ( -2.522344655611990394, 6.930898690899720549, 5.929966261551932405 ) ) ;
#615 = CARTESIAN_POINT ( 'NONE',  ( 13.47432308634074616, 7.116831404154609686, -7.491260051727296698 ) ) ;
#616 = CARTESIAN_POINT ( 'NONE',  ( 6.767997451810118470, 7.287100794484100419, -6.093028648103942402 ) ) ;
#617 = CARTESIAN_POINT ( 'NONE',  ( -119.3889910882320322, 5.591308336811378510, -1.293715224845405354 ) ) ;
#618 = EDGE_CURVE ( 'NONE', #3791, #1423, #3305, .T. ) ;
#619 = CARTESIAN_POINT ( 'NONE',  ( 43.70524577016165324, -0.6448730073999141554, 16.74303973975533566 ) ) ;
#620 = CARTESIAN_POINT ( 'NONE',  ( 2.533734237568280534, 6.624872869649294671, -6.191818223222745665 ) ) ;
#621 = CARTESIAN_POINT ( 'NONE',  ( -65.58829415790893336, 7.292770227176272435, 7.006015862440809094 ) ) ;
#622 = B_SPLINE_SURFACE_WITH_KNOTS ( 'NONE', 3, 1, ( 
 ( #270, #2378 ),
 ( #2572, #2051 ),
 ( #4477, #4671 ),
 ( #6576, #5542 ),
 ( #3962, #6058 ),
 ( #5225, #1330 ),
 ( #6539, #5023 ),
 ( #3451, #307 ) ),
 .UNSPECIFIED., .F., .F., .F.,
 ( 4, 1, 1, 1, 1, 4 ),
 ( 2, 2 ),
 ( 0.4201105210271568469, 0.4277330559931312726, 0.4342273154739053620, 0.4361202672898381039, 0.4466625741524582471, 0.4508205412262605294 ),
 ( 0.000000000000000000, 1.000000000000000000 ),
 .UNSPECIFIED. ) ;
#623 = CARTESIAN_POINT ( 'NONE',  ( 2.257540648214601653, 11.13687159645232505, -13.91060161590575994 ) ) ;
#624 = CARTESIAN_POINT ( 'NONE',  ( -2.292596712923043345, 6.233576818763187255, 5.740848866639834291 ) ) ;
#625 = CARTESIAN_POINT ( 'NONE',  ( 27.71698666040741799, 8.020258725909922504, -9.262288245561007827 ) ) ;
#626 = CARTESIAN_POINT ( 'NONE',  ( -105.7080556433740384, 6.737877841198470996, 5.240828553886512253 ) ) ;
#627 = CARTESIAN_POINT ( 'NONE',  ( -5.337261008389019068, 4.696493055998923971, -7.185857679624001015 ) ) ;
#628 = VERTEX_POINT ( 'NONE', #5582 ) ;
#629 = FACE_OUTER_BOUND ( 'NONE', #181, .T. ) ;
#630 = CARTESIAN_POINT ( 'NONE',  ( -5.415428850017034001, 3.586891770653638289, -2.602886178756965041 ) ) ;
#631 = DIRECTION ( 'NONE',  ( 0.000000000000000000, 0.000000000000000000, 1.000000000000000000 ) ) ;
#632 = CARTESIAN_POINT ( 'NONE',  ( 97.24260060424298047, 6.676134229895547278, -5.431402969751429666 ) ) ;
#633 = CARTESIAN_POINT ( 'NONE',  ( 3.631344119738198373, 6.611750160409996191, 4.788111373206776378 ) ) ;
#634 = CARTESIAN_POINT ( 'NONE',  ( -3.187085866928097033, 7.978146882234534054, 8.270466804504394531 ) ) ;
#635 = CARTESIAN_POINT ( 'NONE',  ( -9.714451465470119729E-14, 5.622649730810450386, 0.000000000000000000 ) ) ;
#636 = CARTESIAN_POINT ( 'NONE',  ( 4.905427008564347879, 3.266781666062219536, 3.433659408025990345 ) ) ;
#637 = ORIENTED_EDGE ( 'NONE', *, *, #5554, .F. ) ;
#638 = CARTESIAN_POINT ( 'NONE',  ( 76.16393001150568409, 6.975378527450438071, -6.629280625225372425 ) ) ;
#639 = CARTESIAN_POINT ( 'NONE',  ( -93.49708484233572392, 2.924514586059347998, -10.71800371786315509 ) ) ;
#640 = CARTESIAN_POINT ( 'NONE',  ( -1.711162232910819814, 4.246312696675500931, -6.156172180971377195 ) ) ;
#641 = CARTESIAN_POINT ( 'NONE',  ( 36.16163205693632676, -2.116588421258137398, 18.40319928178713837 ) ) ;
#642 = CARTESIAN_POINT ( 'NONE',  ( 5.615301276446435175, 8.452228663327543856, -2.155806710628805689 ) ) ;
#643 = ORIENTED_EDGE ( 'NONE', *, *, #2969, .F. ) ;
#644 = CARTESIAN_POINT ( 'NONE',  ( 118.8111769127516339, 5.385663156319761669, -3.344681122089626424 ) ) ;
#645 = CARTESIAN_POINT ( 'NONE',  ( 13.30385736613096448, 3.593563918851079730, 9.947980314601181817 ) ) ;
#646 = CARTESIAN_POINT ( 'NONE',  ( 21.48082055706887772, 9.381207023850892668, -4.790037155151369852 ) ) ;
#647 = VERTEX_POINT ( 'NONE', #6471 ) ;
#648 = EDGE_CURVE ( 'NONE', #5076, #3457, #5194, .T. ) ;
#649 = CARTESIAN_POINT ( 'NONE',  ( -97.25885854269348840, 6.820812811005457554, 5.532252326774897533 ) ) ;
#650 = CARTESIAN_POINT ( 'NONE',  ( 35.65717525053725012, -2.157150544582183027, 18.44890064448840050 ) ) ;
#651 =( BOUNDED_SURFACE ( )  B_SPLINE_SURFACE ( 3, 2, ( 
 ( #5813, #3229, #1187 ),
 ( #2196, #6293, #2646 ),
 ( #3718, #2717, #5297 ),
 ( #603, #1669, #5879 ),
 ( #3263, #4741, #2777 ),
 ( #6363, #1154, #1635 ),
 ( #3295, #633, #5330 ),
 ( #2745, #2130, #2164 ),
 ( #5779, #1056, #3198 ),
 ( #2685, #3162, #4837 ),
 ( #4874, #2093, #24 ),
 ( #119, #2226, #1704 ),
 ( #4232, #4332, #6428 ),
 ( #6329, #3810, #1603 ),
 ( #1090, #3746, #568 ),
 ( #4778, #60, #2847 ),
 ( #1840, #6086, #3954 ),
 ( #4907, #4973, #1807 ),
 ( #5978, #2261, #3368 ),
 ( #2958, #6530, #5943 ),
 ( #1738, #4365, #153 ),
 ( #6492, #1877, #6460 ),
 ( #4940, #2296, #6046 ),
 ( #1361, #259, #1259 ),
 ( #3439, #2922, #3989 ),
 ( #1770, #3848, #1222 ),
 ( #5531, #850, #3919 ),
 ( #3882, #1289, #3479 ),
 ( #2370, #3333, #5429 ),
 ( #5463, #770, #737 ),
 ( #5495, #4468, #6566 ),
 ( #5013, #703, #4503 ),
 ( #220, #2816, #2880 ),
 ( #812, #5571, #1322 ) ),
 .UNSPECIFIED., .F., .F., .T. ) 
 B_SPLINE_SURFACE_WITH_KNOTS ( ( 4, 2, 2, 2, 2, 2, 2, 2, 2, 2, 2, 2, 2, 2, 2, 2, 4 ),
 ( 3, 3 ),
 ( 0.003985009477891850518, 0.005015505064073074934, 0.006046000650254300217, 0.007076496236435525500, 0.008106991822616749915, 0.009137487408797974331, 0.01016798299497919875, 0.01119847858116042316, 0.01222897416734164758, 0.01325946975352287199, 0.01428996533970409814, 0.01532046092588532429, 0.01635095651206654871, 0.01686620430515715918, 0.01738145209824777312, 0.01841194768442899754, 0.02047293885679144637 ),
 ( 0.000000000000000000, 1.000000000000000000 ),
 .UNSPECIFIED. ) 
 GEOMETRIC_REPRESENTATION_ITEM ( )  RATIONAL_B_SPLINE_SURFACE ( (
 ( 1.000000000000000000, 0.4094872086509034337, 1.000000000000000000),
 ( 1.000000000000000000, 0.4241329444908283341, 1.000000000000000000),
 ( 1.000000000000000000, 0.4398679338520131710, 1.000000000000000000),
 ( 1.000000000000000000, 0.4709663700046100021, 1.000000000000000000),
 ( 1.000000000000000000, 0.4863539508554786672, 1.000000000000000000),
 ( 1.000000000000000000, 0.5159722640718958919, 1.000000000000000000),
 ( 1.000000000000000000, 0.5302023848954512397, 1.000000000000000000),
 ( 1.000000000000000000, 0.5570316764370467633, 1.000000000000000000),
 ( 1.000000000000000000, 0.5694671010545557799, 1.000000000000000000),
 ( 1.000000000000000000, 0.5922376231303039251, 1.000000000000000000),
 ( 1.000000000000000000, 0.6026826853004385587, 1.000000000000000000),
 ( 1.000000000000000000, 0.6221399969131697905, 1.000000000000000000),
 ( 1.000000000000000000, 0.6312172400189153265, 1.000000000000000000),
 ( 1.000000000000000000, 0.6478208700876730841, 1.000000000000000000),
 ( 1.000000000000000000, 0.6553695969386694742, 1.000000000000000000),
 ( 1.000000000000000000, 0.6691497599548303921, 1.000000000000000000),
 ( 1.000000000000000000, 0.6753523894668982397, 1.000000000000000000),
 ( 1.000000000000000000, 0.6860032413112113758, 1.000000000000000000),
 ( 1.000000000000000000, 0.6905132282835435564, 1.000000000000000000),
 ( 1.000000000000000000, 0.6975097555832948659, 1.000000000000000000),
 ( 1.000000000000000000, 0.6999236356471733034, 1.000000000000000000),
 ( 1.000000000000000000, 0.7018838185893304660, 1.000000000000000000),
 ( 1.000000000000000000, 0.7019730333225948637, 1.000000000000000000),
 ( 1.000000000000000000, 0.6936901591008171053, 1.000000000000000000),
 ( 1.000000000000000000, 0.6854892243014890640, 1.000000000000000000),
 ( 1.000000000000000000, 0.6663546871647396674, 1.000000000000000000),
 ( 1.000000000000000000, 0.6588572889597709148, 1.000000000000000000),
 ( 1.000000000000000000, 0.6417768508191483701, 1.000000000000000000),
 ( 1.000000000000000000, 0.6321331133048171402, 1.000000000000000000),
 ( 1.000000000000000000, 0.6012898951689739091, 1.000000000000000000),
 ( 1.000000000000000000, 0.5781339754353772564, 1.000000000000000000),
 ( 1.000000000000000000, 0.5066582748616089704, 1.000000000000000000),
 ( 1.000000000000000000, 0.4561922422481863304, 1.000000000000000000),
 ( 1.000000000000000000, 0.4161888143423551623, 1.000000000000000000) ) ) 
 REPRESENTATION_ITEM ( '' )  SURFACE ( )  );
#652 = CARTESIAN_POINT ( 'NONE',  ( 35.64540587400148297, -2.531773565647292390, 18.12243223479937271 ) ) ;
#653 = CARTESIAN_POINT ( 'NONE',  ( -22.53612909056264257, 7.684601759543132182, 8.333977472263212505 ) ) ;
#654 = CARTESIAN_POINT ( 'NONE',  ( 2.270807407646179055, 6.396706536275313049, -6.097687244415282315 ) ) ;
#655 = EDGE_CURVE ( 'NONE', #1527, #5954, #2650, .T. ) ;
#656 = EDGE_CURVE ( 'NONE', #2857, #3842, #2556, .T. ) ;
#657 = FACE_OUTER_BOUND ( 'NONE', #1870, .T. ) ;
#658 = CARTESIAN_POINT ( 'NONE',  ( 13.12388205645991945, 7.113625981127265518, -6.839313186081065865 ) ) ;
#659 = CARTESIAN_POINT ( 'NONE',  ( -57.06531481356149982, 7.928063944753007242, 7.791964567222128935 ) ) ;
#660 = CARTESIAN_POINT ( 'NONE',  ( -117.1900536636004944, 6.268271006417339919, 4.473955767049044852 ) ) ;
#661 = VERTEX_POINT ( 'NONE', #925 ) ;
#662 = CARTESIAN_POINT ( 'NONE',  ( -3.612736623152056126, 3.773605386780363613, -4.800838721753814653 ) ) ;
#663 = CARTESIAN_POINT ( 'NONE',  ( 2.302671098795753934, 6.464035190282895194, -6.014267845432306636 ) ) ;
#664 = CARTESIAN_POINT ( 'NONE',  ( 27.58485755204084100, 8.573828778577453846, -9.165264566908570387 ) ) ;
#665 = CARTESIAN_POINT ( 'NONE',  ( -6.500000000000110134, 13.00000000000006040, 0.000000000000000000 ) ) ;
#666 = CARTESIAN_POINT ( 'NONE',  ( -72.95828247070312500, 6.824808718143496655, 2.703608751297001067 ) ) ;
#667 = CARTESIAN_POINT ( 'NONE',  ( 88.79738858207589658, 6.380116863693541696, -5.732299337880299106 ) ) ;
#668 = ORIENTED_EDGE ( 'NONE', *, *, #4000, .F. ) ;
#669 = CARTESIAN_POINT ( 'NONE',  ( 5.529433944020187397, 3.592320620859383418, 2.312503187517537917 ) ) ;
#670 = CARTESIAN_POINT ( 'NONE',  ( -1.723756176135079921, 5.390770589568955273, -5.865866943383426069 ) ) ;
#671 = CARTESIAN_POINT ( 'NONE',  ( -97.12063491162858497, 4.778227719371484383, -7.277596497876979598 ) ) ;
#672 = CARTESIAN_POINT ( 'NONE',  ( -84.65505819300457802, 4.268901324343325143, -9.036268001837827413 ) ) ;
#673 = CARTESIAN_POINT ( 'NONE',  ( 113.1955980094243870, 5.702214926157843422, -5.331736745093004437 ) ) ;
#674 = CIRCLE ( 'NONE', #5640, 0.2499999999999998612 ) ;
#675 = CARTESIAN_POINT ( 'NONE',  ( -118.8203367755974682, 6.762412694519047918, 3.347932670590299864 ) ) ;
#676 = VERTEX_POINT ( 'NONE', #2447 ) ;
#677 = CARTESIAN_POINT ( 'NONE',  ( 117.0825308205095041, 5.480499626552248316, -4.266190544212681068 ) ) ;
#678 = DIRECTION ( 'NONE',  ( 0.04688625791281237493, 0.3235869786023586880, -0.9450360554486427755 ) ) ;
#679 = ORIENTED_EDGE ( 'NONE', *, *, #6755, .T. ) ;
#680 = CARTESIAN_POINT ( 'NONE',  ( 28.79325065687621432, 6.458606093210533139, 5.101405143737786752 ) ) ;
#681 = CARTESIAN_POINT ( 'NONE',  ( 119.6458192905222262, 5.389932357873212787, 0.6581446232987185896 ) ) ;
#682 = CARTESIAN_POINT ( 'NONE',  ( -5.349582785209240576, 6.614444910808056299, 6.211256543501575855 ) ) ;
#683 = CARTESIAN_POINT ( 'NONE',  ( -47.07169238496084063, 6.504583479788357714, 8.690989557367981178 ) ) ;
#684 = AXIS2_PLACEMENT_3D ( 'NONE', #3269, #5917, #158 ) ;
#685 = CARTESIAN_POINT ( 'NONE',  ( 36.47941006647872797, -3.762405012164392382, 19.91189413883700610 ) ) ;
#686 = CARTESIAN_POINT ( 'NONE',  ( -116.0783601366780147, 5.156250949061168320, -3.384922447370462439 ) ) ;
#687 = CARTESIAN_POINT ( 'NONE',  ( -34.01542222136755811, 8.231750441936187102, 9.488902530870159779 ) ) ;
#688 = CARTESIAN_POINT ( 'NONE',  ( 16.43263957461478242, 11.58632864199500823, -15.57155036926269709 ) ) ;
#689 = AXIS2_PLACEMENT_3D ( 'NONE', #6477, #1721, #1651 ) ;
#690 = CARTESIAN_POINT ( 'NONE',  ( -5.966298499287040258, 8.724218570335070311, 1.904193509161204334 ) ) ;
#691 = CARTESIAN_POINT ( 'NONE',  ( 119.4519289338701213, 6.050031181268286318, -0.9687986814696720739 ) ) ;
#692 = CARTESIAN_POINT ( 'NONE',  ( 12.08121326887749269, 7.048487995109262272, -6.683990055109966910 ) ) ;
#693 = CARTESIAN_POINT ( 'NONE',  ( -37.01829010868522829, 8.826481236564109878, 9.422145292218859325 ) ) ;
#694 = CARTESIAN_POINT ( 'NONE',  ( -13.39881839688682419, 3.845667609881931792, -9.880496127579831978 ) ) ;
#695 = CIRCLE ( 'NONE', #4985, 2.000000000000024869 ) ;
#696 = EDGE_CURVE ( 'NONE', #5805, #2875, #4368, .T. ) ;
#697 = EDGE_CURVE ( 'NONE', #4003, #4446, #2886, .T. ) ;
#698 = ORIENTED_EDGE ( 'NONE', *, *, #6413, .F. ) ;
#699 = CARTESIAN_POINT ( 'NONE',  ( -29.73232460021971946, 9.917860062299716617, 8.245769500732423651 ) ) ;
#700 = CARTESIAN_POINT ( 'NONE',  ( -5.498108075699065012, 4.044406285439523963, 2.424130688878304962 ) ) ;
#701 = CARTESIAN_POINT ( 'NONE',  ( 17.79831979286234045, 7.760659144176036861, -7.616507956267789758 ) ) ;
#702 = DIRECTION ( 'NONE',  ( 0.000000000000000000, 0.000000000000000000, -1.000000000000000000 ) ) ;
#703 = CARTESIAN_POINT ( 'NONE',  ( 3.042188041757479144, 7.655210511174875165, -5.222647081213277254 ) ) ;
#704 = CARTESIAN_POINT ( 'NONE',  ( -101.5979766845703125, 7.443804712472978480, 10.90947341918945845 ) ) ;
#705 = EDGE_CURVE ( 'NONE', #3419, #166, #128, .T. ) ;
#706 = DIRECTION ( 'NONE',  ( -0.3811870675826252164, 0.9244979283415183380, 0.000000000000000000 ) ) ;
#707 = CARTESIAN_POINT ( 'NONE',  ( 71.94446564815389422, 7.078840528544786181, -6.844769386267616440 ) ) ;
#708 = CARTESIAN_POINT ( 'NONE',  ( -101.7661854839267050, 4.988169896619706556, -6.449315171711170969 ) ) ;
#709 = ORIENTED_EDGE ( 'NONE', *, *, #3409, .T. ) ;
#710 = CARTESIAN_POINT ( 'NONE',  ( 3.769769039190785875, 4.001037712673244151, 6.743712911307104818 ) ) ;
#711 = B_SPLINE_CURVE_WITH_KNOTS ( 'NONE', 3,
 ( #5886, #3751, #4301, #1126 ),
 .UNSPECIFIED., .F., .F.,
 ( 4, 4 ),
 ( 5.761273654057514320E-16, 0.0002090040009369217302 ),
 .UNSPECIFIED. ) ;
#712 = ORIENTED_EDGE ( 'NONE', *, *, #6050, .T. ) ;
#713 = CARTESIAN_POINT ( 'NONE',  ( -12.97359258773979107, 0.5891240802724508896, -9.187484807790232466 ) ) ;
#714 = CARTESIAN_POINT ( 'NONE',  ( 4.798971075810550602, 6.460979685592207034, -6.234199713409527277 ) ) ;
#715 = ORIENTED_EDGE ( 'NONE', *, *, #5108, .F. ) ;
#716 = CARTESIAN_POINT ( 'NONE',  ( 97.75847200629432621, 4.101556694206577980, 9.293939590454083799 ) ) ;
#717 = CARTESIAN_POINT ( 'NONE',  ( 119.6984857328493348, 5.528794657643907762, -0.6472830907204828454 ) ) ;
#718 = CARTESIAN_POINT ( 'NONE',  ( 9.873140280776842914, 7.526334190019849046, -6.314879737877403088 ) ) ;
#719 = DIRECTION ( 'NONE',  ( -0.000000000000000000, -1.000000000000000000, -0.000000000000000000 ) ) ;
#720 = CARTESIAN_POINT ( 'NONE',  ( 40.74592065230149984, -1.752050196993642395, 17.25280702461392224 ) ) ;
#721 = CARTESIAN_POINT ( 'NONE',  ( 41.71831966402652370, -1.522813011065887956, 16.99442739735655294 ) ) ;
#722 = ADVANCED_FACE ( 'NONE', ( #4781, #3781 ), #3299, .F. ) ;
#723 = CARTESIAN_POINT ( 'NONE',  ( -31.91955727706179857, 8.235896217770578787, 9.476630114298892238 ) ) ;
#724 = CARTESIAN_POINT ( 'NONE',  ( 22.40242831761285913, 6.020604382072682448, -1.656092643737796521 ) ) ;
#725 = DIRECTION ( 'NONE',  ( -0.4423192564471797872, 0.002041319677544788710, 0.8968553441832122219 ) ) ;
#726 = CARTESIAN_POINT ( 'NONE',  ( 119.4118204431914876, 6.218172624483087496, -2.497572981270222314 ) ) ;
#727 = CARTESIAN_POINT ( 'NONE',  ( 22.49800900764507716, 7.648175385632502987, -8.465702958391783994 ) ) ;
#728 = CARTESIAN_POINT ( 'NONE',  ( -40.19511929414165508, 8.506203224227252946, 9.297833324593236526 ) ) ;
#729 = CARTESIAN_POINT ( 'NONE',  ( -15.81576257354025827, 3.157828227069567895, -11.17969664686278186 ) ) ;
#730 = AXIS2_PLACEMENT_3D ( 'NONE', #772, #5534, #2882 ) ;
#731 = ORIENTED_EDGE ( 'NONE', *, *, #4977, .F. ) ;
#732 = CARTESIAN_POINT ( 'NONE',  ( -50.30420303344726563, 9.171931536375055316, 5.910112380981447977 ) ) ;
#733 = CARTESIAN_POINT ( 'NONE',  ( -5.770387005270416481, 3.427525342681811082, -1.676090937894863853 ) ) ;
#734 =( BOUNDED_SURFACE ( )  B_SPLINE_SURFACE ( 3, 2, ( 
 ( #620, #3666, #2733 ),
 ( #4726, #4282, #4144 ),
 ( #6788, #42, #5863 ),
 ( #3733, #2072, #1037 ) ),
 .UNSPECIFIED., .F., .F., .F. ) 
 B_SPLINE_SURFACE_WITH_KNOTS ( ( 4, 4 ),
 ( 3, 3 ),
 ( 0.01056702713728541708, 0.01281322300788575314 ),
 ( 0.000000000000000000, 1.000000000000000000 ),
 .UNSPECIFIED. ) 
 GEOMETRIC_REPRESENTATION_ITEM ( )  RATIONAL_B_SPLINE_SURFACE ( (
 ( 1.000000000000000000, 0.7106567230696066995, 1.000000000000000000),
 ( 1.000000000000000000, 0.7071616356240640888, 1.000000000000000000),
 ( 1.000000000000000000, 0.7030368183318892461, 1.000000000000000000),
 ( 1.000000000000000000, 0.6979103135330222418, 1.000000000000000000) ) ) 
 REPRESENTATION_ITEM ( '' )  SURFACE ( )  );
#735 = CARTESIAN_POINT ( 'NONE',  ( -105.6942510739729073, 6.609068768388035586, 4.990296521649145056 ) ) ;
#736 = CARTESIAN_POINT ( 'NONE',  ( -1.698346196613354619, 4.743902501687257356, -6.402376139000773847 ) ) ;
#737 = CARTESIAN_POINT ( 'NONE',  ( 4.179422606160540177, 7.898054317841879168, -4.319716578640608873 ) ) ;
#738 = CARTESIAN_POINT ( 'NONE',  ( -55.96618270874023438, 7.480921746669785044, 7.627748489379886365 ) ) ;
#739 = ADVANCED_FACE ( 'NONE', ( #3166 ), #6289, .T. ) ;
#740 = DIRECTION ( 'NONE',  ( 1.000000000000000000, -7.996734198290766312E-16, 0.000000000000000000 ) ) ;
#742 = ADVANCED_FACE ( 'NONE', ( #3201 ), #964, .T. ) ;
#741 = CARTESIAN_POINT ( 'NONE',  ( 69.74215506949973076, 7.243736714918249220, -6.958965923485473049 ) ) ;
#743 = CARTESIAN_POINT ( 'NONE',  ( 65.61659759846359918, 7.229545741638957246, -7.190138047833196211 ) ) ;
#744 = CARTESIAN_POINT ( 'NONE',  ( -114.2956880801268227, 2.380017972008646066, -11.76792928960878193 ) ) ;
#745 = CARTESIAN_POINT ( 'NONE',  ( 103.3074171915381783, 4.576706098754023344, 6.173011933598207435 ) ) ;
#746 = CARTESIAN_POINT ( 'NONE',  ( -117.1733509124248087, 6.472694300134651080, 4.482065463532202365 ) ) ;
#747 = ORIENTED_EDGE ( 'NONE', *, *, #5964, .T. ) ;
#748 = CARTESIAN_POINT ( 'NONE',  ( -9.714451465470119729E-14, -42.18829223128360439, 0.000000000000000000 ) ) ;
#749 = CARTESIAN_POINT ( 'NONE',  ( 3.937794267456758757, 4.805408065966446429, 6.956386809406043703 ) ) ;
#750 = VERTEX_POINT ( 'NONE', #6325 ) ;
#751 = CARTESIAN_POINT ( 'NONE',  ( 98.22591019171419191, -1.938484233885860109, 12.56974220275877130 ) ) ;
#752 = ORIENTED_EDGE ( 'NONE', *, *, #705, .T. ) ;
#753 = CARTESIAN_POINT ( 'NONE',  ( -35.69961072971826610, -1.992494322144727548, -18.44890064449074885 ) ) ;
#754 = CARTESIAN_POINT ( 'NONE',  ( -27.71253807667702063, 8.148162695091244245, 9.262288245561855149 ) ) ;
#755 = CARTESIAN_POINT ( 'NONE',  ( -24.65479903112149529, 8.093009642505876400, 8.832386343406277263 ) ) ;
#756 = CARTESIAN_POINT ( 'NONE',  ( 56.22209764199427440, 0.07548722015761233362, 15.61790060383652978 ) ) ;
#757 = CARTESIAN_POINT ( 'NONE',  ( -111.5680645005062104, 4.850358172963156633, -4.627660212339292478 ) ) ;
#758 = CARTESIAN_POINT ( 'NONE',  ( -9.253906112909714210, 6.640305961486418163, 6.197031289787731545 ) ) ;
#759 = CARTESIAN_POINT ( 'NONE',  ( 15.80121896012436800, 9.548073941139762155, -11.53512859344482600 ) ) ;
#760 = CARTESIAN_POINT ( 'NONE',  ( -5.108428238786968834, 7.260903756088751493, -3.738042170052261692 ) ) ;
#761 = CARTESIAN_POINT ( 'NONE',  ( 4.767277875031162182, 6.816123614211227810, -6.267345294644604436 ) ) ;
#762 = CARTESIAN_POINT ( 'NONE',  ( 50.88516831020632480, 7.482195758146954923, -8.315393235484998868 ) ) ;
#763 = CARTESIAN_POINT ( 'NONE',  ( -38.08488105467692009, 8.713838124246267469, 9.456381584911669691 ) ) ;
#764 = CARTESIAN_POINT ( 'NONE',  ( -18.08352121540632496, 2.276224540652089789, -12.63326061964804303 ) ) ;
#765 = ORIENTED_EDGE ( 'NONE', *, *, #2749, .T. ) ;
#766 = CARTESIAN_POINT ( 'NONE',  ( -29.77405548095702414, 9.734184057889924802, 8.876574516296388495 ) ) ;
#767 = CARTESIAN_POINT ( 'NONE',  ( -5.963095706104796889, 3.549807969217161574, -0.7379214356763832416 ) ) ;
#768 = CARTESIAN_POINT ( 'NONE',  ( -1.923743750261293517, 4.127323681570394420, -6.576783346763551030 ) ) ;
#769 = SPHERICAL_SURFACE ( 'NONE', #1142, 0.2500000000000000000 ) ;
#770 = CARTESIAN_POINT ( 'NONE',  ( 4.082007858235621178, 8.201522166367034572, -4.417138342113131166 ) ) ;
#771 = CARTESIAN_POINT ( 'NONE',  ( -22.65065956115723722, -5.845413653673186438, -23.29566383361816406 ) ) ;
#772 = CARTESIAN_POINT ( 'NONE',  ( -1.675309353637610243, 11.06597952085803094, -6.684208090855991991 ) ) ;
#773 = ORIENTED_EDGE ( 'NONE', *, *, #3687, .F. ) ;
#774 = ORIENTED_EDGE ( 'NONE', *, *, #1520, .F. ) ;
#775 = CC_DESIGN_PERSON_AND_ORGANIZATION_ASSIGNMENT ( #5704, #1526, ( #5359 ) ) ;
#776 = CARTESIAN_POINT ( 'NONE',  ( 50.73533675390374498, 7.882156365412391175, -8.251991374243822008 ) ) ;
#777 = CARTESIAN_POINT ( 'NONE',  ( -5.848087200526109086, 3.742388328728911695, -1.377806975392765310 ) ) ;
#778 = CARTESIAN_POINT ( 'NONE',  ( -107.9715167884669427, 5.201900582655290428, -5.406661717955183022 ) ) ;
#779 = CARTESIAN_POINT ( 'NONE',  ( 21.97910397945930328, 0.3379773857790221436, 14.59544467883262442 ) ) ;
#780 = EDGE_CURVE ( 'NONE', #1597, #4943, #600, .T. ) ;
#781 = DIRECTION ( 'NONE',  ( -0.000000000000000000, -1.000000000000000000, -0.000000000000000000 ) ) ;
#782 = ORIENTED_EDGE ( 'NONE', *, *, #618, .T. ) ;
#783 = CARTESIAN_POINT ( 'NONE',  ( 119.6607199780863482, 5.169898967410356150, 0.3836535983764751134 ) ) ;
#784 = CARTESIAN_POINT ( 'NONE',  ( 6.280735612744177132, 4.802733404363980441, 7.306610638184459994 ) ) ;
#785 = EDGE_LOOP ( 'NONE', ( #1747, #4067, #3433, #5259, #2961, #1962, #2861, #3814, #5438 ) ) ;
#786 = CARTESIAN_POINT ( 'NONE',  ( 21.67617232515069148, -9.053584722136447382, 21.21912574768066051 ) ) ;
#787 = ORIENTED_EDGE ( 'NONE', *, *, #705, .F. ) ;
#788 = CARTESIAN_POINT ( 'NONE',  ( -25.67918655684484008, -0.7710081280115437252, -16.22201023347200888 ) ) ;
#789 = CARTESIAN_POINT ( 'NONE',  ( -15.24420259585638959, 7.109758301086085197, 7.037852311706473962 ) ) ;
#790 = CARTESIAN_POINT ( 'NONE',  ( -1.928013793464624648, 4.969563618248914239, -6.540885006911398847 ) ) ;
#791 = CARTESIAN_POINT ( 'NONE',  ( 80.49147938206525055, 3.692174965504361417, 9.624074282669353053 ) ) ;
#792 = CARTESIAN_POINT ( 'NONE',  ( -93.99551985678995436, 4.182946124023750656, -7.578881695171524768 ) ) ;
#793 = CIRCLE ( 'NONE', #2779, 0.2500000000000000555 ) ;
#794 = CARTESIAN_POINT ( 'NONE',  ( 6.257336158310974561, 3.592998299115814032, 0.4332066963528081183 ) ) ;
#795 = CARTESIAN_POINT ( 'NONE',  ( 5.006122631690156588, 11.04990621307536536, -13.88324165344238104 ) ) ;
#796 = CIRCLE ( 'NONE', #914, 0.2500000000000002776 ) ;
#797 = CARTESIAN_POINT ( 'NONE',  ( -2.562294174096934718, 6.166447838324376818, 6.029042699764437074 ) ) ;
#798 = CARTESIAN_POINT ( 'NONE',  ( 115.0322946444881609, 1.776086230453311599, 12.02099734794149732 ) ) ;
#799 = CARTESIAN_POINT ( 'NONE',  ( 119.6337857443099750, 5.913093175558561398, -1.777811560044413763 ) ) ;
#800 = CARTESIAN_POINT ( 'NONE',  ( 84.59623619378767501, 6.749673241293870696, -6.179564426941145605 ) ) ;
#801 = CARTESIAN_POINT ( 'NONE',  ( -34.89710671839880973, 8.678732828701324564, 9.593118835017273582 ) ) ;
#802 = CARTESIAN_POINT ( 'NONE',  ( -9.512730181531054541, 4.528000321831545882, -8.251583952612245199 ) ) ;
#803 = CIRCLE ( 'NONE', #467, 0.2499999999999994171 ) ;
#804 = B_SPLINE_CURVE_WITH_KNOTS ( 'NONE', 3,
 ( #6145, #6555, #1943, #247, #5627, #2911, #4460, #6113, #3943, #901, #3504, #3010, #323, #6036, #210, #799, #4560, #5594, #2322, #1313, #5003, #287, #2393, #6658, #4493, #6591 ),
 .UNSPECIFIED., .F., .F.,
 ( 4, 2, 2, 2, 2, 2, 2, 2, 2, 2, 2, 2, 4 ),
 ( 0.1119152103818717020, 0.1128815325607568226, 0.1133646936501993691, 0.1138478547396419155, 0.1143310158290844480, 0.1148141769185269945, 0.1152973380079695409, 0.1157804990974120873, 0.1162636601868546338, 0.1167468212762971663, 0.1177131434551822592, 0.1186794656340673382, 0.1196457878129524310 ),
 .UNSPECIFIED. ) ;
#805 = EDGE_LOOP ( 'NONE', ( #1012, #1084, #5549, #5026, #6323, #5290 ) ) ;
#806 = CARTESIAN_POINT ( 'NONE',  ( -21.47015762329100852, 9.480316670118311251, 4.790037155151368076 ) ) ;
#807 = CARTESIAN_POINT ( 'NONE',  ( -9.714451465470119729E-14, 6.488675134594886984, 0.000000000000000000 ) ) ;
#808 = CARTESIAN_POINT ( 'NONE',  ( -3.100774173514028398, 6.687345438179832513, 6.207227047689109156 ) ) ;
#809 = DIRECTION ( 'NONE',  ( -0.000000000000000000, -1.000000000000000000, -0.000000000000000000 ) ) ;
#810 = AXIS2_PLACEMENT_3D ( 'NONE', #1051, #2087, #5291 ) ;
#811 = CARTESIAN_POINT ( 'NONE',  ( -66.08160853718794669, 2.859694008593948844, -12.24079305198887546 ) ) ;
#812 = CARTESIAN_POINT ( 'NONE',  ( 2.275752233208178765, 6.816675074200163387, -5.996122392287806413 ) ) ;
#813 = CARTESIAN_POINT ( 'NONE',  ( -56.22401428222656250, 8.338445813833251563, 10.39490318298340199 ) ) ;
#814 = CARTESIAN_POINT ( 'NONE',  ( -9.714451465470119729E-14, -42.18829223128360439, 0.000000000000000000 ) ) ;
#815 = EDGE_CURVE ( 'NONE', #1662, #2535, #2122, .T. ) ;
#816 = ORIENTED_EDGE ( 'NONE', *, *, #3362, .F. ) ;
#817 = CIRCLE ( 'NONE', #479, 0.2499999999999995004 ) ;
#818 = UNCERTAINTY_MEASURE_WITH_UNIT (LENGTH_MEASURE( 1.000000000000000082E-05 ), #4156, 'distance_accuracy_value', 'NONE');
#819 = CARTESIAN_POINT ( 'NONE',  ( 103.5887478721858770, 6.414913197302202441, -5.210793515872486736 ) ) ;
#820 = CARTESIAN_POINT ( 'NONE',  ( 5.103532312167236462, 6.616299641482358496, -6.259216237289580320 ) ) ;
#821 = CARTESIAN_POINT ( 'NONE',  ( -103.8161797705668761, 4.606805963690993266, -5.897714439578209067 ) ) ;
#822 = CARTESIAN_POINT ( 'NONE',  ( 18.18297140613133323, 1.704924428836576578, 12.33512111376501252 ) ) ;
#823 = DIRECTION ( 'NONE',  ( 0.003466446012709982136, 0.7511198954886912915, 0.6601567134802904802 ) ) ;
#824 = DIRECTION ( 'NONE',  ( 1.060575238724909627E-16, -0.4999999999999960032, 0.8660254037844409281 ) ) ;
#825 = CARTESIAN_POINT ( 'NONE',  ( 119.3868909465289505, 4.986010197831751256, 1.605805296692943696 ) ) ;
#826 = VERTEX_POINT ( 'NONE', #1433 ) ;
#827 = CARTESIAN_POINT ( 'NONE',  ( -2.778583119168077875, 5.682002432386240365, -5.326389135782812367 ) ) ;
#828 = ORIENTED_EDGE ( 'NONE', *, *, #2603, .T. ) ;
#829 = CARTESIAN_POINT ( 'NONE',  ( -29.49693175799944811, -1.505706729701050905, -17.89242433920720998 ) ) ;
#830 = CARTESIAN_POINT ( 'NONE',  ( -18.36506459707010919, 7.351383462940727753, 7.563324742207809592 ) ) ;
#831 = CARTESIAN_POINT ( 'NONE',  ( -46.66491490310825441, 8.034039556013880201, 8.720187831029498682 ) ) ;
#832 = CARTESIAN_POINT ( 'NONE',  ( 66.58651604283670622, 2.595648706305391684, 12.15835514557546126 ) ) ;
#833 = CARTESIAN_POINT ( 'NONE',  ( -9.634849423525541882E-14, -42.18829223128360439, 6.499999999999999112 ) ) ;
#834 = CARTESIAN_POINT ( 'NONE',  ( 5.565081289775868356, 4.267872992977921776, -3.000821893008092101 ) ) ;
#835 = B_SPLINE_CURVE_WITH_KNOTS ( 'NONE', 3,
 ( #5646, #2480, #4542, #6641, #3521, #5709, #922, #341, #983, #5091, #6130, #4639, #4130, #2539, #1991, #6737, #1925, #951, #2023, #3089 ),
 .UNSPECIFIED., .F., .F.,
 ( 4, 2, 2, 2, 2, 2, 2, 2, 2, 4 ),
 ( 1.517883041479706208E-18, 0.002839499244403465884, 0.005678998488806930034, 0.007098748111008659940, 0.008518497733210391581, 0.01135799697761385313, 0.01419749622201731294, 0.01703699546642076929, 0.01987649471082422389, 0.02271599395522768197 ),
 .UNSPECIFIED. ) ;
#836 = CARTESIAN_POINT ( 'NONE',  ( 72.88216547227266062, 6.669722424883484990, -5.528933525085460765 ) ) ;
#837 = DIRECTION ( 'NONE',  ( -0.000000000000000000, -1.000000000000000000, -0.000000000000000000 ) ) ;
#838 = EDGE_CURVE ( 'NONE', #853, #4449, #1496, .T. ) ;
#839 = CARTESIAN_POINT ( 'NONE',  ( 119.4087961517243173, 5.412142230908791873, 2.023398177653177310 ) ) ;
#840 = CARTESIAN_POINT ( 'NONE',  ( 1.715312362184018946, 4.030809507389061075, 5.787898483374612546 ) ) ;
#841 = CARTESIAN_POINT ( 'NONE',  ( 103.5729103006854217, 5.939912307886784149, -5.102437133009146919 ) ) ;
#842 = CARTESIAN_POINT ( 'NONE',  ( -25.43466117352250322, 8.516484487990572561, 8.875086025777395804 ) ) ;
#843 = CARTESIAN_POINT ( 'NONE',  ( -119.4048737989513427, 5.915964426965838463, 2.512641100652539539 ) ) ;
#844 = ORIENTED_EDGE ( 'NONE', *, *, #1464, .T. ) ;
#845 = CARTESIAN_POINT ( 'NONE',  ( -20.65542793273925426, 6.590809614835718477, -4.538740634918212002 ) ) ;
#846 = CARTESIAN_POINT ( 'NONE',  ( -4.787323455003035022, 4.941222955877683454, 3.628869374493994382 ) ) ;
#847 = CARTESIAN_POINT ( 'NONE',  ( -2.858767609333494164, 4.064606972132435381, -6.635346003426642270 ) ) ;
#848 = CARTESIAN_POINT ( 'NONE',  ( 80.05385540157163859, 8.502237230491823894, -6.491946756398752960 ) ) ;
#849 = CARTESIAN_POINT ( 'NONE',  ( -118.4822537029954219, 5.875013175014985656, -2.491374962029241580 ) ) ;
#850 = CARTESIAN_POINT ( 'NONE',  ( 4.758770323747815389, 8.501030533914670784, -3.667114739693694503 ) ) ;
#851 = CARTESIAN_POINT ( 'NONE',  ( -118.9361114501953267, -2.351662127794179824, -21.02942657470702414 ) ) ;
#852 = CARTESIAN_POINT ( 'NONE',  ( 1.944917403163803238, 5.408597388629512004, 6.106718297155746988 ) ) ;
#853 = VERTEX_POINT ( 'NONE', #918 ) ;
#854 = ORGANIZATION ( 'UNSPECIFIED', 'UNSPECIFIED', '' ) ;
#855 = CARTESIAN_POINT ( 'NONE',  ( 57.06098934292976566, 7.740323892796529215, -7.702367989306150520 ) ) ;
#856 = CARTESIAN_POINT ( 'NONE',  ( -3.348270649081046990, 5.851223147379480238, 4.987751164105755031 ) ) ;
#857 = CARTESIAN_POINT ( 'NONE',  ( -100.2016648230986959, 4.465897862947382890, -6.523910410587987485 ) ) ;
#858 = CARTESIAN_POINT ( 'NONE',  ( 97.11205825232063660, 4.328421573510470743, 7.286748613732915381 ) ) ;
#859 = CYLINDRICAL_SURFACE ( 'NONE', #6200, 5.500000000000000000 ) ;
#860 = DIRECTION ( 'NONE',  ( -1.224646799147301438E-16, 0.000000000000000000, -1.000000000000000000 ) ) ;
#861 = CARTESIAN_POINT ( 'NONE',  ( -5.676214210521116854, 0.5661961727359979824, -6.989801826283665420 ) ) ;
#862 = FACE_OUTER_BOUND ( 'NONE', #1988, .T. ) ;
#863 = CARTESIAN_POINT ( 'NONE',  ( -7.669500250166351840, 6.549179468495133882, 6.139391614220762072 ) ) ;
#864 = DIRECTION ( 'NONE',  ( 0.03081553542844394505, 0.1946045557754987609, 0.9803976079365346319 ) ) ;
#865 = CARTESIAN_POINT ( 'NONE',  ( 84.64509665669312710, 3.870986178821602675, 9.048168451345976138 ) ) ;
#866 = CARTESIAN_POINT ( 'NONE',  ( -35.68957035915616416, -2.367167669332787217, -18.12243223479938337 ) ) ;
#867 = DIRECTION ( 'NONE',  ( -0.02991710963408817509, 0.1947446967274408802, -0.9803976079365347429 ) ) ;
#868 = CARTESIAN_POINT ( 'NONE',  ( 33.28351963194424457, -7.065597847034311485, 23.54769134521483664 ) ) ;
#869 = CARTESIAN_POINT ( 'NONE',  ( -119.4641465149170614, 6.523167703092144443, 0.5199287220467603277 ) ) ;
#870 = CARTESIAN_POINT ( 'NONE',  ( 114.8523124468850938, 4.513876083162761788, 3.823628370764200479 ) ) ;
#871 = CARTESIAN_POINT ( 'NONE',  ( 116.8059368015840107, 5.965693590324053552, -4.462925595629941178 ) ) ;
#872 = CARTESIAN_POINT ( 'NONE',  ( 1.717918879614545702, 4.184691141788929869, 5.744731753733193891 ) ) ;
#873 = CARTESIAN_POINT ( 'NONE',  ( -18.17756767630147507, 8.056628084483620000, 7.601968211151351795 ) ) ;
#874 = EDGE_CURVE ( 'NONE', #4497, #4992, #3765, .T. ) ;
#875 = ORIENTED_EDGE ( 'NONE', *, *, #6256, .F. ) ;
#876 = CARTESIAN_POINT ( 'NONE',  ( -97.89033508300782671, -7.885461299241957711, -16.73817634582518821 ) ) ;
#877 = CARTESIAN_POINT ( 'NONE',  ( 116.7897577356314684, 5.746511979759046262, -4.343771664032906266 ) ) ;
#878 = FACE_OUTER_BOUND ( 'NONE', #3310, .T. ) ;
#879 = CARTESIAN_POINT ( 'NONE',  ( 60.34464732044860824, 8.565056756607297928, -7.381471867496568251 ) ) ;
#880 = DIRECTION ( 'NONE',  ( 0.000000000000000000, 0.000000000000000000, -1.000000000000000000 ) ) ;
#881 = CARTESIAN_POINT ( 'NONE',  ( -20.26108022902015549, 0.9100063268211630030, -13.96226250058616891 ) ) ;
#882 = CARTESIAN_POINT ( 'NONE',  ( 1.685046890836313427, 4.348971530056954471, 6.730015868773584486 ) ) ;
#883 = COORDINATED_UNIVERSAL_TIME_OFFSET ( 5, 0, .AHEAD. ) ;
#884 = ORIENTED_EDGE ( 'NONE', *, *, #283, .F. ) ;
#885 = CARTESIAN_POINT ( 'NONE',  ( 65.51461013604678385, 7.574743561492685018, -7.101076212715776492 ) ) ;
#886 = CARTESIAN_POINT ( 'NONE',  ( 13.21410628653520547, 7.119552113760255985, -6.853058696024472596 ) ) ;
#887 = CARTESIAN_POINT ( 'NONE',  ( -121.8747920228493484, 3.787651324465238556, -9.460493810815766125 ) ) ;
#888 = CARTESIAN_POINT ( 'NONE',  ( 119.4083957649346956, 5.175375634310050543, 0.3599714041980926482 ) ) ;
#889 = CARTESIAN_POINT ( 'NONE',  ( 1.718072182551859228, 5.334397358566066671, 5.815595811549689742 ) ) ;
#890 = CARTESIAN_POINT ( 'NONE',  ( -33.85778248930263601, 8.898003029423717791, 9.539824091301500886 ) ) ;
#891 = CARTESIAN_POINT ( 'NONE',  ( 21.33021471586262763, -2.372883709060018997, 18.89848709106444602 ) ) ;
#892 = ORIENTED_EDGE ( 'NONE', *, *, #4948, .F. ) ;
#893 = CARTESIAN_POINT ( 'NONE',  ( -26.18377565405499752, -2.149937346102472002, -18.36401827980462897 ) ) ;
#894 = CARTESIAN_POINT ( 'NONE',  ( -22.48333511637195414, 7.904627674394400394, 8.464620209734864176 ) ) ;
#895 = CARTESIAN_POINT ( 'NONE',  ( -9.714451465470119729E-14, -0.5000000000000177636, 0.000000000000000000 ) ) ;
#896 = CARTESIAN_POINT ( 'NONE',  ( 68.12847659732452144, 2.297483876668239056, 11.64684572157833209 ) ) ;
#897 = CARTESIAN_POINT ( 'NONE',  ( 20.35395426773547456, 1.188441334856215725, 14.03197494653973720 ) ) ;
#898 = CARTESIAN_POINT ( 'NONE',  ( 55.84671263495837934, 6.833227977193366165, -6.459886074066170103 ) ) ;
#899 = CARTESIAN_POINT ( 'NONE',  ( -1.947472155966415430, 3.978688139414425340, -6.160713835076284006 ) ) ;
#900 = CARTESIAN_POINT ( 'NONE',  ( 113.8737329468792439, 4.914180019492779827, 4.285432714394846521 ) ) ;
#901 = CARTESIAN_POINT ( 'NONE',  ( 119.0074836712266944, 5.989718007823199741, -3.113656467823313179 ) ) ;
#902 = CARTESIAN_POINT ( 'NONE',  ( -1.952796054122662106, 5.417591386400212983, -6.106718297155747877 ) ) ;
#903 = CARTESIAN_POINT ( 'NONE',  ( -8.309123071467052313, 7.508047281463273492, 6.129363083740030582 ) ) ;
#904 = VERTEX_POINT ( 'NONE', #3550 ) ;
#905 = CARTESIAN_POINT ( 'NONE',  ( -21.37379837036133168, -2.274343936265961208, -18.89848709106445313 ) ) ;
#906 = CARTESIAN_POINT ( 'NONE',  ( -1.730748412503147593, 4.104414357537557123, -5.761593645975136013 ) ) ;
#907 = AXIS2_PLACEMENT_3D ( 'NONE', #3815, #1190, #2134 ) ;
#908 = CARTESIAN_POINT ( 'NONE',  ( 14.08810026013073546, 2.809337404637983315, 10.02247447645961564 ) ) ;
#909 = CARTESIAN_POINT ( 'NONE',  ( 19.12624328738539248, 8.706088784117017809, -7.799631243864964425 ) ) ;
#910 = ADVANCED_FACE ( 'NONE', ( #2736 ), #1076, .T. ) ;
#911 = CARTESIAN_POINT ( 'NONE',  ( -99.18709103344474443, 4.879594794729515073, -6.908518128626455201 ) ) ;
#912 = CARTESIAN_POINT ( 'NONE',  ( -15.59040853084110978, 2.414137738089227270, -11.16213886606246497 ) ) ;
#913 = CARTESIAN_POINT ( 'NONE',  ( -109.4879322564988797, 6.339200745487683086, 5.487973473815794812 ) ) ;
#914 = AXIS2_PLACEMENT_3D ( 'NONE', #1640, #2819, #2201 ) ;
#915 = CALENDAR_DATE ( 2022, 12, 7 ) ;
#916 = EDGE_LOOP ( 'NONE', ( #6627, #4950 ) ) ;
#917 = CIRCLE ( 'NONE', #1023, 0.2499999999999999722 ) ;
#918 = CARTESIAN_POINT ( 'NONE',  ( -2.305675107495472442, 6.474668977491781163, 6.014267845432307524 ) ) ;
#919 = CARTESIAN_POINT ( 'NONE',  ( 7.729624495757517977, 6.648897440596556407, -6.145317669849079678 ) ) ;
#920 = EDGE_CURVE ( 'NONE', #3540, #459, #5523, .T. ) ;
#921 = CARTESIAN_POINT ( 'NONE',  ( -115.5959325883445956, 5.109748135571064331, -3.567137343731852095 ) ) ;
#922 = CARTESIAN_POINT ( 'NONE',  ( 8.419538874198464029, 4.612628339580195025, 7.895684510678392165 ) ) ;
#923 = AXIS2_PLACEMENT_3D ( 'NONE', #165, #678, #6024 ) ;
#924 = CARTESIAN_POINT ( 'NONE',  ( 1.721186357077818974, 5.225684093623143234, 5.745194696212707619 ) ) ;
#925 = CARTESIAN_POINT ( 'NONE',  ( 21.97899702065181771, 0.7433058826890638349, 14.87789409134661689 ) ) ;
#926 = CARTESIAN_POINT ( 'NONE',  ( -1.940948109989734993, 5.257067527054639200, -5.685651519006444055 ) ) ;
#927 = ORIENTED_EDGE ( 'NONE', *, *, #1668, .T. ) ;
#928 = CARTESIAN_POINT ( 'NONE',  ( -46.20117498522738941, 0.1750282197758530334, -16.02327301305868090 ) ) ;
#929 = CARTESIAN_POINT ( 'NONE',  ( -46.70457683216349665, 7.858955225454708149, 8.715616890926943583 ) ) ;
#930 = CARTESIAN_POINT ( 'NONE',  ( 83.96696158617966432, 2.265603851884567810, 11.60063312289085857 ) ) ;
#931 = CARTESIAN_POINT ( 'NONE',  ( 4.798971075810550602, 6.460979685592207034, -6.234199713409527277 ) ) ;
#932 = CARTESIAN_POINT ( 'NONE',  ( 99.92368979849078414, 4.381612007558785216, 6.131711483001691221 ) ) ;
#933 = CARTESIAN_POINT ( 'NONE',  ( -119.3995361506255222, 6.123929597454404572, -1.391821535586938330 ) ) ;
#934 = CARTESIAN_POINT ( 'NONE',  ( 121.8581141584689078, 3.225236140421161135, 9.460493811072353765 ) ) ;
#935 = ADVANCED_FACE ( 'NONE', ( #1043 ), #570, .T. ) ;
#936 = CARTESIAN_POINT ( 'NONE',  ( 2.875988687784639009, 3.931201433098465703, 5.294959202088853623 ) ) ;
#937 = CARTESIAN_POINT ( 'NONE',  ( -118.7929764071838576, 6.531167343343028620, 3.361549447575976846 ) ) ;
#938 = CARTESIAN_POINT ( 'NONE',  ( -22.32630461341605965, 8.257236753043059707, 8.370021760000161848 ) ) ;
#939 = ORIENTED_EDGE ( 'NONE', *, *, #5616, .T. ) ;
#940 = CARTESIAN_POINT ( 'NONE',  ( -14.71674442291261009, -8.723437754930518651, -20.78794097900390625 ) ) ;
#941 = CARTESIAN_POINT ( 'NONE',  ( -9.714451465470119729E-14, -0.5000000000000177636, 0.000000000000000000 ) ) ;
#942 = CARTESIAN_POINT ( 'NONE',  ( 13.95648674376530884, 2.756110242753592399, 10.28687766756861066 ) ) ;
#943 = DIRECTION ( 'NONE',  ( 0.03502947907280789391, 0.7458322249963414974, -0.6652121674720739009 ) ) ;
#944 = CARTESIAN_POINT ( 'NONE',  ( 16.50337189960126949, 2.412770056480222358, 11.70334416181738391 ) ) ;
#945 = CARTESIAN_POINT ( 'NONE',  ( 119.4440447148822528, 6.082344914728141205, -1.160925406444921704 ) ) ;
#946 = CARTESIAN_POINT ( 'NONE',  ( -119.0127258300781392, -4.526924578966054824, -24.96165275573730113 ) ) ;
#947 = PERSON_AND_ORGANIZATION ( #4636, #854 ) ;
#948 = EDGE_LOOP ( 'NONE', ( #875, #189, #5120, #939, #3805 ) ) ;
#949 = CARTESIAN_POINT ( 'NONE',  ( -44.42809490350937551, 8.282076047304368416, 8.920784681689333695 ) ) ;
#950 = CARTESIAN_POINT ( 'NONE',  ( -115.3651742274469427, 5.561736054472754986, -3.811927307606202131 ) ) ;
#951 = CARTESIAN_POINT ( 'NONE',  ( 20.46750477454462924, 1.366713094301446052, 13.99076675658857027 ) ) ;
#952 = APPROVAL_PERSON_ORGANIZATION ( #2475, #6383, #6220 ) ;
#953 = ADVANCED_FACE ( 'NONE', ( #4696 ), #6056, .T. ) ;
#954 = ORIENTED_EDGE ( 'NONE', *, *, #2435, .F. ) ;
#955 = ADVANCED_FACE ( 'NONE', ( #1657 ), #2758, .T. ) ;
#956 = CARTESIAN_POINT ( 'NONE',  ( -46.51552624725549379, 8.327598439940278041, 8.632393825965632317 ) ) ;
#957 = CARTESIAN_POINT ( 'NONE',  ( -6.030988371436478701, 8.052950821181029895, -1.803216905772650813 ) ) ;
#958 = CARTESIAN_POINT ( 'NONE',  ( -50.46292724546945863, -0.7415528334149436018, -16.98689621668168570 ) ) ;
#959 = CARTESIAN_POINT ( 'NONE',  ( -37.15741735663790024, 8.162419537789467938, 9.365989688998755724 ) ) ;
#960 = DIRECTION ( 'NONE',  ( -1.224646799147472769E-16, 0.000000000000000000, -1.000000000000000000 ) ) ;
#961 = CARTESIAN_POINT ( 'NONE',  ( 101.7552621340326056, 4.518542904726847276, 6.449315171732988183 ) ) ;
#962 = CARTESIAN_POINT ( 'NONE',  ( -119.5880567472817404, 6.488561470984302915, 2.014565866899781454 ) ) ;
#963 = CARTESIAN_POINT ( 'NONE',  ( 114.8771682764846958, 0.1419701535059379460, 15.47028350830075993 ) ) ;
#964 =( BOUNDED_SURFACE ( )  B_SPLINE_SURFACE ( 3, 2, ( 
 ( #1158, #5816, #507 ),
 ( #5268, #1573, #4810 ),
 ( #2721, #2168, #2200 ),
 ( #64, #5334, #4841 ),
 ( #3267, #4300, #2616 ),
 ( #5916, #574, #6333 ),
 ( #2689, #6397, #540 ),
 ( #606, #5365, #4269 ),
 ( #1059, #636, #2651 ),
 ( #4337, #123, #3235 ),
 ( #2231, #6432, #3690 ),
 ( #4714, #6810, #4198 ),
 ( #669, #4879, #5394 ),
 ( #157, #2782, #2266 ),
 ( #5292, #5735, #461 ),
 ( #1052, #4158, #5261 ),
 ( #2680, #4191, #6288 ),
 ( #499, #1529, #3742 ),
 ( #5185, #5840, #3123 ),
 ( #4772, #2160, #563 ),
 ( #55, #6359, #2641 ),
 ( #1014, #1599, #2193 ),
 ( #2573, #3714, #5875 ),
 ( #532, #4737, #1564 ),
 ( #5809, #5226, #4227 ),
 ( #6253, #2607, #4294 ),
 ( #3772, #1151, #3682 ),
 ( #1115, #599, #1631 ),
 ( #4672, #1086, #4259 ),
 ( #6770, #6391, #6802 ),
 ( #19, #3644, #5775 ),
 ( #3193, #4706, #3224 ),
 ( #2088, #3158, #2052 ),
 ( #2125, #5326, #2714 ) ),
 .UNSPECIFIED., .F., .F., .T. ) 
 B_SPLINE_SURFACE_WITH_KNOTS ( ( 4, 2, 2, 2, 2, 2, 2, 2, 2, 2, 2, 2, 2, 2, 2, 2, 4 ),
 ( 3, 3 ),
 ( 0.003746139107541799143, 0.005737748477620567208, 0.006733553162659951241, 0.007729357847699336141, 0.008227260190219028158, 0.008725162532738721041, 0.009720967217778105074, 0.01071677190281748911, 0.01171257658785687314, 0.01270838127289625891, 0.01370418595793564294, 0.01469999064297502697, 0.01569579532801441274, 0.01669160001305379504, 0.01768740469809318080, 0.01868320938313256657, 0.01967901406817194887 ),
 ( 0.000000000000000000, 1.000000000000000000 ),
 .UNSPECIFIED. ) 
 GEOMETRIC_REPRESENTATION_ITEM ( )  RATIONAL_B_SPLINE_SURFACE ( (
 ( 1.000000000000000000, 0.5877449327255831468, 1.000000000000000000),
 ( 1.000000000000000000, 0.6003371341040848463, 1.000000000000000000),
 ( 1.000000000000000000, 0.6143987442001466182, 1.000000000000000000),
 ( 1.000000000000000000, 0.6384400640039945563, 1.000000000000000000),
 ( 1.000000000000000000, 0.6468496074343820235, 1.000000000000000000),
 ( 1.000000000000000000, 0.6634589761086379101, 1.000000000000000000),
 ( 1.000000000000000000, 0.6723982544212928625, 1.000000000000000000),
 ( 1.000000000000000000, 0.6822527694794982001, 1.000000000000000000),
 ( 1.000000000000000000, 0.6847225301350260418, 1.000000000000000000),
 ( 1.000000000000000000, 0.6880427219070258671, 1.000000000000000000),
 ( 1.000000000000000000, 0.6889054682033696198, 1.000000000000000000),
 ( 1.000000000000000000, 0.6895736869747890463, 1.000000000000000000),
 ( 1.000000000000000000, 0.6874628324326085282, 1.000000000000000000),
 ( 1.000000000000000000, 0.6807705007825141097, 1.000000000000000000),
 ( 1.000000000000000000, 0.6762048322957801005, 1.000000000000000000),
 ( 1.000000000000000000, 0.6675207129233227121, 1.000000000000000000),
 ( 1.000000000000000000, 0.6636540256906092727, 1.000000000000000000),
 ( 1.000000000000000000, 0.6570217305128055463, 1.000000000000000000),
 ( 1.000000000000000000, 0.6538611395929406767, 1.000000000000000000),
 ( 1.000000000000000000, 0.6450608381428039051, 1.000000000000000000),
 ( 1.000000000000000000, 0.6394059370745471815, 1.000000000000000000),
 ( 1.000000000000000000, 0.6229443848779300241, 1.000000000000000000),
 ( 1.000000000000000000, 0.6113135967145890692, 1.000000000000000000),
 ( 1.000000000000000000, 0.5849746809101213918, 1.000000000000000000),
 ( 1.000000000000000000, 0.5715752672547231850, 1.000000000000000000),
 ( 1.000000000000000000, 0.5450253703957319562, 1.000000000000000000),
 ( 1.000000000000000000, 0.5317933002951534815, 1.000000000000000000),
 ( 1.000000000000000000, 0.5065511210590231128, 1.000000000000000000),
 ( 1.000000000000000000, 0.4944697040949969091, 1.000000000000000000),
 ( 1.000000000000000000, 0.4717436254639140181, 1.000000000000000000),
 ( 1.000000000000000000, 0.4610351776632818366, 1.000000000000000000),
 ( 1.000000000000000000, 0.4419655111579798290, 1.000000000000000000),
 ( 1.000000000000000000, 0.4335591032376325815, 1.000000000000000000),
 ( 1.000000000000000000, 0.4263426273163251623, 1.000000000000000000) ) ) 
 REPRESENTATION_ITEM ( '' )  SURFACE ( )  );
#965 = CARTESIAN_POINT ( 'NONE',  ( 2.326265289139993087, 4.009349453381084949, -8.148217201232908380 ) ) ;
#966 = CARTESIAN_POINT ( 'NONE',  ( 27.52521049402590947, 8.495177132996738933, -9.242461832243256126 ) ) ;
#967 = CARTESIAN_POINT ( 'NONE',  ( 0.000000000000000000, 12.99999999999999822, 0.000000000000000000 ) ) ;
#968 = CARTESIAN_POINT ( 'NONE',  ( 25.65969582613392674, -2.093925711233712406, 18.16731802656491368 ) ) ;
#969 = CARTESIAN_POINT ( 'NONE',  ( -5.999581399109307434, 7.244259548722162378, 6.056724251092621358 ) ) ;
#970 = VERTEX_POINT ( 'NONE', #1310 ) ;
#971 = CARTESIAN_POINT ( 'NONE',  ( -12.02842140197754084, 3.868316681562395054, -11.79829883575439453 ) ) ;
#972 = CARTESIAN_POINT ( 'NONE',  ( 119.4986634005262545, 5.359195757880132582, -2.273616919420032634 ) ) ;
#973 = CARTESIAN_POINT ( 'NONE',  ( 15.61686613812625701, 2.654299098942485280, 11.18707561217003033 ) ) ;
#974 = CARTESIAN_POINT ( 'NONE',  ( 28.96204070667308628, 8.658752992963286488, -9.743270174104978310 ) ) ;
#975 = CARTESIAN_POINT ( 'NONE',  ( -117.5348706393409373, 5.779124084456817911, -2.930282423709713147 ) ) ;
#976 = CARTESIAN_POINT ( 'NONE',  ( -16.37742749406182341, 2.197157160018721633, -11.61886856175345173 ) ) ;
#977 = CARTESIAN_POINT ( 'NONE',  ( -114.9418283130398351, 6.086626668996309775, 4.515785920461176772 ) ) ;
#978 = PERSON_AND_ORGANIZATION ( #4636, #854 ) ;
#979 = ORIENTED_EDGE ( 'NONE', *, *, #3656, .T. ) ;
#980 = DIRECTION ( 'NONE',  ( 0.000000000000000000, 0.000000000000000000, -1.000000000000000000 ) ) ;
#981 = CARTESIAN_POINT ( 'NONE',  ( -6.600108300323628718, 7.175253650201696587, 6.103122104795600578 ) ) ;
#982 = CARTESIAN_POINT ( 'NONE',  ( -121.0512007968226982, 3.342629995888987349, -10.55228290013388204 ) ) ;
#983 = CARTESIAN_POINT ( 'NONE',  ( 9.756229943565498886, 4.449962661889141913, 8.342178632346463729 ) ) ;
#984 = CARTESIAN_POINT ( 'NONE',  ( -23.83094309464608784, -0.1690408560491457046, -15.44751078198089367 ) ) ;
#985 = CARTESIAN_POINT ( 'NONE',  ( -2.755067196846947120, 3.648698123895385503, -5.370688060141245224 ) ) ;
#986 = CARTESIAN_POINT ( 'NONE',  ( -63.40163402557268313, 7.927841250716709531, 7.230587519019155529 ) ) ;
#987 = CARTESIAN_POINT ( 'NONE',  ( -6.180796655201794998, 8.249244353209128633, -1.142937965253144394 ) ) ;
#988 = CARTESIAN_POINT ( 'NONE',  ( -43.75011263034006248, -0.8330642062531200542, -16.43408217571446883 ) ) ;
#989 = CARTESIAN_POINT ( 'NONE',  ( -40.31276231785854947, 8.050126372379123652, 9.136542754959203094 ) ) ;
#990 = CARTESIAN_POINT ( 'NONE',  ( 113.0863937921653388, 5.620451362896222491, -4.629214357639654054 ) ) ;
#991 = EDGE_CURVE ( 'NONE', #5183, #1270, #5527, .T. ) ;
#992 = ADVANCED_FACE ( 'NONE', ( #657 ), #1178, .T. ) ;
#993 = CARTESIAN_POINT ( 'NONE',  ( 107.9433831749651347, 4.240314919495766333, 5.220912007026260682 ) ) ;
#994 = CARTESIAN_POINT ( 'NONE',  ( -119.0423919062328793, 6.543005861768409481, 3.097296230841560138 ) ) ;
#995 = CARTESIAN_POINT ( 'NONE',  ( -2.283187490559525301, 6.210647824502258274, 5.548595397989044997 ) ) ;
#996 = CARTESIAN_POINT ( 'NONE',  ( 39.26834090683603051, 3.588537788843178866, -14.15559577941895064 ) ) ;
#997 = CARTESIAN_POINT ( 'NONE',  ( 12.99627055257904651, 7.651358428343363549, -6.741926251850721918 ) ) ;
#998 = CARTESIAN_POINT ( 'NONE',  ( 5.642379320819968846, 4.237213290409666655, -2.027208748038724639 ) ) ;
#999 = CARTESIAN_POINT ( 'NONE',  ( -119.6462526127577632, 5.806668563912916525, -1.632183271593146578 ) ) ;
#1000 = DIRECTION ( 'NONE',  ( -0.8234765067720052345, -0.3134047386511102928, -0.4729311922316025707 ) ) ;
#1001 = CARTESIAN_POINT ( 'NONE',  ( -119.6550350879338254, 5.476594363033334467, -1.903546172211461274 ) ) ;
#1002 = B_SPLINE_SURFACE_WITH_KNOTS ( 'NONE', 3, 3, ( 
 ( #6390, #2679, #3771, #1663, #6801, #4258, #5260, #6324, #1563, #531, #2640, #3713 ),
 ( #2124, #4803, #5874, #4771, #2159, #116, #2221, #6358, #1630, #1699, #6488, #2810 ),
 ( #5491, #3876, #3915, #5974, #2843, #1766, #1218, #2257, #5008, #3474, #6007, #6456 ),
 ( #3984, #4936, #5525, #1284, #766, #3398, #2876, #2366, #182, #1255, #6041, #4968 ),
 ( #3364, #2917, #292, #215, #699, #2327, #253, #4426, #5458, #6080, #4465, #6562 ),
 ( #1836, #4903, #6524, #1871, #4361, #148, #732, #2292, #1803, #1732, #3434, #3948 ),
 ( #2400, #4396, #1318, #806, #4498, #6596, #3843, #1355, #5566, #3329, #2773, #4869 ),
 ( #5939, #5424, #2559, #5667, #5695, #4594, #6695, #327, #4019, #6149, #2986, #5047 ),
 ( #6117, #6213, #1424, #845, #1488, #5598, #6628, #5145, #3601, #1980, #450, #6179 ),
 ( #1455, #2527, #971, #1390, #4115, #3048, #3633, #2431, #3015, #6723, #4081, #421 ),
 ( #3541, #1912, #1947, #905, #4147, #3574, #2498, #3508, #2010, #876, #4627, #4662 ),
 ( #3077, #2954, #940, #394, #4529, #5174, #6758, #2042, #5077, #6244, #2467, #1518 ) ),
 .UNSPECIFIED., .F., .F., .F.,
 ( 4, 1, 1, 1, 1, 1, 1, 1, 1, 4 ),
 ( 4, 1, 1, 1, 1, 1, 1, 1, 1, 4 ),
 ( 0.000000000000000000, 0.1417127847671508789, 0.1551509052515029907, 0.1657356023788452148, 0.1771409809589385986, 0.2231217920780181885, 0.3333333432674407959, 0.5326879024505615234, 0.6666666865348815918, 1.000000000000000000 ),
 ( 0.000000000000000000, 0.08963161706924438477, 0.1213425919413566589, 0.1563608050346374512, 0.2438607364892959595, 0.3333333432674407959, 0.4686315357685089111, 0.6666666865348815918, 0.8459483385086059570, 1.000000000000000000 ),
 .UNSPECIFIED. ) ;
#1003 = ORIENTED_EDGE ( 'NONE', *, *, #5505, .T. ) ;
#1004 = CARTESIAN_POINT ( 'NONE',  ( -1.474866345750313279, 2.632002388941682369, 0.1971036344766617099 ) ) ;
#1005 = CARTESIAN_POINT ( 'NONE',  ( 116.7838902796132743, 5.497828520809711961, -4.368713801202941838 ) ) ;
#1006 = CARTESIAN_POINT ( 'NONE',  ( 7.929864794613053824, 3.999283449297950543, 7.835448456113320859 ) ) ;
#1007 = CARTESIAN_POINT ( 'NONE',  ( -5.942261558411303213, 8.403304335356910570, 0.8922084527098267381 ) ) ;
#1008 = CARTESIAN_POINT ( 'NONE',  ( -22.00819258947815626, 0.8448065932026034286, -14.87789409134662044 ) ) ;
#1009 = CARTESIAN_POINT ( 'NONE',  ( 118.6361918069892027, 6.237724124109402801, -3.212039511149749949 ) ) ;
#1010 = CARTESIAN_POINT ( 'NONE',  ( -6.271432625194578669, 4.757532169216233342, -7.388375260635019259 ) ) ;
#1011 = PERSON_AND_ORGANIZATION_ROLE ( 'creator' ) ;
#1012 = ORIENTED_EDGE ( 'NONE', *, *, #1520, .T. ) ;
#1013 = CARTESIAN_POINT ( 'NONE',  ( 2.550715831813283430, 6.847748703076017129, -5.438043810644070497 ) ) ;
#1014 = CARTESIAN_POINT ( 'NONE',  ( 5.637616081439342786, 4.240835906776792008, -2.041045534347710522 ) ) ;
#1015 = CARTESIAN_POINT ( 'NONE',  ( -59.19049368106983877, 7.797289373217582309, 7.621777922539487271 ) ) ;
#1016 = CARTESIAN_POINT ( 'NONE',  ( -105.6942510740076813, 6.609068768386704207, 4.990296521647916705 ) ) ;
#1017 = AXIS2_PLACEMENT_3D ( 'NONE', #6172, #3567, #3533 ) ;
#1018 = CARTESIAN_POINT ( 'NONE',  ( 119.6586324568944519, 5.769575906347250260, 0.4641242207879484605 ) ) ;
#1019 = CARTESIAN_POINT ( 'NONE',  ( -114.6293581884371378, 5.496248190732748284, -4.064682580665100353 ) ) ;
#1020 = EDGE_CURVE ( 'NONE', #661, #3582, #4762, .T. ) ;
#1021 = CARTESIAN_POINT ( 'NONE',  ( 118.6138059647782654, 5.386657740504432468, -3.190451203879086872 ) ) ;
#1022 = CARTESIAN_POINT ( 'NONE',  ( -50.67192970045954326, 0.7140321037174085506, -14.56935829857146025 ) ) ;
#1023 = AXIS2_PLACEMENT_3D ( 'NONE', #3495, #864, #2974 ) ;
#1024 = CARTESIAN_POINT ( 'NONE',  ( -10.44330267291820213, 7.594935608150758632, 6.388295987620701943 ) ) ;
#1025 = CARTESIAN_POINT ( 'NONE',  ( -4.891533344593905319, 8.288922083057300938, 3.478309873482021697 ) ) ;
#1026 = CARTESIAN_POINT ( 'NONE',  ( -47.59102473355960683, -1.385330328583740611, -17.71209124029980941 ) ) ;
#1027 = CARTESIAN_POINT ( 'NONE',  ( -40.33120850054706352, 8.115223177173538360, 9.283700530282207097 ) ) ;
#1028 = CARTESIAN_POINT ( 'NONE',  ( 21.99890882075765219, 0.5595070223237460505, 14.70960416548961014 ) ) ;
#1029 = CIRCLE ( 'NONE', #6745, 0.2500000000000001110 ) ;
#1030 = CARTESIAN_POINT ( 'NONE',  ( 97.09153034401821003, 3.878159775559276490, 7.066883608748367962 ) ) ;
#1031 = CARTESIAN_POINT ( 'NONE',  ( -119.5453373121846710, 6.747235489724602964, 2.164805375388275444 ) ) ;
#1032 = CARTESIAN_POINT ( 'NONE',  ( -2.535993521747609947, 6.636571297630074362, 6.191818223223073403 ) ) ;
#1033 = DIRECTION ( 'NONE',  ( -0.000000000000000000, -1.000000000000000000, -0.000000000000000000 ) ) ;
#1034 = CARTESIAN_POINT ( 'NONE',  ( 19.72686981301927744, 7.981515830722167415, -7.964109335141083434 ) ) ;
#1035 = CARTESIAN_POINT ( 'NONE',  ( 3.648967739946760158, 3.744577358581492543, 4.761241966860023211 ) ) ;
#1036 = CARTESIAN_POINT ( 'NONE',  ( 27.99309096207418079, -1.247507702157356402, 17.43730787394675730 ) ) ;
#1037 = CARTESIAN_POINT ( 'NONE',  ( 4.798971075834399080, 6.460979685594169908, -6.234199713410451871 ) ) ;
#1038 = CARTESIAN_POINT ( 'NONE',  ( -119.6525876690675005, 6.141986260103971418, 1.667793246020034648 ) ) ;
#1039 = ORIENTED_EDGE ( 'NONE', *, *, #5843, .F. ) ;
#1040 = CARTESIAN_POINT ( 'NONE',  ( 9.674709713264090115E-16, 7.155734338404329264E-15, 7.900000000000000355 ) ) ;
#1041 = CARTESIAN_POINT ( 'NONE',  ( 118.0584234447915577, 5.672944062593350267, -3.994836790886200362 ) ) ;
#1042 = ADVANCED_FACE ( 'NONE', ( #2286 ), #2458, .F. ) ;
#1043 = FACE_OUTER_BOUND ( 'NONE', #5838, .T. ) ;
#1044 = CARTESIAN_POINT ( 'NONE',  ( 5.218243180326640918, 4.165948273009798086, 7.168765167118106518 ) ) ;
#1045 = CARTESIAN_POINT ( 'NONE',  ( -4.628652285715747716, 8.166394083276927063, 3.821029224259620882 ) ) ;
#1046 = CARTESIAN_POINT ( 'NONE',  ( 5.314487835364992918, 6.395982367716195327, -6.120199369805092715 ) ) ;
#1047 = CARTESIAN_POINT ( 'NONE',  ( -2.520400149077856700, 6.968575942970682391, 5.889756391797207336 ) ) ;
#1048 = CARTESIAN_POINT ( 'NONE',  ( -7.642198000361857702, 4.533639922778801790, -7.755917631637159637 ) ) ;
#1049 = B_SPLINE_CURVE_WITH_KNOTS ( 'NONE', 3,
 ( #872, #2982, #1452, #1944 ),
 .UNSPECIFIED., .F., .F.,
 ( 4, 4 ),
 ( 2.101057372163647456E-16, 8.983564849765468801E-05 ),
 .UNSPECIFIED. ) ;
#1050 = EDGE_LOOP ( 'NONE', ( #1802, #4507, #3414, #6025, #5694, #747 ) ) ;
#1051 = CARTESIAN_POINT ( 'NONE',  ( 1.922371283902251093, 4.422577457488477748, 6.693559900492492609 ) ) ;
#1052 = CARTESIAN_POINT ( 'NONE',  ( 5.942868015091566036, 3.798646375202513248, 0.7753830566722249573 ) ) ;
#1053 = CARTESIAN_POINT ( 'NONE',  ( -95.12758477028786785, 6.981685300630954494, 5.628040844993311254 ) ) ;
#1054 = CARTESIAN_POINT ( 'NONE',  ( 20.36695825982476649, 1.309239711853770194, 14.03875938981235905 ) ) ;
#1055 = CARTESIAN_POINT ( 'NONE',  ( 119.3103101067619463, 6.201996410205680377, -2.086476042510586826 ) ) ;
#1056 = CARTESIAN_POINT ( 'NONE',  ( 4.328593625213120077, 7.011740018771573268, 4.168946770940340052 ) ) ;
#1057 = CARTESIAN_POINT ( 'NONE',  ( -5.653002262115479404, 3.820929558454476904, 3.351710319519042969 ) ) ;
#1058 = CARTESIAN_POINT ( 'NONE',  ( -22.01017013318470461, 0.4394829062949311971, -14.59544467883262797 ) ) ;
#1059 = CARTESIAN_POINT ( 'NONE',  ( 4.908835738776065050, 3.532880176973625108, 3.430296587002672037 ) ) ;
#1060 = CARTESIAN_POINT ( 'NONE',  ( -4.427380248561797238, 8.385509458893716683, 4.053938442925320018 ) ) ;
#1061 = CARTESIAN_POINT ( 'NONE',  ( -77.40160859525325066, 3.413488399114496641, -9.922458840977245842 ) ) ;
#1062 = CARTESIAN_POINT ( 'NONE',  ( -71.93433793254102682, 7.215610944377061742, 6.843963707842383393 ) ) ;
#1063 = CARTESIAN_POINT ( 'NONE',  ( 105.7046175941306103, 6.325303857853684875, -5.134133779989246804 ) ) ;
#1064 = CARTESIAN_POINT ( 'NONE',  ( 106.3900261756212302, 4.200803860063771822, 5.470494442391750312 ) ) ;
#1065 = AXIS2_PLACEMENT_3D ( 'NONE', #2333, #4470, #3336 ) ;
#1066 = CARTESIAN_POINT ( 'NONE',  ( -119.4099245727334022, 6.266439374209561208, -0.7696734117225484395 ) ) ;
#1067 = CARTESIAN_POINT ( 'NONE',  ( -5.833204182709386565, 4.094170208826231061, 2.429817080184887512 ) ) ;
#1068 = LOCAL_TIME ( 21, 27, 0.000000000000000000, #5182 ) ;
#1069 = CARTESIAN_POINT ( 'NONE',  ( 63.17706376456783346, 4.330402251008412584, -11.13518047332764560 ) ) ;
#1070 = CARTESIAN_POINT ( 'NONE',  ( 27.53198608695021932, 8.382877791823304392, -9.242539377647043253 ) ) ;
#1071 = DIRECTION ( 'NONE',  ( -0.000000000000000000, -1.000000000000000000, -0.000000000000000000 ) ) ;
#1072 = CARTESIAN_POINT ( 'NONE',  ( 29.31604171384796942, -3.233286376712013244, 19.38370477616525278 ) ) ;
#1073 = CARTESIAN_POINT ( 'NONE',  ( 72.24012254483967865, 2.634014058518398649, 10.92276793314525918 ) ) ;
#1074 = CARTESIAN_POINT ( 'NONE',  ( -119.6466616677240467, 5.783241344830867270, -1.644586203594093687 ) ) ;
#1075 = CARTESIAN_POINT ( 'NONE',  ( -4.791149215302721309, 6.677386727421343871, 6.077200002106718735 ) ) ;
#1076 = SPHERICAL_SURFACE ( 'NONE', #4757, 0.2500000000000000000 ) ;
#1077 = FACE_OUTER_BOUND ( 'NONE', #4661, .T. ) ;
#1078 = CARTESIAN_POINT ( 'NONE',  ( 119.2878552235083731, 5.619107281678689780, -2.712981958048020559 ) ) ;
#1079 = CARTESIAN_POINT ( 'NONE',  ( 8.966969021604615619, 6.644850937613152375, -6.276534414209182344 ) ) ;
#1080 = CARTESIAN_POINT ( 'NONE',  ( -97.24017988750414077, 6.921866681049730907, 5.533690076496887045 ) ) ;
#1081 = CARTESIAN_POINT ( 'NONE',  ( -2.552876136196874146, 4.693618173575054620, -6.789052109923874312 ) ) ;
#1082 = EDGE_CURVE ( 'NONE', #1979, #2275, #1735, .T. ) ;
#1083 = ADVANCED_FACE ( 'NONE', ( #4458 ), #2803, .T. ) ;
#1084 = ORIENTED_EDGE ( 'NONE', *, *, #1082, .F. ) ;
#1085 = CARTESIAN_POINT ( 'NONE',  ( -2.530835030330176316, 6.750305821723797450, 6.094499183668530939 ) ) ;
#1086 = CARTESIAN_POINT ( 'NONE',  ( 3.843865112530487238, 5.075865488931734504, -4.611616347719145637 ) ) ;
#1087 = CARTESIAN_POINT ( 'NONE',  ( 65.52995189212070670, 7.375763048810202172, -7.196263535225583929 ) ) ;
#1088 = CARTESIAN_POINT ( 'NONE',  ( -2.282485517326263480, 6.703067404917168126, 5.548884199849538845 ) ) ;
#1089 = CARTESIAN_POINT ( 'NONE',  ( 118.4354298747327618, 6.164260941632295321, -3.697961423102100742 ) ) ;
#1090 = CARTESIAN_POINT ( 'NONE',  ( 6.035228442792576864, 8.025107951683949636, 1.803216905772908385 ) ) ;
#1091 = CARTESIAN_POINT ( 'NONE',  ( -2.612848997116082206, 12.06717303532214913, 15.69466209411621271 ) ) ;
#1092 = CARTESIAN_POINT ( 'NONE',  ( 3.564070993205986415, 7.629558310520573094, -5.308953758495539077 ) ) ;
#1093 = CARTESIAN_POINT ( 'NONE',  ( 118.6377758246532750, 5.130224946213300719, -3.691975969100201649 ) ) ;
#1094 = CARTESIAN_POINT ( 'NONE',  ( -5.958857667775673050, 8.360674934941998870, -0.7785106393287377635 ) ) ;
#1095 = CARTESIAN_POINT ( 'NONE',  ( -89.86547856549661617, 4.456556958978657335, -8.395830349042833873 ) ) ;
#1096 = CARTESIAN_POINT ( 'NONE',  ( -1.724218512689714489, 4.151641171732471491, -5.893145863417377228 ) ) ;
#1097 = CARTESIAN_POINT ( 'NONE',  ( 59.83442183239764489, 2.069686831977838093, 13.13357154211634281 ) ) ;
#1098 = CARTESIAN_POINT ( 'NONE',  ( 104.8277909953120712, 2.589641783953550380, 10.12034775951711119 ) ) ;
#1099 = CARTESIAN_POINT ( 'NONE',  ( -119.3996598954442305, 6.122438362757664621, -1.397881140120793342 ) ) ;
#1100 = CARTESIAN_POINT ( 'NONE',  ( -3.119029578671097092, 5.831207930421211216, 5.596353545856601386 ) ) ;
#1101 = CARTESIAN_POINT ( 'NONE',  ( 22.85779168778293524, 3.904127107567655131, -12.76580333709716975 ) ) ;
#1102 = EDGE_LOOP ( 'NONE', ( #2826, #6286 ) ) ;
#1103 = CARTESIAN_POINT ( 'NONE',  ( 12.99047882739475313, 7.576826553765861227, -6.822028775582179350 ) ) ;
#1104 = CARTESIAN_POINT ( 'NONE',  ( -36.63861017213282167, 8.801982743249457286, 9.603139000591285779 ) ) ;
#1105 = CARTESIAN_POINT ( 'NONE',  ( 31.47679767301300657, -2.027562226066129014, 18.31949227449929296 ) ) ;
#1106 = CARTESIAN_POINT ( 'NONE',  ( -22.02895240702556023, 0.6611015828451201060, -14.70960416548961369 ) ) ;
#1107 = CARTESIAN_POINT ( 'NONE',  ( -119.4051709218311714, 5.476351854495688620, -1.911351683704584525 ) ) ;
#1108 = FACE_OUTER_BOUND ( 'NONE', #5828, .T. ) ;
#1109 = CARTESIAN_POINT ( 'NONE',  ( -119.6525306702168336, 5.942114771912637039, -0.6581446232987318012 ) ) ;
#1110 = CARTESIAN_POINT ( 'NONE',  ( -4.791149215306254483, 6.677386727415018264, 6.077200002112485677 ) ) ;
#1111 = CARTESIAN_POINT ( 'NONE',  ( -7.988628681859364811, 3.786795890732466585, -7.620571177730290024 ) ) ;
#1112 = CARTESIAN_POINT ( 'NONE',  ( 2.311438767830584329, 6.609076032073982532, -6.183445843087144844 ) ) ;
#1113 = VERTEX_POINT ( 'NONE', #321 ) ;
#1114 = FACE_BOUND ( 'NONE', #4770, .T. ) ;
#1115 = CARTESIAN_POINT ( 'NONE',  ( 4.197164828401954040, 5.335550669983307515, -4.289560200170162041 ) ) ;
#1116 = PRODUCT_DEFINITION_SHAPE ( 'NONE', 'NONE',  #4651 ) ;
#1117 = CARTESIAN_POINT ( 'NONE',  ( 15.20546301300761804, 7.586414719754261959, -7.171159518540084932 ) ) ;
#1118 = CARTESIAN_POINT ( 'NONE',  ( 65.51863557731773824, 7.574624793243080134, -7.100836520591530032 ) ) ;
#1119 = CARTESIAN_POINT ( 'NONE',  ( 2.552368858704555432, 6.463245982890923003, -6.002003839226408566 ) ) ;
#1120 = CARTESIAN_POINT ( 'NONE',  ( -13.89632701873779652, 2.963489563642475400, -11.50171756744384943 ) ) ;
#1121 = DIRECTION ( 'NONE',  ( 0.000000000000000000, 0.000000000000000000, -1.000000000000000000 ) ) ;
#1122 = EDGE_LOOP ( 'NONE', ( #927, #2720, #4292, #1765 ) ) ;
#1123 = DIRECTION ( 'NONE',  ( 0.000000000000000000, 1.000000000000000000, 0.000000000000000000 ) ) ;
#1124 = CIRCLE ( 'NONE', #4975, 3.000000000000021316 ) ;
#1125 = ADVANCED_FACE ( 'NONE', ( #4109 ), #3466, .T. ) ;
#1126 = CARTESIAN_POINT ( 'NONE',  ( 2.285037385040735280, 6.879902865271675161, -5.628479988899227848 ) ) ;
#1127 = CARTESIAN_POINT ( 'NONE',  ( -81.53084635302226957, 3.681054611054884074, -9.233353662676536899 ) ) ;
#1128 = CARTESIAN_POINT ( 'NONE',  ( -47.67127792615782766, 0.5175357628697465628, -15.61331006017293177 ) ) ;
#1129 = CARTESIAN_POINT ( 'NONE',  ( 47.64029871738229360, 0.2976037136702042729, 15.61331006017292644 ) ) ;
#1130 = CARTESIAN_POINT ( 'NONE',  ( 112.6080277558490224, 4.845641796861272610, 4.591957519668022236 ) ) ;
#1131 = CIRCLE ( 'NONE', #5655, 0.2500000000000006661 ) ;
#1132 = ORIENTED_EDGE ( 'NONE', *, *, #874, .F. ) ;
#1133 = CARTESIAN_POINT ( 'NONE',  ( -118.6510796592510957, 6.786121191002015607, 3.198964688823165314 ) ) ;
#1134 = CARTESIAN_POINT ( 'NONE',  ( -2.515406093557194467, 7.069823100506428482, 5.789568162378156302 ) ) ;
#1135 = CIRCLE ( 'NONE', #2356, 0.2499999999999997780 ) ;
#1136 = CARTESIAN_POINT ( 'NONE',  ( 38.69400149900155128, 8.157898971728295479, 1.272278547286980643 ) ) ;
#1137 = CARTESIAN_POINT ( 'NONE',  ( 5.009500595372600174, 6.919202007678797450, -6.207892201937057486 ) ) ;
#1138 = CARTESIAN_POINT ( 'NONE',  ( 113.1080060733476955, 6.080736552377262072, -4.730745115685645708 ) ) ;
#1139 = CARTESIAN_POINT ( 'NONE',  ( 44.69592285474316640, -0.7858665004694019851, 16.14311207191429531 ) ) ;
#1140 =( BOUNDED_SURFACE ( )  B_SPLINE_SURFACE ( 3, 2, ( 
 ( #1316, #3327, #5971 ),
 ( #660, #3874, #6420 ),
 ( #4966, #6558, #6039 ),
 ( #290, #4321, #4864 ),
 ( #3804, #5905, #3841 ),
 ( #146, #6453, #1730 ),
 ( #5564, #2396, #4496 ),
 ( #2950, #1352, #5043 ),
 ( #6594, #843, #3471 ),
 ( #1869, #3982, #6078 ),
 ( #3251, #3703, #6242 ),
 ( #4283, #2666, #4660 ),
 ( #3181, #5282, #2150 ),
 ( #1038, #5832, #4760 ),
 ( #3145, #2705, #79 ),
 ( #486, #4727, #44 ),
 ( #5245, #3763, #4250 ),
 ( #2184, #554, #2592 ),
 ( #1654, #2040, #6756 ),
 ( #2073, #521, #1516 ),
 ( #5796, #6348, #4796 ),
 ( #1621, #3214, #1588 ),
 ( #1074, #4145, #3734 ),
 ( #5316, #1001, #1107 ) ),
 .UNSPECIFIED., .F., .F., .T. ) 
 B_SPLINE_SURFACE_WITH_KNOTS ( ( 4, 2, 2, 2, 2, 2, 2, 2, 2, 2, 2, 4 ),
 ( 3, 3 ),
 ( 0.1121355139585554356, 0.1130794089598445573, 0.1140233039611336652, 0.1149671989624227730, 0.1154391464630673270, 0.1156751202133896039, 0.1159110939637118809, 0.1163830414643564348, 0.1168549889650009888, 0.1177988839662900966, 0.1187427789675792045, 0.1196866739688683262 ),
 ( 0.000000000000000000, 1.000000000000000000 ),
 .UNSPECIFIED. ) 
 GEOMETRIC_REPRESENTATION_ITEM ( )  RATIONAL_B_SPLINE_SURFACE ( (
 ( 1.000000000000000000, 0.7397351428080900515, 1.000000000000000000),
 ( 1.000000000000000000, 0.7366624650664818086, 1.000000000000000000),
 ( 1.000000000000000000, 0.7327128281020635070, 1.000000000000000000),
 ( 1.000000000000000000, 0.7233445510185446681, 1.000000000000000000),
 ( 1.000000000000000000, 0.7172079881487011255, 1.000000000000000000),
 ( 1.000000000000000000, 0.7091864344956843036, 1.000000000000000000),
 ( 1.000000000000000000, 0.7070406720782129728, 1.000000000000000000),
 ( 1.000000000000000000, 0.7064597965087103804, 1.000000000000000000),
 ( 1.000000000000000000, 0.7067978198602965501, 1.000000000000000000),
 ( 1.000000000000000000, 0.7070364323092938053, 1.000000000000000000),
 ( 1.000000000000000000, 0.7070168869270234691, 1.000000000000000000),
 ( 1.000000000000000000, 0.7067105610570560970, 1.000000000000000000),
 ( 1.000000000000000000, 0.7063786295696299344, 1.000000000000000000),
 ( 1.000000000000000000, 0.7056365035033607125, 1.000000000000000000),
 ( 1.000000000000000000, 0.7054988234753791776, 1.000000000000000000),
 ( 1.000000000000000000, 0.7052555921814638307, 1.000000000000000000),
 ( 1.000000000000000000, 0.7050218941963825037, 1.000000000000000000),
 ( 1.000000000000000000, 0.7041379012035609009, 1.000000000000000000),
 ( 1.000000000000000000, 0.7032874487610002445, 1.000000000000000000),
 ( 1.000000000000000000, 0.7025403894771574675, 1.000000000000000000),
 ( 1.000000000000000000, 0.7027002283860828147, 1.000000000000000000),
 ( 1.000000000000000000, 0.7053083867204250623, 1.000000000000000000),
 ( 1.000000000000000000, 0.7064642502463972518, 1.000000000000000000),
 ( 1.000000000000000000, 0.7071263368314781861, 1.000000000000000000) ) ) 
 REPRESENTATION_ITEM ( '' )  SURFACE ( )  );
#1141 = CARTESIAN_POINT ( 'NONE',  ( 115.5848673310947277, 4.574829157854853001, 3.573094148808744652 ) ) ;
#1142 = AXIS2_PLACEMENT_3D ( 'NONE', #1737, #6598, #3809 ) ;
#1143 = CARTESIAN_POINT ( 'NONE',  ( -1.730006773736293857, 5.169130041880638515, -5.745166017006867243 ) ) ;
#1144 = CARTESIAN_POINT ( 'NONE',  ( 1.941672153802067147, 5.356104413871015879, 6.159285167103705660 ) ) ;
#1145 = CARTESIAN_POINT ( 'NONE',  ( -119.6357839115904085, 6.146857875617608435, 1.794461359730269878 ) ) ;
#1146 = DIRECTION ( 'NONE',  ( 0.2317768699345895966, -0.001069658800742503144, -0.9727683888744403928 ) ) ;
#1147 = CARTESIAN_POINT ( 'NONE',  ( -2.483620202600132831, 4.328843195737128724, -6.785171057543912809 ) ) ;
#1148 = CARTESIAN_POINT ( 'NONE',  ( -3.946864147075713980, 4.719780506904434070, -6.956837702156702719 ) ) ;
#1149 = EDGE_LOOP ( 'NONE', ( #343, #6357, #4275, #6196 ) ) ;
#1150 = CARTESIAN_POINT ( 'NONE',  ( -2.520400149077856700, 6.968575942970682391, 5.889756391797207336 ) ) ;
#1151 = CARTESIAN_POINT ( 'NONE',  ( 4.481501884791957657, 4.699301570981995191, -3.990965135207171333 ) ) ;
#1152 = DIRECTION ( 'NONE',  ( -1.000000000000000000, 0.000000000000000000, 0.000000000000000000 ) ) ;
#1153 = CARTESIAN_POINT ( 'NONE',  ( -1.929926976300566421, 4.089221404012000960, -6.468288045926158247 ) ) ;
#1154 = CARTESIAN_POINT ( 'NONE',  ( 3.381134515052779399, 6.478148716372041704, 4.966597428190697272 ) ) ;
#1155 = CARTESIAN_POINT ( 'NONE',  ( 2.058099269866941139, 2.939693482099489774, -4.204326152801513672 ) ) ;
#1156 = CARTESIAN_POINT ( 'NONE',  ( 1.693500899575827390, 11.05820597048308684, 6.684208090855991102 ) ) ;
#1157 = ORIENTED_EDGE ( 'NONE', *, *, #4116, .F. ) ;
#1158 = CARTESIAN_POINT ( 'NONE',  ( 1.631192407415738899, 4.201441003049459333, 5.770181753780599720 ) ) ;
#1159 = ADVANCED_FACE ( 'NONE', ( #354 ), #6410, .T. ) ;
#1160 = CARTESIAN_POINT ( 'NONE',  ( -1.894529539827460418, 5.440124759004244304, -6.077962805435734417 ) ) ;
#1161 = CARTESIAN_POINT ( 'NONE',  ( -96.08748667533922116, 4.728094283939870301, -7.456799803104275703 ) ) ;
#1162 = CARTESIAN_POINT ( 'NONE',  ( -75.35097147252886884, 3.675704218160379178, -10.56660438353262066 ) ) ;
#1163 = FACE_OUTER_BOUND ( 'NONE', #1237, .T. ) ;
#1164 = EDGE_CURVE ( 'NONE', #3791, #1682, #3879, .T. ) ;
#1165 = DIRECTION ( 'NONE',  ( 0.9960418367007716212, 0.08523716787884137724, -0.02520485575732485384 ) ) ;
#1166 = ORIENTED_EDGE ( 'NONE', *, *, #3409, .F. ) ;
#1167 = CARTESIAN_POINT ( 'NONE',  ( 119.3980443730609124, 5.364925224826811778, -2.512641100650815140 ) ) ;
#1168 = CARTESIAN_POINT ( 'NONE',  ( 10.77222897558299763, 4.103042647892231720, 8.818310150022464100 ) ) ;
#1169 = CARTESIAN_POINT ( 'NONE',  ( 117.8117098176500974, 6.427571175876729548, -2.502082347869892143 ) ) ;
#1170 = B_SPLINE_CURVE_WITH_KNOTS ( 'NONE', 3,
 ( #4151, #5286, #1624, #5957, #3831, #5444, #4698, #4765, #1592, #5729, #5768, #2045, #3151, #48, #3185, #6319, #6247, #1557, #2634, #1007, #1238, #3674, #4220, #1522, #558, #1205, #3116, #1045, #2671, #3313, #3636, #5252, #3708, #526, #6795, #4253 ),
 .UNSPECIFIED., .F., .F.,
 ( 4, 2, 2, 2, 2, 2, 2, 2, 2, 2, 2, 2, 2, 2, 2, 2, 2, 4 ),
 ( 4.383887255861194055E-16, 0.0009920984345973841902, 0.001984196869194329929, 0.002976295303791275451, 0.003968393738388220106, 0.004960492172985165628, 0.005952590607582109415, 0.006944689042179053202, 0.007936787476775997857, 0.008928885911372941644, 0.009920984345969887166, 0.01091308278056683095, 0.01190518121516377301, 0.01240123043246224750, 0.01289727964976071853, 0.01388937808435766405, 0.01488147651895460610, 0.01587357495355154469 ),
 .UNSPECIFIED. ) ;
#1171 = CARTESIAN_POINT ( 'NONE',  ( -6.100772832892478625, 6.387740442999676027, 6.022580848036829693 ) ) ;
#1172 = CARTESIAN_POINT ( 'NONE',  ( -4.562980689014622726, 6.472157874359378837, 6.388173655724949107 ) ) ;
#1173 = AXIS2_PLACEMENT_3D ( 'NONE', #2976, #1342, #280 ) ;
#1174 = CARTESIAN_POINT ( 'NONE',  ( 46.16863076363451768, -0.03811567499499823181, 16.02327301305921026 ) ) ;
#1175 = CARTESIAN_POINT ( 'NONE',  ( 61.90271525356928350, 1.826425648917234357, 12.56298293993515003 ) ) ;
#1176 = CARTESIAN_POINT ( 'NONE',  ( -6.626459494206754286, 6.398004710959907193, 5.999250812768228691 ) ) ;
#1177 = CARTESIAN_POINT ( 'NONE',  ( 7.966124579303846431, 9.793274151136861505, -11.60427188873291193 ) ) ;
#1178 = SPHERICAL_SURFACE ( 'NONE', #2677, 6.915440399266786109 ) ;
#1179 = CARTESIAN_POINT ( 'NONE',  ( 10.51710751007899702, 6.925756020689322057, -6.470713102645167858 ) ) ;
#1180 = CARTESIAN_POINT ( 'NONE',  ( -71.85575748585409883, 7.503530405873546805, 6.849895980887660940 ) ) ;
#1181 = CARTESIAN_POINT ( 'NONE',  ( -9.459935322357557297, 4.335510208284401479, -8.332717455494059067 ) ) ;
#1182 = ORIENTED_EDGE ( 'NONE', *, *, #4616, .F. ) ;
#1183 = DIRECTION ( 'NONE',  ( 0.000000000000000000, 0.000000000000000000, -1.000000000000000000 ) ) ;
#1184 = CARTESIAN_POINT ( 'NONE',  ( -5.819076264070441873, 3.832920256221423738, 1.497702184854630802 ) ) ;
#1185 = CARTESIAN_POINT ( 'NONE',  ( 25.57698123775609034, 8.225873305207876740, -8.977883282835584566 ) ) ;
#1186 = DIRECTION ( 'NONE',  ( -1.224646799147472769E-16, 0.000000000000000000, -1.000000000000000000 ) ) ;
#1187 = CARTESIAN_POINT ( 'NONE',  ( 1.636841296215914454, 5.125881331819337028, 5.769787514128205785 ) ) ;
#1188 = CARTESIAN_POINT ( 'NONE',  ( -5.357309818267816048, 11.99022725361438546, 15.66879367828369318 ) ) ;
#1189 = CARTESIAN_POINT ( 'NONE',  ( 19.41789588346665596, 7.334851794628506561, -7.751981073730039640 ) ) ;
#1190 = DIRECTION ( 'NONE',  ( 1.000000000000000000, 0.000000000000000000, -1.224646799147353207E-16 ) ) ;
#1191 = CARTESIAN_POINT ( 'NONE',  ( 78.27358753600810815, 6.921396044909202239, -6.521349484722629875 ) ) ;
#1192 = CARTESIAN_POINT ( 'NONE',  ( -97.79134568411538453, 2.985906865129400956, -10.48292539009933755 ) ) ;
#1193 = CARTESIAN_POINT ( 'NONE',  ( -34.63426863285810953, -2.044936767741860617, -18.50398900105087208 ) ) ;
#1194 = CARTESIAN_POINT ( 'NONE',  ( 109.4069333407863098, 6.204073942361361560, -4.943921726661326232 ) ) ;
#1195 = CC_DESIGN_PERSON_AND_ORGANIZATION_ASSIGNMENT ( #2604, #6799, ( #4651 ) ) ;
#1196 = CARTESIAN_POINT ( 'NONE',  ( 5.948119451796863189, 8.375867208058947355, -0.8922084527098282924 ) ) ;
#1197 = VERTEX_POINT ( 'NONE', #1865 ) ;
#1198 = CARTESIAN_POINT ( 'NONE',  ( 116.8698188226745458, 5.744646923937966498, -4.580598064394568958 ) ) ;
#1199 = CARTESIAN_POINT ( 'NONE',  ( -1.720890152237648074, 4.591105830421383871, -6.729825936433619482 ) ) ;
#1200 = ORIENTED_EDGE ( 'NONE', *, *, #4040, .F. ) ;
#1202 = EDGE_CURVE ( 'NONE', #1432, #1113, #2570, .T. ) ;
#1201 = CARTESIAN_POINT ( 'NONE',  ( 116.1735029434521635, 2.832298621320059162, 7.224443912506083088 ) ) ;
#1203 = ORIENTED_EDGE ( 'NONE', *, *, #5616, .F. ) ;
#1204 = ADVANCED_FACE ( 'NONE', ( #5625 ), #6656, .T. ) ;
#1205 = CARTESIAN_POINT ( 'NONE',  ( -4.915492743136952392, 8.298937655581500650, 3.444304295412665251 ) ) ;
#1206 = CARTESIAN_POINT ( 'NONE',  ( 8.831458572735257917, 7.489192106849746011, -6.188858336278919126 ) ) ;
#1207 = CARTESIAN_POINT ( 'NONE',  ( -4.205655346132202155, 8.786247303679342480, 6.501315360041434843 ) ) ;
#1208 = CARTESIAN_POINT ( 'NONE',  ( 32.50334087711749476, -2.514784731549332353, 18.11411883360826991 ) ) ;
#1209 = CARTESIAN_POINT ( 'NONE',  ( -71.23236932882045380, 2.875283648331215858, -11.11572892891118869 ) ) ;
#1210 = CARTESIAN_POINT ( 'NONE',  ( -2.226116859983531704, 4.678020879198655280, -6.760504647009251578 ) ) ;
#1211 = CARTESIAN_POINT ( 'NONE',  ( 4.794348731635257543, 2.922437678917966242, 4.603000164031980646 ) ) ;
#1212 = CARTESIAN_POINT ( 'NONE',  ( -5.423059402024147602, 8.656142938980563528, 3.151080880212734137 ) ) ;
#1213 = CARTESIAN_POINT ( 'NONE',  ( 119.6481342309791245, 5.900124647920577559, -1.667260815329627555 ) ) ;
#1214 = CARTESIAN_POINT ( 'NONE',  ( 37.17363549934896128, 8.058058933269133917, -9.507494594102578134 ) ) ;
#1215 = CARTESIAN_POINT ( 'NONE',  ( -34.90128047091254615, 8.798599595597728751, 9.593815468818251091 ) ) ;
#1216 = FACE_OUTER_BOUND ( 'NONE', #5224, .T. ) ;
#1217 = VERTEX_POINT ( 'NONE', #3501 ) ;
#1218 = CARTESIAN_POINT ( 'NONE',  ( -50.47176361083984375, 6.703869105754861835, 9.684874534606937146 ) ) ;
#1219 = CARTESIAN_POINT ( 'NONE',  ( -5.545656518048600603, 3.617876460204085820, -2.312503187517273684 ) ) ;
#1220 = CARTESIAN_POINT ( 'NONE',  ( 16.24268902875777698, 7.654434807566048882, -7.345275614769660066 ) ) ;
#1221 = CARTESIAN_POINT ( 'NONE',  ( 15.13585385666312355, 7.770081476150292765, -7.074667475819073736 ) ) ;
#1222 = CARTESIAN_POINT ( 'NONE',  ( 4.896874554612105968, 8.266335271638553195, -3.478309873482009706 ) ) ;
#1223 = CARTESIAN_POINT ( 'NONE',  ( -55.84744262695312500, 7.090962927295342055, 6.459886074066165662 ) ) ;
#1224 = CARTESIAN_POINT ( 'NONE',  ( 95.12780591220420945, 6.190523227911694626, -5.418785204185078364 ) ) ;
#1225 = ORIENTED_EDGE ( 'NONE', *, *, #5340, .F. ) ;
#1226 = EDGE_CURVE ( 'NONE', #3014, #1845, #5601, .T. ) ;
#1227 = CARTESIAN_POINT ( 'NONE',  ( -2.204889471268477230, 6.658470056134019543, 5.580171898753067516 ) ) ;
#1228 = CARTESIAN_POINT ( 'NONE',  ( -99.16973222834116086, 4.420589850826265099, -6.705946652366361782 ) ) ;
#1229 = CARTESIAN_POINT ( 'NONE',  ( 14.27269736838669623, 2.767126724432964480, 10.11739730331960807 ) ) ;
#1230 = AXIS2_PLACEMENT_3D ( 'NONE', #1748, #3857, #1233 ) ;
#1231 = SPHERICAL_SURFACE ( 'NONE', #1468, 0.2500000000000000000 ) ;
#1232 = VERTEX_POINT ( 'NONE', #5071 ) ;
#1233 = DIRECTION ( 'NONE',  ( 0.04288774699551250319, 0.9990798972843207837, 0.000000000000000000 ) ) ;
#1234 = CARTESIAN_POINT ( 'NONE',  ( -1.685101901805010183, 4.431114752323273009, -6.681295894286594539 ) ) ;
#1235 = EDGE_LOOP ( 'NONE', ( #4979, #3740, #6059, #2497 ) ) ;
#1236 = CARTESIAN_POINT ( 'NONE',  ( 128.3593494253411222, 5.376970598881476882, 0.6716856360435269346 ) ) ;
#1237 = EDGE_LOOP ( 'NONE', ( #6187, #3957, #3851, #4868 ) ) ;
#1238 = CARTESIAN_POINT ( 'NONE',  ( -5.884377294151628135, 8.438211525509473176, 1.216663294122386718 ) ) ;
#1239 = DIRECTION ( 'NONE',  ( 1.000000000000000000, 0.000000000000000000, -1.224646799147353207E-16 ) ) ;
#1240 = CARTESIAN_POINT ( 'NONE',  ( -8.516359039410266618, 6.770968304418965467, 6.224953790580061153 ) ) ;
#1241 = TOROIDAL_SURFACE ( 'NONE', #3008, 3.500000000000000000, 0.9999999999999574785 ) ;
#1242 = CARTESIAN_POINT ( 'NONE',  ( 33.02313164826275482, -2.550734169721843969, 18.15162283329950199 ) ) ;
#1243 = CARTESIAN_POINT ( 'NONE',  ( 44.67594694083323503, -0.7908114175112070932, 16.14894091221300698 ) ) ;
#1244 = CARTESIAN_POINT ( 'NONE',  ( -10.40894321909168241, 4.203977670576315440, -8.681441847782537025 ) ) ;
#1245 = CARTESIAN_POINT ( 'NONE',  ( 22.73565665495883437, 7.268653505779845148, -8.056432723999026990 ) ) ;
#1246 = AXIS2_PLACEMENT_3D ( 'NONE', #3719, #5230, #5880 ) ;
#1247 = CARTESIAN_POINT ( 'NONE',  ( -5.959916525894613848, 7.975916274226097613, -2.034214848785254492 ) ) ;
#1248 = CARTESIAN_POINT ( 'NONE',  ( 118.8152193083635950, 5.987887296812552940, -3.346420964080684790 ) ) ;
#1249 = CARTESIAN_POINT ( 'NONE',  ( 15.24399173275437569, 7.039406605193121003, -7.037852311706093822 ) ) ;
#1250 = CARTESIAN_POINT ( 'NONE',  ( -69.74084259456886059, 7.565594589735991526, 6.958965923485877170 ) ) ;
#1251 = CARTESIAN_POINT ( 'NONE',  ( -21.94003176985989256, 0.7746513446497182986, -14.94606730150437102 ) ) ;
#1252 = AXIS2_PLACEMENT_3D ( 'NONE', #3757, #6271, #1646 ) ;
#1253 = EDGE_CURVE ( 'NONE', #6157, #134, #5421, .T. ) ;
#1254 = ORIENTED_EDGE ( 'NONE', *, *, #5697, .T. ) ;
#1255 = CARTESIAN_POINT ( 'NONE',  ( -98.16054534912109375, 7.341377259670316846, 5.141020298004155720 ) ) ;
#1256 = CARTESIAN_POINT ( 'NONE',  ( -5.958133995590087828, 3.826108010524540859, -0.7753830566725929963 ) ) ;
#1257 = CARTESIAN_POINT ( 'NONE',  ( -13.32430325142205163, 3.270663556093042601, -9.952434064773047595 ) ) ;
#1258 = CARTESIAN_POINT ( 'NONE',  ( -1.712021983482537424, 5.049013030097043497, -6.114898411972632175 ) ) ;
#1259 = CARTESIAN_POINT ( 'NONE',  ( 5.327368439795837851, 8.412906926206026981, -2.791881189485520220 ) ) ;
#1260 = CARTESIAN_POINT ( 'NONE',  ( -71.86519622802734375, 4.425154478727374219, -8.386945724487301135 ) ) ;
#1261 = ORIENTED_EDGE ( 'NONE', *, *, #4041, .T. ) ;
#1262 = CARTESIAN_POINT ( 'NONE',  ( 57.06564489612193114, 7.547258187309055621, -7.791373819168445181 ) ) ;
#1263 = CARTESIAN_POINT ( 'NONE',  ( -101.7498479492875276, 4.530170381060257156, -6.251545125641948530 ) ) ;
#1264 = CARTESIAN_POINT ( 'NONE',  ( 81.52354134962773458, 3.744186693866374593, 9.468181551708870103 ) ) ;
#1265 = CARTESIAN_POINT ( 'NONE',  ( 5.970065281859825213, 8.067149812295053124, 0.7161457092694832882 ) ) ;
#1266 = ORIENTED_EDGE ( 'NONE', *, *, #648, .F. ) ;
#1267 = CARTESIAN_POINT ( 'NONE',  ( 119.6332114029821270, 5.285213299866739156, 1.337738858485698401 ) ) ;
#1268 = CARTESIAN_POINT ( 'NONE',  ( -1.690853155998676360, 4.473258623538309386, -6.728830203641299690 ) ) ;
#1269 = CARTESIAN_POINT ( 'NONE',  ( 77.46955323552843709, 7.737155799245338805, -5.600244998931897200 ) ) ;
#1270 = VERTEX_POINT ( 'NONE', #4653 ) ;
#1271 = CARTESIAN_POINT ( 'NONE',  ( -31.51867962100341458, -1.882199774840782824, -18.31949227450429163 ) ) ;
#1272 = CARTESIAN_POINT ( 'NONE',  ( -19.36200577044483850, 7.650979243542227692, 7.895597587226158787 ) ) ;
#1273 = DIRECTION ( 'NONE',  ( 0.000000000000000000, 0.000000000000000000, -1.000000000000000000 ) ) ;
#1274 = CARTESIAN_POINT ( 'NONE',  ( 48.51226031294859098, -1.389049353023339650, 17.46984510652391975 ) ) ;
#1275 = CARTESIAN_POINT ( 'NONE',  ( 29.45589058104266300, -2.022414310132247373, 17.57365612304198521 ) ) ;
#1276 = CARTESIAN_POINT ( 'NONE',  ( -8.992682501886733348, 6.613445454596911688, 6.167036377977351158 ) ) ;
#1277 = CARTESIAN_POINT ( 'NONE',  ( 10.72123163963820858, 4.607540284756312943, -2.762117147445680043 ) ) ;
#1278 = CARTESIAN_POINT ( 'NONE',  ( -2.305675107495420040, 6.474668977490790844, 6.014267845431183090 ) ) ;
#1279 = DIRECTION ( 'NONE',  ( -0.000000000000000000, -1.000000000000000000, -0.000000000000000000 ) ) ;
#1280 = CARTESIAN_POINT ( 'NONE',  ( 37.17656046412976423, 8.215028187614837663, -9.508403992375471958 ) ) ;
#1281 = CARTESIAN_POINT ( 'NONE',  ( -40.19534603192818878, 8.707401263233366606, 9.197821359701904953 ) ) ;
#1282 = CARTESIAN_POINT ( 'NONE',  ( -1.716107982210280491, 4.313962535870238035, -6.722947946190648061 ) ) ;
#1283 = EDGE_LOOP ( 'NONE', ( #1399, #712, #311 ) ) ;
#1284 = CARTESIAN_POINT ( 'NONE',  ( -22.08511352539062500, 7.818960757432916964, 8.698816299438478339 ) ) ;
#1285 = CARTESIAN_POINT ( 'NONE',  ( -6.109883611069066411, 3.885987218770253993, 1.555202832499153809 ) ) ;
#1286 = CARTESIAN_POINT ( 'NONE',  ( -5.414770113173869248, 4.181580064563323873, -7.204905933069004398 ) ) ;
#1287 = FACE_OUTER_BOUND ( 'NONE', #3307, .T. ) ;
#1288 = EDGE_CURVE ( 'NONE', #5705, #2326, #3886, .T. ) ;
#1289 = CARTESIAN_POINT ( 'NONE',  ( 4.546007724582366905, 8.414712951689450549, -3.927518904767170138 ) ) ;
#1290 = CARTESIAN_POINT ( 'NONE',  ( -100.3137741088867330, 3.357349188505236004, -9.185523033142086291 ) ) ;
#1291 = CARTESIAN_POINT ( 'NONE',  ( 0.000000000000000000, 12.99999999999999822, 0.000000000000000000 ) ) ;
#1292 = CARTESIAN_POINT ( 'NONE',  ( 46.52723979548955668, 8.112492874532232889, -8.631794189059004196 ) ) ;
#1293 = CARTESIAN_POINT ( 'NONE',  ( 0.000000000000000000, 7.155734338404329264E-15, -7.900000000000000355 ) ) ;
#1294 = CARTESIAN_POINT ( 'NONE',  ( -106.4186438737797857, 5.154013020419765390, -5.658970383478560962 ) ) ;
#1295 = CARTESIAN_POINT ( 'NONE',  ( -9.659342359508488912E-14, -1.000000000000018208, 4.500000000000000888 ) ) ;
#1296 = DIRECTION ( 'NONE',  ( -0.03895279035631221687, -0.6595582229647571904, 0.7506434777196354657 ) ) ;
#1297 = VERTEX_POINT ( 'NONE', #6784 ) ;
#1298 = DIRECTION ( 'NONE',  ( -0.000000000000000000, -1.000000000000000000, -0.000000000000000000 ) ) ;
#1299 = CARTESIAN_POINT ( 'NONE',  ( 3.471533516817041587, 4.702568786585207938, 6.892550857561396072 ) ) ;
#1300 = ORIENTED_EDGE ( 'NONE', *, *, #1628, .F. ) ;
#1301 = CARTESIAN_POINT ( 'NONE',  ( -3.384061905324092567, 6.493759448712956406, -4.966597428191400709 ) ) ;
#1302 = ORIENTED_EDGE ( 'NONE', *, *, #2815, .F. ) ;
#1303 = CARTESIAN_POINT ( 'NONE',  ( -22.12838105358266105, -0.5423118072277297586, -16.42131353222009693 ) ) ;
#1304 = CARTESIAN_POINT ( 'NONE',  ( -18.34055236027555580, 7.417244417938920087, 7.708500849702515367 ) ) ;
#1305 = CARTESIAN_POINT ( 'NONE',  ( -5.884858461444699707, 6.585692893616549526, 6.137930931168063431 ) ) ;
#1306 = CARTESIAN_POINT ( 'NONE',  ( 74.31546589793559576, 3.239884280654130588, 10.77311054660159684 ) ) ;
#1307 = CARTESIAN_POINT ( 'NONE',  ( 53.67027023280034825, 0.9736899792094511064, 13.90211316737953950 ) ) ;
#1308 = CARTESIAN_POINT ( 'NONE',  ( -28.78521704341337539, 8.132679436387752148, 9.242397190966235243 ) ) ;
#1309 = CARTESIAN_POINT ( 'NONE',  ( 9.985610461204000643, 3.200169791119563900, 4.895333290100094992 ) ) ;
#1310 = CARTESIAN_POINT ( 'NONE',  ( 119.3963126861512620, 4.925315962622294208, 1.911351683696030035 ) ) ;
#1311 = CARTESIAN_POINT ( 'NONE',  ( 116.4302854404766663, 4.654215191462207635, 3.237717902766455325 ) ) ;
#1312 = EDGE_CURVE ( 'NONE', #6570, #2466, #463, .T. ) ;
#1313 = CARTESIAN_POINT ( 'NONE',  ( 119.6991243255553314, 5.737953838238097681, -0.6328608070068505453 ) ) ;
#1314 = CARTESIAN_POINT ( 'NONE',  ( 10.53004680583217656, 6.787368981427729153, -6.471562015571086235 ) ) ;
#1315 = CARTESIAN_POINT ( 'NONE',  ( -57.05752016742822263, 8.003653055239363212, 7.702367989301773576 ) ) ;
#1316 = CARTESIAN_POINT ( 'NONE',  ( -116.8749227609420984, 6.284014352496663847, 4.580598064394559188 ) ) ;
#1317 = ORIENTED_EDGE ( 'NONE', *, *, #2903, .T. ) ;
#1318 = CARTESIAN_POINT ( 'NONE',  ( -12.71599388122558238, 9.584651978193253541, 5.350296020507813388 ) ) ;
#1319 = CARTESIAN_POINT ( 'NONE',  ( -3.533485730959510907, 5.755342189629781835, 4.858095788491515243 ) ) ;
#1320 = CARTESIAN_POINT ( 'NONE',  ( -1.692798680601247829, 4.380108489198691224, -6.729563127874977901 ) ) ;
#1321 = CARTESIAN_POINT ( 'NONE',  ( -1.702491856657694091, 4.308941398939728273, -6.330849053119130154 ) ) ;
#1322 = CARTESIAN_POINT ( 'NONE',  ( 2.202734775568228720, 6.648299436080864488, -5.580171898753067516 ) ) ;
#1323 = CARTESIAN_POINT ( 'NONE',  ( -21.92168235778808594, 4.339400322614650918, -5.504460811614989346 ) ) ;
#1324 = SPHERICAL_SURFACE ( 'NONE', #2169, 0.2500000000000000000 ) ;
#1325 = EDGE_LOOP ( 'NONE', ( #2781, #2605, #4408, #5472 ) ) ;
#1326 = CARTESIAN_POINT ( 'NONE',  ( 41.25793140796045577, 8.469119987466834587, -9.103145405503411780 ) ) ;
#1327 = CARTESIAN_POINT ( 'NONE',  ( -1.731448260212691270, 4.192650577675101076, -5.744731753733194779 ) ) ;
#1328 = CARTESIAN_POINT ( 'NONE',  ( -104.0746571796403117, 4.615752239033547255, -5.854323521114483064 ) ) ;
#1329 = DIRECTION ( 'NONE',  ( 0.000000000000000000, 0.000000000000000000, -1.000000000000000000 ) ) ;
#1330 = CARTESIAN_POINT ( 'NONE',  ( -119.6233731437979486, 5.707210978269423585, -0.5425888500002552517 ) ) ;
#1331 = ORIENTED_EDGE ( 'NONE', *, *, #2096, .T. ) ;
#1332 = ADVANCED_FACE ( 'NONE', ( #4278 ), #20, .T. ) ;
#1333 = CARTESIAN_POINT ( 'NONE',  ( -5.671504169914954652, 4.750988453686555424, -6.961782506609340615 ) ) ;
#1334 = CARTESIAN_POINT ( 'NONE',  ( 16.48389987713595772, 2.633480624909025458, 11.69002531993791116 ) ) ;
#1335 = VERTEX_POINT ( 'NONE', #3491 ) ;
#1336 = CARTESIAN_POINT ( 'NONE',  ( 48.57736871100738796, -3.402917760767457001, 20.56069755554198153 ) ) ;
#1337 = ORIENTED_EDGE ( 'NONE', *, *, #1707, .F. ) ;
#1338 = CARTESIAN_POINT ( 'NONE',  ( -27.71100107669979806, -2.653420545041085266, -18.91571325029620354 ) ) ;
#1339 = CARTESIAN_POINT ( 'NONE',  ( -9.249981826597638346, 6.639905925321744284, 6.196577822445211936 ) ) ;
#1340 = CARTESIAN_POINT ( 'NONE',  ( -9.634849423525541882E-14, -0.5000000000000177636, 6.499999999999999112 ) ) ;
#1341 = CARTESIAN_POINT ( 'NONE',  ( 60.16583407131963668, 0.6007852585231961973, 14.84312433606929638 ) ) ;
#1342 = DIRECTION ( 'NONE',  ( 0.9950932921315859270, -0.08949399289939929947, -0.04219200385907800888 ) ) ;
#1343 = CLOSED_SHELL ( 'NONE', ( #1873, #4538, #722, #4827, #4744, #5089 ) ) ;
#1344 = CARTESIAN_POINT ( 'NONE',  ( 5.819176636357298094, 4.067282268432847125, -2.429817080184889289 ) ) ;
#1345 = CARTESIAN_POINT ( 'NONE',  ( 55.55557933814225891, 6.456275178297541828, -3.595116376876839936 ) ) ;
#1346 = CIRCLE ( 'NONE', #4217, 4.000000000000000000 ) ;
#1347 = CARTESIAN_POINT ( 'NONE',  ( -118.8485197442910817, 6.792987424150704889, 2.967792898561690151 ) ) ;
#1348 = CARTESIAN_POINT ( 'NONE',  ( 113.3543186029318832, 4.414408756805283218, 4.245850215633518943 ) ) ;
#1349 = DIRECTION ( 'NONE',  ( -0.000000000000000000, -1.000000000000000000, -0.000000000000000000 ) ) ;
#1350 = CARTESIAN_POINT ( 'NONE',  ( 97.25410810375221615, 6.372037180964124303, -5.532351615744762086 ) ) ;
#1351 = CARTESIAN_POINT ( 'NONE',  ( -19.21136452100029501, 7.940076888620224871, 7.870137124126632244 ) ) ;
#1352 = CARTESIAN_POINT ( 'NONE',  ( -119.3217270039216942, 5.918306237159919547, 2.664828897980033418 ) ) ;
#1353 = AXIS2_PLACEMENT_3D ( 'NONE', #4570, #1953, #6155 ) ;
#1354 = ORIENTED_EDGE ( 'NONE', *, *, #3388, .T. ) ;
#1355 = CARTESIAN_POINT ( 'NONE',  ( -62.79536056518554688, 8.740590841947579293, 2.580212593078616834 ) ) ;
#1356 = DIRECTION ( 'NONE',  ( -0.000000000000000000, -1.000000000000000000, -0.000000000000000000 ) ) ;
#1357 = CARTESIAN_POINT ( 'NONE',  ( -18.20776954147452287, 1.788896287348893832, -12.33512111376502496 ) ) ;
#1358 = CARTESIAN_POINT ( 'NONE',  ( 4.568019710652008847, 8.766236472523578627, -6.403674715596725520 ) ) ;
#1359 = AXIS2_PLACEMENT_3D ( 'NONE', #1075, #2113, #1656 ) ;
#1360 = CARTESIAN_POINT ( 'NONE',  ( -114.6380432121814863, 5.495539276127081152, -4.067693836552952469 ) ) ;
#1361 = CARTESIAN_POINT ( 'NONE',  ( 5.547292105775399662, 8.660667779276161937, -2.935409327715895689 ) ) ;
#1362 = CARTESIAN_POINT ( 'NONE',  ( -107.5586674067457409, 6.761815137406108178, 5.040772036684284529 ) ) ;
#1363 = CARTESIAN_POINT ( 'NONE',  ( 6.205690874089304643, 8.624412858309135288, -0.9160090263446223346 ) ) ;
#1364 =( BOUNDED_SURFACE ( )  B_SPLINE_SURFACE ( 3, 2, ( 
 ( #4030, #2510, #1533 ),
 ( #6190, #3088, #6129 ),
 ( #5090, #375, #1960 ),
 ( #2479, #2537, #1470 ) ),
 .UNSPECIFIED., .F., .F., .F. ) 
 B_SPLINE_SURFACE_WITH_KNOTS ( ( 4, 4 ),
 ( 3, 3 ),
 ( 0.01056702713728541361, 0.01281322300788575314 ),
 ( 0.000000000000000000, 1.000000000000000000 ),
 .UNSPECIFIED. ) 
 GEOMETRIC_REPRESENTATION_ITEM ( )  RATIONAL_B_SPLINE_SURFACE ( (
 ( 1.000000000000000000, 0.7106567230696083648, 1.000000000000000000),
 ( 1.000000000000000000, 0.7071616356240669754, 1.000000000000000000),
 ( 1.000000000000000000, 0.7030368183318863595, 1.000000000000000000),
 ( 1.000000000000000000, 0.6979103135330180230, 1.000000000000000000) ) ) 
 REPRESENTATION_ITEM ( '' )  SURFACE ( )  );
#1365 = ORIENTED_EDGE ( 'NONE', *, *, #1417, .F. ) ;
#1366 = CARTESIAN_POINT ( 'NONE',  ( 84.54949364609285567, 6.808999042460354367, -6.182628385659275416 ) ) ;
#1367 = CARTESIAN_POINT ( 'NONE',  ( 25.69995335062394659, 8.055769547241066419, -8.995167763547073037 ) ) ;
#1368 = CARTESIAN_POINT ( 'NONE',  ( -99.18550633144312201, 4.875368215642235548, -6.910741859880404903 ) ) ;
#1369 = CARTESIAN_POINT ( 'NONE',  ( 92.97010580812035130, 4.155531200121922453, 7.956319751942523943 ) ) ;
#1370 = CARTESIAN_POINT ( 'NONE',  ( -9.714451465470119729E-14, 7.643375672974086932, 0.000000000000000000 ) ) ;
#1371 = CARTESIAN_POINT ( 'NONE',  ( 2.285037385040735280, 6.879902865271675161, -5.628479988899227848 ) ) ;
#1372 = CARTESIAN_POINT ( 'NONE',  ( 111.7560781297215584, -13.95165243916132702, 18.24568748474119317 ) ) ;
#1373 = ORIENTED_EDGE ( 'NONE', *, *, #2729, .F. ) ;
#1374 = CARTESIAN_POINT ( 'NONE',  ( -26.61010581231152727, -1.071201366630377905, -16.59834813867935210 ) ) ;
#1375 = CARTESIAN_POINT ( 'NONE',  ( -16.26226436427415933, 7.262978654256742495, 7.345847173699913135 ) ) ;
#1376 = CARTESIAN_POINT ( 'NONE',  ( -119.4154075572111680, 5.963230549557800408, -2.023398177648725316 ) ) ;
#1377 = ADVANCED_FACE ( 'NONE', ( #4548 ), #3517, .T. ) ;
#1378 = B_SPLINE_CURVE_WITH_KNOTS ( 'NONE', 3,
 ( #2015, #1460, #2436, #2990, #6633, #4121, #5179, #2404, #1917, #5604, #6667, #365, #1951, #6354, #3218, #3117, #2635, #5868, #4152, #1008 ),
 .UNSPECIFIED., .F., .F.,
 ( 4, 2, 2, 2, 2, 2, 2, 2, 2, 4 ),
 ( 1.517883041479706208E-18, 0.002839499244403465884, 0.005678998488806931769, 0.007098748111008665145, 0.008518497733210396786, 0.01135799697761385660, 0.01419749622201731815, 0.01703699546642076929, 0.01987649471082422389, 0.02271599395522767850 ),
 .UNSPECIFIED. ) ;
#1379 = EDGE_CURVE ( 'NONE', #826, #3791, #711, .T. ) ;
#1380 = CARTESIAN_POINT ( 'NONE',  ( 83.59081076247650799, 3.393073307105478165, 8.947816613768146965 ) ) ;
#1381 = CARTESIAN_POINT ( 'NONE',  ( -37.75238877815896643, -2.150756732878897903, -17.89088055660906562 ) ) ;
#1382 = CARTESIAN_POINT ( 'NONE',  ( 18.07526459096670735, 2.063042200888113964, 12.64312458375344761 ) ) ;
#1383 = CARTESIAN_POINT ( 'NONE',  ( 127.9943157102416080, 5.371697637868395603, -0.1534056216478561774 ) ) ;
#1384 = CARTESIAN_POINT ( 'NONE',  ( 2.302671098795753934, 6.464035190282895194, -6.014267845432306636 ) ) ;
#1385 = CARTESIAN_POINT ( 'NONE',  ( 117.5768034277724041, 1.663424300785155463, 12.63929004791303257 ) ) ;
#1386 = CARTESIAN_POINT ( 'NONE',  ( -9.714451465470119729E-14, 6.777350269189689413, 0.000000000000000000 ) ) ;
#1387 = CARTESIAN_POINT ( 'NONE',  ( 105.6995409463202975, 6.119593105325950688, -5.240136679103201800 ) ) ;
#1388 = CARTESIAN_POINT ( 'NONE',  ( -17.65867038402959821, 7.832804257889944388, 7.592441731259338411 ) ) ;
#1389 = ORIENTED_EDGE ( 'NONE', *, *, #4000, .T. ) ;
#1390 = CARTESIAN_POINT ( 'NONE',  ( -20.36314773559570313, 3.941134007154444507, -12.32885360717773260 ) ) ;
#1391 = CARTESIAN_POINT ( 'NONE',  ( -2.490194721985216741, 6.208022833939335960, 5.467653090190265353 ) ) ;
#1392 = CARTESIAN_POINT ( 'NONE',  ( -4.768630754101158331, 6.838127782011626188, 6.267345294644604436 ) ) ;
#1393 = CARTESIAN_POINT ( 'NONE',  ( 4.205220352582750287, 6.451690718548769077, -6.485814300169661983 ) ) ;
#1394 = CARTESIAN_POINT ( 'NONE',  ( -115.6155669718718855, 5.584563461006496254, -3.723721179747269350 ) ) ;
#1395 = CARTESIAN_POINT ( 'NONE',  ( -21.03483472029650869, 0.6144606709515731957, -14.42754907099024209 ) ) ;
#1396 = CARTESIAN_POINT ( 'NONE',  ( -127.4597091674804830, 5.904469640432448152, 3.077728986740119410 ) ) ;
#1397 = CIRCLE ( 'NONE', #5579, 6.915440399266786109 ) ;
#1398 = DATE_AND_TIME ( #2534, #2507 ) ;
#1399 = ORIENTED_EDGE ( 'NONE', *, *, #2007, .F. ) ;
#1400 = CC_DESIGN_APPROVAL ( #6383, ( #4651 ) ) ;
#1401 = CARTESIAN_POINT ( 'NONE',  ( 59.17713091594998076, 7.524355905787034615, -7.622987214181394577 ) ) ;
#1402 = CARTESIAN_POINT ( 'NONE',  ( -5.430557852339592984, 3.589957828106599358, -2.570759159060754584 ) ) ;
#1403 = CARTESIAN_POINT ( 'NONE',  ( -118.4812263968124881, 5.874916056421939814, -2.491890157588400267 ) ) ;
#1404 = CARTESIAN_POINT ( 'NONE',  ( -2.568158131942028799, 6.287192910423105907, 6.166481769392031076 ) ) ;
#1405 = CARTESIAN_POINT ( 'NONE',  ( 1.672673523993449596, 4.423366664880442833, 6.681295894286593651 ) ) ;
#1406 = CARTESIAN_POINT ( 'NONE',  ( -19.79612504744017087, 8.149161721636431821, 7.904446414345843053 ) ) ;
#1407 = B_SPLINE_CURVE_WITH_KNOTS ( 'NONE', 3,
 ( #5404, #3793, #5474, #714 ),
 .UNSPECIFIED., .F., .F.,
 ( 4, 4 ),
 ( 0.0002559969888155437480, 0.002499436789219059308 ),
 .UNSPECIFIED. ) ;
#1408 = CARTESIAN_POINT ( 'NONE',  ( 62.23349363378046917, -10.89173866645720778, 21.37056350708006391 ) ) ;
#1409 = VERTEX_POINT ( 'NONE', #6463 ) ;
#1410 = CARTESIAN_POINT ( 'NONE',  ( -28.51296358915385554, -1.255358766405802573, -17.60003603886454471 ) ) ;
#1411 = CARTESIAN_POINT ( 'NONE',  ( -13.12377297534012399, 7.174192606514981918, 6.839313186081110274 ) ) ;
#1412 = CARTESIAN_POINT ( 'NONE',  ( -1.924834290249081370, 4.914870457215928745, -6.596013931986099976 ) ) ;
#1413 = CARTESIAN_POINT ( 'NONE',  ( 81.52742685265114631, 3.744368753876615052, 9.467618370652893134 ) ) ;
#1414 = CARTESIAN_POINT ( 'NONE',  ( 5.055538855857309777, 6.424077835378576573, -6.172324538084507317 ) ) ;
#1415 = DIRECTION ( 'NONE',  ( -0.9954957089498608358, -0.08490069653877752032, 0.04219200385907810602 ) ) ;
#1416 = CARTESIAN_POINT ( 'NONE',  ( 114.8836795293213555, -5.035065004550841827, 24.90293502807614701 ) ) ;
#1417 = EDGE_CURVE ( 'NONE', #1662, #5705, #5852, .T. ) ;
#1418 = CARTESIAN_POINT ( 'NONE',  ( 1.743126386402136463, 4.634045487795135365, 6.731572192124451348 ) ) ;
#1419 = CARTESIAN_POINT ( 'NONE',  ( 115.3422329376524402, 4.554654927285680444, 3.656016403833671990 ) ) ;
#1420 = CARTESIAN_POINT ( 'NONE',  ( 4.305337158925214069, 6.776626921172543838, -6.247851620781923465 ) ) ;
#1421 = CARTESIAN_POINT ( 'NONE',  ( -116.8749227609419137, 6.284014352493013433, 4.580598064394594715 ) ) ;
#1422 = CARTESIAN_POINT ( 'NONE',  ( -19.72268511493775733, 8.072545921306558014, 7.964109335140739709 ) ) ;
#1423 = VERTEX_POINT ( 'NONE', #124 ) ;
#1424 = CARTESIAN_POINT ( 'NONE',  ( -11.79464530944824041, 6.977588580428093046, -4.177759170532225674 ) ) ;
#1425 = DIRECTION ( 'NONE',  ( -0.9988934838528322757, 0.03108279842394966533, -0.03529401590196280802 ) ) ;
#1426 = CARTESIAN_POINT ( 'NONE',  ( 6.129972862498585862, 3.915300157885096777, 7.365412080695648456 ) ) ;
#1427 = CARTESIAN_POINT ( 'NONE',  ( 1.672673523993450040, 4.423366664880441057, 6.681295894286592763 ) ) ;
#1428 = CARTESIAN_POINT ( 'NONE',  ( -9.714451465470119729E-14, -1.000000000000018208, 0.000000000000000000 ) ) ;
#1429 = CARTESIAN_POINT ( 'NONE',  ( -2.305675107495472442, 6.474668977491781163, 6.014267845432307524 ) ) ;
#1430 = CARTESIAN_POINT ( 'NONE',  ( -123.3167800903320313, 2.885795147596446508, -9.362627029418938207 ) ) ;
#1431 = DATE_AND_TIME ( #5084, #2285 ) ;
#1432 = VERTEX_POINT ( 'NONE', #3339 ) ;
#1433 = CARTESIAN_POINT ( 'NONE',  ( 2.280535811514215805, 6.692538205141714158, -5.548884199849538845 ) ) ;
#1434 = CARTESIAN_POINT ( 'NONE',  ( -4.035837501485787016, 5.464889586226153284, 4.449217411022737600 ) ) ;
#1435 = CARTESIAN_POINT ( 'NONE',  ( -116.0911774041729672, 5.633506263323991625, -3.529831904787952723 ) ) ;
#1436 = CARTESIAN_POINT ( 'NONE',  ( 119.2867227096001699, 5.359382786296425394, -2.136944720760341809 ) ) ;
#1437 = CARTESIAN_POINT ( 'NONE',  ( 1.909910839063155397, 4.118477500031429095, 6.576783346763550142 ) ) ;
#1438 = CARTESIAN_POINT ( 'NONE',  ( -16.17099747492702733, 7.913725460376774379, 7.246911471206473720 ) ) ;
#1439 = ADVANCED_FACE ( 'NONE', ( #4372 ), #2683, .F. ) ;
#1440 = CARTESIAN_POINT ( 'NONE',  ( -2.306169805664157746, 5.576964932440800382, -5.982621809438365190 ) ) ;
#1441 = ORIENTED_EDGE ( 'NONE', *, *, #4369, .T. ) ;
#1442 = CARTESIAN_POINT ( 'NONE',  ( -64.53362011109760488, 2.735465796286951967, -12.46647644958925838 ) ) ;
#1443 = CARTESIAN_POINT ( 'NONE',  ( -37.16891176322129553, 8.229604818231289087, 9.507494594104608510 ) ) ;
#1444 = CARTESIAN_POINT ( 'NONE',  ( -1.959089574259253563, 5.526600708053985400, -5.996547681570808308 ) ) ;
#1445 = CARTESIAN_POINT ( 'NONE',  ( 88.13659788272863693, 2.429759228215545797, 11.08695472698482654 ) ) ;
#1446 = DIRECTION ( 'NONE',  ( 0.9960418367007716212, 0.08523716787884137724, -0.02520485575732485384 ) ) ;
#1447 = CARTESIAN_POINT ( 'NONE',  ( 100.4625218721650981, 0.6818755933534672575, 15.05822372436521661 ) ) ;
#1448 = CARTESIAN_POINT ( 'NONE',  ( -1.715727122887926726, 4.213034209471645752, -6.064215108843368895 ) ) ;
#1449 = CARTESIAN_POINT ( 'NONE',  ( 114.1239079127311271, 4.930807276514222792, 4.215410420985010731 ) ) ;
#1450 = DIRECTION ( 'NONE',  ( 0.000000000000000000, 0.000000000000000000, -1.000000000000000000 ) ) ;
#1451 = CLOSED_SHELL ( 'NONE', ( #1042, #4602, #6224, #4457, #5036, #3762, #487, #935, #1159, #6685, #3584, #3870, #992, #3404, #5414, #152, #5638, #328, #1926, #485, #3978, #1883, #1927, #1974, #2398, #1439, #4505 ) ) ;
#1452 = CARTESIAN_POINT ( 'NONE',  ( 1.717458519177653686, 4.124772368689901825, 5.750248925696336499 ) ) ;
#1453 = CARTESIAN_POINT ( 'NONE',  ( -21.28886227653594432, 8.218331962429253679, 8.181514428101111847 ) ) ;
#1454 = ORIENTED_EDGE ( 'NONE', *, *, #6645, .F. ) ;
#1455 = CARTESIAN_POINT ( 'NONE',  ( -0.7075861692428626615, 1.296758206067998964, -9.300500869750978339 ) ) ;
#1456 = DIRECTION ( 'NONE',  ( 0.03530601340884231137, -0.0001629385536737470725, -0.9993765350798480274 ) ) ;
#1457 = AXIS2_PLACEMENT_3D ( 'NONE', #1110, #5287, #4699 ) ;
#1458 = CARTESIAN_POINT ( 'NONE',  ( 3.398739650088685060, 4.022134683217673867, 6.708246751295981802 ) ) ;
#1459 = CARTESIAN_POINT ( 'NONE',  ( 1.718353230704499968, 5.339669175720820782, 5.810212861153386754 ) ) ;
#1460 = CARTESIAN_POINT ( 'NONE',  ( -2.872942384461720344, 4.891376996715167458, -6.736919652096809763 ) ) ;
#1461 = CARTESIAN_POINT ( 'NONE',  ( 117.3925904415319081, 6.052538276572607678, -4.206169785594132904 ) ) ;
#1462 = CARTESIAN_POINT ( 'NONE',  ( -114.9617702878408920, 6.550200008628020321, 4.614587028439773420 ) ) ;
#1463 = CIRCLE ( 'NONE', #5866, 2.500000000000026201 ) ;
#1464 = EDGE_CURVE ( 'NONE', #2760, #2916, #1346, .T. ) ;
#1465 = EDGE_CURVE ( 'NONE', #3549, #5954, #796, .T. ) ;
#1466 = DATE_AND_TIME ( #915, #1068 ) ;
#1467 = ORIENTED_EDGE ( 'NONE', *, *, #696, .T. ) ;
#1468 = AXIS2_PLACEMENT_3D ( 'NONE', #4376, #6438, #99 ) ;
#1469 = CARTESIAN_POINT ( 'NONE',  ( -16.24005090901520632, 7.729388929716903611, 7.345275614769658290 ) ) ;
#1470 = CARTESIAN_POINT ( 'NONE',  ( -4.801962602271323988, 6.483133899094927877, 6.234199713410452759 ) ) ;
#1471 = CARTESIAN_POINT ( 'NONE',  ( -2.282900153351191896, 6.412209445871924096, 5.548713629322336693 ) ) ;
#1472 = AXIS2_PLACEMENT_3D ( 'NONE', #2744, #3744, #5811 ) ;
#1473 = DIRECTION ( 'NONE',  ( 0.000000000000000000, -1.000000000000000000, -0.000000000000000000 ) ) ;
#1474 = CARTESIAN_POINT ( 'NONE',  ( -12.00963747833258921, 7.662522130973264289, 6.598656784357037175 ) ) ;
#1475 = CARTESIAN_POINT ( 'NONE',  ( -3.256258462592408698, 7.324009933744338063, 5.074204118808848030 ) ) ;
#1476 = CARTESIAN_POINT ( 'NONE',  ( -46.70393571752865824, -0.1049066877538634146, -15.58368443707309225 ) ) ;
#1477 = CARTESIAN_POINT ( 'NONE',  ( -78.26635643775040307, 7.082637094775154019, 6.520402131893797915 ) ) ;
#1478 = CARTESIAN_POINT ( 'NONE',  ( -1.730006773736293857, 5.169130041880638515, -5.745166017006867243 ) ) ;
#1479 = CARTESIAN_POINT ( 'NONE',  ( 98.64015244340967570, 3.942020133516145997, 6.796832045321567151 ) ) ;
#1480 = CARTESIAN_POINT ( 'NONE',  ( 6.254742145626788208, 3.706693407772724047, -0.5517282390094244704 ) ) ;
#1481 = CARTESIAN_POINT ( 'NONE',  ( 71.85199298790266198, 4.093526180858905406, 8.386945724487290477 ) ) ;
#1482 = CARTESIAN_POINT ( 'NONE',  ( 2.291220816027987883, 6.746693091819029320, -5.762948202325720359 ) ) ;
#1483 = CARTESIAN_POINT ( 'NONE',  ( 33.84897195054620056, 8.653195590725104580, -9.607434645549247421 ) ) ;
#1484 = CARTESIAN_POINT ( 'NONE',  ( 4.789054278461015279, 6.655280348950653568, -6.077200002107892907 ) ) ;
#1485 = CARTESIAN_POINT ( 'NONE',  ( -119.6964314434847267, 6.231681305072013899, 0.3069508323200083599 ) ) ;
#1486 = CARTESIAN_POINT ( 'NONE',  ( -16.10632147910422063, 7.909026882689077276, 7.235989420986962628 ) ) ;
#1487 = EDGE_LOOP ( 'NONE', ( #4425, #5093, #4099, #1698 ) ) ;
#1488 = CARTESIAN_POINT ( 'NONE',  ( -28.79599761962890270, 6.591493637739168854, -5.101405143737791192 ) ) ;
#1489 = CARTESIAN_POINT ( 'NONE',  ( 119.6578184927624875, 5.331507405893639806, -1.517443421816741189 ) ) ;
#1490 = VERTEX_POINT ( 'NONE', #3818 ) ;
#1491 = CARTESIAN_POINT ( 'NONE',  ( 20.31620831986076681, 1.155570977338977290, 14.00968735428592638 ) ) ;
#1492 = DIRECTION ( 'NONE',  ( 0.000000000000000000, 0.000000000000000000, -1.000000000000000000 ) ) ;
#1493 = CARTESIAN_POINT ( 'NONE',  ( -105.3878434711227783, 5.122231971228866421, -5.826444377990412704 ) ) ;
#1494 = CARTESIAN_POINT ( 'NONE',  ( 119.1054285825460397, 6.234691506205796152, -2.556553936092589741 ) ) ;
#1495 = CARTESIAN_POINT ( 'NONE',  ( -122.0069122314453125, 5.854140432058419385, 0.4458013474941320275 ) ) ;
#1496 = B_SPLINE_CURVE_WITH_KNOTS ( 'NONE', 3,
 ( #2079, #5351, #624, #5250 ),
 .UNSPECIFIED., .F., .F.,
 ( 4, 4 ),
 ( 9.230375428312727685E-18, 0.0005471493590886840558 ),
 .UNSPECIFIED. ) ;
#1497 = ORIENTED_EDGE ( 'NONE', *, *, #2055, .F. ) ;
#1498 = CARTESIAN_POINT ( 'NONE',  ( 3.303304750298695414, 7.334018152552554071, -5.017702357312836980 ) ) ;
#1499 = ADVANCED_FACE ( 'NONE', ( #6398 ), #4880, .T. ) ;
#1500 = CARTESIAN_POINT ( 'NONE',  ( -21.42344244849522994, 8.053044582181280830, 8.273451515591196070 ) ) ;
#1501 = CARTESIAN_POINT ( 'NONE',  ( -116.5120866380316187, 5.675968499614993945, -3.357309249956821784 ) ) ;
#1502 = CARTESIAN_POINT ( 'NONE',  ( 119.3918270709027922, 5.342144948137744542, -1.674663017719039360 ) ) ;
#1503 = CARTESIAN_POINT ( 'NONE',  ( 1.720214922614706765, 5.289584281882727446, 5.769085381307022864 ) ) ;
#1504 = CARTESIAN_POINT ( 'NONE',  ( -28.61966040616930940, 8.762838105746714845, 9.281541050799621217 ) ) ;
#1505 = CARTESIAN_POINT ( 'NONE',  ( -5.752320742448939761, 8.090736634525594440, -1.739642806719222001 ) ) ;
#1506 = CARTESIAN_POINT ( 'NONE',  ( -37.76430844624093908, -1.771863000053590209, -18.21285221806520838 ) ) ;
#1507 = CARTESIAN_POINT ( 'NONE',  ( -76.15586379669889538, 7.128442225497208184, 6.628363076346756699 ) ) ;
#1508 = CARTESIAN_POINT ( 'NONE',  ( 1.718072182551859228, 5.334397358566066671, 5.815595811549689742 ) ) ;
#1509 = CARTESIAN_POINT ( 'NONE',  ( 106.1880711654697791, 2.552792009003211682, 10.14314871058363998 ) ) ;
#1510 = CARTESIAN_POINT ( 'NONE',  ( -119.6500124616230778, 6.022796163312662543, -0.7260922269981071597 ) ) ;
#1511 = CARTESIAN_POINT ( 'NONE',  ( 9.417915854847608514, -0.6148683483925970750, -14.27534675598144531 ) ) ;
#1512 = CARTESIAN_POINT ( 'NONE',  ( 15.07323279518138825, 7.766228279133035706, -7.064520052519443816 ) ) ;
#1513 = CARTESIAN_POINT ( 'NONE',  ( 5.414207659865474476, 3.564933465000022395, 2.570759159060755472 ) ) ;
#1514 = CARTESIAN_POINT ( 'NONE',  ( 24.72697460922492141, -1.738221794249013019, 17.76159495839547731 ) ) ;
#1515 = CARTESIAN_POINT ( 'NONE',  ( 118.4605423068557855, 4.843545970956335545, 2.370054715625097508 ) ) ;
#1516 = CARTESIAN_POINT ( 'NONE',  ( -119.4155193803426016, 5.725037722361688175, -0.3712765606610062830 ) ) ;
#1517 = ORIENTED_EDGE ( 'NONE', *, *, #6552, .F. ) ;
#1518 = CARTESIAN_POINT ( 'NONE',  ( -118.2723464965820597, -13.87303778392211306, -17.89937019348144531 ) ) ;
#1519 = DIRECTION ( 'NONE',  ( 0.000000000000000000, 0.000000000000000000, -1.000000000000000000 ) ) ;
#1520 = EDGE_CURVE ( 'NONE', #3257, #2275, #5656, .T. ) ;
#1521 = CARTESIAN_POINT ( 'NONE',  ( 21.00458647326772876, 0.5174544480381769729, 14.42754907099835116 ) ) ;
#1522 = CARTESIAN_POINT ( 'NONE',  ( -5.337883572857936798, 8.441108832559207187, 2.759790367333156968 ) ) ;
#1523 = CARTESIAN_POINT ( 'NONE',  ( 6.885062775966130033, 6.454456331930882307, -6.099672600533952327 ) ) ;
#1524 = CARTESIAN_POINT ( 'NONE',  ( 116.8059368016269133, 5.965693590329125051, -4.462925595614799512 ) ) ;
#1525 = CARTESIAN_POINT ( 'NONE',  ( -1.613145179845915322, 4.726680181803530445, -6.722565393953390256 ) ) ;
#1526 = PERSON_AND_ORGANIZATION_ROLE ( 'design_owner' ) ;
#1527 = VERTEX_POINT ( 'NONE', #5434 ) ;
#1528 = CARTESIAN_POINT ( 'NONE',  ( -9.714451465470119729E-14, 13.42264973081046264, 0.000000000000000000 ) ) ;
#1529 = CARTESIAN_POINT ( 'NONE',  ( 5.988808909631483601, 3.630720816041100196, -0.2153259184902887868 ) ) ;
#1530 = B_SPLINE_CURVE_WITH_KNOTS ( 'NONE', 3,
 ( #2831, #4956, #1823, #6029, #5512, #790, #3970 ),
 .UNSPECIFIED., .F., .F.,
 ( 4, 3, 4 ),
 ( 0.000000000000000000, 0.0002230781897157893101, 0.0008250611034361647785 ),
 .UNSPECIFIED. ) ;
#1531 = CARTESIAN_POINT ( 'NONE',  ( -105.7030334660848041, 6.607405845750482953, 5.240136679104058892 ) ) ;
#1532 = CARTESIAN_POINT ( 'NONE',  ( 119.6982726916766353, 5.955501147597023426, -0.4926706746418836325 ) ) ;
#1533 = CARTESIAN_POINT ( 'NONE',  ( -2.568158131921081999, 6.287192910421279812, 6.166481769391579881 ) ) ;
#1534 = CARTESIAN_POINT ( 'NONE',  ( 117.3679214235552450, 5.461436210358382226, -4.132565017534039598 ) ) ;
#1535 = CARTESIAN_POINT ( 'NONE',  ( 10.03553014582291603, 6.671172557533282976, -6.289895460835094987 ) ) ;
#1536 = CARTESIAN_POINT ( 'NONE',  ( -41.24874232578051192, 8.659629071596128824, 9.103366571959277564 ) ) ;
#1537 = EDGE_CURVE ( 'NONE', #5076, #4027, #3769, .T. ) ;
#1538 = CARTESIAN_POINT ( 'NONE',  ( -5.596782700922097398, 8.731655837555697630, 2.189451294662717373 ) ) ;
#1539 = CARTESIAN_POINT ( 'NONE',  ( -56.25401052643909594, 0.3350265314186620103, -15.61790060382586809 ) ) ;
#1540 = CARTESIAN_POINT ( 'NONE',  ( -101.4647547660777747, 6.469873211222912701, 5.163159393525669216 ) ) ;
#1541 = CARTESIAN_POINT ( 'NONE',  ( -1.685101901805011293, 4.431114752323268569, -6.681295894286598092 ) ) ;
#1542 = CARTESIAN_POINT ( 'NONE',  ( 109.5145974973158900, 4.743923312328346853, 5.154195274033015473 ) ) ;
#1543 = EDGE_CURVE ( 'NONE', #3457, #6251, #4745, .T. ) ;
#1544 = CARTESIAN_POINT ( 'NONE',  ( -119.7031945504789974, 6.272869502375669981, 0.5348203169040358640 ) ) ;
#1545 = FACE_OUTER_BOUND ( 'NONE', #613, .T. ) ;
#1546 = CARTESIAN_POINT ( 'NONE',  ( 126.9221438599064697, 4.749751991574648891, -6.109177589416523446 ) ) ;
#1547 = CARTESIAN_POINT ( 'NONE',  ( 33.84757965669794544, 8.728838320573860443, -9.516063672424126096 ) ) ;
#1548 = CARTESIAN_POINT ( 'NONE',  ( -118.6205434468179476, 5.934077460584658681, 3.190451203879120623 ) ) ;
#1549 = CARTESIAN_POINT ( 'NONE',  ( 6.735557395310442023E-16, 0.000000000000000000, 5.500000000000000000 ) ) ;
#1550 = CARTESIAN_POINT ( 'NONE',  ( -5.254337126388149315, 7.033487962993999254, 6.156713313673331633 ) ) ;
#1551 = CARTESIAN_POINT ( 'NONE',  ( -20.38111284717701821, 1.282437752713929235, -14.03197494653974609 ) ) ;
#1552 = ORIENTED_EDGE ( 'NONE', *, *, #4125, .T. ) ;
#1553 = DIRECTION ( 'NONE',  ( -0.8146938362157369884, 0.3411184771684520611, -0.4689479051732320380 ) ) ;
#1554 = CARTESIAN_POINT ( 'NONE',  ( 119.3533198956296104, 5.350542679995150763, -1.885532799060893661 ) ) ;
#1555 = DIRECTION ( 'NONE',  ( -0.000000000000000000, -1.000000000000000000, -0.000000000000000000 ) ) ;
#1556 = CARTESIAN_POINT ( 'NONE',  ( 10.66128097803552421, 3.446106785467532685, 8.517770035784495875 ) ) ;
#1557 = CARTESIAN_POINT ( 'NONE',  ( -6.007936913452224914, 8.242549920142407061, -0.07951395844617759057 ) ) ;
#1558 = CARTESIAN_POINT ( 'NONE',  ( 7.418957090422273026, 6.416469746800411933, -6.017592277903663245 ) ) ;
#1559 = CYLINDRICAL_SURFACE ( 'NONE', #4262, 2.500000000000020428 ) ;
#1560 = CARTESIAN_POINT ( 'NONE',  ( -7.682390958708742446, 4.722990972249965225, -7.674381487631290355 ) ) ;
#1561 = CIRCLE ( 'NONE', #3107, 0.2499999999999998335 ) ;
#1562 = VERTEX_POINT ( 'NONE', #1293 ) ;
#1563 = CARTESIAN_POINT ( 'NONE',  ( -77.75394439697265625, 2.884488613782920652, 12.17317867279053090 ) ) ;
#1564 = CARTESIAN_POINT ( 'NONE',  ( 5.507449287146361172, 4.313993596281857634, -3.113892469652392414 ) ) ;
#1565 = CARTESIAN_POINT ( 'NONE',  ( -24.53450029485736295, 8.236510826138527364, 8.814017812031696764 ) ) ;
#1566 = CARTESIAN_POINT ( 'NONE',  ( 95.12737556131224892, 6.744887836548547178, -5.527089129024538749 ) ) ;
#1567 = AXIS2_PLACEMENT_3D ( 'NONE', #2909, #5106, #388 ) ;
#1568 = CARTESIAN_POINT ( 'NONE',  ( 119.2840057419752782, 6.208772312392107473, -2.162964278018127740 ) ) ;
#1569 = DIRECTION ( 'NONE',  ( -0.9999893508874444503, 0.004614987725603184390, 0.000000000000000000 ) ) ;
#1570 = CARTESIAN_POINT ( 'NONE',  ( -1.843215107917786533, 3.520756037412602790, 3.625551462173461470 ) ) ;
#1571 = CARTESIAN_POINT ( 'NONE',  ( -31.51198631023360974, -2.275192857468919527, -18.01543191998132443 ) ) ;
#1572 = AXIS2_PLACEMENT_3D ( 'NONE', #3004, #2489, #2030 ) ;
#1573 = CARTESIAN_POINT ( 'NONE',  ( 2.170479380990446128, 3.760052191893478835, 5.622207611881617773 ) ) ;
#1574 = CARTESIAN_POINT ( 'NONE',  ( -5.085314126412212588, 8.530834444212018752, 3.685974765790624552 ) ) ;
#1575 = CARTESIAN_POINT ( 'NONE',  ( -59.86359306401170244, 1.935898250055436698, -12.85248626794455262 ) ) ;
#1576 = CARTESIAN_POINT ( 'NONE',  ( -46.65105189418661524, 8.034505760775090266, 8.721497974383380480 ) ) ;
#1577 = AXIS2_PLACEMENT_3D ( 'NONE', #3258, #87, #4226 ) ;
#1578 = CARTESIAN_POINT ( 'NONE',  ( 103.0281731617703826, 4.103641611083907570, 6.028993175086195144 ) ) ;
#1579 = CARTESIAN_POINT ( 'NONE',  ( -119.6913419609581695, 6.448023294369832570, 0.1700315781235916812 ) ) ;
#1580 = CARTESIAN_POINT ( 'NONE',  ( -6.123487677316180822, 3.497425167996532025, -1.394074936702764278 ) ) ;
#1582 = EDGE_CURVE ( 'NONE', #4347, #5597, #4091, .T. ) ;
#1581 = CARTESIAN_POINT ( 'NONE',  ( 50.45801509820213226, 4.729820643098808119, -11.67739963531494851 ) ) ;
#1583 = EDGE_CURVE ( 'NONE', #676, #2440, #3445, .T. ) ;
#1584 = CARTESIAN_POINT ( 'NONE',  ( 11.95601936261042120, 7.604745785593894247, -6.590741023665263931 ) ) ;
#1585 = DIRECTION ( 'NONE',  ( -0.9954957089498608358, -0.08490069653877752032, 0.04219200385907810602 ) ) ;
#1586 = CARTESIAN_POINT ( 'NONE',  ( 25.18550361598307674, -0.3408331876238056557, 16.32937581824805306 ) ) ;
#1587 = CARTESIAN_POINT ( 'NONE',  ( 108.4525628978426539, 4.253271586899495915, 5.139093334684110559 ) ) ;
#1588 = CARTESIAN_POINT ( 'NONE',  ( -119.3890844020223483, 5.590456091599714128, -1.298638227543196688 ) ) ;
#1589 = CARTESIAN_POINT ( 'NONE',  ( -116.8100212925291288, 6.504763850193965524, 4.462925595614787078 ) ) ;
#1590 = CARTESIAN_POINT ( 'NONE',  ( 0.000000000000000000, 12.99999999999999822, 0.000000000000000000 ) ) ;
#1591 = FACE_OUTER_BOUND ( 'NONE', #1102, .T. ) ;
#1592 = CARTESIAN_POINT ( 'NONE',  ( -4.458752965283751202, 6.723270476797220674, -4.025896149257228274 ) ) ;
#1593 = CARTESIAN_POINT ( 'NONE',  ( 4.846787561211052697, 6.653450293550623229, -6.320435523691508628 ) ) ;
#1594 = CARTESIAN_POINT ( 'NONE',  ( -5.231821783686129379, 4.190061862172479223, -7.168765167118030135 ) ) ;
#1595 = CARTESIAN_POINT ( 'NONE',  ( 2.285037385040735280, 6.879902865271675161, -5.628479988899227848 ) ) ;
#1596 = APPROVAL_ROLE ( '' ) ;
#1597 = VERTEX_POINT ( 'NONE', #429 ) ;
#1598 = SPHERICAL_SURFACE ( 'NONE', #2574, 0.2500000000000000000 ) ;
#1599 = CARTESIAN_POINT ( 'NONE',  ( 5.610086399666948331, 3.936781934814624684, -2.115536233388446430 ) ) ;
#1600 = CARTESIAN_POINT ( 'NONE',  ( -78.21271576396139835, 7.332151540208542428, 6.524895168894630615 ) ) ;
#1601 = CARTESIAN_POINT ( 'NONE',  ( 84.55210892215004037, 7.005704096334379294, -6.088649285703925607 ) ) ;
#1602 = CARTESIAN_POINT ( 'NONE',  ( 118.0508499982824873, 5.908184466777805177, -3.991696749654161991 ) ) ;
#1603 = CARTESIAN_POINT ( 'NONE',  ( 5.683970394019211447, 7.685170412912149196, 1.954744344052339100 ) ) ;
#1604 = CARTESIAN_POINT ( 'NONE',  ( 1.454137325286863236, 2.625243694959597196, -0.1971036344766622095 ) ) ;
#1605 = CARTESIAN_POINT ( 'NONE',  ( 3.066847244968816000, 7.280867132991926560, -5.636561082394032418 ) ) ;
#1606 = CARTESIAN_POINT ( 'NONE',  ( -5.598245181434020168, 8.477890893098079417, 2.184256634958047005 ) ) ;
#1607 = CARTESIAN_POINT ( 'NONE',  ( -87.78368384634751465, 4.378473024662334012, -8.662534216867303627 ) ) ;
#1608 = CARTESIAN_POINT ( 'NONE',  ( -38.76090864345616183, -1.599950282648449962, -18.02800999812779992 ) ) ;
#1609 = LINE ( 'NONE', #2204, #4980 ) ;
#1610 = CARTESIAN_POINT ( 'NONE',  ( 100.7226675392925728, 4.479840448155265165, 6.633137302455510920 ) ) ;
#1611 = AXIS2_PLACEMENT_3D ( 'NONE', #3371, #6532, #3405 ) ;
#1612 = CARTESIAN_POINT ( 'NONE',  ( -119.6524910548659051, 6.452312312285288343, 1.667260815321848444 ) ) ;
#1613 = CARTESIAN_POINT ( 'NONE',  ( -4.183631781826385954, 3.434206551353117920, -4.738763042062402953 ) ) ;
#1614 = CARTESIAN_POINT ( 'NONE',  ( 63.22854348589773821, 2.739182695072691853, -12.96321487426758701 ) ) ;
#1615 = B_SPLINE_CURVE_WITH_KNOTS ( 'NONE', 3,
 ( #761, #1420, #356, #2872, #6075, #4963, #5040 ),
 .UNSPECIFIED., .F., .F.,
 ( 4, 3, 4 ),
 ( 8.673617379884035472E-19, 0.001392107379300605964, 0.002242998695390934459 ),
 .UNSPECIFIED. ) ;
#1616 = CARTESIAN_POINT ( 'NONE',  ( 31.73420069776157604, 8.532866258477342924, -9.573435794880209571 ) ) ;
#1617 = FACE_OUTER_BOUND ( 'NONE', #4695, .T. ) ;
#1618 = CARTESIAN_POINT ( 'NONE',  ( -119.5158273761830969, 6.509875983001575328, 2.259403602580711823 ) ) ;
#1619 =( BOUNDED_CURVE ( )  B_SPLINE_CURVE ( 3, ( #2149, #3629, #6379, #106 ),
 .UNSPECIFIED., .F., .T. ) 
 B_SPLINE_CURVE_WITH_KNOTS ( ( 4, 4 ),
 ( 1.228982067163009839, 1.229232980878274706 ),
 .UNSPECIFIED. ) 
 CURVE ( )  GEOMETRIC_REPRESENTATION_ITEM ( )  RATIONAL_B_SPLINE_CURVE ( ( 1.000000000000000000, 0.9999999947535256339, 0.9999999947535256339, 1.000000000000000000 ) ) 
 REPRESENTATION_ITEM ( '' )  );
#1620 = CARTESIAN_POINT ( 'NONE',  ( 97.08478444786143768, 3.876229083436451450, 7.077435913500812248 ) ) ;
#1621 = CARTESIAN_POINT ( 'NONE',  ( -119.6404061941068164, 5.837338643824669937, -1.337738858487745652 ) ) ;
#1622 = CARTESIAN_POINT ( 'NONE',  ( 1.932953040879254791, 3.969734034410998369, 6.160713835076291112 ) ) ;
#1623 = CARTESIAN_POINT ( 'NONE',  ( -117.4865670959258779, 6.251067778914510598, 4.337279383638813712 ) ) ;
#1624 = CARTESIAN_POINT ( 'NONE',  ( -2.305012319333997528, 5.433538516255750572, -5.547496746337375662 ) ) ;
#1625 = CARTESIAN_POINT ( 'NONE',  ( 6.617659416315738952, 6.565428443018490157, -6.099116281524699978 ) ) ;
#1626 = CARTESIAN_POINT ( 'NONE',  ( -8.889375276719094998, 3.710609049836589790, -7.889545564603441363 ) ) ;
#1627 = CARTESIAN_POINT ( 'NONE',  ( 2.305643182116981826, 6.757840396477467593, -6.055873279931204500 ) ) ;
#1628 = EDGE_CURVE ( 'NONE', #3875, #85, #3847, .T. ) ;
#1629 = EDGE_LOOP ( 'NONE', ( #3156, #5988, #199, #1182 ) ) ;
#1630 = CARTESIAN_POINT ( 'NONE',  ( -77.64583587646484375, 4.404720575986899256, 10.30659961700439808 ) ) ;
#1631 = CARTESIAN_POINT ( 'NONE',  ( 4.392571164331093847, 5.135642814773874854, -4.618245582419938877 ) ) ;
#1632 = CARTESIAN_POINT ( 'NONE',  ( 10.00391930865747270, 7.351261163373222551, -6.406889421564000209 ) ) ;
#1633 = CARTESIAN_POINT ( 'NONE',  ( 21.87478852203508950, 0.5613930989852318199, 14.92660783863789931 ) ) ;
#1634 = CARTESIAN_POINT ( 'NONE',  ( 117.4886604764917593, 5.824692619163688967, -4.334820364320685293 ) ) ;
#1635 = CARTESIAN_POINT ( 'NONE',  ( 3.531043557072361949, 6.106912818073089610, 4.856642665472737264 ) ) ;
#1636 = CARTESIAN_POINT ( 'NONE',  ( -14.34790611267089844, 5.285462052999468696, 2.349538326263428623 ) ) ;
#1637 = CARTESIAN_POINT ( 'NONE',  ( 63.47936631769604787, 7.042084746783402238, -7.136290019216927405 ) ) ;
#1638 = CARTESIAN_POINT ( 'NONE',  ( 117.4953328317679393, 5.992372766646435700, -4.378761216220396157 ) ) ;
#1639 = DESIGN_CONTEXT ( 'detailed design', #4105, 'design' ) ;
#1640 = CARTESIAN_POINT ( 'NONE',  ( -4.791149215306254483, 6.677386727415018264, 6.077200002112485677 ) ) ;
#1641 = CARTESIAN_POINT ( 'NONE',  ( -86.72980843393465022, 3.899073274684874413, -8.560261108434742638 ) ) ;
#1642 = CARTESIAN_POINT ( 'NONE',  ( -31.50315993837091710, -1.899264050407723392, -18.34001062141041416 ) ) ;
#1643 = CARTESIAN_POINT ( 'NONE',  ( 69.16373412928346909, 2.798892800178945262, 11.74336799457040925 ) ) ;
#1644 = CARTESIAN_POINT ( 'NONE',  ( 112.5915903919785848, 4.377466427069415467, 4.417898817696604752 ) ) ;
#1645 = CARTESIAN_POINT ( 'NONE',  ( 6.009398476175969783, 8.277285934259868583, -0.2419789525553709131 ) ) ;
#1646 = DIRECTION ( 'NONE',  ( 0.000000000000000000, 0.000000000000000000, -1.000000000000000000 ) ) ;
#1647 = B_SPLINE_CURVE_WITH_KNOTS ( 'NONE', 3,
 ( #1437, #3587, #4640, #5679, #5024, #2446, #6131 ),
 .UNSPECIFIED., .F., .F.,
 ( 4, 3, 4 ),
 ( 0.000000000000000000, 0.0003454724522862503240, 0.0005982668894169084709 ),
 .UNSPECIFIED. ) ;
#1648 = CARTESIAN_POINT ( 'NONE',  ( 117.6538875570673923, 4.749828882323305912, -6.447814464569111337 ) ) ;
#1649 = VERTEX_POINT ( 'NONE', #3125 ) ;
#1650 = CARTESIAN_POINT ( 'NONE',  ( 6.021437884625674641, 7.144098335121350729, -6.130251483212965979 ) ) ;
#1651 = DIRECTION ( 'NONE',  ( 0.000000000000000000, 0.000000000000000000, -1.000000000000000000 ) ) ;
#1652 = CARTESIAN_POINT ( 'NONE',  ( 42.58515080132309549, -2.769908854946929289, 18.93208946557867023 ) ) ;
#1653 = CARTESIAN_POINT ( 'NONE',  ( -5.749204403000548247, 7.183719730142471782, 6.081728902940009007 ) ) ;
#1654 = CARTESIAN_POINT ( 'NONE',  ( -119.6935541413519388, 6.043269160737282597, 0.2161637297491485477 ) ) ;
#1655 = B_SPLINE_CURVE_WITH_KNOTS ( 'NONE', 3,
 ( #5878, #1153, #501, #4708, #5361, #5737, #6327 ),
 .UNSPECIFIED., .F., .F.,
 ( 4, 3, 4 ),
 ( 0.000000000000000000, 0.0003454724522862501613, 0.0005982668894169083625 ),
 .UNSPECIFIED. ) ;
#1656 = DIRECTION ( 'NONE',  ( 0.000000000000000000, 1.000000000000000000, 0.000000000000000000 ) ) ;
#1657 = FACE_OUTER_BOUND ( 'NONE', #4442, .T. ) ;
#1658 = CARTESIAN_POINT ( 'NONE',  ( 5.084614817337421933, 6.497833196883832763, -6.262435572921682514 ) ) ;
#1659 = CARTESIAN_POINT ( 'NONE',  ( -3.854623864818197188, 4.066761975643668592, -6.947848199993570617 ) ) ;
#1660 = CARTESIAN_POINT ( 'NONE',  ( -2.082826993207663513, 4.765357435781852224, -6.750012710743844124 ) ) ;
#1661 = ADVANCED_FACE ( 'NONE', ( #5262 ), #533, .T. ) ;
#1662 = VERTEX_POINT ( 'NONE', #2126 ) ;
#1663 = CARTESIAN_POINT ( 'NONE',  ( -23.18872833251953125, 2.099880249677639643, 14.41592884063720881 ) ) ;
#1664 = CARTESIAN_POINT ( 'NONE',  ( 1.717918879614545702, 4.184691141788929869, 5.744731753733193891 ) ) ;
#1665 = B_SPLINE_SURFACE_WITH_KNOTS ( 'NONE', 3, 3, ( 
 ( #489, #623, #522, #2214, #4692, #6415, #5727, #1004, #6791, #2076, #4181, #5763 ),
 ( #4456, #795, #6450, #5963, #2390, #654, #4355, #208, #2907, #5381, #4859, #2320 ),
 ( #3940, #5901, #1177, #1827, #282, #1726, #2802, #2766, #1211, #141, #5934, #4999 ),
 ( #4490, #6588, #2284, #6551, #3320, #5413, #1277, #3391, #1309, #3800, #5484, #3837 ),
 ( #688, #4896, #759, #2251, #4419, #6514, #2870, #6481, #4961, #243, #3285, #3356 ),
 ( #175, #4389, #1759, #3868, #1245, #5450, #724, #1792, #2355, #2836, #4929, #3907 ),
 ( #6000, #6033, #3426, #5516, #5136, #4618, #5687, #4045, #3500, #4650, #3465, #868 ),
 ( #2549, #5624, #2978, #5591, #898, #1345, #5037, #353, #4011, #6071, #5558, #320 ),
 ( #2457, #1864, #414, #6620, #836, #6171, #2520, #3007, #1481, #387, #2943, #2492 ),
 ( #6715, #2424, #2001, #4073, #3975, #4523, #6141, #932, #5104, #1447, #4586, #4557 ),
 ( #5070, #1940, #5167, #6688, #3532, #1903, #3041, #6109, #3565, #963, #1972, #1416 ),
 ( #5659, #4107, #6204, #442, #3595, #1383, #6655, #3069, #3660, #4242, #5719, #5275 ) ),
 .UNSPECIFIED., .F., .F., .F.,
 ( 4, 1, 1, 1, 1, 1, 1, 1, 1, 4 ),
 ( 4, 1, 1, 1, 1, 1, 1, 1, 1, 4 ),
 ( 0.000000000000000000, 0.05188190191984176636, 0.06485237926244735718, 0.08636341243982315063, 0.1132533699274063110, 0.2037699967622756958, 0.3333333432674407959, 0.6666666865348815918, 0.9027069807052612305, 1.000000000000000000 ),
 ( 0.000000000000000000, 0.1259855031967163086, 0.1574818938970565796, 0.1749367564916610718, 0.2014939337968826294, 0.3333333432674407959, 0.4213795065879821777, 0.5193362236022949219, 0.6666666865348815918, 1.000000000000000000 ),
 .UNSPECIFIED. ) ;
#1666 = CARTESIAN_POINT ( 'NONE',  ( 27.65514072135733059, 8.391185731621465749, -9.257235494961275180 ) ) ;
#1667 = CARTESIAN_POINT ( 'NONE',  ( 21.13514469153330211, 0.9973168740656328524, 14.50036268474484125 ) ) ;
#1668 = EDGE_CURVE ( 'NONE', #826, #1335, #3236, .T. ) ;
#1669 = CARTESIAN_POINT ( 'NONE',  ( 2.588173264003524654, 6.089396852743244715, 5.422501591978914348 ) ) ;
#1670 = CARTESIAN_POINT ( 'NONE',  ( -9.195939064025886012, -0.7456202195301369073, -18.84527206420898438 ) ) ;
#1671 = TOROIDAL_SURFACE ( 'NONE', #4097, 5.999999999999998224, 0.5000000000000004441 ) ;
#1672 = CARTESIAN_POINT ( 'NONE',  ( 97.23835454653017507, 6.127168466455199081, -5.323480197105600276 ) ) ;
#1673 = ORIENTED_EDGE ( 'NONE', *, *, #2032, .F. ) ;
#1674 = CARTESIAN_POINT ( 'NONE',  ( 119.6185884291511314, 6.017876109323826661, 0.5368125316034224603 ) ) ;
#1675 = CIRCLE ( 'NONE', #3997, 4.500000000000000888 ) ;
#1676 = CARTESIAN_POINT ( 'NONE',  ( 101.4774922479379597, 6.246764839622967358, -5.374287979233611345 ) ) ;
#1677 = CARTESIAN_POINT ( 'NONE',  ( -92.96783588393971343, 4.137876302376992221, -7.735535629553632830 ) ) ;
#1678 = CARTESIAN_POINT ( 'NONE',  ( -26.60935379229428577, -0.6789873011752113330, -16.90240747048163783 ) ) ;
#1679 = CARTESIAN_POINT ( 'NONE',  ( 43.69058282961868400, -0.6485876418872957849, 16.74735660876553567 ) ) ;
#1680 = AXIS2_PLACEMENT_3D ( 'NONE', #3547, #3608, #4088 ) ;
#1681 = CARTESIAN_POINT ( 'NONE',  ( 5.890396900207323760, 8.411041161649979614, -1.216663294122389161 ) ) ;
#1682 = VERTEX_POINT ( 'NONE', #663 ) ;
#1683 = CARTESIAN_POINT ( 'NONE',  ( 119.0334343783984110, 5.377309177252345584, -3.096440970723483677 ) ) ;
#1684 = CARTESIAN_POINT ( 'NONE',  ( 7.630179337161759889, 4.498398818156751133, 7.755917631635853127 ) ) ;
#1685 = TOROIDAL_SURFACE ( 'NONE', #2471, 3.500000000000000000, 0.9999999999999574785 ) ;
#1686 = CARTESIAN_POINT ( 'NONE',  ( 117.9762050408179732, 5.986979972872194189, 0.1048991531133454252 ) ) ;
#1687 = CARTESIAN_POINT ( 'NONE',  ( -5.850485241568408767, 6.465724614186088459, 6.140795900925291484 ) ) ;
#1688 = CARTESIAN_POINT ( 'NONE',  ( 105.7046175941305677, 6.325303857853988632, -5.134133779988817814 ) ) ;
#1689 = CARTESIAN_POINT ( 'NONE',  ( 37.72516019162084433, -2.322633250334270372, 17.88838242727397798 ) ) ;
#1690 = CARTESIAN_POINT ( 'NONE',  ( 31.46829077526949092, -2.420520234125092429, 18.01543191998130311 ) ) ;
#1691 = AXIS2_PLACEMENT_3D ( 'NONE', #3774, #2225, #3195 ) ;
#1692 = CARTESIAN_POINT ( 'NONE',  ( -8.208818771733875863, 6.528929744994484530, 6.081170022719860846 ) ) ;
#1693 = DIRECTION ( 'NONE',  ( 0.4981454487392896757, -0.002298959613376589696, -0.8670904374314295504 ) ) ;
#1694 = DIRECTION ( 'NONE',  ( 0.000000000000000000, 0.000000000000000000, -1.000000000000000000 ) ) ;
#1695 = CARTESIAN_POINT ( 'NONE',  ( 13.13818748363065581, 6.967923640206890923, -6.840610517953457759 ) ) ;
#1696 = CARTESIAN_POINT ( 'NONE',  ( -2.462338319790741359, 6.986004968523094938, 5.866430901882138116 ) ) ;
#1697 = CARTESIAN_POINT ( 'NONE',  ( -8.146923878256520979, 4.680002356246840023, -7.809216406995370896 ) ) ;
#1698 = ORIENTED_EDGE ( 'NONE', *, *, #1583, .F. ) ;
#1699 = CARTESIAN_POINT ( 'NONE',  ( -98.67591857910156250, 4.036080630003034742, 9.412523269653325642 ) ) ;
#1700 = CARTESIAN_POINT ( 'NONE',  ( -5.661007361884245803, 3.337869031897907401, -2.699038686990772540 ) ) ;
#1701 = CARTESIAN_POINT ( 'NONE',  ( 19.87208270246974351, 7.885254440666572329, -7.989970215981267998 ) ) ;
#1702 = FACE_OUTER_BOUND ( 'NONE', #6577, .T. ) ;
#1703 = B_SPLINE_CURVE_WITH_KNOTS ( 'NONE', 3,
 ( #5082, #3478, #3512, #2472, #3081, #3545, #5635, #2957, #5671, #332, #6183, #3606, #4598, #4568, #944, #4631, #3052, #5051, #3988, #6699 ),
 .UNSPECIFIED., .F., .F.,
 ( 4, 2, 2, 2, 2, 2, 2, 2, 2, 4 ),
 ( 9.818959268132407744E-06, 0.002815466059573741315, 0.005621113159879350708, 0.008426760260184958801, 0.009829583810337761546, 0.01123240736049056429, 0.01403805446079617845, 0.01684370156110179262, 0.01964934866140740505, 0.02245499576171301748 ),
 .UNSPECIFIED. ) ;
#1704 = CARTESIAN_POINT ( 'NONE',  ( 5.307321101480685144, 7.338095098379072923, 2.817325181845146354 ) ) ;
#1705 = CARTESIAN_POINT ( 'NONE',  ( 0.6849847435951249564, 6.334273548303560375, 6.216837406158447266 ) ) ;
#1706 = FACE_OUTER_BOUND ( 'NONE', #2639, .T. ) ;
#1707 = EDGE_CURVE ( 'NONE', #1921, #2347, #5201, .T. ) ;
#1708 = CARTESIAN_POINT ( 'NONE',  ( 119.6499470248581503, 5.164771022496532638, 1.995095468478498280 ) ) ;
#1709 = ORIENTED_EDGE ( 'NONE', *, *, #5824, .T. ) ;
#1710 = CARTESIAN_POINT ( 'NONE',  ( 0.000000000000000000, -16.44246573510923426, -5.500000000000000000 ) ) ;
#1711 = CARTESIAN_POINT ( 'NONE',  ( -69.18154624460453306, 2.697940628116498374, -11.47689285469435561 ) ) ;
#1712 = CARTESIAN_POINT ( 'NONE',  ( -34.10211029015709272, -2.051945006712342146, -18.51068422599044538 ) ) ;
#1713 = CARTESIAN_POINT ( 'NONE',  ( 44.67366234772336497, -0.3970276721525694552, 16.45333534453384772 ) ) ;
#1714 = CARTESIAN_POINT ( 'NONE',  ( 5.922736392495323798, 7.981141294479960457, 1.033702747381815223 ) ) ;
#1715 = VERTEX_POINT ( 'NONE', #2224 ) ;
#1716 = CARTESIAN_POINT ( 'NONE',  ( 119.3187079923830112, 5.618056792818320488, -2.661438479484810049 ) ) ;
#1717 = CARTESIAN_POINT ( 'NONE',  ( -1.716107982210280491, 4.313962535870238035, -6.722947946190648061 ) ) ;
#1718 = CARTESIAN_POINT ( 'NONE',  ( 49.72574493967189113, 5.812499715501701303, 6.074058055877675777 ) ) ;
#1719 = ORIENTED_EDGE ( 'NONE', *, *, #94, .T. ) ;
#1720 = CARTESIAN_POINT ( 'NONE',  ( 6.758668515736848903, 7.360860788011246214, -6.015922391421208992 ) ) ;
#1721 = DIRECTION ( 'NONE',  ( -0.000000000000000000, -1.000000000000000000, -0.000000000000000000 ) ) ;
#1722 = CIRCLE ( 'NONE', #5906, 4.000000000000039968 ) ;
#1723 = CARTESIAN_POINT ( 'NONE',  ( 51.37304031936622550, -0.7796264033915738523, 16.74880199763094879 ) ) ;
#1724 = CARTESIAN_POINT ( 'NONE',  ( 66.05076714907063717, 2.138886807231630716, 11.96874915445419241 ) ) ;
#1725 = CARTESIAN_POINT ( 'NONE',  ( -71.91805608961438168, 7.168835528778900290, 6.644706024773014974 ) ) ;
#1726 = CARTESIAN_POINT ( 'NONE',  ( 5.948626769078958709, 6.499678160396144655, -5.945149421691894531 ) ) ;
#1727 = CARTESIAN_POINT ( 'NONE',  ( -4.462686475993948854, 8.216835762181109004, 4.476147824132475250 ) ) ;
#1728 = CARTESIAN_POINT ( 'NONE',  ( 34.01529344835519453, 8.296934849469026929, -9.627511963977172016 ) ) ;
#1729 = CARTESIAN_POINT ( 'NONE',  ( -63.39924665379725610, 7.729859883915921159, 7.326318710706487991 ) ) ;
#1730 = CARTESIAN_POINT ( 'NONE',  ( -118.6352903485569641, 5.933520072090931130, 3.175047543990450638 ) ) ;
#1731 = EDGE_LOOP ( 'NONE', ( #892, #4626, #6613 ) ) ;
#1732 = CARTESIAN_POINT ( 'NONE',  ( -97.93512725830078125, 7.799172849832594068, 3.464468240737920368 ) ) ;
#1733 = CARTESIAN_POINT ( 'NONE',  ( -4.825277700982399054, 3.291601304985033227, -3.569818971624135973 ) ) ;
#1734 = B_SPLINE_CURVE_WITH_KNOTS ( 'NONE', 3,
 ( #4533, #4057, #1985, #1429 ),
 .UNSPECIFIED., .F., .F.,
 ( 4, 4 ),
 ( 0.0001109308268313790224, 0.0006790695042380549828 ),
 .UNSPECIFIED. ) ;
#1735 = B_SPLINE_CURVE_WITH_KNOTS ( 'NONE', 3,
 ( #3357, #3323, #6553, #3941, #1727, #2767, #110, #1212, #6034, #5416, #690, #209, #5485, #2215, #2321, #3869, #4318, #5967, #1247, #5902, #2252, #4897, #760, #4356, #176, #3838, #4962, #6516, #1796, #245 ),
 .UNSPECIFIED., .F., .F.,
 ( 4, 2, 2, 2, 2, 2, 2, 2, 2, 2, 2, 2, 2, 2, 4 ),
 ( 0.000000000000000000, 0.002048776543695269344, 0.003073164815542904233, 0.004097553087390538688, 0.005121941359238174445, 0.006146329631085811068, 0.007170717902933447692, 0.008195106174781084316, 0.009219494446628720072, 0.01024388271847635583, 0.01126827099032399332, 0.01229265926217162908, 0.01434143580586690406, 0.01536582407771454328, 0.01639021234956217904 ),
 .UNSPECIFIED. ) ;
#1736 = CARTESIAN_POINT ( 'NONE',  ( 2.280535811514215805, 6.692538205141714158, -5.548884199849538845 ) ) ;
#1737 = CARTESIAN_POINT ( 'NONE',  ( -1.934800644836688566, 4.431477905432757325, -6.693559900492492609 ) ) ;
#1738 = CARTESIAN_POINT ( 'NONE',  ( 6.141754417577542036, 8.661170124236940993, -1.271145294716365948 ) ) ;
#1739 = CARTESIAN_POINT ( 'NONE',  ( -34.83548355102539063, 7.665424676118843372, 7.426989078521730292 ) ) ;
#1740 = CARTESIAN_POINT ( 'NONE',  ( 4.467699575364679987, 8.196228841452430913, -4.476147824132478803 ) ) ;
#1741 = ORIENTED_EDGE ( 'NONE', *, *, #3823, .T. ) ;
#1742 = CARTESIAN_POINT ( 'NONE',  ( -1.726295681438987595, 5.342345258592504642, -5.815595811549690630 ) ) ;
#1743 = CARTESIAN_POINT ( 'NONE',  ( -68.15869229099560300, 3.031008845798484508, -11.91454162149065432 ) ) ;
#1744 = CARTESIAN_POINT ( 'NONE',  ( -65.04442451243792789, 2.777021512928136371, -12.39292464333473909 ) ) ;
#1745 = CARTESIAN_POINT ( 'NONE',  ( 8.299894988582110500, 3.722266725660915210, 7.715219752610028792 ) ) ;
#1746 = CARTESIAN_POINT ( 'NONE',  ( 5.454746818047127022, 7.465386946834854598, 2.521831616803222431 ) ) ;
#1747 = ORIENTED_EDGE ( 'NONE', *, *, #2165, .T. ) ;
#1748 = CARTESIAN_POINT ( 'NONE',  ( 105.6907663220760867, 6.121296540887655624, -4.990296521649154826 ) ) ;
#1749 = CARTESIAN_POINT ( 'NONE',  ( -1.697818469516553241, 4.356777512678053910, -6.730015868773585375 ) ) ;
#1750 = ORIENTED_EDGE ( 'NONE', *, *, #4378, .F. ) ;
#1751 = CARTESIAN_POINT ( 'NONE',  ( 20.65276450307212741, 6.495490706775741252, 4.538740634918208450 ) ) ;
#1752 = CARTESIAN_POINT ( 'NONE',  ( 117.4813045961562779, 5.708877970109197619, -4.337279383638835029 ) ) ;
#1753 = CARTESIAN_POINT ( 'NONE',  ( -6.107436966534097067, 6.583962613599027236, 6.119656160395642530 ) ) ;
#1754 = CARTESIAN_POINT ( 'NONE',  ( -119.2935788992525090, 5.909908299348412442, 2.136944720760405758 ) ) ;
#1755 = EDGE_CURVE ( 'NONE', #6251, #3457, #5823, .T. ) ;
#1756 = CARTESIAN_POINT ( 'NONE',  ( 32.24957622792548051, -3.731129607984499330, 19.87998471731424388 ) ) ;
#1757 = CARTESIAN_POINT ( 'NONE',  ( -92.95955647591027571, 4.137522188658680378, -7.736767451931430450 ) ) ;
#1758 = CARTESIAN_POINT ( 'NONE',  ( -11.70035104998373043, 3.988903016013517266, -9.208819109125744973 ) ) ;
#1759 = CARTESIAN_POINT ( 'NONE',  ( 22.97819699803472915, 9.309351379064850107, -11.45815849304199396 ) ) ;
#1760 = CARTESIAN_POINT ( 'NONE',  ( -2.556465829390182520, 6.044982251859856603, 5.891683887300365186 ) ) ;
#1761 = CARTESIAN_POINT ( 'NONE',  ( 117.1853628433244552, 5.777362082309892344, -4.474183485263303339 ) ) ;
#1762 = CARTESIAN_POINT ( 'NONE',  ( 19.37095508398752486, 7.398355650774345094, -7.895833660868890824 ) ) ;
#1763 = CARTESIAN_POINT ( 'NONE',  ( -52.84222232893532833, 7.872525222504622278, 8.150624632691236826 ) ) ;
#1764 = CARTESIAN_POINT ( 'NONE',  ( -20.39355921775518254, 1.403294856578136462, -14.03875938981324190 ) ) ;
#1765 = ORIENTED_EDGE ( 'NONE', *, *, #4331, .T. ) ;
#1766 = CARTESIAN_POINT ( 'NONE',  ( -39.11288833618164063, 8.274857552228924717, 10.86705780029297053 ) ) ;
#1767 = CARTESIAN_POINT ( 'NONE',  ( -3.566593627404120337, 3.477775928776868142, -4.835479709940992521 ) ) ;
#1768 = CARTESIAN_POINT ( 'NONE',  ( 38.11763549563893605, 8.412861289167153700, -9.453795965551536895 ) ) ;
#1769 = FACE_OUTER_BOUND ( 'NONE', #2199, .T. ) ;
#1770 = CARTESIAN_POINT ( 'NONE',  ( 5.091769695414743779, 8.507350760711714699, -3.685974765790754226 ) ) ;
#1771 = CARTESIAN_POINT ( 'NONE',  ( -33.34863281250001421, -6.911843745531086824, -23.54769134521484020 ) ) ;
#1772 = CARTESIAN_POINT ( 'NONE',  ( 4.789619422752706690, 6.777737510453651915, -6.295153951849507656 ) ) ;
#1773 = ORIENTED_EDGE ( 'NONE', *, *, #2749, .F. ) ;
#1774 = CARTESIAN_POINT ( 'NONE',  ( 95.12368762601819583, 6.542745995552148308, -5.628143166451172519 ) ) ;
#1775 = CARTESIAN_POINT ( 'NONE',  ( 105.6995409462957269, 6.119593105326955218, -5.240136679104069550 ) ) ;
#1776 = CARTESIAN_POINT ( 'NONE',  ( -103.3158054124027529, 5.048111283416743866, -6.179241156659019296 ) ) ;
#1777 = CARTESIAN_POINT ( 'NONE',  ( 94.00681751125523533, 4.197389782162516347, 7.796111513858678066 ) ) ;
#1778 = CARTESIAN_POINT ( 'NONE',  ( -116.8100212925081678, 6.504763850191388919, 4.462925595622190933 ) ) ;
#1779 = ORIENTED_EDGE ( 'NONE', *, *, #6623, .F. ) ;
#1780 = CARTESIAN_POINT ( 'NONE',  ( -2.555757551263489802, 6.030128407240852972, 5.874762450655395263 ) ) ;
#1781 = CARTESIAN_POINT ( 'NONE',  ( 8.999252303326272795, 4.349015096945977099, 8.179319459146261906 ) ) ;
#1782 = ORIENTED_EDGE ( 'NONE', *, *, #3822, .T. ) ;
#1783 = CARTESIAN_POINT ( 'NONE',  ( 63.04036266249831044, 8.179832934656221965, -6.386036872863779301 ) ) ;
#1784 = ORIENTED_EDGE ( 'NONE', *, *, #6097, .T. ) ;
#1785 = CARTESIAN_POINT ( 'NONE',  ( -31.51746528032891348, -2.257041470157023166, -17.99373804413047395 ) ) ;
#1786 = DIRECTION ( 'NONE',  ( -1.224646799147352961E-16, 0.000000000000000000, -1.000000000000000000 ) ) ;
#1787 = CARTESIAN_POINT ( 'NONE',  ( -8.255303714114896607, 6.741130923799685704, 6.195324079809448214 ) ) ;
#1788 = AXIS2_PLACEMENT_3D ( 'NONE', #2919, #294, #5049 ) ;
#1789 = CARTESIAN_POINT ( 'NONE',  ( 49.65421111838633550, 0.3013313546313303726, 14.80420697789230111 ) ) ;
#1790 = CARTESIAN_POINT ( 'NONE',  ( 27.99291883370148426, -1.634008258778074651, 17.12576671576060505 ) ) ;
#1791 = CARTESIAN_POINT ( 'NONE',  ( -24.61677066806806735, 7.866681515102223798, 8.688829564117371618 ) ) ;
#1792 = CARTESIAN_POINT ( 'NONE',  ( 22.08670184653772495, 5.010580084135109580, 1.988895893096919831 ) ) ;
#1793 = AXIS2_PLACEMENT_3D ( 'NONE', #895, #6268, #3655 ) ;
#1794 = EDGE_CURVE ( 'NONE', #4817, #647, #3031, .T. ) ;
#1795 = EDGE_CURVE ( 'NONE', #1527, #85, #5972, .T. ) ;
#1796 = CARTESIAN_POINT ( 'NONE',  ( -2.251830508126592800, 5.549920418865727179, -6.004565829309449043 ) ) ;
#1797 = CARTESIAN_POINT ( 'NONE',  ( 116.8554199621946594, 5.894781578319823190, -4.586648056843284138 ) ) ;
#1798 = CARTESIAN_POINT ( 'NONE',  ( 46.70748847856194885, 7.643406310342293786, -8.715616890931075389 ) ) ;
#1799 = CARTESIAN_POINT ( 'NONE',  ( -46.51814813493926692, 8.130014238530808512, 8.727246297371468842 ) ) ;
#1800 = CARTESIAN_POINT ( 'NONE',  ( -10.80398296562476723, 4.272266277548848024, -8.824586783281350932 ) ) ;
#1801 = AXIS2_PLACEMENT_3D ( 'NONE', #1016, #4193, #6805 ) ;
#1802 = ORIENTED_EDGE ( 'NONE', *, *, #1879, .F. ) ;
#1803 = CARTESIAN_POINT ( 'NONE',  ( -77.44950866699218750, 8.390475661932029539, 4.578217506408695847 ) ) ;
#1804 = CARTESIAN_POINT ( 'NONE',  ( -5.799181970020014454, 3.369481377864281146, -2.391137504124662971 ) ) ;
#1805 = CARTESIAN_POINT ( 'NONE',  ( -18.96926337424839559, 1.540242528356656537, -12.79737408773800311 ) ) ;
#1806 = CARTESIAN_POINT ( 'NONE',  ( 17.72952128856928766, 7.942794586894009967, -7.520258041876078714 ) ) ;
#1807 = CARTESIAN_POINT ( 'NONE',  ( 6.013368537082357967, 8.217226422807637931, 0.06817362325446293947 ) ) ;
#1808 = CARTESIAN_POINT ( 'NONE',  ( -33.02606582641602273, -3.658083407701496093, -19.47144317626952770 ) ) ;
#1809 = CARTESIAN_POINT ( 'NONE',  ( 6.278976247262985311, 8.466269614754182271, 0.09085704286446905087 ) ) ;
#1810 = CARTESIAN_POINT ( 'NONE',  ( 78.20665428129954933, 7.092115509377362237, -6.526054521225284510 ) ) ;
#1811 = CARTESIAN_POINT ( 'NONE',  ( -3.589141667857679074, 5.725307643630920929, 4.816802050841897831 ) ) ;
#1812 = CARTESIAN_POINT ( 'NONE',  ( -106.4023665312131470, 4.691823614745835869, -5.470494442394332246 ) ) ;
#1813 = CARTESIAN_POINT ( 'NONE',  ( 15.86300906056062310, 2.377390688305662803, 10.97448891029459439 ) ) ;
#1814 = B_SPLINE_CURVE_WITH_KNOTS ( 'NONE', 3,
 ( #3110, #5349, #6789, #2557, #3631, #5725 ),
 .UNSPECIFIED., .F., .F.,
 ( 4, 2, 4 ),
 ( 2.491306920542243817E-18, 0.0002165082964679652976, 0.0004330165929359281016 ),
 .UNSPECIFIED. ) ;
#1815 = VERTEX_POINT ( 'NONE', #3436 ) ;
#1816 = DIRECTION ( 'NONE',  ( 0.08986152939379979387, 0.9959542687970202035, 0.000000000000000000 ) ) ;
#1817 = CARTESIAN_POINT ( 'NONE',  ( 3.948045143139594870, 4.878201692177320581, 6.882973945667824722 ) ) ;
#1818 = ORIENTED_EDGE ( 'NONE', *, *, #5755, .F. ) ;
#1819 = CARTESIAN_POINT ( 'NONE',  ( 62.80216959660857157, 8.450773768768815586, -2.580212593078623051 ) ) ;
#1820 = ORIENTED_EDGE ( 'NONE', *, *, #6014, .F. ) ;
#1821 = CARTESIAN_POINT ( 'NONE',  ( -27.07841652317295811, -1.219656005230291385, -16.78106019008289351 ) ) ;
#1822 = CARTESIAN_POINT ( 'NONE',  ( -28.75871010534925531, 8.200911637574954227, 9.377046460352060464 ) ) ;
#1823 = CARTESIAN_POINT ( 'NONE',  ( -1.946810395666760174, 5.312221557966400276, -6.211500675189344456 ) ) ;
#1824 = CARTESIAN_POINT ( 'NONE',  ( 66.06841422593322477, 2.555927039921527477, 12.23719884469564967 ) ) ;
#1825 = CARTESIAN_POINT ( 'NONE',  ( 43.69268806684602424, -1.039962406792964700, 16.43997744088965618 ) ) ;
#1826 = CARTESIAN_POINT ( 'NONE',  ( -14.19892027988674066, 3.426613793302632160, -10.39906466149133024 ) ) ;
#1827 = CARTESIAN_POINT ( 'NONE',  ( 7.174134151494087952, 8.514166975904775114, -9.184736251831054688 ) ) ;
#1828 = CIRCLE ( 'NONE', #2610, 0.2499999999999999167 ) ;
#1829 = CARTESIAN_POINT ( 'NONE',  ( -1.965155203925075256, 3.867708245920570054, -5.851952450373558712 ) ) ;
#1830 = CARTESIAN_POINT ( 'NONE',  ( 119.6423013962970856, 5.702920537207901042, 0.7776878782283549452 ) ) ;
#1831 = CARTESIAN_POINT ( 'NONE',  ( 1.716811830284870721, 4.096459091077415238, 5.761593645975135125 ) ) ;
#1832 = CARTESIAN_POINT ( 'NONE',  ( 10.02934018206703115, 6.670618263700074380, -6.289139292447879726 ) ) ;
#1833 = CARTESIAN_POINT ( 'NONE',  ( -71.85766947272121286, 7.625559403331211072, 6.850607612361475418 ) ) ;
#1834 = CARTESIAN_POINT ( 'NONE',  ( -18.92002466994748744, 2.062817763867400789, -13.03782115246180595 ) ) ;
#1835 = ORIENTED_EDGE ( 'NONE', *, *, #6125, .T. ) ;
#1836 = CARTESIAN_POINT ( 'NONE',  ( -1.885489344596862349, 4.898336918531377648, 7.394479274749755859 ) ) ;
#1837 = CARTESIAN_POINT ( 'NONE',  ( -5.535367650716648491, 4.353368004034749106, 2.335021826459253713 ) ) ;
#1838 = CARTESIAN_POINT ( 'NONE',  ( 0.000000000000000000, 3.365003494668334927, 0.000000000000000000 ) ) ;
#1839 = CARTESIAN_POINT ( 'NONE',  ( 8.090421868350711421, 7.460750184990804001, -6.105428518279899741 ) ) ;
#1840 = CARTESIAN_POINT ( 'NONE',  ( 6.235652852725423578, 8.309218026170150040, 0.8023585166692013271 ) ) ;
#1841 = CARTESIAN_POINT ( 'NONE',  ( -22.09620285034179332, 5.112532408414822704, -1.988895893096922496 ) ) ;
#1842 = EDGE_CURVE ( 'NONE', #1932, #5798, #1957, .T. ) ;
#1843 = CARTESIAN_POINT ( 'NONE',  ( -105.6889760478540978, 6.361757449158819355, 5.026480571736573921 ) ) ;
#1844 =( BOUNDED_CURVE ( )  B_SPLINE_CURVE ( 3, ( #4094, #6191, #1471, #3586 ),
 .UNSPECIFIED., .F., .T. ) 
 B_SPLINE_CURVE_WITH_KNOTS ( ( 4, 4 ),
 ( 5.053558214783514302, 5.053670302400453451 ),
 .UNSPECIFIED. ) 
 CURVE ( )  GEOMETRIC_REPRESENTATION_ITEM ( )  RATIONAL_B_SPLINE_CURVE ( ( 1.000000000000000000, 0.9999999989530304889, 0.9999999989530304889, 1.000000000000000000 ) ) 
 REPRESENTATION_ITEM ( '' )  );
#1845 = VERTEX_POINT ( 'NONE', #256 ) ;
#1846 = ORIENTED_EDGE ( 'NONE', *, *, #6330, .F. ) ;
#1847 = CARTESIAN_POINT ( 'NONE',  ( 69.74362432184258864, 7.442008573711225594, -6.863108415132634477 ) ) ;
#1848 = CARTESIAN_POINT ( 'NONE',  ( -5.557850156909110773, 3.621342083657020261, -2.282603360295922368 ) ) ;
#1849 = CARTESIAN_POINT ( 'NONE',  ( -103.8002434433780365, 3.084780909337400789, -10.12934756907826994 ) ) ;
#1850 = CARTESIAN_POINT ( 'NONE',  ( 75.33427240823783677, 3.327997091304504274, 10.56660438353260645 ) ) ;
#1851 = CARTESIAN_POINT ( 'NONE',  ( 3.541556490113224154, 7.493075899455734934, -4.853355729850816758 ) ) ;
#1852 = ORIENTED_EDGE ( 'NONE', *, *, #5505, .F. ) ;
#1853 = FACE_OUTER_BOUND ( 'NONE', #2345, .T. ) ;
#1854 = CARTESIAN_POINT ( 'NONE',  ( 18.03017939143645521, 2.079832645139257252, 12.61561917147620804 ) ) ;
#1855 = EDGE_LOOP ( 'NONE', ( #4051, #5085, #1835, #5884, #3828, #5872, #1254, #1965, #5096 ) ) ;
#1856 = CARTESIAN_POINT ( 'NONE',  ( -4.432212274424562004, 6.704897366346161292, -4.055406385579855666 ) ) ;
#1857 = ORIENTED_EDGE ( 'NONE', *, *, #5554, .T. ) ;
#1858 = CARTESIAN_POINT ( 'NONE',  ( -28.03141006639955179, -1.118230821523307661, -17.43730787394478199 ) ) ;
#1859 = CARTESIAN_POINT ( 'NONE',  ( -8.207686666943468268, 6.528811087247310851, 6.081064046691511571 ) ) ;
#1860 = CARTESIAN_POINT ( 'NONE',  ( -41.40521802489221415, 8.233863883273500051, 9.188649241237358822 ) ) ;
#1861 = CARTESIAN_POINT ( 'NONE',  ( 72.26091498749032382, 3.061422254788461306, 11.17755465634287759 ) ) ;
#1862 = CARTESIAN_POINT ( 'NONE',  ( -29.49777029233024095, -1.886378375146224418, -17.57365612304198521 ) ) ;
#1863 = CARTESIAN_POINT ( 'NONE',  ( 6.104539798270506523, 3.850167395465703635, -1.511075017391659392 ) ) ;
#1864 = CARTESIAN_POINT ( 'NONE',  ( 72.99844113372644472, 8.288714338894324740, -11.95975494384766691 ) ) ;
#1865 = CARTESIAN_POINT ( 'NONE',  ( -119.4051709218309725, 5.476351854497374383, -1.911351683696043802 ) ) ;
#1866 = CARTESIAN_POINT ( 'NONE',  ( -9.714451465470119729E-14, -1.000000000000018208, 0.000000000000000000 ) ) ;
#1867 = CARTESIAN_POINT ( 'NONE',  ( 84.61390109028985762, 6.544732442400848171, -6.177213787917825272 ) ) ;
#1868 = CARTESIAN_POINT ( 'NONE',  ( -30.67320430673579779, 8.846449069570269330, 9.440261471677798610 ) ) ;
#1869 = CARTESIAN_POINT ( 'NONE',  ( -119.5081621129264136, 6.160663701887065358, 2.267605706410978250 ) ) ;
#1870 = EDGE_LOOP ( 'NONE', ( #2809, #3343, #2842 ) ) ;
#1871 = CARTESIAN_POINT ( 'NONE',  ( -21.76920318603515270, 9.207356722532251680, 7.415659427642823154 ) ) ;
#1872 = DIRECTION ( 'NONE',  ( 0.000000000000000000, 0.000000000000000000, -1.000000000000000000 ) ) ;
#1873 = ADVANCED_FACE ( 'NONE', ( #2368 ), #6088, .T. ) ;
#1874 = CARTESIAN_POINT ( 'NONE',  ( -4.306877234007465916, 6.796499658842885871, 6.247851620781924353 ) ) ;
#1875 = CARTESIAN_POINT ( 'NONE',  ( 2.524414617495185809, 6.849428463014466395, -5.993929988312187263 ) ) ;
#1876 = CARTESIAN_POINT ( 'NONE',  ( -116.0970361001040487, 5.634107546435351388, -3.530609646417452563 ) ) ;
#1877 = CARTESIAN_POINT ( 'NONE',  ( 5.718857499237994801, 8.702956139090666454, -1.868643315665174720 ) ) ;
#1878 = CARTESIAN_POINT ( 'NONE',  ( -100.4911651611328125, 1.145577461896960081, -15.05822372436523082 ) ) ;
#1879 = EDGE_CURVE ( 'NONE', #5954, #4809, #4174, .T. ) ;
#1880 = CARTESIAN_POINT ( 'NONE',  ( 1.703138618170521479, 4.306072603314058611, 6.722947946190647173 ) ) ;
#1881 = ORIENTED_EDGE ( 'NONE', *, *, #2696, .F. ) ;
#1882 = ORIENTED_EDGE ( 'NONE', *, *, #3481, .T. ) ;
#1883 = ADVANCED_FACE ( 'NONE', ( #878 ), #137, .F. ) ;
#1885 = ADVANCED_FACE ( 'NONE', ( #2433 ), #3778, .T. ) ;
#1884 = CARTESIAN_POINT ( 'NONE',  ( -1.692798680601247829, 4.380108489198691224, -6.729563127874977901 ) ) ;
#1886 = CARTESIAN_POINT ( 'NONE',  ( 6.144559416200388924, 6.555550386548924635, -6.116755337374364387 ) ) ;
#1887 =( BOUNDED_SURFACE ( )  B_SPLINE_SURFACE ( 3, 2, ( 
 ( #51, #1112, #4289 ),
 ( #2711, #1627, #2218 ),
 ( #3711, #5322, #2674 ),
 ( #4256, #4223, #5221 ) ),
 .UNSPECIFIED., .F., .F., .F. ) 
 B_SPLINE_SURFACE_WITH_KNOTS ( ( 4, 4 ),
 ( 3, 3 ),
 ( 0.01016225818803120733, 0.01073329657713736375 ),
 ( 0.000000000000000000, 1.000000000000000000 ),
 .UNSPECIFIED. ) 
 GEOMETRIC_REPRESENTATION_ITEM ( )  RATIONAL_B_SPLINE_SURFACE ( (
 ( 1.000000000000000000, 0.7462357003965288671, 1.000000000000000000),
 ( 1.000000000000000000, 0.7466108018214346886, 1.000000000000000000),
 ( 1.000000000000000000, 0.7467172987830343889, 1.000000000000000000),
 ( 1.000000000000000000, 0.7465043122595438341, 1.000000000000000000) ) ) 
 REPRESENTATION_ITEM ( '' )  SURFACE ( )  );
#1888 = CARTESIAN_POINT ( 'NONE',  ( -104.5844453755267409, 3.078390608762480163, -10.11830095287773368 ) ) ;
#1889 = CARTESIAN_POINT ( 'NONE',  ( 2.552057182123369738, 6.395710968577073885, -6.242708896712408695 ) ) ;
#1890 = AXIS2_PLACEMENT_3D ( 'NONE', #2081, #3350, #4185 ) ;
#1891 = CARTESIAN_POINT ( 'NONE',  ( 119.6486019769710794, 5.169603535448085374, 1.952177918416380775 ) ) ;
#1892 = VERTEX_POINT ( 'NONE', #2117 ) ;
#1893 = DIRECTION ( 'NONE',  ( -8.326672684688676518E-17, 0.000000000000000000, -1.000000000000000000 ) ) ;
#1894 = CARTESIAN_POINT ( 'NONE',  ( -4.617517270680763453, 6.918665712388397004, -4.354163146463389644 ) ) ;
#1895 = EDGE_LOOP ( 'NONE', ( #3642, #1719, #2850, #1337 ) ) ;
#1896 = CARTESIAN_POINT ( 'NONE',  ( -32.54746041921298882, -2.364679607541236628, -18.11411883360363007 ) ) ;
#1897 = CARTESIAN_POINT ( 'NONE',  ( -10.51789320635674407, 6.974294414191266611, 6.470713102645296644 ) ) ;
#1898 = CARTESIAN_POINT ( 'NONE',  ( -78.27367180713748951, 7.282629808491512868, 6.521349484722619216 ) ) ;
#1899 = CARTESIAN_POINT ( 'NONE',  ( 66.44246868969592867, 1.109187321279912153, 13.98104964529173344 ) ) ;
#1900 = CARTESIAN_POINT ( 'NONE',  ( 6.623055668338737156, 6.367431373247764981, -5.999250812768227803 ) ) ;
#1901 = CIRCLE ( 'NONE', #4642, 2.500000000000015099 ) ;
#1902 = CARTESIAN_POINT ( 'NONE',  ( 2.552368858691448583, 6.463245982889817220, -6.002003839226087933 ) ) ;
#1903 = CARTESIAN_POINT ( 'NONE',  ( 121.9997697791778677, 5.291093512861187342, -0.4458013474941457943 ) ) ;
#1904 = CIRCLE ( 'NONE', #4104, 0.2499999999999995282 ) ;
#1905 = DIRECTION ( 'NONE',  ( 0.000000000000000000, 0.000000000000000000, -1.000000000000000000 ) ) ;
#1906 = CARTESIAN_POINT ( 'NONE',  ( 118.4614560120628965, 4.843625812585274026, 2.369606829939407078 ) ) ;
#1907 = DIRECTION ( 'NONE',  ( 0.000000000000000000, 0.000000000000000000, -1.000000000000000000 ) ) ;
#1908 = CARTESIAN_POINT ( 'NONE',  ( 88.82573862331206271, 6.417095546434437026, -5.934404597820859273 ) ) ;
#1909 = CARTESIAN_POINT ( 'NONE',  ( -12.99368120176699293, 7.711330401831973269, 6.741926251854875929 ) ) ;
#1910 = VECTOR ( 'NONE', #6174, 999.9999999999998863 ) ;
#1911 = ORIENTED_EDGE ( 'NONE', *, *, #4620, .F. ) ;
#1912 = CARTESIAN_POINT ( 'NONE',  ( -8.915080070495614351, -4.804296939195664251, -15.91880035400390625 ) ) ;
#1913 = CARTESIAN_POINT ( 'NONE',  ( -5.012394883755431962, 4.732009470797382100, 3.914807432464245007 ) ) ;
#1914 = DIRECTION ( 'NONE',  ( 0.9986423203147527516, 0.03825261363564370215, 0.03535892569647536288 ) ) ;
#1915 = CARTESIAN_POINT ( 'NONE',  ( 1.687407394648340331, 4.737073746335193292, 6.401498698157917389 ) ) ;
#1916 = VECTOR ( 'NONE', #3531, 1000.000000000000000 ) ;
#1917 = CARTESIAN_POINT ( 'NONE',  ( -9.768449498475149539, 4.495015979763757663, -8.342178632346483269 ) ) ;
#1918 = FACE_OUTER_BOUND ( 'NONE', #5726, .T. ) ;
#1919 = CARTESIAN_POINT ( 'NONE',  ( -126.5875396728515767, 6.137454958139509031, 7.251729965209968043 ) ) ;
#1920 = CARTESIAN_POINT ( 'NONE',  ( 5.282844226499942231, 7.365124212615934418, 3.478643731887920865 ) ) ;
#1921 = VERTEX_POINT ( 'NONE', #2670 ) ;
#1922 = CARTESIAN_POINT ( 'NONE',  ( 95.13143672541515627, 6.669260339328274334, -5.628643011833085019 ) ) ;
#1923 = CARTESIAN_POINT ( 'NONE',  ( -2.568647049851900288, 6.180949348576012525, 5.431136665455470691 ) ) ;
#1924 = CARTESIAN_POINT ( 'NONE',  ( -104.8475834813044969, 3.073468999966958659, -10.12034775933430453 ) ) ;
#1925 = CARTESIAN_POINT ( 'NONE',  ( 18.95888855513955917, 1.951822330007456641, 13.07590114196407960 ) ) ;
#1926 = ADVANCED_FACE ( 'NONE', ( #6318, #1591 ), #557, .F. ) ;
#1927 = ADVANCED_FACE ( 'NONE', ( #1077 ), #4648, .F. ) ;
#1928 = DIRECTION ( 'NONE',  ( -0.000000000000000000, -1.000000000000000000, -0.000000000000000000 ) ) ;
#1929 = EDGE_LOOP ( 'NONE', ( #6595, #6278, #6455, #2485 ) ) ;
#1930 = CARTESIAN_POINT ( 'NONE',  ( -9.671588827499962427E-14, 7.643375672974086932, 3.500000000000000000 ) ) ;
#1931 = CARTESIAN_POINT ( 'NONE',  ( -3.038868110248255316, 5.828954554551583733, -5.182017950274951268 ) ) ;
#1932 = VERTEX_POINT ( 'NONE', #1884 ) ;
#1933 = CARTESIAN_POINT ( 'NONE',  ( -26.61373490323672897, -0.6804016229593333742, -16.90416081206664245 ) ) ;
#1934 = CARTESIAN_POINT ( 'NONE',  ( -8.989492256473280207, 6.613111098497920892, 6.166675355566617611 ) ) ;
#1935 = CARTESIAN_POINT ( 'NONE',  ( -21.53549907481712822, 7.819253722057307954, 8.292167866818871858 ) ) ;
#1936 = CARTESIAN_POINT ( 'NONE',  ( 59.84417551337932650, 2.070541674607937921, 13.13212714067459252 ) ) ;
#1937 = CARTESIAN_POINT ( 'NONE',  ( 8.467460605656945916, 6.518654551407066400, -6.109054573331773597 ) ) ;
#1938 = ADVANCED_FACE ( 'NONE', ( #2926 ), #5851, .T. ) ;
#1939 = CARTESIAN_POINT ( 'NONE',  ( 1.743126386402136463, 4.634045487795135365, 6.731572192124451348 ) ) ;
#1940 = CARTESIAN_POINT ( 'NONE',  ( 120.7698850930634364, 6.217321161608950320, -10.05705070495607423 ) ) ;
#1941 = CARTESIAN_POINT ( 'NONE',  ( 1.849334805933693815, 4.765752617722442963, 6.712082348330646653 ) ) ;
#1942 = CARTESIAN_POINT ( 'NONE',  ( 119.3963126861529105, 4.925315962625383293, 1.911351683680367231 ) ) ;
#1943 = CARTESIAN_POINT ( 'NONE',  ( 117.4776318766242156, 5.822982720276614899, -4.340290075016032034 ) ) ;
#1944 = CARTESIAN_POINT ( 'NONE',  ( 1.716811830284870721, 4.096459091077415238, 5.761593645975135125 ) ) ;
#1945 = CARTESIAN_POINT ( 'NONE',  ( -11.94732088520094315, 7.585583944009499646, 6.668007510412369498 ) ) ;
#1946 = EDGE_LOOP ( 'NONE', ( #2025, #5112, #233, #1956, #3349, #4336 ) ) ;
#1947 = CARTESIAN_POINT ( 'NONE',  ( -14.55351066589356357, -4.681156604112648445, -16.47033500671386719 ) ) ;
#1948 = CARTESIAN_POINT ( 'NONE',  ( -4.401683431958130832, 5.155935611333183566, 4.618245582420281714 ) ) ;
#1949 = CARTESIAN_POINT ( 'NONE',  ( -10.95246547837254170, 3.456281948797976789, -8.622772540492972482 ) ) ;
#1950 = CARTESIAN_POINT ( 'NONE',  ( 1.679478288383434492, 4.899220960161829730, 6.573371397552277173 ) ) ;
#1951 = CARTESIAN_POINT ( 'NONE',  ( -14.36923239755182635, 3.591606345147203339, -10.38232038349718067 ) ) ;
#1952 = CARTESIAN_POINT ( 'NONE',  ( 119.4503756750221584, 5.912444931793868541, -0.1993924610708687484 ) ) ;
#1953 = DIRECTION ( 'NONE',  ( -0.000000000000000000, -1.000000000000000000, -0.000000000000000000 ) ) ;
#1954 = CIRCLE ( 'NONE', #3268, 0.2500000000000006106 ) ;
#1955 = EDGE_CURVE ( 'NONE', #134, #4884, #3563, .T. ) ;
#1956 = ORIENTED_EDGE ( 'NONE', *, *, #2303, .F. ) ;
#1957 = B_SPLINE_CURVE_WITH_KNOTS ( 'NONE', 3,
 ( #1320, #4566, #2845, #1286, #2402, #5079, #218, #4021, #3366, #5010, #6665, #1257, #5460, #6119, #5976, #3400, #4971, #2329, #5493, #4428 ),
 .UNSPECIFIED., .F., .F.,
 ( 4, 2, 2, 2, 2, 2, 2, 2, 2, 4 ),
 ( 9.818959268132653384E-06, 0.002815466059573739580, 0.005621113159879345504, 0.008426760260184950127, 0.009829583810337752872, 0.01123240736049055735, 0.01403805446079616631, 0.01684370156110178221, 0.01964934866140739464, 0.02245499576171300707 ),
 .UNSPECIFIED. ) ;
#1958 = CARTESIAN_POINT ( 'NONE',  ( -9.714451465470119729E-14, -3.816391647148975608E-14, 0.000000000000000000 ) ) ;
#1959 = CARTESIAN_POINT ( 'NONE',  ( 8.253466065762047776, 6.703036836016092792, -6.195324079809448214 ) ) ;
#1960 = CARTESIAN_POINT ( 'NONE',  ( -4.058100116632034293, 6.418374112804582587, 6.205307311505222856 ) ) ;
#1961 = CARTESIAN_POINT ( 'NONE',  ( 117.9020541565380000, 5.425894163476359111, -3.810107055207032634 ) ) ;
#1962 = ORIENTED_EDGE ( 'NONE', *, *, #1879, .T. ) ;
#1963 = CARTESIAN_POINT ( 'NONE',  ( -19.27855348017627790, 8.124164148344807046, 7.805926184054518657 ) ) ;
#1964 = CARTESIAN_POINT ( 'NONE',  ( -4.105938623317568315, 6.897645753044640671, -4.388182452491467878 ) ) ;
#1965 = ORIENTED_EDGE ( 'NONE', *, *, #6552, .T. ) ;
#1966 = CARTESIAN_POINT ( 'NONE',  ( -43.74061640223865766, -0.4430911426958971111, -16.74303973974057413 ) ) ;
#1967 = CARTESIAN_POINT ( 'NONE',  ( -7.684572419351279216, 6.475395759909289950, 6.035426192073742868 ) ) ;
#1968 = CARTESIAN_POINT ( 'NONE',  ( -1.703603182419975992, 5.220749414749867867, -6.281222319699496737 ) ) ;
#1969 = CARTESIAN_POINT ( 'NONE',  ( 86.72803495080248126, 3.940785848930045798, 8.789645692084453898 ) ) ;
#1970 = ADVANCED_FACE ( 'NONE', ( #3279 ), #3074, .T. ) ;
#1971 = CARTESIAN_POINT ( 'NONE',  ( 21.11164145792704261, 0.8797820589999553187, 14.48734086131204002 ) ) ;
#1972 = CARTESIAN_POINT ( 'NONE',  ( 114.7903216523779548, -2.825549007090480291, 20.95277023315427201 ) ) ;
#1973 = CARTESIAN_POINT ( 'NONE',  ( -119.4475627678460086, 6.633588767998400471, 1.160925406444933472 ) ) ;
#1974 = ADVANCED_FACE ( 'NONE', ( #4272 ), #1241, .T. ) ;
#1975 = CARTESIAN_POINT ( 'NONE',  ( 119.7695914915432098, 2.067471482750431466, 12.07816577589831120 ) ) ;
#1976 = FACE_OUTER_BOUND ( 'NONE', #1149, .T. ) ;
#1977 = CARTESIAN_POINT ( 'NONE',  ( -118.6773638102159651, 6.523992800828733785, 3.478173050254614207 ) ) ;
#1978 = CARTESIAN_POINT ( 'NONE',  ( -15.07009120360868160, 7.835784184622270665, 7.064520052515331550 ) ) ;
#1979 = VERTEX_POINT ( 'NONE', #4845 ) ;
#1980 = CARTESIAN_POINT ( 'NONE',  ( -97.77136230468750000, 4.552742989240706528, -9.293939590454096233 ) ) ;
#1981 = CARTESIAN_POINT ( 'NONE',  ( 2.283547986772024530, 6.046774399737098626, -5.651768604980642152 ) ) ;
#1982 = CARTESIAN_POINT ( 'NONE',  ( 5.219126661162309055, 3.967527213254266716, 7.170024191124854340 ) ) ;
#1983 = CARTESIAN_POINT ( 'NONE',  ( 105.6370469016039522, 6.106068260432494732, -5.242536739738882900 ) ) ;
#1984 = DIRECTION ( 'NONE',  ( -0.4981507536027393046, 4.336808689942024639E-16, 0.8670904374314266638 ) ) ;
#1985 = CARTESIAN_POINT ( 'NONE',  ( -2.299429935054611907, 6.618331110883777235, 5.891368335048941418 ) ) ;
#1986 = CARTESIAN_POINT ( 'NONE',  ( -1.731264429080614509, 4.132730318100067635, -5.750248925696338276 ) ) ;
#1987 = APPROVAL_STATUS ( 'not_yet_approved' ) ;
#1988 = EDGE_LOOP ( 'NONE', ( #2985, #1673, #6064, #4471 ) ) ;
#1989 = CARTESIAN_POINT ( 'NONE',  ( -4.848890328955729245, 6.675823129893085905, 6.320435523690459689 ) ) ;
#1990 = CARTESIAN_POINT ( 'NONE',  ( -116.5005100621442011, 5.197425322502223111, -3.213473107670592910 ) ) ;
#1991 = CARTESIAN_POINT ( 'NONE',  ( 16.68392145597991671, 2.781909567681853268, 11.69952806963560832 ) ) ;
#1992 = CARTESIAN_POINT ( 'NONE',  ( 1.718072182551859228, 5.334397358566066671, 5.815595811549689742 ) ) ;
#1993 = CARTESIAN_POINT ( 'NONE',  ( -21.35033361434769361, 8.220969698946746007, 8.192685919085869628 ) ) ;
#1994 = CARTESIAN_POINT ( 'NONE',  ( -4.175788648450523333, 7.917334019188997374, 4.319716578640321103 ) ) ;
#1995 = VERTEX_POINT ( 'NONE', #4784 ) ;
#1996 = CARTESIAN_POINT ( 'NONE',  ( -44.72224553625557064, -0.1871155482760080146, -16.44909405411170766 ) ) ;
#1997 = CARTESIAN_POINT ( 'NONE',  ( -65.58646625268949037, 7.292806597136348046, 7.006125526361954847 ) ) ;
#1998 = DIRECTION ( 'NONE',  ( 0.9425200324166848054, 0.1032005950594593185, 0.3178138223435622023 ) ) ;
#1999 = CARTESIAN_POINT ( 'NONE',  ( 96.70630427991847000, 2.521280285844219371, 10.54316987929443172 ) ) ;
#2000 = CARTESIAN_POINT ( 'NONE',  ( 6.106703068663740908, 3.469203927643696783, 1.394074936702763390 ) ) ;
#2001 = CARTESIAN_POINT ( 'NONE',  ( 101.2308284533959295, 6.557943123334249336, -8.392722129821793331 ) ) ;
#2002 = CARTESIAN_POINT ( 'NONE',  ( -1.681737720632825894, 4.211602104383969092, -6.756291657926463579 ) ) ;
#2003 = CARTESIAN_POINT ( 'NONE',  ( 40.20224256393939299, 8.521883333163467356, -9.197821359703706179 ) ) ;
#2004 = CARTESIAN_POINT ( 'NONE',  ( 3.582665698020288669, 5.708758654032926927, -4.816802050841897831 ) ) ;
#2005 = CARTESIAN_POINT ( 'NONE',  ( 101.4606726687209175, 6.001621539580088260, -5.163159393529672236 ) ) ;
#2006 = CARTESIAN_POINT ( 'NONE',  ( -24.39753260843822602, 8.332136945082003976, 8.792531874422408578 ) ) ;
#2007 = EDGE_CURVE ( 'NONE', #3014, #3540, #5647, .T. ) ;
#2008 = EDGE_CURVE ( 'NONE', #3780, #5183, #3189, .T. ) ;
#2009 = ORIENTED_EDGE ( 'NONE', *, *, #3539, .F. ) ;
#2010 = CARTESIAN_POINT ( 'NONE',  ( -77.93804168701173296, -7.393958537401156939, -16.75580024719237926 ) ) ;
#2011 = CARTESIAN_POINT ( 'NONE',  ( -1.729551932393212699, 4.038758552932130819, -5.787898483374614322 ) ) ;
#2012 = AXIS2_PLACEMENT_3D ( 'NONE', #2643, #4738, #21 ) ;
#2013 = CARTESIAN_POINT ( 'NONE',  ( 2.006001602619392532, 4.110954352848442461, 6.580723151612119182 ) ) ;
#2014 = DIRECTION ( 'NONE',  ( 0.9460387969169048450, 0.05006111852536336559, 0.3201632070366691729 ) ) ;
#2015 = CARTESIAN_POINT ( 'NONE',  ( -1.920323777126776266, 4.821688046860451493, -6.676271772984665454 ) ) ;
#2016 = CARTESIAN_POINT ( 'NONE',  ( -11.98995638143485287, 3.290755583122034533, -9.044153093693934053 ) ) ;
#2017 = CARTESIAN_POINT ( 'NONE',  ( -121.6078186035156392, 5.818882496534431681, 3.360336303710944605 ) ) ;
#2018 = CIRCLE ( 'NONE', #37, 3.500000000000023981 ) ;
#2019 = ORIENTED_EDGE ( 'NONE', *, *, #1583, .T. ) ;
#2020 = CIRCLE ( 'NONE', #5323, 6.500000000000015987 ) ;
#2021 = CARTESIAN_POINT ( 'NONE',  ( -6.081181891617528201, 7.077737534693087085, 6.124707495168616234 ) ) ;
#2022 = CARTESIAN_POINT ( 'NONE',  ( -116.7236254147617132, 2.203305367637333756, -12.49873406584609548 ) ) ;
#2023 = CARTESIAN_POINT ( 'NONE',  ( 21.22096308647577345, 1.060393991650510293, 14.44189500891223155 ) ) ;
#2024 = CIRCLE ( 'NONE', #2915, 0.5000000000000004441 ) ;
#2025 = ORIENTED_EDGE ( 'NONE', *, *, #238, .T. ) ;
#2026 = CARTESIAN_POINT ( 'NONE',  ( -40.19474847496343273, 8.707417859247476244, 9.197850234353973420 ) ) ;
#2027 = CARTESIAN_POINT ( 'NONE',  ( -5.684370293529513951, 7.714576346942571661, -2.739635161435879596 ) ) ;
#2028 = CARTESIAN_POINT ( 'NONE',  ( -37.76833734926181307, -2.148431540526775763, -17.88838242726919248 ) ) ;
#2029 = CARTESIAN_POINT ( 'NONE',  ( -71.93169012691207342, 7.411099575650344384, 6.845395198089599731 ) ) ;
#2030 = DIRECTION ( 'NONE',  ( 0.000000000000000000, 0.000000000000000000, -1.000000000000000000 ) ) ;
#2031 = CARTESIAN_POINT ( 'NONE',  ( 91.33203081390009004, 2.474441712098642387, 10.84715766201198051 ) ) ;
#2032 = EDGE_CURVE ( 'NONE', #3056, #3014, #2615, .T. ) ;
#2033 = CARTESIAN_POINT ( 'NONE',  ( -119.5943001718191283, 6.731653672162959623, 1.990477841825777361 ) ) ;
#2034 = FACE_OUTER_BOUND ( 'NONE', #4848, .T. ) ;
#2035 = CARTESIAN_POINT ( 'NONE',  ( 77.47276958132866298, 7.458708422817624140, -6.095333576202405013 ) ) ;
#2036 = CARTESIAN_POINT ( 'NONE',  ( 17.66177065720108175, 7.751302122989360832, -7.592441731258850801 ) ) ;
#2037 = LINE ( 'NONE', #4077, #1910 ) ;
#2038 = CARTESIAN_POINT ( 'NONE',  ( 25.64249493008217939, -0.8894332236355882992, 16.22201023347776783 ) ) ;
#2039 = CARTESIAN_POINT ( 'NONE',  ( -15.06837789669948435, 7.647807349187256243, 7.149002481802118503 ) ) ;
#2040 = CARTESIAN_POINT ( 'NONE',  ( -119.6947579110137809, 5.791731423742000118, 0.2406646987877777422 ) ) ;
#2041 = VERTEX_POINT ( 'NONE', #4532 ) ;
#2042 = CARTESIAN_POINT ( 'NONE',  ( -62.31595611572267046, -10.60434004527470719, -21.37056350708007457 ) ) ;
#2043 = CARTESIAN_POINT ( 'NONE',  ( 119.6966781854113151, 5.268431480786299304, -0.5573277731084361752 ) ) ;
#2044 = CARTESIAN_POINT ( 'NONE',  ( 11.90144059813823318, 3.483394340603000572, 9.306373527720023020 ) ) ;
#2045 = CARTESIAN_POINT ( 'NONE',  ( -5.315335971122381764, 7.370357445088809634, -2.799750030314088090 ) ) ;
#2046 = DIRECTION ( 'NONE',  ( 0.03590852244035982327, -0.6597309659043760766, -0.7506434777196356878 ) ) ;
#2047 = CARTESIAN_POINT ( 'NONE',  ( -16.54252575386223612, 2.277405306411861119, -11.35227663790864483 ) ) ;
#2048 = FACE_OUTER_BOUND ( 'NONE', #1895, .T. ) ;
#2049 = PERSON_AND_ORGANIZATION ( #4636, #854 ) ;
#2050 = EDGE_LOOP ( 'NONE', ( #1039, #5400, #6733, #3932 ) ) ;
#2051 = CARTESIAN_POINT ( 'NONE',  ( -117.5002578548160557, 5.671909108659757948, 4.372984897823546824 ) ) ;
#2052 = CARTESIAN_POINT ( 'NONE',  ( 2.603254239903030509, 6.008478479667982874, -5.860186653872547780 ) ) ;
#2053 = CARTESIAN_POINT ( 'NONE',  ( -28.68938834613755517, 8.578041641122437611, 9.372657186308632760 ) ) ;
#2054 = CARTESIAN_POINT ( 'NONE',  ( 119.6920438023539219, 6.039980766589129857, -0.9784715689468022060 ) ) ;
#2055 = EDGE_CURVE ( 'NONE', #2347, #2916, #5117, .T. ) ;
#2056 = CARTESIAN_POINT ( 'NONE',  ( -115.9587144264271501, 5.144627977185586509, -3.428464994785379805 ) ) ;
#2057 = FACE_OUTER_BOUND ( 'NONE', #5762, .T. ) ;
#2058 = CARTESIAN_POINT ( 'NONE',  ( -22.91432594261745237, 0.1352938856814182855, -15.03721143527185689 ) ) ;
#2059 = CARTESIAN_POINT ( 'NONE',  ( -5.249983339181797604, 7.032136377493137580, 6.157397774423985837 ) ) ;
#2060 = CARTESIAN_POINT ( 'NONE',  ( -4.331997263777277674, 8.139433850123330316, 4.614198303697303771 ) ) ;
#2061 = CARTESIAN_POINT ( 'NONE',  ( -42.63034037648980501, -2.573273584623908317, -18.93208946503051493 ) ) ;
#2062 = CARTESIAN_POINT ( 'NONE',  ( -95.14526805314010005, 6.664526992375432002, 5.625122674556203073 ) ) ;
#2063 = CARTESIAN_POINT ( 'NONE',  ( -1.686145676094920276, 4.411030325663771734, -6.728963085265792898 ) ) ;
#2064 = CARTESIAN_POINT ( 'NONE',  ( 96.07542355279638002, 4.284677186937519089, 7.456799803093210777 ) ) ;
#2065 = CARTESIAN_POINT ( 'NONE',  ( -119.6466513863480543, 5.803310310486115675, -1.644845642789280582 ) ) ;
#2066 = CARTESIAN_POINT ( 'NONE',  ( 0.000000000000000000, 3.365003494668334927, 0.000000000000000000 ) ) ;
#2067 = B_SPLINE_CURVE_WITH_KNOTS ( 'NONE', 3,
 ( #4095, #3489, #6610, #3030 ),
 .UNSPECIFIED., .F., .F.,
 ( 4, 4 ),
 ( 9.230375428312729226E-18, 0.0005471493590886842727 ),
 .UNSPECIFIED. ) ;
#2068 = CARTESIAN_POINT ( 'NONE',  ( 4.789054278437163248, 6.655280348948484637, -6.077200002106718735 ) ) ;
#2069 = CARTESIAN_POINT ( 'NONE',  ( 34.90607580353167805, 8.713259871709709614, -9.500852400433156930 ) ) ;
#2070 = CARTESIAN_POINT ( 'NONE',  ( 5.188965211842999636, 3.539283140276147765, 2.988020498266179104 ) ) ;
#2071 = CARTESIAN_POINT ( 'NONE',  ( 23.79989766360608883, 0.1225044087808116466, 15.73790720585494363 ) ) ;
#2072 = CARTESIAN_POINT ( 'NONE',  ( 4.776880061561436186, 6.620935395216494435, -6.433554045592764226 ) ) ;
#2073 = CARTESIAN_POINT ( 'NONE',  ( -119.6665565856980038, 5.973502306728007305, -0.4146276768714093341 ) ) ;
#2074 = ORIENTED_EDGE ( 'NONE', *, *, #284, .T. ) ;
#2075 = B_SPLINE_CURVE_WITH_KNOTS ( 'NONE', 3,
 ( #2682, #2091, #2644, #632, #1566, #3685, #1601, #5263, #602, #5777, #22, #1118, #2127, #4776, #2195, #3716, #58, #2162, #4261, #6361, #3227, #5329, #2716, #4805, #90, #4296, #664, #2920, #5011, #5977, #6565, #4939, #6528, #4429, #1806, #3401, #1221, #2295, #257, #6010, #3332, #4972, #2776, #295, #1839, #2260, #2814, #5912, #2330, #6044, #4467, #5529 ),
 .UNSPECIFIED., .F., .F.,
 ( 4, 2, 2, 2, 2, 2, 2, 2, 2, 2, 2, 2, 2, 2, 2, 2, 2, 2, 2, 2, 2, 2, 2, 2, 2, 4 ),
 ( 0.1477479144719572313, 0.1542809092736935339, 0.1608139040754298366, 0.1738798936789024696, 0.1804128884806388000, 0.1869458832823751304, 0.1934788780841114608, 0.2000118728858478190, 0.2065448676875841494, 0.2130778624893204798, 0.2163443598901886311, 0.2196108572910567824, 0.2261438520927931406, 0.2294103494936613474, 0.2326768468945294988, 0.2359433442953977056, 0.2375765929958317813, 0.2392098416962658569, 0.2424763390971340637, 0.2457428364980022428, 0.2473760851984363462, 0.2481927095486533841, 0.2490093338988704219, 0.2506425825993045531, 0.2514592069495215632, 0.2522758312997386287 ),
 .UNSPECIFIED. ) ;
#2076 = CARTESIAN_POINT ( 'NONE',  ( -0.2257647018346905232, 7.712025728856115592, 11.07396125793456854 ) ) ;
#2077 = CARTESIAN_POINT ( 'NONE',  ( 119.4444871928103709, 5.271413677558822286, -0.5607332671707666583 ) ) ;
#2078 = ORIENTED_EDGE ( 'NONE', *, *, #6505, .T. ) ;
#2079 = CARTESIAN_POINT ( 'NONE',  ( -2.305675107495472442, 6.474668977491781163, 6.014267845432307524 ) ) ;
#2080 = CARTESIAN_POINT ( 'NONE',  ( 13.17266787508166637, 3.238420003673732950, 9.886472375443540628 ) ) ;
#2081 = CARTESIAN_POINT ( 'NONE',  ( -9.714451465470119729E-14, 13.42264973081046264, -1.500000000000000000 ) ) ;
#2082 = DIRECTION ( 'NONE',  ( 0.9998217778835584157, 0.01878466288027049597, -0.001883855152324104970 ) ) ;
#2083 = CARTESIAN_POINT ( 'NONE',  ( -1.553165651869811148, 4.152928705876723470, -6.555929395932483139 ) ) ;
#2084 = CARTESIAN_POINT ( 'NONE',  ( -6.291364145934388752, 4.831743601864561199, -7.306610638185767392 ) ) ;
#2085 = COORDINATED_UNIVERSAL_TIME_OFFSET ( 5, 0, .AHEAD. ) ;
#2086 = ORIENTED_EDGE ( 'NONE', *, *, #2903, .F. ) ;
#2087 = DIRECTION ( 'NONE',  ( -0.9956338643365960639, 0.08889667436710385617, -0.02847085303684766810 ) ) ;
#2088 = CARTESIAN_POINT ( 'NONE',  ( 2.485958179635876508, 6.196540330519127338, -5.467653090190231602 ) ) ;
#2089 = B_SPLINE_CURVE_WITH_KNOTS ( 'NONE', 3,
 ( #3850, #1605, #1092, #2747, #1740, #3200, #5299, #4839, #571, #2687, #4780, #3812, #1363, #6635, #1809, #3921, #2818, #4942, #4402, #5465, #2439, #1920, #4026, #6015, #3991, #6124, #4535, #3885, #3956, #852 ),
 .UNSPECIFIED., .F., .F.,
 ( 4, 2, 2, 2, 2, 2, 2, 2, 2, 2, 2, 2, 2, 2, 4 ),
 ( 0.000000000000000000, 0.002048776543695268910, 0.003073164815542903799, 0.004097553087390539556, 0.005121941359238174445, 0.006146329631085809334, 0.007170717902933445957, 0.008195106174781080846, 0.009219494446628716602, 0.01024388271847634889, 0.01126827099032398465, 0.01229265926217161693, 0.01434143580586689018, 0.01536582407771452420, 0.01639021234956216169 ),
 .UNSPECIFIED. ) ;
#2090 = CARTESIAN_POINT ( 'NONE',  ( -40.21553405526653080, 8.505300670851967837, 9.296044015703904151 ) ) ;
#2091 = CARTESIAN_POINT ( 'NONE',  ( 103.5892791381156286, 6.414890697724421109, -5.210774267518770486 ) ) ;
#2092 = CARTESIAN_POINT ( 'NONE',  ( 119.5129065052703510, 6.202147851862551242, -2.249575324583031222 ) ) ;
#2093 = CARTESIAN_POINT ( 'NONE',  ( 4.920653194206627390, 7.391488945868620597, 3.452089842090752203 ) ) ;
#2094 = CARTESIAN_POINT ( 'NONE',  ( -0.7029049396514855941, 8.633676202474550365, 9.310121536254882813 ) ) ;
#2095 = CARTESIAN_POINT ( 'NONE',  ( -49.66914367315737877, 0.5274875595706630671, -14.80809945609296108 ) ) ;
#2096 = EDGE_CURVE ( 'NONE', #4307, #3417, #1675, .T. ) ;
#2097 = EDGE_CURVE ( 'NONE', #6102, #5477, #1703, .T. ) ;
#2098 = CARTESIAN_POINT ( 'NONE',  ( 119.6424110256062221, 6.025330199646418805, 1.662518860559816680 ) ) ;
#2099 = CARTESIAN_POINT ( 'NONE',  ( -5.308755690350130507, 8.695842814516726804, 2.817500618426471259 ) ) ;
#2100 = CARTESIAN_POINT ( 'NONE',  ( -53.33339819484979216, -0.1649653886048979001, -16.27970102037281563 ) ) ;
#2101 = CARTESIAN_POINT ( 'NONE',  ( -50.83664457233312817, 7.661409420269091441, 8.148585581840006142 ) ) ;
#2102 = CARTESIAN_POINT ( 'NONE',  ( 1.681105955265053797, 4.363215186150038782, 6.505738971482649902 ) ) ;
#2103 = CARTESIAN_POINT ( 'NONE',  ( 97.77122424591900085, 2.534645032704081036, 10.48292538925082695 ) ) ;
#2104 = CARTESIAN_POINT ( 'NONE',  ( -119.1205304931389577, 6.783533358714255002, 2.534752840735985391 ) ) ;
#2105 = CARTESIAN_POINT ( 'NONE',  ( 105.7046175941305677, 6.325303857853988632, -5.134133779988817814 ) ) ;
#2106 = CARTESIAN_POINT ( 'NONE',  ( 23.16531234155455010, 1.992918015779696850, -14.41592884063720881 ) ) ;
#2107 = CARTESIAN_POINT ( 'NONE',  ( 19.20724281706111114, 7.957673758141065257, -7.869389620948461506 ) ) ;
#2108 = CARTESIAN_POINT ( 'NONE',  ( 0.01878916365280199063, 11.19156535190668222, 1.248020120233956692E-17 ) ) ;
#2109 = CARTESIAN_POINT ( 'NONE',  ( -119.2991010524310553, 6.534670530478842387, 2.705548100487844110 ) ) ;
#2110 =( BOUNDED_SURFACE ( )  B_SPLINE_SURFACE ( 3, 2, ( 
 ( #4582, #4070, #1541 ),
 ( #1412, #4169, #2620 ),
 ( #5133, #1968, #3561 ),
 ( #1444, #5236, #3037 ) ),
 .UNSPECIFIED., .F., .F., .F. ) 
 B_SPLINE_SURFACE_WITH_KNOTS ( ( 4, 4 ),
 ( 3, 3 ),
 ( 0.03789534408539280141, 0.03915744439842319680 ),
 ( 0.000000000000000000, 1.000000000000000000 ),
 .UNSPECIFIED. ) 
 GEOMETRIC_REPRESENTATION_ITEM ( )  RATIONAL_B_SPLINE_SURFACE ( (
 ( 1.000000000000000000, 0.7301976788122623852, 1.000000000000000000),
 ( 1.000000000000000000, 0.7266991195617794608, 1.000000000000000000),
 ( 1.000000000000000000, 0.7228167949582020579, 1.000000000000000000),
 ( 1.000000000000000000, 0.7188076225584502099, 1.000000000000000000) ) ) 
 REPRESENTATION_ITEM ( '' )  SURFACE ( )  );
#2111 = CARTESIAN_POINT ( 'NONE',  ( 77.37607858610992650, 3.055762444194851213, 9.923883798396039069 ) ) ;
#2112 = DIRECTION ( 'NONE',  ( -0.000000000000000000, -1.000000000000000000, -0.000000000000000000 ) ) ;
#2113 = DIRECTION ( 'NONE',  ( 1.000000000000000000, -7.996734198290766312E-16, -2.057314067616221352E-16 ) ) ;
#2114 = CARTESIAN_POINT ( 'NONE',  ( 117.4900068429598434, 5.708328843179531376, -4.333269627013341285 ) ) ;
#2115 = EDGE_LOOP ( 'NONE', ( #3668, #5849, #5574, #2373 ) ) ;
#2116 = CARTESIAN_POINT ( 'NONE',  ( 2.303183405398080197, 6.151329252655323820, -6.044821617372516442 ) ) ;
#2117 = CARTESIAN_POINT ( 'NONE',  ( 2.281385910519039495, 6.102462604175560301, -5.604164654859528305 ) ) ;
#2118 = DIRECTION ( 'NONE',  ( -0.000000000000000000, -1.000000000000000000, -0.000000000000000000 ) ) ;
#2119 = CARTESIAN_POINT ( 'NONE',  ( 8.431720909406438480, 6.722747042035620346, -6.215563420326577493 ) ) ;
#2120 = CARTESIAN_POINT ( 'NONE',  ( -8.839708127918813219, 3.960561475976162704, -8.114650339946619440 ) ) ;
#2121 = DIRECTION ( 'NONE',  ( 0.000000000000000000, 0.000000000000000000, -1.000000000000000000 ) ) ;
#2122 = CIRCLE ( 'NONE', #2337, 5.500000000000000000 ) ;
#2123 = ORIENTED_EDGE ( 'NONE', *, *, #2603, .F. ) ;
#2124 = CARTESIAN_POINT ( 'NONE',  ( -4.355154514312746805, 0.1155534102305986327, 12.46649932861328125 ) ) ;
#2125 = CARTESIAN_POINT ( 'NONE',  ( 2.197444743194088890, 6.280651234093327595, -5.581590373406458028 ) ) ;
#2126 = CARTESIAN_POINT ( 'NONE',  ( 0.000000000000000000, 12.99999999999999822, -5.500000000000000000 ) ) ;
#2127 = CARTESIAN_POINT ( 'NONE',  ( 63.40468577133384542, 7.635234888021776634, -7.230587519019171516 ) ) ;
#2128 = AXIS2_PLACEMENT_3D ( 'NONE', #4420, #5517, #725 ) ;
#2129 = CARTESIAN_POINT ( 'NONE',  ( 119.3204327749894844, 5.982558443005704163, -2.663170446059659024 ) ) ;
#2130 = CARTESIAN_POINT ( 'NONE',  ( 4.104867476035869878, 6.878699267481249713, 4.388182452490466012 ) ) ;
#2131 = CARTESIAN_POINT ( 'NONE',  ( -6.021960258483886719, 6.107249291120494306, -11.28752994537353516 ) ) ;
#2132 = CARTESIAN_POINT ( 'NONE',  ( 101.4608509876881612, 6.001616285160582542, -5.163153926238761571 ) ) ;
#2133 = AXIS2_PLACEMENT_3D ( 'NONE', #2157, #529, #560 ) ;
#2134 = DIRECTION ( 'NONE',  ( -1.224646799147332253E-16, 0.000000000000000000, -1.000000000000000000 ) ) ;
#2135 = CARTESIAN_POINT ( 'NONE',  ( -5.884853754527673786, 8.694614548524789654, 1.217594523900105363 ) ) ;
#2136 = CARTESIAN_POINT ( 'NONE',  ( -66.99986093703275003, 1.448552633500447273, -13.92682823370153677 ) ) ;
#2137 = CARTESIAN_POINT ( 'NONE',  ( -57.17477065777635659, 7.721705782001287766, 7.781716544473621155 ) ) ;
#2138 = CARTESIAN_POINT ( 'NONE',  ( 37.70727514302340921, -1.948347544057397629, 18.21539892002432737 ) ) ;
#2139 = AXIS2_PLACEMENT_3D ( 'NONE', #1528, #3643, #4325 ) ;
#2140 = EDGE_CURVE ( 'NONE', #5798, #3056, #4867, .T. ) ;
#2141 = CARTESIAN_POINT ( 'NONE',  ( 109.4968131524750277, 4.279332920953274666, 4.971366968152808319 ) ) ;
#2142 = CARTESIAN_POINT ( 'NONE',  ( 4.321359335408348379, 5.182036551692533521, -4.687324146539646463 ) ) ;
#2143 = CARTESIAN_POINT ( 'NONE',  ( -4.539607342824767855, 5.065478133964269603, 4.476309690853302214 ) ) ;
#2144 = CARTESIAN_POINT ( 'NONE',  ( 126.3728169047732877, 1.845753837660750074, -10.13904857635500001 ) ) ;
#2145 = CARTESIAN_POINT ( 'NONE',  ( 19.21847898779780550, 8.031931961205799553, -7.793790381619599472 ) ) ;
#2146 = CARTESIAN_POINT ( 'NONE',  ( -119.4354548376114025, 5.868506706638187964, 1.204081529142162266 ) ) ;
#2147 = EDGE_CURVE ( 'NONE', #1892, #1335, #3936, .T. ) ;
#2148 = CARTESIAN_POINT ( 'NONE',  ( 30.96756520929697132, -1.949782795462685403, 18.23510033651753304 ) ) ;
#2149 = CARTESIAN_POINT ( 'NONE',  ( -1.731448260212691270, 4.192650577675101076, -5.744731753733194779 ) ) ;
#2150 = CARTESIAN_POINT ( 'NONE',  ( -119.3602161730635203, 5.901375632382515946, 1.885532799060947173 ) ) ;
#2151 = SPHERICAL_SURFACE ( 'NONE', #5210, 0.2500000000000000000 ) ;
#2152 = CARTESIAN_POINT ( 'NONE',  ( -119.3758676518394992, 6.167223496704425934, 2.568544960180200842 ) ) ;
#2153 =( BOUNDED_SURFACE ( )  B_SPLINE_SURFACE ( 3, 2, ( 
 ( #4205, #6305, #3173 ),
 ( #2065, #35, #5788 ),
 ( #4171, #3727, #1099 ),
 ( #1510, #5750, #1066 ),
 ( #6270, #4787, #5274 ),
 ( #3207, #1579, #3623 ),
 ( #1544, #5718, #546 ),
 ( #71, #2659, #6782 ),
 ( #4241, #6340, #582 ),
 ( #3659, #3594, #441 ),
 ( #1612, #5686, #2622 ),
 ( #2548, #2698, #2176 ),
 ( #962, #2033, #4649 ),
 ( #4753, #1031, #1 ),
 ( #5825, #5308, #3137 ),
 ( #6747, #3068, #4138 ),
 ( #5238, #6235, #2104 ),
 ( #994, #3376, #6469 ),
 ( #5401, #675, #1133 ),
 ( #129, #3790, #5857 ),
 ( #4816, #194, #2238 ),
 ( #3893, #5890, #3824 ),
 ( #4407, #2305, #5471 ),
 ( #5921, #227, #5342 ),
 ( #4883, #746, #3244 ),
 ( #162, #6500, #1778 ) ),
 .UNSPECIFIED., .F., .F., .T. ) 
 B_SPLINE_SURFACE_WITH_KNOTS ( ( 4, 2, 2, 2, 2, 2, 2, 2, 2, 2, 2, 2, 4 ),
 ( 3, 3 ),
 ( 0.1363188338330696414, 0.1372796724030775073, 0.1382405109730853732, 0.1392013495430932668, 0.1396817688280971859, 0.1401621881131011327, 0.1404023977556030922, 0.1406426073981050795, 0.1411230266831089986, 0.1420838652531168922, 0.1425642845381208113, 0.1430447038231247581, 0.1440055423931326239 ),
 ( 0.000000000000000000, 1.000000000000000000 ),
 .UNSPECIFIED. ) 
 GEOMETRIC_REPRESENTATION_ITEM ( )  RATIONAL_B_SPLINE_SURFACE ( (
 ( 1.000000000000000000, 0.7172051925494948854, 1.000000000000000000),
 ( 1.000000000000000000, 0.7182544996558419825, 1.000000000000000000),
 ( 1.000000000000000000, 0.7199997691513280174, 1.000000000000000000),
 ( 1.000000000000000000, 0.7243425913377095071, 1.000000000000000000),
 ( 1.000000000000000000, 0.7251078986860308717, 1.000000000000000000),
 ( 1.000000000000000000, 0.7244792861788209581, 1.000000000000000000),
 ( 1.000000000000000000, 0.7231242173502286930, 1.000000000000000000),
 ( 1.000000000000000000, 0.7206823896757622583, 1.000000000000000000),
 ( 1.000000000000000000, 0.7198732063155975913, 1.000000000000000000),
 ( 1.000000000000000000, 0.7187754394942958980, 1.000000000000000000),
 ( 1.000000000000000000, 0.7181777819252855855, 1.000000000000000000),
 ( 1.000000000000000000, 0.7160422510652733052, 1.000000000000000000),
 ( 1.000000000000000000, 0.7151363476364804850, 1.000000000000000000),
 ( 1.000000000000000000, 0.7145039319668055056, 1.000000000000000000),
 ( 1.000000000000000000, 0.7146658732173688522, 1.000000000000000000),
 ( 1.000000000000000000, 0.7164442733569651445, 1.000000000000000000),
 ( 1.000000000000000000, 0.7193880601423819909, 1.000000000000000000),
 ( 1.000000000000000000, 0.7314725704421123353, 1.000000000000000000),
 ( 1.000000000000000000, 0.7425306951438270797, 1.000000000000000000),
 ( 1.000000000000000000, 0.7691081318376764564, 1.000000000000000000),
 ( 1.000000000000000000, 0.7794454145934697209, 1.000000000000000000),
 ( 1.000000000000000000, 0.7989406812748044429, 1.000000000000000000),
 ( 1.000000000000000000, 0.8085547780320586631, 1.000000000000000000),
 ( 1.000000000000000000, 0.8365106429955422307, 1.000000000000000000),
 ( 1.000000000000000000, 0.8497891974359257361, 1.000000000000000000),
 ( 1.000000000000000000, 0.8560622611796506742, 1.000000000000000000) ) ) 
 REPRESENTATION_ITEM ( '' )  SURFACE ( )  );
#2154 = CARTESIAN_POINT ( 'NONE',  ( 6.735557395310442023E-16, -16.44246573510923426, 5.500000000000000000 ) ) ;
#2155 = CARTESIAN_POINT ( 'NONE',  ( 5.835210513675159305, 6.364343152851897223, -6.046064778311912136 ) ) ;
#2156 = CARTESIAN_POINT ( 'NONE',  ( -6.144698494720522319, 3.943624037521678005, -7.365412080693370278 ) ) ;
#2157 = CARTESIAN_POINT ( 'NONE',  ( -9.714451465470119729E-14, 10.63921286096972096, 0.000000000000000000 ) ) ;
#2158 = ORIENTED_EDGE ( 'NONE', *, *, #4702, .F. ) ;
#2159 = CARTESIAN_POINT ( 'NONE',  ( -30.12970733642577770, 4.979957373319614078, 12.63849639892578303 ) ) ;
#2160 = CARTESIAN_POINT ( 'NONE',  ( 5.876269640491075030, 3.754650565332949164, -1.181082906463856386 ) ) ;
#2161 = CARTESIAN_POINT ( 'NONE',  ( 97.24035717962841829, 6.473032838110787779, -5.533599193211019340 ) ) ;
#2162 = CARTESIAN_POINT ( 'NONE',  ( 46.52060268960055822, 8.112917000316201666, -8.632393825965634093 ) ) ;
#2163 = CARTESIAN_POINT ( 'NONE',  ( 117.7952794039318007, 6.125583696637575848, -3.955231376111497887 ) ) ;
#2164 = CARTESIAN_POINT ( 'NONE',  ( 4.218958400330758529, 6.542581394877931444, 4.274212670793151148 ) ) ;
#2165 = EDGE_CURVE ( 'NONE', #2857, #3056, #1378, .T. ) ;
#2166 = CARTESIAN_POINT ( 'NONE',  ( -14.06504154205322266, 4.535500080762835395, -1.387419342994689275 ) ) ;
#2167 = CARTESIAN_POINT ( 'NONE',  ( 50.84258224428447903, 7.426651501895828567, -8.148218810540093671 ) ) ;
#2168 = CARTESIAN_POINT ( 'NONE',  ( 2.739016581718572763, 3.636020491792162801, 5.370688060141436182 ) ) ;
#2169 = AXIS2_PLACEMENT_3D ( 'NONE', #2960, #740, #2924 ) ;
#2170 = CARTESIAN_POINT ( 'NONE',  ( -9.714451465470119729E-14, -0.5000000000000177636, 0.000000000000000000 ) ) ;
#2171 = CARTESIAN_POINT ( 'NONE',  ( -81.97376867441546722, 2.510944421422013573, -11.93756166537402308 ) ) ;
#2172 = CARTESIAN_POINT ( 'NONE',  ( -27.07711179277622904, -0.8292559705462907438, -17.08754445870400929 ) ) ;
#2173 = CARTESIAN_POINT ( 'NONE',  ( 28.46784251095472129, -1.385122457588755296, 17.59802089427081029 ) ) ;
#2174 = CARTESIAN_POINT ( 'NONE',  ( 111.5827279095894369, 4.804011125791753933, 4.799829958810482466 ) ) ;
#2175 = CIRCLE ( 'NONE', #299, 0.2500000000000003886 ) ;
#2176 = CARTESIAN_POINT ( 'NONE',  ( -119.3746766061334625, 6.728668051720492649, 1.850591735267355320 ) ) ;
#2177 = CARTESIAN_POINT ( 'NONE',  ( -2.300517544296651007, 6.912903550336549685, 5.922235047929055973 ) ) ;
#2178 = CARTESIAN_POINT ( 'NONE',  ( 39.11780021150158149, 8.094339757345203168, -10.86705780029297408 ) ) ;
#2179 = EDGE_LOOP ( 'NONE', ( #5509, #2078, #2934 ) ) ;
#2180 = CARTESIAN_POINT ( 'NONE',  ( 7.274902174508633301, 7.337553975799277595, -6.112956579754294850 ) ) ;
#2181 = CARTESIAN_POINT ( 'NONE',  ( -28.95723794529930473, 6.477253646877527693, 9.727769114233201009 ) ) ;
#2182 = CARTESIAN_POINT ( 'NONE',  ( 22.94902157337166670, -1.018089970706083314, 16.89966967647763241 ) ) ;
#2183 = FACE_OUTER_BOUND ( 'NONE', #3610, .T. ) ;
#2184 = CARTESIAN_POINT ( 'NONE',  ( -119.7034488757796851, 6.072067515785625424, 0.5360327936125806048 ) ) ;
#2185 = CARTESIAN_POINT ( 'NONE',  ( 1.687530567006860549, 4.317386179798199386, 6.371983351724149536 ) ) ;
#2186 = EDGE_CURVE ( 'NONE', #6251, #4146, #1904, .T. ) ;
#2187 = ADVANCED_FACE ( 'NONE', ( #2565 ), #5730, .T. ) ;
#2188 = CARTESIAN_POINT ( 'NONE',  ( 2.288386053361979755, 6.221401712136631623, -5.739035131599084849 ) ) ;
#2189 = CARTESIAN_POINT ( 'NONE',  ( 7.666782986490546570, 6.513790900620293201, -6.139391614221118232 ) ) ;
#2190 = CARTESIAN_POINT ( 'NONE',  ( -2.404827809421215434, 6.989708255036623186, 5.827789074180266482 ) ) ;
#2191 = ORIENTED_EDGE ( 'NONE', *, *, #2249, .F. ) ;
#2192 = DIRECTION ( 'NONE',  ( -1.000000000000000000, 0.000000000000000000, 0.000000000000000000 ) ) ;
#2193 = CARTESIAN_POINT ( 'NONE',  ( 5.905388730288698262, 4.002800849504019709, -2.199709093360283862 ) ) ;
#2194 = CARTESIAN_POINT ( 'NONE',  ( 33.91777010161212047, 8.546562438283457297, -9.629637669910739106 ) ) ;
#2195 = CARTESIAN_POINT ( 'NONE',  ( 57.06561389533000295, 7.740255108670648809, -7.701983407162574125 ) ) ;
#2196 = CARTESIAN_POINT ( 'NONE',  ( 1.995826436607733401, 5.425177095919488934, 6.097881627821781336 ) ) ;
#2197 = CARTESIAN_POINT ( 'NONE',  ( -7.953703880310053265, 9.830009253202401709, 11.60427188873291193 ) ) ;
#2198 = CARTESIAN_POINT ( 'NONE',  ( 41.37552600174614525, 7.815285586850767352, -9.039273698286379499 ) ) ;
#2199 = EDGE_LOOP ( 'NONE', ( #6694, #5402, #3222, #3121 ) ) ;
#2200 = CARTESIAN_POINT ( 'NONE',  ( 2.914305096554520969, 3.708994021965634325, 5.629960636792081807 ) ) ;
#2201 = DIRECTION ( 'NONE',  ( 0.3854495548702807639, 0.9227289096209689845, 0.000000000000000000 ) ) ;
#2202 = CARTESIAN_POINT ( 'NONE',  ( -91.35249866167065136, 2.895987387067469054, -10.84715766252054969 ) ) ;
#2203 = CARTESIAN_POINT ( 'NONE',  ( -71.24302722116946995, 3.300025127186290153, -11.37512693371917472 ) ) ;
#2204 = CARTESIAN_POINT ( 'NONE',  ( -9.647095891517015397E-14, -42.18829223128360439, 5.500000000000000000 ) ) ;
#2205 = CARTESIAN_POINT ( 'NONE',  ( 4.456873321083448580, 6.702697614317024488, 4.025896149257227385 ) ) ;
#2206 = ORIENTED_EDGE ( 'NONE', *, *, #3656, .F. ) ;
#2207 = DIRECTION ( 'NONE',  ( 0.8928211939934282970, 0.07915763677032930379, -0.4434009292920863543 ) ) ;
#2208 = CARTESIAN_POINT ( 'NONE',  ( 11.79386121943132260, 6.923157956561112769, 4.177759170532223898 ) ) ;
#2209 = CARTESIAN_POINT ( 'NONE',  ( 8.050724672360082934, 7.458837865804166078, -6.101471626283606398 ) ) ;
#2210 = CARTESIAN_POINT ( 'NONE',  ( 109.4070397464884223, 6.204070376494108530, -4.943915975618725867 ) ) ;
#2211 = CARTESIAN_POINT ( 'NONE',  ( 39.35286879845917696, -3.418293595846202404, 19.57647307515576429 ) ) ;
#2212 = CARTESIAN_POINT ( 'NONE',  ( -81.52367555853967929, 3.680683171725501523, -9.234395436986323702 ) ) ;
#2213 = CARTESIAN_POINT ( 'NONE',  ( -7.684556368730832254, 6.475391069241912767, 6.035417598863713984 ) ) ;
#2214 = CARTESIAN_POINT ( 'NONE',  ( 0.7098817908744710081, 8.630416188406282885, -9.310121536254881036 ) ) ;
#2215 = CARTESIAN_POINT ( 'NONE',  ( -6.266049092167814472, 8.556493757522451560, 0.2425033471831946619 ) ) ;
#2216 = CARTESIAN_POINT ( 'NONE',  ( 18.34172756844993657, 7.332599831434963633, -7.708500849700937962 ) ) ;
#2217 = CARTESIAN_POINT ( 'NONE',  ( -2.318034554544433856, 6.963890683860929798, 5.734236491347346920 ) ) ;
#2218 = CARTESIAN_POINT ( 'NONE',  ( 2.527645623037872546, 6.774352818531492737, -6.063938358248107896 ) ) ;
#2219 = EDGE_CURVE ( 'NONE', #3875, #3549, #4432, .T. ) ;
#2220 = ORIENTED_EDGE ( 'NONE', *, *, #4659, .F. ) ;
#2221 = CARTESIAN_POINT ( 'NONE',  ( -50.46850967407226563, 4.962709219633111957, 11.67739963531494496 ) ) ;
#2222 = CARTESIAN_POINT ( 'NONE',  ( -4.017874680046464420, 3.471669419834036763, -4.852312663468099529 ) ) ;
#2223 = B_SPLINE_CURVE_WITH_KNOTS ( 'NONE', 3,
 ( #2713, #1085, #3741, #1150 ),
 .UNSPECIFIED., .F., .F.,
 ( 4, 4 ),
 ( 4.011873871670611999E-16, 0.0004491231321182071650 ),
 .UNSPECIFIED. ) ;
#2224 = CARTESIAN_POINT ( 'NONE',  ( -2.286122357308306707, 6.890450844486344373, 5.628479988899228736 ) ) ;
#2225 = DIRECTION ( 'NONE',  ( 0.9642546714908626360, 0.1320132615492649042, 0.2297507938684308082 ) ) ;
#2226 = CARTESIAN_POINT ( 'NONE',  ( 5.253804973792223443, 7.630406939417318846, 2.920666594437905772 ) ) ;
#2227 = CARTESIAN_POINT ( 'NONE',  ( -3.647269725799566320, -0.1900534318104154796, -18.64525032043457031 ) ) ;
#2228 = CIRCLE ( 'NONE', #3335, 1.000000000000039968 ) ;
#2229 = CARTESIAN_POINT ( 'NONE',  ( 65.58839177270171206, 6.990079217753350171, -7.006015862440817088 ) ) ;
#2230 = EDGE_LOOP ( 'NONE', ( #1132, #4635 ) ) ;
#2231 = CARTESIAN_POINT ( 'NONE',  ( 5.168725715590104741, 3.537737173922466560, 3.023081649716887309 ) ) ;
#2232 = AXIS2_PLACEMENT_3D ( 'NONE', #6589, #837, #2945 ) ;
#2233 = CARTESIAN_POINT ( 'NONE',  ( -1.952796054122662106, 5.417591386400212983, -6.106718297155747877 ) ) ;
#2234 = CARTESIAN_POINT ( 'NONE',  ( -97.10545871880748336, 4.326270521985678741, -7.066883608751460599 ) ) ;
#2235 = CARTESIAN_POINT ( 'NONE',  ( -40.76364797902930803, -1.184703633494361030, -17.57422381011758716 ) ) ;
#2236 = CARTESIAN_POINT ( 'NONE',  ( 105.7178333787679776, 5.963746111965018137, -5.645665848161478095 ) ) ;
#2237 = CIRCLE ( 'NONE', #5100, 0.2499999999999990286 ) ;
#2238 = CARTESIAN_POINT ( 'NONE',  ( -118.1797170053333303, 6.732593722779105505, 3.656896910928698841 ) ) ;
#2239 = EDGE_LOOP ( 'NONE', ( #5475, #2272, #4514, #2726, #4736, #709, #6604, #4225, #1467 ) ) ;
#2240 = CARTESIAN_POINT ( 'NONE',  ( 118.3177421488514938, 5.414222666992731803, -3.799259600758418287 ) ) ;
#2241 = CARTESIAN_POINT ( 'NONE',  ( 9.049880106387201195, 4.540723684173228136, 8.097760415202202466 ) ) ;
#2242 = CONICAL_SURFACE ( 'NONE', #4012, 3.500000000000023981, 1.047197551196615173 ) ;
#2243 = CARTESIAN_POINT ( 'NONE',  ( 97.93721744991486844, 7.347196209950668688, -3.464468240737931026 ) ) ;
#2244 = ORIENTED_EDGE ( 'NONE', *, *, #6311, .T. ) ;
#2245 = CARTESIAN_POINT ( 'NONE',  ( 6.780734270404710884, 7.180823094966074294, -6.092812371975952601 ) ) ;
#2246 = CARTESIAN_POINT ( 'NONE',  ( -80.04662515176055138, 8.871670073866273043, 6.491946756398744078 ) ) ;
#2247 = CARTESIAN_POINT ( 'NONE',  ( 35.65728054904441535, -2.531005312486507730, 18.12155826525038904 ) ) ;
#2248 = CARTESIAN_POINT ( 'NONE',  ( -109.5005712845627386, 4.782965824342337413, -4.976593886430332070 ) ) ;
#2249 = EDGE_CURVE ( 'NONE', #853, #337, #2340, .T. ) ;
#2250 = CARTESIAN_POINT ( 'NONE',  ( -19.41669882227091648, 7.424462860715569157, 7.751981073730031646 ) ) ;
#2251 = CARTESIAN_POINT ( 'NONE',  ( 15.30095607399724500, 8.192247172383732234, -9.120211601257324219 ) ) ;
#2252 = CARTESIAN_POINT ( 'NONE',  ( -5.592315608471321475, 7.636376901900582048, -2.928873914249918275 ) ) ;
#2253 = CARTESIAN_POINT ( 'NONE',  ( 12.11336803635624371, 6.833605050433294359, -6.561791612691394882 ) ) ;
#2254 = CARTESIAN_POINT ( 'NONE',  ( -59.17463589502169441, 7.797453335483429449, 7.622987214182656679 ) ) ;
#2255 = CARTESIAN_POINT ( 'NONE',  ( -13.34252073824086438, 3.772856205485443759, -9.958270521630124605 ) ) ;
#2256 = ORIENTED_EDGE ( 'NONE', *, *, #2140, .F. ) ;
#2257 = CARTESIAN_POINT ( 'NONE',  ( -63.12008666992187500, 6.446186931310676549, 9.219183921813968396 ) ) ;
#2258 = CARTESIAN_POINT ( 'NONE',  ( -6.270470595711558737, 3.736261812682476702, 0.5587909514589827209 ) ) ;
#2259 = CARTESIAN_POINT ( 'NONE',  ( 52.86161832409071337, 7.628239386463122607, -8.149163440337789055 ) ) ;
#2260 = CARTESIAN_POINT ( 'NONE',  ( 7.305060120172303328, 7.414555795654285575, -6.037042850879512201 ) ) ;
#2261 = CARTESIAN_POINT ( 'NONE',  ( 6.012625885502142609, 8.537895450306292489, -0.2103944056325865453 ) ) ;
#2262 = CARTESIAN_POINT ( 'NONE',  ( -71.66952514648437500, 1.265992195783649299, -14.19838428497314275 ) ) ;
#2263 = ADVANCED_FACE ( 'NONE', ( #527 ), #2547, .T. ) ;
#2264 = CARTESIAN_POINT ( 'NONE',  ( 25.66136951212768480, 7.829468509346845018, -8.850209419881053918 ) ) ;
#2265 = ORIENTED_EDGE ( 'NONE', *, *, #4125, .F. ) ;
#2266 = CARTESIAN_POINT ( 'NONE',  ( 6.009621312947416527, 3.419067507557790542, 1.756540534921311680 ) ) ;
#2267 = CARTESIAN_POINT ( 'NONE',  ( -1.974897819240571728, 7.145473612198234292, 5.671048341492991973 ) ) ;
#2268 = CARTESIAN_POINT ( 'NONE',  ( -83.60712157602073091, 3.778883564120626204, -8.947816613762457294 ) ) ;
#2269 = CARTESIAN_POINT ( 'NONE',  ( -53.69641403890418729, 1.628727652429262429, -14.18796347368311928 ) ) ;
#2270 = CARTESIAN_POINT ( 'NONE',  ( 10.93543956994034794, 3.405775473304828882, 8.622772540492968929 ) ) ;
#2271 = FACE_OUTER_BOUND ( 'NONE', #2476, .T. ) ;
#2272 = ORIENTED_EDGE ( 'NONE', *, *, #6467, .T. ) ;
#2273 = CARTESIAN_POINT ( 'NONE',  ( 117.1848737141211814, 5.727449420268055924, -4.473955767048541254 ) ) ;
#2274 = CARTESIAN_POINT ( 'NONE',  ( 5.326018455948517527, 4.671887473060388984, 7.185857679625717864 ) ) ;
#2275 = VERTEX_POINT ( 'NONE', #902 ) ;
#2276 = CARTESIAN_POINT ( 'NONE',  ( 1.875215057399048924, 4.889659069998261387, -7.394479274749754971 ) ) ;
#2277 = VERTEX_POINT ( 'NONE', #2495 ) ;
#2278 = CARTESIAN_POINT ( 'NONE',  ( 118.7927648585632738, 5.635086575959530997, -3.365842983370356478 ) ) ;
#2279 = CARTESIAN_POINT ( 'NONE',  ( -5.853382198177800255, 6.586693426956149011, 6.141416558466392672 ) ) ;
#2280 = DIRECTION ( 'NONE',  ( -0.9420337259352992154, 0.1075492144454458371, -0.3178138223435623688 ) ) ;
#2281 = CARTESIAN_POINT ( 'NONE',  ( 52.67338044284941390, 1.217336512124515435, 14.40933152107540316 ) ) ;
#2282 = CARTESIAN_POINT ( 'NONE',  ( -72.26005728225898395, 2.967449112036941283, -10.92276793314526451 ) ) ;
#2283 = CARTESIAN_POINT ( 'NONE',  ( -21.49658241755214760, 7.587811610073265101, 8.137344163081079884 ) ) ;
#2284 = CARTESIAN_POINT ( 'NONE',  ( 12.56415550336658349, 9.645011137698002557, -11.56338596343994141 ) ) ;
#2285 = LOCAL_TIME ( 21, 27, 0.000000000000000000, #883 ) ;
#2286 = FACE_OUTER_BOUND ( 'NONE', #5733, .T. ) ;
#2287 = CARTESIAN_POINT ( 'NONE',  ( 119.5838678989828026, 5.936670784136688361, -2.014565866912998882 ) ) ;
#2288 = CARTESIAN_POINT ( 'NONE',  ( 41.39214874729323412, 8.043539874181783844, -9.190212986495664538 ) ) ;
#2289 = CARTESIAN_POINT ( 'NONE',  ( -46.51894405891144402, 8.251983988016551308, 8.727974185668093909 ) ) ;
#2290 = CARTESIAN_POINT ( 'NONE',  ( -10.78603874261078666, 4.152788483220284377, -8.818310150022384164 ) ) ;
#2291 = VERTEX_POINT ( 'NONE', #5628 ) ;
#2292 = CARTESIAN_POINT ( 'NONE',  ( -62.98186111450195313, 8.797639877973578493, 5.268535137176517225 ) ) ;
#2293 = CARTESIAN_POINT ( 'NONE',  ( -5.105364267489474805, 3.293078017897055787, -3.156344939370948399 ) ) ;
#2294 = CARTESIAN_POINT ( 'NONE',  ( 50.75293412598502130, 7.688463810151302980, -8.339917520433067111 ) ) ;
#2295 = CARTESIAN_POINT ( 'NONE',  ( 13.05453192264422846, 7.654212858029279865, -6.750578061528814899 ) ) ;
#2296 = CARTESIAN_POINT ( 'NONE',  ( 5.604159611502919525, 8.705809594292311715, -2.189451294662478009 ) ) ;
#2297 = CARTESIAN_POINT ( 'NONE',  ( -22.40726470947265270, 6.124003024278621865, 1.656092643737794301 ) ) ;
#2298 = DIRECTION ( 'NONE',  ( -0.000000000000000000, -1.000000000000000000, -0.000000000000000000 ) ) ;
#2299 = ORIENTED_EDGE ( 'NONE', *, *, #5164, .F. ) ;
#2300 = CARTESIAN_POINT ( 'NONE',  ( 46.66863498395052545, 7.818671815718301055, -8.720187831029509340 ) ) ;
#2301 = CARTESIAN_POINT ( 'NONE',  ( -100.7337804967404082, 4.944702440793713016, -6.633137302477339681 ) ) ;
#2302 = CARTESIAN_POINT ( 'NONE',  ( -4.057529200789653068, 6.418324409549040155, 6.205285136534367751 ) ) ;
#2303 = EDGE_CURVE ( 'NONE', #1597, #2892, #1049, .T. ) ;
#2304 = EDGE_CURVE ( 'NONE', #459, #3540, #2707, .T. ) ;
#2305 = CARTESIAN_POINT ( 'NONE',  ( -117.8997479280848921, 6.613064128033267153, 4.095920453224601410 ) ) ;
#2306 = ORIENTED_EDGE ( 'NONE', *, *, #310, .F. ) ;
#2307 = CARTESIAN_POINT ( 'NONE',  ( -1.682423788059812519, 4.744923559172946170, -6.726530785933586998 ) ) ;
#2308 = CARTESIAN_POINT ( 'NONE',  ( 8.103197513076633385, 4.568437806786190158, 7.893660139395982434 ) ) ;
#2309 = MANIFOLD_SOLID_BREP ( 'Phantom 3 CCW-4-solid1', #6630 ) ;
#2310 = B_SPLINE_CURVE_WITH_KNOTS ( 'NONE', 3,
 ( #779, #3448, #2339, #5540, #822, #5059, #1813, #1229, #4439, #5436, #6466, #2270, #6538, #3925, #1745, #2377, #305, #710, #6020, #5502 ),
 .UNSPECIFIED., .F., .F.,
 ( 4, 2, 2, 2, 2, 2, 2, 2, 2, 4 ),
 ( 0.2233057926928692927, 0.2260807657068081844, 0.2288557387207470484, 0.2316307117346859401, 0.2344056847486248041, 0.2357931712555942361, 0.2371806577625636958, 0.2399556307765025598, 0.2427306037904414515, 0.2455055768043803155 ),
 .UNSPECIFIED. ) ;
#2311 = ORIENTED_EDGE ( 'NONE', *, *, #5882, .F. ) ;
#2312 = CARTESIAN_POINT ( 'NONE',  ( 49.12146723856834996, 2.819349864660797511, 13.58043098449705965 ) ) ;
#2313 = ORIENTED_EDGE ( 'NONE', *, *, #5108, .T. ) ;
#2314 = CARTESIAN_POINT ( 'NONE',  ( -22.98633563229866894, -0.9120938515378782530, -16.89966967651461616 ) ) ;
#2315 = CARTESIAN_POINT ( 'NONE',  ( -6.893867159503970221, 6.411999308332365644, 5.999421864458248876 ) ) ;
#2316 = CARTESIAN_POINT ( 'NONE',  ( -28.82171798116811701, 8.356616129581935226, 9.384090385854261029 ) ) ;
#2317 = CARTESIAN_POINT ( 'NONE',  ( 38.73934914728311441, -2.154436255447894411, 17.70253412952770233 ) ) ;
#2318 = CARTESIAN_POINT ( 'NONE',  ( 27.04439597185113797, -1.346034604105674992, 16.78286865705712927 ) ) ;
#2319 = CARTESIAN_POINT ( 'NONE',  ( -27.74203422999866220, 8.080209623097731608, 9.127666843468952962 ) ) ;
#2320 = CARTESIAN_POINT ( 'NONE',  ( 6.394481931946087272, -3.688329807338444066, 22.89933395385741832 ) ) ;
#2321 = CARTESIAN_POINT ( 'NONE',  ( -6.272697624548905893, 8.495232679396751863, -0.09085704286447404687 ) ) ;
#2322 = CARTESIAN_POINT ( 'NONE',  ( 119.6859020420706372, 5.820046201280558051, -1.123010139893658277 ) ) ;
#2323 = CARTESIAN_POINT ( 'NONE',  ( 21.48819169336169210, 7.487771600977771058, -8.135403613387792277 ) ) ;
#2324 = CARTESIAN_POINT ( 'NONE',  ( -69.74139680905494743, 7.763871117696123036, 6.863108415138648333 ) ) ;
#2325 = CARTESIAN_POINT ( 'NONE',  ( -16.53332441883587478, 2.823654576913111836, -11.70624737091222123 ) ) ;
#2326 = VERTEX_POINT ( 'NONE', #1549 ) ;
#2327 = CARTESIAN_POINT ( 'NONE',  ( -39.00983810424804688, 9.651046545682904210, 7.625375270843507636 ) ) ;
#2328 = CARTESIAN_POINT ( 'NONE',  ( -5.987157466348302037, 3.981816954221018001, 0.5046764088001699511 ) ) ;
#2329 = CARTESIAN_POINT ( 'NONE',  ( -20.37263341306410780, 1.238566349815163781, -14.02716956216762512 ) ) ;
#2330 = CARTESIAN_POINT ( 'NONE',  ( 5.752385555598216627, 7.158096869406147533, -6.081257925666220920 ) ) ;
#2331 = CARTESIAN_POINT ( 'NONE',  ( 119.3936665382862259, 5.572912813850998681, 1.391821535586924563 ) ) ;
#2332 = CARTESIAN_POINT ( 'NONE',  ( -99.93526458740234375, 4.842787773786606742, -6.131711483001703655 ) ) ;
#2333 = CARTESIAN_POINT ( 'NONE',  ( 4.789054278440666224, 6.655280348942143043, -6.077200002112485677 ) ) ;
#2334 =( BOUNDED_SURFACE ( )  B_SPLINE_SURFACE ( 3, 2, ( 
 ( #6074, #5560, #5626 ),
 ( #2946, #3043, #2359 ),
 ( #6554, #4014, #5593 ),
 ( #5039, #1830, #3161 ),
 ( #2645, #1018, #2805 ),
 ( #3745, #4391, #4194 ),
 ( #6258, #1532, #5228 ),
 ( #535, #2054, #691 ),
 ( #3127, #6362, #5844 ),
 ( #3717, #4263, #3647 ),
 ( #1213, #4898, #502 ),
 ( #5738, #2611, #567 ),
 ( #2287, #4161, #4709 ),
 ( #5452, #6806, #1055 ),
 ( #6292, #2092, #1568 ),
 ( #3686, #726, #2838 ),
 ( #2129, #177, #6483 ),
 ( #5778, #5264, #2684 ),
 ( #1248, #4740, #5968 ),
 ( #5812, #1089, #23 ),
 ( #4231, #4931, #6328 ),
 ( #1602, #3196, #5296 ),
 ( #4777, #59, #2163 ),
 ( #1634, #3324, #5417 ),
 ( #1761, #3871, #3358 ),
 ( #2462, #1797, #871 ) ),
 .UNSPECIFIED., .F., .F., .F. ) 
 B_SPLINE_SURFACE_WITH_KNOTS ( ( 4, 2, 2, 2, 2, 2, 2, 2, 2, 2, 2, 2, 4 ),
 ( 3, 3 ),
 ( 0.1363188338330697524, 0.1372796724030805882, 0.1382405109730914239, 0.1392013495431022596, 0.1396817688281076775, 0.1401621881131130953, 0.1404023977556158043, 0.1406426073981185132, 0.1411230266831239311, 0.1420838652531347668, 0.1425642845381401846, 0.1430447038231456025, 0.1440055423931564660 ),
 ( 0.000000000000000000, 1.000000000000000000 ),
 .UNSPECIFIED. ) 
 GEOMETRIC_REPRESENTATION_ITEM ( )  RATIONAL_B_SPLINE_SURFACE ( (
 ( 1.000000000000000000, 0.7172051925495439573, 1.000000000000000000),
 ( 1.000000000000000000, 0.7182544996575459528, 1.000000000000000000),
 ( 1.000000000000000000, 0.7199997691490709339, 1.000000000000000000),
 ( 1.000000000000000000, 0.7243425913399765825, 1.000000000000000000),
 ( 1.000000000000000000, 0.7251078987004332399, 1.000000000000000000),
 ( 1.000000000000000000, 0.7244792861644183679, 1.000000000000000000),
 ( 1.000000000000000000, 0.7231242173422475217, 1.000000000000000000),
 ( 1.000000000000000000, 0.7206823896796727968, 1.000000000000000000),
 ( 1.000000000000000000, 0.7198732063184214436, 1.000000000000000000),
 ( 1.000000000000000000, 0.7187754394914449563, 1.000000000000000000),
 ( 1.000000000000000000, 0.7181777819229849813, 1.000000000000000000),
 ( 1.000000000000000000, 0.7160422510662826090, 1.000000000000000000),
 ( 1.000000000000000000, 0.7151363476361818350, 1.000000000000000000),
 ( 1.000000000000000000, 0.7145039319669095335, 1.000000000000000000),
 ( 1.000000000000000000, 0.7146658732181764284, 1.000000000000000000),
 ( 1.000000000000000000, 0.7164442733556627418, 1.000000000000000000),
 ( 1.000000000000000000, 0.7193880601435218569, 1.000000000000000000),
 ( 1.000000000000000000, 0.7314725704410063312, 1.000000000000000000),
 ( 1.000000000000000000, 0.7425306951486579932, 1.000000000000000000),
 ( 1.000000000000000000, 0.7691081318367325448, 1.000000000000000000),
 ( 1.000000000000000000, 0.7794454145964201386, 1.000000000000000000),
 ( 1.000000000000000000, 0.7989406812741707276, 1.000000000000000000),
 ( 1.000000000000000000, 0.8085547780295797571, 1.000000000000000000),
 ( 1.000000000000000000, 0.8365106430041584495, 1.000000000000000000),
 ( 1.000000000000000000, 0.8497891974309437213, 1.000000000000000000),
 ( 1.000000000000000000, 0.8560622611801709247, 1.000000000000000000) ) ) 
 REPRESENTATION_ITEM ( '' )  SURFACE ( )  );
#2335 = CARTESIAN_POINT ( 'NONE',  ( 105.6995409462957412, 6.119593105326958771, -5.240136679104068662 ) ) ;
#2336 = CARTESIAN_POINT ( 'NONE',  ( 16.33800076633778531, 7.348842292394993869, -7.359584837613009078 ) ) ;
#2337 = AXIS2_PLACEMENT_3D ( 'NONE', #1590, #5642, #5765 ) ;
#2338 = CARTESIAN_POINT ( 'NONE',  ( -103.0574439317950066, 5.038502516614833837, -6.223747355550245608 ) ) ;
#2339 = CARTESIAN_POINT ( 'NONE',  ( 20.46010532771005686, 0.9150404403129750452, 13.70995421686722793 ) ) ;
#2340 = CIRCLE ( 'NONE', #2783, 0.2499999999999998057 ) ;
#2341 = CARTESIAN_POINT ( 'NONE',  ( 5.343922369623251178, 8.416460499661852168, -2.759790367333160077 ) ) ;
#2342 = EDGE_LOOP ( 'NONE', ( #1200, #4563, #5356, #5055 ) ) ;
#2343 = DIRECTION ( 'NONE',  ( -0.000000000000000000, -1.000000000000000000, -0.000000000000000000 ) ) ;
#2344 = CARTESIAN_POINT ( 'NONE',  ( 10.79072439606331812, 4.222436357520247263, 8.824586783283015379 ) ) ;
#2345 = EDGE_LOOP ( 'NONE', ( #637, #5873, #2074, #3452 ) ) ;
#2346 = CARTESIAN_POINT ( 'NONE',  ( 50.31313571662313677, 8.939756408488250372, -5.910112380981453306 ) ) ;
#2347 = VERTEX_POINT ( 'NONE', #2554 ) ;
#2348 = CARTESIAN_POINT ( 'NONE',  ( -29.99938034463262326, -1.618678897797815930, -18.02181631282776664 ) ) ;
#2349 = CARTESIAN_POINT ( 'NONE',  ( -25.64812978638907737, 7.947183582071041030, 8.848767068530355218 ) ) ;
#2350 = CARTESIAN_POINT ( 'NONE',  ( -37.19964485402171306, 8.385765320120087907, 9.506839028853860896 ) ) ;
#2351 = AXIS2_PLACEMENT_3D ( 'NONE', #390, #5792, #5663 ) ;
#2352 = CARTESIAN_POINT ( 'NONE',  ( 34.06738889566429407, -3.837338366842171222, 19.98432078304740500 ) ) ;
#2353 = CARTESIAN_POINT ( 'NONE',  ( -90.88416394122737074, 4.052263006627478958, -8.032671834382881570 ) ) ;
#2354 = CARTESIAN_POINT ( 'NONE',  ( -101.4649331073406273, 6.469868779800932224, 5.163153926238750913 ) ) ;
#2355 = CARTESIAN_POINT ( 'NONE',  ( 21.90861521738614215, 4.238261641436540827, 5.504460811614986682 ) ) ;
#2356 = AXIS2_PLACEMENT_3D ( 'NONE', #4343, #1165, #612 ) ;
#2357 = CARTESIAN_POINT ( 'NONE',  ( -2.568158131934120902, 6.287192910421431691, 6.166481769390735224 ) ) ;
#2358 = ADVANCED_FACE ( 'NONE', ( #5723 ), #6073, .T. ) ;
#2359 = CARTESIAN_POINT ( 'NONE',  ( 119.3996278137649654, 5.494372259923839152, 1.711536830401435116 ) ) ;
#2360 = CARTESIAN_POINT ( 'NONE',  ( -9.714451465470119729E-14, -6.591949208711866959E-14, -5.500000000000000000 ) ) ;
#2361 = CARTESIAN_POINT ( 'NONE',  ( 40.31662428394820097, 7.864073566986375496, -9.136542754961567425 ) ) ;
#2362 = CARTESIAN_POINT ( 'NONE',  ( -31.72723039540604972, 8.871080962822226468, 9.485774086424004992 ) ) ;
#2363 = CARTESIAN_POINT ( 'NONE',  ( -21.90482472585338414, 0.6624148257664570494, -14.92660783863790463 ) ) ;
#2364 = AXIS2_PLACEMENT_3D ( 'NONE', #6459, #2403, #4906 ) ;
#2365 = ORIENTED_EDGE ( 'NONE', *, *, #1288, .F. ) ;
#2366 = CARTESIAN_POINT ( 'NONE',  ( -63.05515670776366477, 8.187621386228585152, 6.927866458892825818 ) ) ;
#2367 = CARTESIAN_POINT ( 'NONE',  ( -4.518360708680238425, 3.310414840025091010, -3.961813593132811118 ) ) ;
#2368 = FACE_OUTER_BOUND ( 'NONE', #1235, .T. ) ;
#2369 = CARTESIAN_POINT ( 'NONE',  ( -9.659342359508488912E-14, -0.5000000000000177636, 4.500000000000000888 ) ) ;
#2370 = CARTESIAN_POINT ( 'NONE',  ( 4.672797754822719085, 8.306701265944804291, -4.236070420588623264 ) ) ;
#2371 = CARTESIAN_POINT ( 'NONE',  ( -99.85432434082031250, 6.226695449529709769, 1.472760915756231359 ) ) ;
#2372 = FACE_OUTER_BOUND ( 'NONE', #4464, .T. ) ;
#2373 = ORIENTED_EDGE ( 'NONE', *, *, #4159, .F. ) ;
#2374 = CARTESIAN_POINT ( 'NONE',  ( 44.42389663947798795, 8.203167017091063329, -8.922497874443203969 ) ) ;
#2375 = CARTESIAN_POINT ( 'NONE',  ( 9.298221772471906732, 6.812517560894182367, -6.317036337591463990 ) ) ;
#2376 = CARTESIAN_POINT ( 'NONE',  ( -106.2080192227457189, 3.042897293380976809, -10.14314871136394203 ) ) ;
#2377 = CARTESIAN_POINT ( 'NONE',  ( 6.507348589762059099, 3.854306172699026867, 7.244114921274254826 ) ) ;
#2378 = CARTESIAN_POINT ( 'NONE',  ( -116.8274979749559606, 5.669682361233384427, 4.592467353523760565 ) ) ;
#2379 = ORIENTED_EDGE ( 'NONE', *, *, #3197, .F. ) ;
#2380 = CARTESIAN_POINT ( 'NONE',  ( 119.3963126861513899, 4.925315962620609334, 1.911351683704572313 ) ) ;
#2381 = CARTESIAN_POINT ( 'NONE',  ( 16.51331951165179390, 2.747399242828111987, 11.70624737090979828 ) ) ;
#2382 = ORIENTED_EDGE ( 'NONE', *, *, #6263, .F. ) ;
#2383 = CARTESIAN_POINT ( 'NONE',  ( -3.633652276474062415, 6.628514184269366893, -4.788111373206302979 ) ) ;
#2384 = CARTESIAN_POINT ( 'NONE',  ( -34.11759535076510019, -3.680001096365778324, -19.98432078300379899 ) ) ;
#2385 = CARTESIAN_POINT ( 'NONE',  ( -8.969067598990729806, 6.686238452408818311, 6.276534414209429258 ) ) ;
#2386 = CARTESIAN_POINT ( 'NONE',  ( -5.105803795607307016, 6.639857747330795590, 6.259216237289582097 ) ) ;
#2387 = CARTESIAN_POINT ( 'NONE',  ( 71.22045632856452357, 2.547298755186794050, 11.11418171963167367 ) ) ;
#2388 = CARTESIAN_POINT ( 'NONE',  ( -59.85366097566063814, 1.934983905144840088, -12.85395217094600362 ) ) ;
#2389 = CARTESIAN_POINT ( 'NONE',  ( 6.170362773477794605, 3.797424751433292833, -1.195716769788006006 ) ) ;
#2390 = CARTESIAN_POINT ( 'NONE',  ( 3.191011004062098699, 7.963429384484218332, -8.270466804504392755 ) ) ;
#2391 = CARTESIAN_POINT ( 'NONE',  ( -119.1082471638214315, 6.784371027825625511, 2.556553936092567980 ) ) ;
#2392 = CARTESIAN_POINT ( 'NONE',  ( 113.1008702172654807, 4.401292025713432032, 4.305456318608680277 ) ) ;
#2393 = CARTESIAN_POINT ( 'NONE',  ( 119.6458153997470646, 5.483934631745485788, 0.6664651298535404500 ) ) ;
#2394 = CARTESIAN_POINT ( 'NONE',  ( 57.17693740145499248, 7.457838512477918513, -7.781716544472908836 ) ) ;
#2395 = CARTESIAN_POINT ( 'NONE',  ( -31.72734365680286572, 8.679304162313364657, 9.573435794880198912 ) ) ;
#2396 = CARTESIAN_POINT ( 'NONE',  ( -119.0402105352757047, 5.926665576859408979, 3.096440970725281794 ) ) ;
#2397 = ADVANCED_FACE ( 'NONE', ( #4047 ), #2334, .T. ) ;
#2398 = ADVANCED_FACE ( 'NONE', ( #5073 ), #6002, .F. ) ;
#2399 = ORIENTED_EDGE ( 'NONE', *, *, #6143, .T. ) ;
#2400 = CARTESIAN_POINT ( 'NONE',  ( -0.7147911787033056630, 7.484252275405841814, 5.650328636169433594 ) ) ;
#2401 = DIRECTION ( 'NONE',  ( -0.9964836979927994554, 0.03130602610438859568, -0.07771854581852805088 ) ) ;
#2402 = CARTESIAN_POINT ( 'NONE',  ( -6.327413600163580121, 4.139963474918671338, -7.406056382799833138 ) ) ;
#2403 = DIRECTION ( 'NONE',  ( -0.000000000000000000, -1.000000000000000000, -0.000000000000000000 ) ) ;
#2404 = CARTESIAN_POINT ( 'NONE',  ( -9.326822926139691106, 4.550903733712346799, -8.187316770263434407 ) ) ;
#2405 = CARTESIAN_POINT ( 'NONE',  ( 119.4087961517219441, 5.412142230910065521, 2.023398177648711105 ) ) ;
#2406 = CARTESIAN_POINT ( 'NONE',  ( -35.01614761352539773, 11.03716352718924654, 15.36818313598632990 ) ) ;
#2407 = SPHERICAL_SURFACE ( 'NONE', #6351, 0.2500000000000000000 ) ;
#2408 = ORIENTED_EDGE ( 'NONE', *, *, #34, .T. ) ;
#2409 = B_SPLINE_CURVE_WITH_KNOTS ( 'NONE', 3,
 ( #1992, #1503, #924, #4576 ),
 .UNSPECIFIED., .F., .F.,
 ( 4, 4 ),
 ( 0.000000000000000000, 0.0001908980202395176094 ),
 .UNSPECIFIED. ) ;
#2410 = CARTESIAN_POINT ( 'NONE',  ( 84.54836730470941575, 7.005781783421761943, -6.088862101236625080 ) ) ;
#2411 = CARTESIAN_POINT ( 'NONE',  ( -5.542303641171201889, 4.348038854398640574, 2.318010876016208144 ) ) ;
#2412 = CARTESIAN_POINT ( 'NONE',  ( -109.5243980893480398, 5.249357141569490182, -5.154195274033757102 ) ) ;
#2413 = CARTESIAN_POINT ( 'NONE',  ( -9.686896912489303689E-14, 14.28867513459489835, 2.000000000000024869 ) ) ;
#2414 = CARTESIAN_POINT ( 'NONE',  ( 3.997752772072567407, 7.785773591603510901, -4.486434406873691216 ) ) ;
#2415 = CARTESIAN_POINT ( 'NONE',  ( -9.714451465470119729E-14, -0.5000000000000177636, -5.999999999999998224 ) ) ;
#2416 = DIRECTION ( 'NONE',  ( -0.9999893508874444503, 0.004614987725603183523, 2.057820001911795508E-16 ) ) ;
#2417 = CARTESIAN_POINT ( 'NONE',  ( -1.646027959043919076, 5.133456572813035024, -5.769787514128202233 ) ) ;
#2418 = CARTESIAN_POINT ( 'NONE',  ( -30.51512739116001427, -3.336306074933242272, -19.62888986086112197 ) ) ;
#2419 = CARTESIAN_POINT ( 'NONE',  ( -10.01137520375576528, 6.789646567627626084, 6.403827864287316984 ) ) ;
#2420 = CARTESIAN_POINT ( 'NONE',  ( -12.17039981429379125, 7.110655741345096814, 6.696893096003327273 ) ) ;
#2421 = CARTESIAN_POINT ( 'NONE',  ( 78.97935269857465812, 1.892257320922976493, 12.47993980176871887 ) ) ;
#2422 = CARTESIAN_POINT ( 'NONE',  ( 4.798971075810550602, 6.460979685592207034, -6.234199713409527277 ) ) ;
#2423 = CARTESIAN_POINT ( 'NONE',  ( 2.556259392725301005, 3.796085578034797070, 5.806113324800281639 ) ) ;
#2424 = CARTESIAN_POINT ( 'NONE',  ( 101.5983878504966071, 6.974927851803375489, -10.90947341918946911 ) ) ;
#2425 = CARTESIAN_POINT ( 'NONE',  ( 1.790464054870748445, 4.705002675911828192, 6.734008734167955090 ) ) ;
#2426 = CARTESIAN_POINT ( 'NONE',  ( 115.5997725783451386, 5.051768537945977577, 3.720663229674494143 ) ) ;
#2427 = CARTESIAN_POINT ( 'NONE',  ( -9.714451465470119729E-14, -42.18829223128360439, -2.500000000000020428 ) ) ;
#2428 = CARTESIAN_POINT ( 'NONE',  ( 57.15523290123768874, 7.220212083315828089, -7.604706483294680019 ) ) ;
#2429 = CARTESIAN_POINT ( 'NONE',  ( -10.38940275242839384, 7.412765076971194134, 6.456878460212735149 ) ) ;
#2430 = ORIENTED_EDGE ( 'NONE', *, *, #1582, .F. ) ;
#2431 = CARTESIAN_POINT ( 'NONE',  ( -61.71506881713867898, 2.745881588636422066, -14.61188983917235973 ) ) ;
#2432 = DIRECTION ( 'NONE',  ( -0.000000000000000000, -1.000000000000000000, -0.000000000000000000 ) ) ;
#2433 = FACE_OUTER_BOUND ( 'NONE', #3397, .T. ) ;
#2434 = DIRECTION ( 'NONE',  ( 0.004366131516226292274, 0.9460664427292047041, -0.3239432401475472734 ) ) ;
#2435 = EDGE_CURVE ( 'NONE', #3443, #6721, #4048, .T. ) ;
#2436 = CARTESIAN_POINT ( 'NONE',  ( -3.814753161808269510, 4.904994256575189837, -6.850583384479160820 ) ) ;
#2437 = CARTESIAN_POINT ( 'NONE',  ( 118.1765902461515054, 6.190997447157956302, -3.666733596135203666 ) ) ;
#2438 = CARTESIAN_POINT ( 'NONE',  ( -109.4099965021332821, 6.708995353530698758, 4.943921726662758864 ) ) ;
#2439 = CARTESIAN_POINT ( 'NONE',  ( 5.594637867778863516, 7.610562937962778385, 2.928873914249916943 ) ) ;
#2440 = VERTEX_POINT ( 'NONE', #2360 ) ;
#2441 = CARTESIAN_POINT ( 'NONE',  ( 105.7051651967607881, 6.250040534077438537, -5.240828553886522023 ) ) ;
#2442 = CARTESIAN_POINT ( 'NONE',  ( -4.810860507548468945, 4.923301179273893879, 3.597233189263375319 ) ) ;
#2443 = CARTESIAN_POINT ( 'NONE',  ( -98.65376961194708372, 4.397277071869037712, -6.796832045320054583 ) ) ;
#2444 = DIRECTION ( 'NONE',  ( -0.9997244396802882349, 0.02339862807300747971, 0.001883855152302709541 ) ) ;
#2445 = DIRECTION ( 'NONE',  ( -0.000000000000000000, -1.000000000000000000, -0.000000000000000000 ) ) ;
#2446 = CARTESIAN_POINT ( 'NONE',  ( 1.936706208697556608, 3.945735752569132782, 6.093419778309197454 ) ) ;
#2447 = CARTESIAN_POINT ( 'NONE',  ( -9.714451465470119729E-14, 12.99999999999993605, -5.500000000000000000 ) ) ;
#2448 = CARTESIAN_POINT ( 'NONE',  ( -2.864908147841685349, 6.230263762353029477, -5.284644612819537457 ) ) ;
#2449 = ORIENTED_EDGE ( 'NONE', *, *, #4040, .T. ) ;
#2450 = CARTESIAN_POINT ( 'NONE',  ( -31.10613135208328472, -3.435200777116977022, -19.72946101015991260 ) ) ;
#2451 = CARTESIAN_POINT ( 'NONE',  ( -12.08141590225867290, 7.104243410505029388, 6.683990055109713779 ) ) ;
#2452 = CARTESIAN_POINT ( 'NONE',  ( -22.00819258947815626, 0.8448065932026034286, -14.87789409134662044 ) ) ;
#2453 = CARTESIAN_POINT ( 'NONE',  ( 69.64993677057640298, 1.287834496849926236, 13.65440190467793435 ) ) ;
#2454 = CARTESIAN_POINT ( 'NONE',  ( 7.681498412163707101, 6.439933803345306629, -6.035417598863713096 ) ) ;
#2455 = AXIS2_PLACEMENT_3D ( 'NONE', #6023, #6502, #1893 ) ;
#2456 = CARTESIAN_POINT ( 'NONE',  ( -2.568158131942028799, 6.287192910423105907, 6.166481769392031076 ) ) ;
#2457 = CARTESIAN_POINT ( 'NONE',  ( 73.19446302283364503, 8.784183980843701889, -13.94976520538331144 ) ) ;
#2458 = CONICAL_SURFACE ( 'NONE', #5533, 2.000000000000024869, 1.047197551196602294 ) ;
#2459 = CARTESIAN_POINT ( 'NONE',  ( -119.4274546509062844, 6.336810978036008457, -0.4388420071856019011 ) ) ;
#2460 = CARTESIAN_POINT ( 'NONE',  ( 116.0830797252497604, 5.097762737298497271, 3.529831904794443975 ) ) ;
#2461 = EDGE_CURVE ( 'NONE', #6661, #4003, #1124, .T. ) ;
#2462 = CARTESIAN_POINT ( 'NONE',  ( 116.8698188226743326, 5.744646923934315197, -4.580598064394606261 ) ) ;
#2463 = CARTESIAN_POINT ( 'NONE',  ( 97.23798699028482417, 6.127179443156473226, -5.323495456616945454 ) ) ;
#2464 = CARTESIAN_POINT ( 'NONE',  ( -24.40061180308065758, 8.224769421588247198, 8.792264830996087355 ) ) ;
#2465 = AXIS2_PLACEMENT_3D ( 'NONE', #4163, #2444, #4606 ) ;
#2466 = VERTEX_POINT ( 'NONE', #3535 ) ;
#2467 = CARTESIAN_POINT ( 'NONE',  ( -111.8521347045898580, -13.43567511302368089, -18.24568748474120738 ) ) ;
#2468 = CARTESIAN_POINT ( 'NONE',  ( -5.047428675259754804, 4.352411206273882449, 3.260449920015432657 ) ) ;
#2469 = CARTESIAN_POINT ( 'NONE',  ( -13.48113514478130170, 3.010524669663519948, -9.710780400755314901 ) ) ;
#2470 = CARTESIAN_POINT ( 'NONE',  ( 103.7325182278976854, 6.112272212735170740, -5.308537370895853869 ) ) ;
#2471 = AXIS2_PLACEMENT_3D ( 'NONE', #1370, #5580, #5503 ) ;
#2472 = CARTESIAN_POINT ( 'NONE',  ( 5.401150418184607283, 4.156622261427432186, 7.204905933069001733 ) ) ;
#2473 = CARTESIAN_POINT ( 'NONE',  ( -17.94294362506256491, 1.722445506185209974, -12.55132262203163407 ) ) ;
#2474 = CARTESIAN_POINT ( 'NONE',  ( -1.730748412503147593, 4.104414357537557123, -5.761593645975136013 ) ) ;
#2475 = PERSON_AND_ORGANIZATION ( #4636, #854 ) ;
#2476 = EDGE_LOOP ( 'NONE', ( #1911, #488, #5046 ) ) ;
#2477 = CARTESIAN_POINT ( 'NONE',  ( 63.40953667059844889, 7.559529991826839712, -7.326608876958412786 ) ) ;
#2478 = CARTESIAN_POINT ( 'NONE',  ( 12.17022582613914139, 7.054489598003239159, -6.696893096003321943 ) ) ;
#2479 = CARTESIAN_POINT ( 'NONE',  ( -4.768630754101223168, 6.838127782011628852, 6.267345294644607101 ) ) ;
#2480 = CARTESIAN_POINT ( 'NONE',  ( 2.862625461811588501, 4.878142138640455983, 6.736919652096807098 ) ) ;
#2481 = ORIENTED_EDGE ( 'NONE', *, *, #2007, .T. ) ;
#2482 = EDGE_CURVE ( 'NONE', #2892, #5651, #2952, .T. ) ;
#2483 = CARTESIAN_POINT ( 'NONE',  ( -24.46273087559517734, 8.412018054159256408, 8.724414477323255923 ) ) ;
#2484 = CARTESIAN_POINT ( 'NONE',  ( 78.24181932854925492, -11.82922093157597132, 20.04909324645994317 ) ) ;
#2485 = ORIENTED_EDGE ( 'NONE', *, *, #6467, .F. ) ;
#2486 = B_SPLINE_CURVE_WITH_KNOTS ( 'NONE', 3,
 ( #5606, #882, #2992, #5119 ),
 .UNSPECIFIED., .F., .F.,
 ( 4, 4 ),
 ( 8.344835848757739736E-18, 7.043978356105023942E-05 ),
 .UNSPECIFIED. ) ;
#2487 = CARTESIAN_POINT ( 'NONE',  ( -52.70006149819530350, 1.460486377364552890, -14.40933152108270399 ) ) ;
#2488 = CARTESIAN_POINT ( 'NONE',  ( -7.656283945485707676, 6.676852697539539250, 6.139227974401443966 ) ) ;
#2489 = DIRECTION ( 'NONE',  ( -0.000000000000000000, -1.000000000000000000, -0.000000000000000000 ) ) ;
#2490 = CARTESIAN_POINT ( 'NONE',  ( 75.34171347696614873, 3.328621360120616046, 10.56511598057038626 ) ) ;
#2491 = CARTESIAN_POINT ( 'NONE',  ( 4.094334148704609433, 4.699908194691873931, 6.980624513181922453 ) ) ;
#2492 = CARTESIAN_POINT ( 'NONE',  ( 75.30655281572204274, -4.929114225493822055, 24.41950035095213067 ) ) ;
#2493 = CARTESIAN_POINT ( 'NONE',  ( 116.3099760030322471, 4.643044956058182571, 3.285927688148229553 ) ) ;
#2494 = CARTESIAN_POINT ( 'NONE',  ( 5.976647964044633277, 3.840173784776827581, 0.4467564542208247169 ) ) ;
#2495 = CARTESIAN_POINT ( 'NONE',  ( 2.551502247201378193, 6.275466009018751734, -6.167043017596481214 ) ) ;
#2496 = CARTESIAN_POINT ( 'NONE',  ( -9.864498680975630762, 7.497772499607986418, 6.390094146818262821 ) ) ;
#2497 = ORIENTED_EDGE ( 'NONE', *, *, #3144, .F. ) ;
#2498 = CARTESIAN_POINT ( 'NONE',  ( -48.62541580200196023, -3.178621737779606882, -20.56069755554198863 ) ) ;
#2499 = CARTESIAN_POINT ( 'NONE',  ( 2.488015080351118069, 5.992295127338315375, -5.850254780707076385 ) ) ;
#2500 = CARTESIAN_POINT ( 'NONE',  ( 13.14222904800155511, 2.951377549805713763, 9.873612116517239912 ) ) ;
#2501 = CARTESIAN_POINT ( 'NONE',  ( 103.7405968852461342, 8.427402008918887688, -5.324038430767628505 ) ) ;
#2502 = DIRECTION ( 'NONE',  ( -0.000000000000000000, -1.000000000000000000, -0.000000000000000000 ) ) ;
#2503 = CARTESIAN_POINT ( 'NONE',  ( -20.34351899756012116, 1.249393548147104349, -14.00968735428622658 ) ) ;
#2504 = CARTESIAN_POINT ( 'NONE',  ( -126.2147216796875000, 6.939176516114323512, 11.85340023040772195 ) ) ;
#2505 = APPROVAL_STATUS ( 'not_yet_approved' ) ;
#2506 = ORIENTED_EDGE ( 'NONE', *, *, #3502, .F. ) ;
#2507 = LOCAL_TIME ( 21, 27, 0.000000000000000000, #2085 ) ;
#2508 = CARTESIAN_POINT ( 'NONE',  ( 2.564286128274757104, 6.275349763730322827, -6.166481769390734335 ) ) ;
#2509 = CARTESIAN_POINT ( 'NONE',  ( -65.52807497351446386, 7.678180251711026472, 7.196263535225577712 ) ) ;
#2510 = CARTESIAN_POINT ( 'NONE',  ( -2.548843536990723191, 6.448994174374095500, 6.352765402891009217 ) ) ;
#2511 = CARTESIAN_POINT ( 'NONE',  ( -9.683835295491435942E-14, 13.42264973081045554, 2.500000000000015099 ) ) ;
#2512 = CARTESIAN_POINT ( 'NONE',  ( -65.51584103471058995, 7.876987653788892985, 7.100836520591520262 ) ) ;
#2513 = CARTESIAN_POINT ( 'NONE',  ( -1.695377620746581382, 5.307661489556726231, -6.188472735219153975 ) ) ;
#2514 = ORIENTED_EDGE ( 'NONE', *, *, #3822, .F. ) ;
#2515 = CARTESIAN_POINT ( 'NONE',  ( -54.29633359644957835, 0.01078215144210994264, -16.05236807448327596 ) ) ;
#2516 = CARTESIAN_POINT ( 'NONE',  ( -59.26085219733559484, 7.430463639475698656, 7.435170419263320341 ) ) ;
#2517 = CARTESIAN_POINT ( 'NONE',  ( 114.9360375018014935, 5.556176124867471700, -4.515769731198397530 ) ) ;
#2518 = CARTESIAN_POINT ( 'NONE',  ( 103.0057641881609243, 2.608281187315205418, 10.15510212453797578 ) ) ;
#2519 = CARTESIAN_POINT ( 'NONE',  ( 5.490779179202731619, 4.663884625503483150, 7.219137705899868251 ) ) ;
#2520 = CARTESIAN_POINT ( 'NONE',  ( 72.74316240939563727, 5.951887172343166554, 0.8968986272811765303 ) ) ;
#2521 = CARTESIAN_POINT ( 'NONE',  ( -119.3076325989321020, 6.756105912085469178, 2.115795530890074438 ) ) ;
#2522 = CARTESIAN_POINT ( 'NONE',  ( 28.57844284015180136, 8.628493364300343416, -9.276826568765397241 ) ) ;
#2523 = CARTESIAN_POINT ( 'NONE',  ( 4.934776129789880450, 3.532262247256639398, 3.392659817111761900 ) ) ;
#2524 = CARTESIAN_POINT ( 'NONE',  ( 57.17851684368400100, 7.273007228945624014, -7.780271252553433214 ) ) ;
#2525 = CARTESIAN_POINT ( 'NONE',  ( -21.27568735172589953, 8.145588830000555447, 8.247233120878528112 ) ) ;
#2526 = ORIENTED_EDGE ( 'NONE', *, *, #4291, .T. ) ;
#2527 = CARTESIAN_POINT ( 'NONE',  ( -5.503558635711673475, 2.036786110578502562, -10.09981060028076172 ) ) ;
#2528 = CARTESIAN_POINT ( 'NONE',  ( -4.602521996901297818, 5.079773312054820522, 3.860329280134774610 ) ) ;
#2529 = CARTESIAN_POINT ( 'NONE',  ( 15.72075034640219116, 2.414729781950440302, 10.89408080395590517 ) ) ;
#2530 = DIRECTION ( 'NONE',  ( 0.000000000000000000, 0.000000000000000000, -1.000000000000000000 ) ) ;
#2531 = CARTESIAN_POINT ( 'NONE',  ( 2.278965266952623914, 6.200120628960485547, -5.548595397989043221 ) ) ;
#2532 = CARTESIAN_POINT ( 'NONE',  ( 119.4508978264099284, 6.055479878592707088, -1.000738861067618224 ) ) ;
#2533 = CARTESIAN_POINT ( 'NONE',  ( -127.2058486938476563, 5.916887672124953035, 4.337222576141364527 ) ) ;
#2534 = CALENDAR_DATE ( 2022, 12, 7 ) ;
#2535 = VERTEX_POINT ( 'NONE', #6518 ) ;
#2536 = CARTESIAN_POINT ( 'NONE',  ( -19.86834070313185663, 7.976955712048733105, 7.989970215981267998 ) ) ;
#2537 = CARTESIAN_POINT ( 'NONE',  ( -4.779133629611512113, 6.642985955571179879, 6.433554045592766002 ) ) ;
#2538 = ADVANCED_FACE ( 'NONE', ( #5486 ), #6624, .T. ) ;
#2539 = CARTESIAN_POINT ( 'NONE',  ( 15.91728089372228538, 3.044933370248170235, 11.24901757867415597 ) ) ;
#2540 = FACE_BOUND ( 'NONE', #3377, .T. ) ;
#2541 = CARTESIAN_POINT ( 'NONE',  ( -69.74516671244407462, 7.763762615354439234, 6.862909515812805950 ) ) ;
#2542 = CARTESIAN_POINT ( 'NONE',  ( -6.198222472241519121, 8.654218008255522676, 0.9233043136571851273 ) ) ;
#2543 = CARTESIAN_POINT ( 'NONE',  ( -65.05222463250527198, 2.777146333335016148, -12.39120185026832388 ) ) ;
#2544 = CARTESIAN_POINT ( 'NONE',  ( -57.15416303175788926, 7.483981717350012275, 7.604706483300944342 ) ) ;
#2545 = CARTESIAN_POINT ( 'NONE',  ( -1.692798680601247829, 4.380108489198691224, -6.729563127874977901 ) ) ;
#2546 = CARTESIAN_POINT ( 'NONE',  ( 100.1883478549454054, 4.003496676448409453, 6.523910410578569241 ) ) ;
#2547 =( BOUNDED_SURFACE ( )  B_SPLINE_SURFACE ( 3, 2, ( 
 ( #1593, #82, #3186 ),
 ( #4733, #1658, #454 ),
 ( #2672, #6248, #1046 ),
 ( #594, #3709, #2155 ),
 ( #6796, #15, #4186 ),
 ( #1625, #2709, #5219 ),
 ( #3254, #1523, #493 ),
 ( #4286, #3637, #1558 ),
 ( #4799, #2189, #3675 ),
 ( #3766, #5769, #5253 ),
 ( #2119, #5802, #4221 ),
 ( #6320, #1079, #4766 ),
 ( #49, #4254, #3737 ),
 ( #5834, #2873, #1832 ),
 ( #1179, #1314, #5903 ),
 ( #692, #3287, #2253 ),
 ( #658, #1695, #6556 ),
 ( #6484, #4964, #1249 ),
 ( #5418, #4461, #5352 ),
 ( #3359, #2216, #5935 ),
 ( #6003, #1762, #211 ),
 ( #4319, #2839, #2323 ),
 ( #178, #727, #2737 ),
 ( #6418, #5383, #3872 ),
 ( #111, #3802, #5969 ),
 ( #5487, #625, #4829 ),
 ( #3944, #2768, #4357 ),
 ( #4862, #144, #6451 ),
 ( #1728, #6037, #3839 ),
 ( #1280, #1214, #4932 ),
 ( #6519, #248, #3325 ),
 ( #2806, #4899, #2361 ),
 ( #2288, #4392, #5453 ),
 ( #4422, #1798, #3910 ),
 ( #3394, #762, #5041 ),
 ( #2394, #2524, #2428 ),
 ( #2948, #6146, #5520 ),
 ( #324, #6659, #6692 ),
 ( #5664, #5004, #4078 ),
 ( #5562, #3980, #6076 ),
 ( #4526, #3505, #6625 ),
 ( #6175, #288, #6592 ),
 ( #4561, #4624, #5141 ),
 ( #800, #1867, #4494 ),
 ( #4049, #1908, #357 ),
 ( #4016, #418, #6719 ),
 ( #1350, #5074, #2463 ),
 ( #6114, #2912, #2005 ),
 ( #3430, #3469, #841 ),
 ( #1387, #5595, #4111 ) ),
 .UNSPECIFIED., .F., .F., .F. ) 
 B_SPLINE_SURFACE_WITH_KNOTS ( ( 4, 2, 2, 2, 2, 2, 2, 2, 2, 2, 2, 2, 2, 2, 2, 2, 2, 2, 2, 2, 2, 2, 2, 2, 4 ),
 ( 3, 3 ),
 ( 1.387778780781445676E-17, 0.0007893612180357819546, 0.001578722436071550031, 0.002368083654107318217, 0.003157444872143086185, 0.003946806090178854587, 0.004736167308214622555, 0.006314889744286158492, 0.009472334616429231233, 0.01262977948857230311, 0.01578722436071537671, 0.01894466923285844859, 0.02210211410500152046, 0.02525955897714459233, 0.03157444872143073955, 0.03473189359357381489, 0.03788933846571688330, 0.05051911795428917079, 0.05683400769857531454, 0.06314889744286146522, 0.06946378718714760203, 0.07577867693143375272, 0.08840845642000604021, 0.09472334616429217702, 0.1010382359085783277 ),
 ( 0.000000000000000000, 1.000000000000000000 ),
 .UNSPECIFIED. ) 
 GEOMETRIC_REPRESENTATION_ITEM ( )  RATIONAL_B_SPLINE_SURFACE ( (
 ( 1.000000000000000000, 0.9016252743225180444, 1.000000000000000000),
 ( 1.000000000000000000, 0.9015471649919969410, 1.000000000000000000),
 ( 1.000000000000000000, 0.9014800383701503383, 1.000000000000000000),
 ( 1.000000000000000000, 0.9001833460321463365, 1.000000000000000000),
 ( 1.000000000000000000, 0.8990751241767054314, 1.000000000000000000),
 ( 1.000000000000000000, 0.8963259759742392419, 1.000000000000000000),
 ( 1.000000000000000000, 0.8946836737060038791, 1.000000000000000000),
 ( 1.000000000000000000, 0.8913210961137688626, 1.000000000000000000),
 ( 1.000000000000000000, 0.8896050709571806658, 1.000000000000000000),
 ( 1.000000000000000000, 0.8863639876848473653, 1.000000000000000000),
 ( 1.000000000000000000, 0.8848377762483924380, 1.000000000000000000),
 ( 1.000000000000000000, 0.8820494348947743868, 1.000000000000000000),
 ( 1.000000000000000000, 0.8806690861420469751, 1.000000000000000000),
 ( 1.000000000000000000, 0.8765899141319621890, 1.000000000000000000),
 ( 1.000000000000000000, 0.8740379326809987193, 1.000000000000000000),
 ( 1.000000000000000000, 0.8669231683969640390, 1.000000000000000000),
 ( 1.000000000000000000, 0.8630312149803353039, 1.000000000000000000),
 ( 1.000000000000000000, 0.8550429758945253811, 1.000000000000000000),
 ( 1.000000000000000000, 0.8503181938389658967, 1.000000000000000000),
 ( 1.000000000000000000, 0.8404904255963718818, 1.000000000000000000),
 ( 1.000000000000000000, 0.8371971228854409031, 1.000000000000000000),
 ( 1.000000000000000000, 0.8439458276709042028, 1.000000000000000000),
 ( 1.000000000000000000, 0.8527936143909112809, 1.000000000000000000),
 ( 1.000000000000000000, 0.8553561249155784418, 1.000000000000000000),
 ( 1.000000000000000000, 0.8528047212831547652, 1.000000000000000000),
 ( 1.000000000000000000, 0.8524650887288672818, 1.000000000000000000),
 ( 1.000000000000000000, 0.8531606969671693408, 1.000000000000000000),
 ( 1.000000000000000000, 0.8538532036070400899, 1.000000000000000000),
 ( 1.000000000000000000, 0.8521905038153019252, 1.000000000000000000),
 ( 1.000000000000000000, 0.8468671873262683114, 1.000000000000000000),
 ( 1.000000000000000000, 0.8446300651035494322, 1.000000000000000000),
 ( 1.000000000000000000, 0.8393822260321077700, 1.000000000000000000),
 ( 1.000000000000000000, 0.8364221091713278655, 1.000000000000000000),
 ( 1.000000000000000000, 0.8218893352055457457, 1.000000000000000000),
 ( 1.000000000000000000, 0.8127094533296095324, 1.000000000000000000),
 ( 1.000000000000000000, 0.8043350511224954813, 1.000000000000000000),
 ( 1.000000000000000000, 0.8020743257676207216, 1.000000000000000000),
 ( 1.000000000000000000, 0.7975388587903572413, 1.000000000000000000),
 ( 1.000000000000000000, 0.7952283961892048225, 1.000000000000000000),
 ( 1.000000000000000000, 0.7903856776370949966, 1.000000000000000000),
 ( 1.000000000000000000, 0.7878960586590368909, 1.000000000000000000),
 ( 1.000000000000000000, 0.7830670957605796456, 1.000000000000000000),
 ( 1.000000000000000000, 0.7807163675363035793, 1.000000000000000000),
 ( 1.000000000000000000, 0.7742137687737229435, 1.000000000000000000),
 ( 1.000000000000000000, 0.7707336026954457742, 1.000000000000000000),
 ( 1.000000000000000000, 0.7661013743178906044, 1.000000000000000000),
 ( 1.000000000000000000, 0.7646354664772209153, 1.000000000000000000),
 ( 1.000000000000000000, 0.7617254425226723802, 1.000000000000000000),
 ( 1.000000000000000000, 0.7602955994509293935, 1.000000000000000000),
 ( 1.000000000000000000, 0.7584466283906530215, 1.000000000000000000) ) ) 
 REPRESENTATION_ITEM ( '' )  SURFACE ( )  );
#2548 = CARTESIAN_POINT ( 'NONE',  ( -119.6079015439915310, 6.480181199682270687, 1.926195572359139296 ) ) ;
#2549 = CARTESIAN_POINT ( 'NONE',  ( 56.36514201877630370, 9.650825544890949459, -14.79146289825440164 ) ) ;
#2550 = CARTESIAN_POINT ( 'NONE',  ( 117.5277288889088112, 2.024246704881409897, -10.53608989715577948 ) ) ;
#2551 = CARTESIAN_POINT ( 'NONE',  ( 19.73740902906462580, 8.055051468650832547, -7.892592947515226776 ) ) ;
#2552 = CARTESIAN_POINT ( 'NONE',  ( 4.841923650242788923, 3.535591368356383768, 3.524321587824003288 ) ) ;
#2553 = AXIS2_PLACEMENT_3D ( 'NONE', #6482, #5382, #6001 ) ;
#2554 = CARTESIAN_POINT ( 'NONE',  ( -9.714451465470119729E-14, 5.622649730810450386, -4.000000000000039968 ) ) ;
#2555 = CARTESIAN_POINT ( 'NONE',  ( -25.43050152515763074, 8.441890184718854329, 8.957408169146619414 ) ) ;
#2556 = B_SPLINE_CURVE_WITH_KNOTS ( 'NONE', 3,
 ( #3032, #5128, #3131, #5232 ),
 .UNSPECIFIED., .F., .F.,
 ( 4, 4 ),
 ( -3.182332112305657371E-06, 0.0002503827389382516817 ),
 .UNSPECIFIED. ) ;
#2557 = CARTESIAN_POINT ( 'NONE',  ( -2.428792413367208081, 5.993881260228653751, 5.810249827326567029 ) ) ;
#2558 = EDGE_LOOP ( 'NONE', ( #1454, #4691, #3830, #1365 ) ) ;
#2559 = CARTESIAN_POINT ( 'NONE',  ( -12.50310420989990057, 8.028304608045548463, 0.3769603073596962117 ) ) ;
#2560 = CARTESIAN_POINT ( 'NONE',  ( 119.0977163519431770, 5.369707277174927462, -2.539425263075429040 ) ) ;
#2561 = AXIS2_PLACEMENT_3D ( 'NONE', #5559, #4046, #1905 ) ;
#2562 = EDGE_CURVE ( 'NONE', #4920, #4842, #1615, .T. ) ;
#2563 = CARTESIAN_POINT ( 'NONE',  ( 17.98540130325353559, 1.966235782091132478, 12.58938204031207420 ) ) ;
#2564 = CARTESIAN_POINT ( 'NONE',  ( 47.06834971296540004, 6.287354753756878800, -8.690989557367984730 ) ) ;
#2565 = FACE_OUTER_BOUND ( 'NONE', #6062, .T. ) ;
#2566 = CARTESIAN_POINT ( 'NONE',  ( -10.61615546332206073, 3.744792629525762973, -8.764582453783660299 ) ) ;
#2567 = CARTESIAN_POINT ( 'NONE',  ( -113.1115225321168651, 6.602741857966991645, 4.730749898548993748 ) ) ;
#2568 = CIRCLE ( 'NONE', #5318, 0.2500000000000003331 ) ;
#2569 = PERSON_AND_ORGANIZATION_ROLE ( 'classification_officer' ) ;
#2570 = B_SPLINE_CURVE_WITH_KNOTS ( 'NONE', 3,
 ( #6142, #1941, #2425, #1418 ),
 .UNSPECIFIED., .F., .F.,
 ( 4, 4 ),
 ( -3.182332112305749698E-06, 0.0002503827389382522238 ),
 .UNSPECIFIED. ) ;
#2571 = ORIENTED_EDGE ( 'NONE', *, *, #2055, .T. ) ;
#2572 = CARTESIAN_POINT ( 'NONE',  ( -117.4992868571430478, 6.534624296618903649, 4.378761216220365959 ) ) ;
#2573 = CARTESIAN_POINT ( 'NONE',  ( 5.522539470702704456, 4.327851815354374132, -2.335021826459248384 ) ) ;
#2574 = AXIS2_PLACEMENT_3D ( 'NONE', #4293, #5774, #3223 ) ;
#2575 = CARTESIAN_POINT ( 'NONE',  ( -97.24230866218906044, 6.921802785463020413, 5.533599193211012235 ) ) ;
#2576 = CARTESIAN_POINT ( 'NONE',  ( -115.3528449418173949, 5.086985238093920891, -3.656016403833378448 ) ) ;
#2577 = LINE ( 'NONE', #833, #4694 ) ;
#2578 = CIRCLE ( 'NONE', #1691, 0.2499999999999996114 ) ;
#2579 = CARTESIAN_POINT ( 'NONE',  ( -6.782560679347588106, 7.395966509001313582, 6.015521031242968775 ) ) ;
#2580 = CARTESIAN_POINT ( 'NONE',  ( -3.953315089090829293, 7.778130672325454853, 4.523149727801429876 ) ) ;
#2581 = CARTESIAN_POINT ( 'NONE',  ( -48.55101411909040365, -1.165075250426636844, -17.46984510656700351 ) ) ;
#2582 = CARTESIAN_POINT ( 'NONE',  ( -41.38468903280737266, 8.070715622915312082, 9.189370000722943743 ) ) ;
#2583 = CARTESIAN_POINT ( 'NONE',  ( 1.689499465132285883, 4.301114358106496560, 6.330849053119129266 ) ) ;
#2584 = CARTESIAN_POINT ( 'NONE',  ( 98.65787829206963977, 4.396021540794583515, 7.003114761397780441 ) ) ;
#2585 = CARTESIAN_POINT ( 'NONE',  ( 4.530076146283321670, 5.044549783541411259, -4.476309690853301326 ) ) ;
#2586 = CARTESIAN_POINT ( 'NONE',  ( -6.039539117426139470, 3.453046673290912860, -1.711194993849176171 ) ) ;
#2587 = CARTESIAN_POINT ( 'NONE',  ( 13.82949424903104685, 6.226593405104988932, -8.111748695373535156 ) ) ;
#2588 = CARTESIAN_POINT ( 'NONE',  ( 31.73466126316613867, 8.649138872386979315, -9.574205323024044034 ) ) ;
#2589 = CARTESIAN_POINT ( 'NONE',  ( -117.9086181424922870, 5.970028739864786438, 3.810107055207045512 ) ) ;
#2590 = CARTESIAN_POINT ( 'NONE',  ( 26.57745147227774396, -0.8031406126057247796, 16.90416081206582177 ) ) ;
#2591 = CARTESIAN_POINT ( 'NONE',  ( 114.6038371759382386, 4.493215812373383855, 3.908548385704956107 ) ) ;
#2592 = CARTESIAN_POINT ( 'NONE',  ( -119.4517476787633399, 5.822668208557351122, 0.5607332671709785998 ) ) ;
#2593 = EDGE_LOOP ( 'NONE', ( #2365, #4257 ) ) ;
#2594 = DIRECTION ( 'NONE',  ( 0.000000000000000000, 0.000000000000000000, -1.000000000000000000 ) ) ;
#2595 = APPROVAL ( #3055, 'UNSPECIFIED' ) ;
#2596 = DIRECTION ( 'NONE',  ( -0.000000000000000000, -1.000000000000000000, -0.000000000000000000 ) ) ;
#2597 = ORIENTED_EDGE ( 'NONE', *, *, #5301, .T. ) ;
#2598 = CARTESIAN_POINT ( 'NONE',  ( 21.19891787886822954, 0.6370475607755377023, 14.15044052956449860 ) ) ;
#2599 = CARTESIAN_POINT ( 'NONE',  ( 118.0425370421602906, 5.673925943697310181, -4.005416742031914445 ) ) ;
#2600 = DIRECTION ( 'NONE',  ( -0.9636351634526669763, 0.1364618791984707757, -0.2297507938684306694 ) ) ;
#2601 = CARTESIAN_POINT ( 'NONE',  ( -6.172871370130169844, 3.903150294496708916, -7.165086114242045667 ) ) ;
#2602 = CARTESIAN_POINT ( 'NONE',  ( -2.549831123963927748, 4.792265647440991039, -6.788108589572088292 ) ) ;
#2603 = EDGE_CURVE ( 'NONE', #1995, #4370, #804, .T. ) ;
#2604 = PERSON_AND_ORGANIZATION ( #4636, #854 ) ;
#2605 = ORIENTED_EDGE ( 'NONE', *, *, #3259, .T. ) ;
#2606 = CARTESIAN_POINT ( 'NONE',  ( -9.680773678493568194E-14, 7.643375672974132229, 2.500000000000026201 ) ) ;
#2607 = CARTESIAN_POINT ( 'NONE',  ( 4.678141544632644866, 4.570634125729094777, -3.758658250437537873 ) ) ;
#2608 = CARTESIAN_POINT ( 'NONE',  ( -10.00274676892252756, 7.397426668373197067, 6.406889421563996656 ) ) ;
#2609 = CARTESIAN_POINT ( 'NONE',  ( -2.283561873828159339, 6.844169304594811543, 5.574977342157747096 ) ) ;
#2610 = AXIS2_PLACEMENT_3D ( 'NONE', #2849, #4910, #706 ) ;
#2611 = CARTESIAN_POINT ( 'NONE',  ( 119.6102291144447349, 6.170447130287764814, -1.900187221885303313 ) ) ;
#2612 = CARTESIAN_POINT ( 'NONE',  ( -118.4707012022253991, 5.390348222297601133, -2.369606830010236198 ) ) ;
#2613 = CARTESIAN_POINT ( 'NONE',  ( -11.65315628051757635, 7.858597011743514216, 8.098406791687011719 ) ) ;
#2614 = CARTESIAN_POINT ( 'NONE',  ( -53.69806509791359872, 1.221443073219649733, -13.90211316737955194 ) ) ;
#2615 = B_SPLINE_CURVE_WITH_KNOTS ( 'NONE', 3,
 ( #3724, #578, #2752, #2692, #5530, #1678, #2172, #2786, #2723, #4238, #160, #1642, #3753, #1712, #1193, #6436, #5888, #3820, #1608, #2235, #5919, #5854, #4340, #3438, #1128, #3239, #3302, #2269, #4374, #6337, #5338, #1744, #811, #609, #4813, #2203, #4303, #3786, #1162, #5012, #3271, #5398, #296, #672, #5368, #3953, #6045, #3579, #5570, #6600, #911, #4086, #1493, #4502, #6217, #4023, #4056, #6153, #1360, #1394, #1876, #975, #849, #3020 ),
 .UNSPECIFIED., .F., .F.,
 ( 4, 2, 2, 2, 2, 2, 2, 2, 2, 2, 2, 2, 2, 2, 2, 2, 2, 2, 2, 2, 2, 2, 2, 2, 2, 2, 2, 2, 2, 2, 2, 4 ),
 ( 0.000000000000000000, 0.003150034700970325095, 0.004725052051455492196, 0.006300069401940658863, 0.007875086752425824663, 0.009450104102910993065, 0.01260013880388134028, 0.01417515615436650347, 0.01575017350485166320, 0.01890020820582196878, 0.02205024290679227089, 0.02520027760776257300, 0.02835031230873287858, 0.03150034700970317375, 0.03780041641164380573, 0.04410048581358443770, 0.04725052051455474328, 0.05040055521552505580, 0.05355058991649538219, 0.05670062461746570165, 0.05985065931843600029, 0.06300069401940631975, 0.06930076342134694478, 0.07245079812231726424, 0.07560083282328756982, 0.08190090222522820873, 0.08820097162716883377, 0.09135100632813915322, 0.09450104102910945880, 0.09607605837959463935, 0.09765107573007980601, 0.1008011104310501116 ),
 .UNSPECIFIED. ) ;
#2616 = CARTESIAN_POINT ( 'NONE',  ( 4.000993631842418630, 3.453165831894204896, 4.852312663467471587 ) ) ;
#2617 = CARTESIAN_POINT ( 'NONE',  ( -5.681302870818417006, 7.711395850858527190, -1.954744344052330440 ) ) ;
#2618 = CARTESIAN_POINT ( 'NONE',  ( -38.28065285061655487, -3.418099238490909464, -19.74871001763800749 ) ) ;
#2619 = CARTESIAN_POINT ( 'NONE',  ( -41.36535370546042145, 8.006485788406985549, 9.039862905714965535 ) ) ;
#2620 = CARTESIAN_POINT ( 'NONE',  ( -1.698387861226910545, 4.744886489707170973, -6.401498698157857881 ) ) ;
#2621 = CARTESIAN_POINT ( 'NONE',  ( 110.0145913294420552, 4.292343543865282385, 4.887886199765263839 ) ) ;
#2622 = CARTESIAN_POINT ( 'NONE',  ( -119.4149488337614287, 6.699983859138768594, 1.608726730851153253 ) ) ;
#2623 = CARTESIAN_POINT ( 'NONE',  ( -5.578185818286255149, 4.293586150352493469, 3.000821893008090324 ) ) ;
#2624 = CARTESIAN_POINT ( 'NONE',  ( 39.04653524257035002, 9.352833577363908191, -8.224532127380376423 ) ) ;
#2625 = CARTESIAN_POINT ( 'NONE',  ( 15.07065199572883429, 7.578261352381859162, -7.149002481802403608 ) ) ;
#2626 = CARTESIAN_POINT ( 'NONE',  ( 2.564284728252153922, 6.169105076934360277, -5.431136665455470691 ) ) ;
#2627 = CARTESIAN_POINT ( 'NONE',  ( 28.75151887222995128, -3.090818939503657603, 19.23857567298532700 ) ) ;
#2628 = CARTESIAN_POINT ( 'NONE',  ( -5.051173837530625654, 6.873626693701966772, 6.272841856348427392 ) ) ;
#2629 = CARTESIAN_POINT ( 'NONE',  ( -16.56164055736702068, 2.690019502369732418, -11.72373213107963252 ) ) ;
#2630 = DIRECTION ( 'NONE',  ( -0.000000000000000000, -1.000000000000000000, -0.000000000000000000 ) ) ;
#2631 = CARTESIAN_POINT ( 'NONE',  ( 119.6873520643351156, 5.239355732961023193, -0.2406646987831782269 ) ) ;
#2632 = DIRECTION ( 'NONE',  ( 0.000000000000000000, 0.000000000000000000, -1.000000000000000000 ) ) ;
#2633 = CARTESIAN_POINT ( 'NONE',  ( 5.242934869333804038, 3.921360452677687292, 6.978794469371880638 ) ) ;
#2634 = CARTESIAN_POINT ( 'NONE',  ( -6.003994881591737887, 8.305006913306261396, 0.2419789525553684983 ) ) ;
#2635 = CARTESIAN_POINT ( 'NONE',  ( -18.98253899687031421, 2.039372407394991260, -13.07590114196408315 ) ) ;
#2636 = CARTESIAN_POINT ( 'NONE',  ( -88.77887480076348936, 7.334231408830914845, 5.842201958094942249 ) ) ;
#2637 = CARTESIAN_POINT ( 'NONE',  ( -9.714451465470119729E-14, -6.591949208711866959E-14, 0.000000000000000000 ) ) ;
#2638 = APPROVAL_DATE_TIME ( #52, #2595 ) ;
#2639 = EDGE_LOOP ( 'NONE', ( #2823, #6366, #6431, #163 ) ) ;
#2640 = CARTESIAN_POINT ( 'NONE',  ( -117.5499954223632813, 2.566689999281009271, 10.53608989715576882 ) ) ;
#2641 = CARTESIAN_POINT ( 'NONE',  ( 6.094892356382508147, 3.857824623175127421, -1.555202832499203325 ) ) ;
#2642 = EDGE_CURVE ( 'NONE', #3417, #4307, #2901, .T. ) ;
#2643 = CARTESIAN_POINT ( 'NONE',  ( -2.555373850527150381, 6.475032130601257485, 6.002003839226409454 ) ) ;
#2644 = CARTESIAN_POINT ( 'NONE',  ( 101.4734997164299273, 6.512347205193426802, -5.271080005575206506 ) ) ;
#2645 = CARTESIAN_POINT ( 'NONE',  ( 119.6602866440105117, 5.537088010912492919, 0.4159477688064779910 ) ) ;
#2646 = CARTESIAN_POINT ( 'NONE',  ( 1.932328769560150095, 5.248129916837974029, 5.685651519006526655 ) ) ;
#2647 = CARTESIAN_POINT ( 'NONE',  ( -13.25008392333985263, -0.6710214303150439097, -19.00410461425781250 ) ) ;
#2648 = CARTESIAN_POINT ( 'NONE',  ( 19.02789977246050768, 4.720428711478114714, 13.26963569573572066 ) ) ;
#2649 = B_SPLINE_CURVE_WITH_KNOTS ( 'NONE', 3,
 ( #2665, #1515, #4249, #3213, #1141, #2591, #589, #6347, #5724, #3109, #1587, #5315, #553, #2704, #1620, #7, #5209, #3702, #484, #4178, #3143, #5759, #5244, #520, #2111, #4212, #5794, #1073, #3180, #5281, #3318, #1724, #2800, #1175, #2868, #5448, #1307, #5514, #3798, #4927, #5411, #1243, #1825, #721, #6412, #2834, #3905, #4958, #652, #5482, #4417, #4997, #1690, #4387, #1275, #206, #1790, #2318, #4893, #3283, #6479, #5899, #3835, #5379 ),
 .UNSPECIFIED., .F., .F.,
 ( 4, 2, 2, 2, 2, 2, 2, 2, 2, 2, 2, 2, 2, 2, 2, 2, 2, 2, 2, 2, 2, 2, 2, 2, 2, 2, 2, 2, 2, 2, 2, 4 ),
 ( 0.000000000000000000, 0.003135776133718582055, 0.004703664200577853567, 0.006271552267437124212, 0.009407328401155707134, 0.01254310453487429006, 0.01881465680231145243, 0.02508620906974861828, 0.02822198520346719947, 0.03135776133718578412, 0.03762931360462290487, 0.04076508973834146177, 0.04390086587206002561, 0.04703664200577858251, 0.05017241813949714635, 0.05330819427321571019, 0.05644397040693426709, 0.06271552267437138783, 0.06898707494180851552, 0.07212285107552708630, 0.07525862720924564320, 0.07839440334296421398, 0.08153017947668278476, 0.08466595561040135554, 0.08623384367726065480, 0.08780173174411994019, 0.09093750787783853873, 0.09250539594469782412, 0.09407328401155710951, 0.09564117207841640877, 0.09720906014527569416, 0.1003448362789942927 ),
 .UNSPECIFIED. ) ;
#2650 = B_SPLINE_CURVE_WITH_KNOTS ( 'NONE', 3,
 ( #2824, #434, #5193, #6678, #4096, #2999, #3617, #379, #4132, #6264, #2541, #2512, #986, #4677, #5712, #5615, #6646, #956, #6228, #1536, #2026, #6740, #3555, #890, #5649, #1504, #5742, #5680, #2483, #4641, #1993, #1406, #1963, #4034, #4608, #1438, #3061, #4577, #1474, #1024, #3523, #5094, #3092, #4065, #469, #3651, #2579, #6707, #6776, #2059, #4165, #6163 ),
 .UNSPECIFIED., .F., .F.,
 ( 4, 2, 2, 2, 2, 2, 2, 2, 2, 2, 2, 2, 2, 2, 2, 2, 2, 2, 2, 2, 2, 2, 2, 2, 2, 4 ),
 ( 0.1477479144719569260, 0.1542809092736932286, 0.1608139040754295312, 0.1738798936789021365, 0.1804128884806384114, 0.1869458832823746863, 0.1934788780841109612, 0.2000118728858472084, 0.2065448676875834833, 0.2130778624893197581, 0.2163443598901878540, 0.2196108572910560053, 0.2261438520927922247, 0.2294103494936603482, 0.2326768468945284718, 0.2359433442953965954, 0.2375765929958306433, 0.2392098416962646912, 0.2424763390971328147, 0.2457428364980009383, 0.2473760851984349585, 0.2481927095486519963, 0.2490093338988690341, 0.2506425825993030543, 0.2514592069495201199, 0.2522758312997371299 ),
 .UNSPECIFIED. ) ;
#2651 = CARTESIAN_POINT ( 'NONE',  ( 5.123861285220171702, 3.282355177024328441, 3.584962342585269912 ) ) ;
#2652 = EDGE_CURVE ( 'NONE', #1335, #1597, #63, .T. ) ;
#2653 = CARTESIAN_POINT ( 'NONE',  ( -6.006019546829822531, 8.565628548546904142, 0.2103944056325886269 ) ) ;
#2654 = CARTESIAN_POINT ( 'NONE',  ( -72.27887701992855796, 3.394948713658011652, -11.17755465633971568 ) ) ;
#2655 = CARTESIAN_POINT ( 'NONE',  ( -50.85969485044546445, 7.896999846734345851, 8.318516197453478256 ) ) ;
#2656 = DIRECTION ( 'NONE',  ( 0.000000000000000000, 0.000000000000000000, -1.000000000000000000 ) ) ;
#2657 = CARTESIAN_POINT ( 'NONE',  ( 108.4612499561589374, 4.253235264632898804, 5.138078526161424797 ) ) ;
#2658 = B_SPLINE_CURVE_WITH_KNOTS ( 'NONE', 3,
 ( #1589, #2667, #4251, #5833, #592, #3704 ),
 .UNSPECIFIED., .F., .F.,
 ( 4, 2, 4 ),
 ( 0.000000000000000000, 0.005563702187348080856, 0.01112740437469616171 ),
 .UNSPECIFIED. ) ;
#2659 = CARTESIAN_POINT ( 'NONE',  ( -119.6957547243680295, 6.592369583746428674, 0.9784715689372620595 ) ) ;
#2660 = CARTESIAN_POINT ( 'NONE',  ( -2.313773321457833543, 6.619748737411596196, 6.183445843087146621 ) ) ;
#2661 = CARTESIAN_POINT ( 'NONE',  ( 50.46930443182093740, 6.470946970534711795, -9.684874534606940699 ) ) ;
#2662 = CARTESIAN_POINT ( 'NONE',  ( 18.18169536789023510, 7.972728861425737890, -7.601968211152176913 ) ) ;
#2663 = CARTESIAN_POINT ( 'NONE',  ( -119.3953870431488298, 5.537515468088469284, -1.603218328628333023 ) ) ;
#2664 = CARTESIAN_POINT ( 'NONE',  ( 31.47385345544615021, -2.402394325485851301, 17.99373804412583766 ) ) ;
#2665 = CARTESIAN_POINT ( 'NONE',  ( 119.3963126861512620, 4.925315962622294208, 1.911351683696030035 ) ) ;
#2666 = CARTESIAN_POINT ( 'NONE',  ( -119.5854478620270527, 5.903692191137526635, 2.023500796050450745 ) ) ;
#2667 = CARTESIAN_POINT ( 'NONE',  ( -114.9617845823298978, 6.550199654533648719, 4.614585860426742236 ) ) ;
#2668 = ADVANCED_FACE ( 'NONE', ( #4687 ), #6274, .F. ) ;
#2669 = CARTESIAN_POINT ( 'NONE',  ( -119.6901748048820053, 6.114372085332494322, 1.137933154961909832 ) ) ;
#2670 = CARTESIAN_POINT ( 'NONE',  ( -9.714451465470119729E-14, 6.488675134594886984, -3.500000000000023981 ) ) ;
#2671 = CARTESIAN_POINT ( 'NONE',  ( -4.526456558551593901, 8.113359951309087492, 3.941441941309614894 ) ) ;
#2672 = CARTESIAN_POINT ( 'NONE',  ( 5.347191425810653875, 6.589762038538398592, -6.211256543501571414 ) ) ;
#2673 = CARTESIAN_POINT ( 'NONE',  ( -84.54799531597899431, 7.395972679967802499, 6.088862101246927061 ) ) ;
#2674 = CARTESIAN_POINT ( 'NONE',  ( 2.521443834100893788, 6.919260117944162403, -5.929966261551925299 ) ) ;
#2675 = SHAPE_DEFINITION_REPRESENTATION ( #1116, #4877 ) ;
#2676 = EDGE_LOOP ( 'NONE', ( #698, #5618 ) ) ;
#2677 = AXIS2_PLACEMENT_3D ( 'NONE', #5451, #4390, #3801 ) ;
#2678 = ORIENTED_EDGE ( 'NONE', *, *, #5257, .F. ) ;
#2679 = CARTESIAN_POINT ( 'NONE',  ( -9.453513145446780896, -0.5713224099293083835, 14.27534675598144531 ) ) ;
#2680 = CARTESIAN_POINT ( 'NONE',  ( 5.975869010459800457, 3.838673149326595091, 0.4592340831511205756 ) ) ;
#2681 = CARTESIAN_POINT ( 'NONE',  ( 8.176334956777582263, 7.283586141535607794, -6.190867651607041111 ) ) ;
#2682 = CARTESIAN_POINT ( 'NONE',  ( 105.7046175941305677, 6.325303857853988632, -5.134133779988817814 ) ) ;
#2683 = TOROIDAL_SURFACE ( 'NONE', #368, 1.500000000000000000, 1.000000000000014877 ) ;
#2684 = CARTESIAN_POINT ( 'NONE',  ( 118.8580617186513280, 6.244816340112183006, -2.952531750336062188 ) ) ;
#2685 = CARTESIAN_POINT ( 'NONE',  ( 5.022040621698627305, 7.174961188407822377, 3.859332959411758246 ) ) ;
#2686 = CARTESIAN_POINT ( 'NONE',  ( -16.41185379028319602, 11.66211751240346040, 15.57155036926269709 ) ) ;
#2687 = CARTESIAN_POINT ( 'NONE',  ( 5.862081274426294897, 8.700934438738864074, -2.223934063320183618 ) ) ;
#2688 = CIRCLE ( 'NONE', #6529, 2.000000000000024869 ) ;
#2689 = CARTESIAN_POINT ( 'NONE',  ( 4.519218532311300329, 3.563723319556145963, 3.940909944066674164 ) ) ;
#2690 = CARTESIAN_POINT ( 'NONE',  ( -4.599072324334586348, 8.151372544175004009, 3.856647508750506326 ) ) ;
#2691 = CARTESIAN_POINT ( 'NONE',  ( -66.59892093542033820, 2.486336866800904488, -11.88728665999381562 ) ) ;
#2692 = CARTESIAN_POINT ( 'NONE',  ( -25.21501167845022806, -0.2231940712173784980, -16.32872296293757941 ) ) ;
#2693 = CARTESIAN_POINT ( 'NONE',  ( 66.06124230628492455, 2.554773567693414460, 12.24079305198885592 ) ) ;
#2694 = CIRCLE ( 'NONE', #1472, 0.2500000000000000555 ) ;
#2695 = CARTESIAN_POINT ( 'NONE',  ( 112.2593093278175473, 2.080774694150468118, 11.11795931780686608 ) ) ;
#2696 = EDGE_CURVE ( 'NONE', #4003, #3111, #2037, .T. ) ;
#2697 = ADVANCED_FACE ( 'NONE', ( #1976 ), #3663, .T. ) ;
#2698 = CARTESIAN_POINT ( 'NONE',  ( -119.6133388070488195, 6.722456984311384609, 1.900187221871883825 ) ) ;
#2699 = CARTESIAN_POINT ( 'NONE',  ( -5.466665385815963951, 3.316301219689693269, -3.059592408595366297 ) ) ;
#2700 = CARTESIAN_POINT ( 'NONE',  ( 2.556024479242755110, 3.604146714263021689, -8.567511558532713067 ) ) ;
#2701 = CARTESIAN_POINT ( 'NONE',  ( -2.683284637664139119E-15, 3.365003494668334927, -21.91068183522258295 ) ) ;
#2702 = CARTESIAN_POINT ( 'NONE',  ( -119.4424288191695922, 5.858470117843188163, 1.047417093446426861 ) ) ;
#2703 = CARTESIAN_POINT ( 'NONE',  ( -119.6380828713990780, 6.465214483731490880, 1.777811560044432637 ) ) ;
#2704 = CARTESIAN_POINT ( 'NONE',  ( 99.14778868529198519, 3.966593030489148575, 6.705796145617928694 ) ) ;
#2705 = CARTESIAN_POINT ( 'NONE',  ( -119.6647993751096521, 5.883745818280138984, 1.517443421817098903 ) ) ;
#2706 = CARTESIAN_POINT ( 'NONE',  ( 1.918067763764100819, 4.960688761405093850, 6.540885006911398847 ) ) ;
#2707 = B_SPLINE_CURVE_WITH_KNOTS ( 'NONE', 3,
 ( #1421, #3570, #3536, #3011, #5110, #391, #4591, #1977, #937, #3045, #6210, #2109, #3073, #1618, #5831, #2703, #5758, #4656, #41, #6787, #1485, #3732, #3628, #3665, #999, #5692 ),
 .UNSPECIFIED., .F., .F.,
 ( 4, 2, 2, 2, 2, 2, 2, 2, 2, 2, 2, 2, 4 ),
 ( 0.1119152103818716743, 0.1128815325607567255, 0.1133646936501992719, 0.1138478547396418183, 0.1143310158290843509, 0.1148141769185268973, 0.1152973380079694438, 0.1157804990974119902, 0.1162636601868545366, 0.1167468212762970692, 0.1177131434551821620, 0.1186794656340672549, 0.1196457878129523339 ),
 .UNSPECIFIED. ) ;
#2708 = CARTESIAN_POINT ( 'NONE',  ( -9.714451465470119729E-14, -0.5000000000000177636, 0.000000000000000000 ) ) ;
#2709 = CARTESIAN_POINT ( 'NONE',  ( 6.622972279688794650, 6.441834430272463941, -6.098136156740785019 ) ) ;
#2710 = CARTESIAN_POINT ( 'NONE',  ( -105.7071607072701482, 6.813137836307614492, 5.134133779988435009 ) ) ;
#2711 = CARTESIAN_POINT ( 'NONE',  ( 2.297052154388540934, 6.608672854383181416, -5.890557296063236414 ) ) ;
#2712 = ORIENTED_EDGE ( 'NONE', *, *, #6803, .T. ) ;
#2713 = CARTESIAN_POINT ( 'NONE',  ( -2.535993521747601509, 6.636571297630075250, 6.191818223223073403 ) ) ;
#2714 = CARTESIAN_POINT ( 'NONE',  ( 2.302210805396576632, 6.093358149942499580, -5.979715182823188258 ) ) ;
#2715 = CARTESIAN_POINT ( 'NONE',  ( 6.080920831110292468, 7.049673407872599107, -6.124707495168616234 ) ) ;
#2716 = CARTESIAN_POINT ( 'NONE',  ( 37.03295912114928967, 8.655337650426188745, -9.421707799375612424 ) ) ;
#2717 = CARTESIAN_POINT ( 'NONE',  ( 2.022974529469387939, 5.848862000375610215, 5.659168514363925873 ) ) ;
#2718 = CARTESIAN_POINT ( 'NONE',  ( -1.599076390266420011, 2.988146336255987023, -0.4356298148632052891 ) ) ;
#2719 = CARTESIAN_POINT ( 'NONE',  ( 59.26415826788385033, 7.156900024469358357, -7.434979142116622697 ) ) ;
#2720 = ORIENTED_EDGE ( 'NONE', *, *, #2652, .T. ) ;
#2721 = CARTESIAN_POINT ( 'NONE',  ( 2.810868458371150513, 3.947151036313045758, 5.330736751753230251 ) ) ;
#2722 = CARTESIAN_POINT ( 'NONE',  ( -92.98164880874107041, 4.584568608592609174, -7.956491838491237978 ) ) ;
#2723 = CARTESIAN_POINT ( 'NONE',  ( -28.50679165000028803, -1.253653138911153597, -17.59802089427081739 ) ) ;
#2724 = CARTESIAN_POINT ( 'NONE',  ( 74.30778742182884855, 3.239219887645684359, 10.77465014343727212 ) ) ;
#2725 = CARTESIAN_POINT ( 'NONE',  ( -9.714451465470119729E-14, -1.000000000000018208, -4.500000000000000888 ) ) ;
#2726 = ORIENTED_EDGE ( 'NONE', *, *, #3502, .T. ) ;
#2727 = CARTESIAN_POINT ( 'NONE',  ( -5.944005218944313995, 4.011909635826420129, 2.126725683747198392 ) ) ;
#2729 = EDGE_CURVE ( 'NONE', #2466, #4146, #3228, .T. ) ;
#2728 = CARTESIAN_POINT ( 'NONE',  ( 0.7164633260334558607, 7.480949646835019173, -5.650328636169432706 ) ) ;
#2730 = CARTESIAN_POINT ( 'NONE',  ( 4.810018234690678796, 6.747989895366551139, -6.329874221705350301 ) ) ;
#2731 = CARTESIAN_POINT ( 'NONE',  ( -119.4126079017220263, 5.885855058328749223, 1.517543997224375163 ) ) ;
#2732 = CARTESIAN_POINT ( 'NONE',  ( 47.07389798741717613, -1.713440393403744988, 17.83117177387895325 ) ) ;
#2733 = CARTESIAN_POINT ( 'NONE',  ( 2.564286128261721309, 6.275349763730231345, -6.166481769391581658 ) ) ;
#2734 = CARTESIAN_POINT ( 'NONE',  ( -10.03749587002889143, 6.717491188498890153, 6.289895460835094987 ) ) ;
#2735 = CARTESIAN_POINT ( 'NONE',  ( 1.720983849230312890, 5.161166859797139850, 5.745166017006866355 ) ) ;
#2736 = FACE_OUTER_BOUND ( 'NONE', #5956, .T. ) ;
#2737 = CARTESIAN_POINT ( 'NONE',  ( 22.52922072311707424, 7.579780802313920596, -8.332300609922935308 ) ) ;
#2738 = CARTESIAN_POINT ( 'NONE',  ( -2.485298818441550761, 4.090507232152553740, -6.613946171868464674 ) ) ;
#2739 = FACE_OUTER_BOUND ( 'NONE', #2179, .T. ) ;
#2740 = ORIENTED_EDGE ( 'NONE', *, *, #5754, .F. ) ;
#2741 = DIRECTION ( 'NONE',  ( 0.9987949721267180836, -0.001452612437922894389, 0.04905602482359963656 ) ) ;
#2742 = CARTESIAN_POINT ( 'NONE',  ( -5.190088628190052233, 3.298729395795938490, -3.014902946519205873 ) ) ;
#2743 = CARTESIAN_POINT ( 'NONE',  ( 78.21286068414384829, 6.971198560654797483, -6.524895168894635056 ) ) ;
#2744 = CARTESIAN_POINT ( 'NONE',  ( -2.555373850527152157, 6.475032130601260150, 6.002003839226408566 ) ) ;
#2745 = CARTESIAN_POINT ( 'NONE',  ( 4.394379490196568483, 6.752245615010106228, 4.587374496063707952 ) ) ;
#2746 = CARTESIAN_POINT ( 'NONE',  ( -7.167624950408931994, 8.547260673223458838, 9.184736251831054688 ) ) ;
#2747 = CARTESIAN_POINT ( 'NONE',  ( 4.249153619032374429, 8.064761046566525593, -4.699589444892333212 ) ) ;
#2748 = CARTESIAN_POINT ( 'NONE',  ( 119.5624131975693416, 5.998328690775956318, -2.411929808866896341 ) ) ;
#2749 = EDGE_CURVE ( 'NONE', #134, #6157, #5428, .T. ) ;
#2750 = CARTESIAN_POINT ( 'NONE',  ( -1.751229292370863666, 5.423693011344353998, -5.927399003457873405 ) ) ;
#2751 = CARTESIAN_POINT ( 'NONE',  ( -75.34725065697557511, 3.243797944505061981, -10.31808038072777833 ) ) ;
#2752 = CARTESIAN_POINT ( 'NONE',  ( -23.82849365653726892, 0.2335592188627075017, -15.73637552065152612 ) ) ;
#2753 = CARTESIAN_POINT ( 'NONE',  ( 109.3856888095391753, 5.749041519037367820, -4.838309535055993926 ) ) ;
#2754 = CARTESIAN_POINT ( 'NONE',  ( 5.185441763864722553, 8.375749498519232006, -3.045235149243238570 ) ) ;
#2755 = ORIENTED_EDGE ( 'NONE', *, *, #5395, .F. ) ;
#2756 = CARTESIAN_POINT ( 'NONE',  ( 119.3149092708997188, 5.367650731517105811, -2.664828897979183431 ) ) ;
#2757 = CARTESIAN_POINT ( 'NONE',  ( 13.32693036415095555, 3.711316283070769551, 9.958270521627941463 ) ) ;
#2758 =( BOUNDED_SURFACE ( )  B_SPLINE_SURFACE ( 3, 2, ( 
 ( #2357, #3286, #1278 ),
 ( #797, #6417, #2871 ),
 ( #1760, #4828, #2804 ),
 ( #4861, #143, #2837 ) ),
 .UNSPECIFIED., .F., .F., .T. ) 
 B_SPLINE_SURFACE_WITH_KNOTS ( ( 4, 4 ),
 ( 3, 3 ),
 ( -1.497066359767984522E-15, 0.0005498648310891285666 ),
 ( 0.000000000000000000, 1.000000000000000000 ),
 .UNSPECIFIED. ) 
 GEOMETRIC_REPRESENTATION_ITEM ( )  RATIONAL_B_SPLINE_SURFACE ( (
 ( 1.000000000000000000, 0.7008175440456759775, 1.000000000000000000),
 ( 1.000000000000000000, 0.6998045478400763963, 1.000000000000000000),
 ( 1.000000000000000000, 0.6987457106416985475, 1.000000000000000000),
 ( 1.000000000000000000, 0.6976437465950596772, 1.000000000000000000) ) ) 
 REPRESENTATION_ITEM ( '' )  SURFACE ( )  );
#2759 = CARTESIAN_POINT ( 'NONE',  ( 38.91074036678688941, 9.534325343788646379, -3.831459045410162467 ) ) ;
#2760 = VERTEX_POINT ( 'NONE', #3627 ) ;
#2761 = CARTESIAN_POINT ( 'NONE',  ( -6.107868658895408309, 6.462207370005294216, 6.118751097737678890 ) ) ;
#2762 = CARTESIAN_POINT ( 'NONE',  ( -88.81963894774675339, 7.033986383680189469, 5.936141302736056780 ) ) ;
#2763 = CARTESIAN_POINT ( 'NONE',  ( 46.66332774912600456, 0.07643044758680420103, 15.88415390160468199 ) ) ;
#2764 = CARTESIAN_POINT ( 'NONE',  ( -119.4051709218309725, 5.476351854497374383, -1.911351683696043802 ) ) ;
#2765 = CARTESIAN_POINT ( 'NONE',  ( -25.65782331341123879, 7.947887862366250111, 8.850209419881057471 ) ) ;
#2766 = CARTESIAN_POINT ( 'NONE',  ( 5.399542076000992452, 3.456715437790379486, 0.7392387390136706538 ) ) ;
#2767 = CARTESIAN_POINT ( 'NONE',  ( -4.879698068043167858, 8.441251068329275853, 3.980112729206139122 ) ) ;
#2768 = CARTESIAN_POINT ( 'NONE',  ( 28.76339098397348693, 8.068179035590985038, -9.377046460356867286 ) ) ;
#2769 = CARTESIAN_POINT ( 'NONE',  ( -52.83832886972507481, 8.064784822498570094, 8.062346687215800500 ) ) ;
#2770 = CARTESIAN_POINT ( 'NONE',  ( -13.31999141164308220, 3.654998613620593417, -9.947980314600672003 ) ) ;
#2771 = EDGE_CURVE ( 'NONE', #3963, #1197, #4508, .T. ) ;
#2772 = ORIENTED_EDGE ( 'NONE', *, *, #874, .T. ) ;
#2773 = CARTESIAN_POINT ( 'NONE',  ( -117.9801788330078267, 6.531450779615482816, -0.1048991531133587479 ) ) ;
#2774 = CARTESIAN_POINT ( 'NONE',  ( -6.004849375294905478, 3.658396256286105430, 0.2153259184898487499 ) ) ;
#2775 = CARTESIAN_POINT ( 'NONE',  ( 4.846787561215152529, 6.653450293540381644, -6.320435523690459689 ) ) ;
#2776 = CARTESIAN_POINT ( 'NONE',  ( 8.876335217464458083, 7.490754646649151027, -6.194190117293013387 ) ) ;
#2777 = CARTESIAN_POINT ( 'NONE',  ( 3.032876329557453232, 5.814943966919542184, 5.182017950275056961 ) ) ;
#2778 = CARTESIAN_POINT ( 'NONE',  ( -72.88346862792968750, 7.006077521918807172, 5.528933525085453660 ) ) ;
#2779 = AXIS2_PLACEMENT_3D ( 'NONE', #361, #1425, #1456 ) ;
#2780 = CARTESIAN_POINT ( 'NONE',  ( 19.01329699789812722, 0.5356592580719830021, 13.29765501541004546 ) ) ;
#2781 = ORIENTED_EDGE ( 'NONE', *, *, #6560, .T. ) ;
#2782 = CARTESIAN_POINT ( 'NONE',  ( 5.753283569990611745, 3.400934401966962728, 1.676090937894076038 ) ) ;
#2783 = AXIS2_PLACEMENT_3D ( 'NONE', #6762, #2046, #5320 ) ;
#2784 = CARTESIAN_POINT ( 'NONE',  ( -9.714451465470119729E-14, 13.42264973081046264, 0.000000000000000000 ) ) ;
#2785 = CARTESIAN_POINT ( 'NONE',  ( -80.98668293217939151, 2.428436615323115610, -12.12092506044726292 ) ) ;
#2786 = CARTESIAN_POINT ( 'NONE',  ( -28.02582380495887548, -1.116601517871981475, -17.43535849090724454 ) ) ;
#2787 = DIRECTION ( 'NONE',  ( -0.000000000000000000, -1.000000000000000000, -0.000000000000000000 ) ) ;
#2788 = CIRCLE ( 'NONE', #371, 0.2499999999999998057 ) ;
#2789 = CARTESIAN_POINT ( 'NONE',  ( 4.633430829968885334, 8.145021769532634792, -3.821029224259623547 ) ) ;
#2790 = ORIENTED_EDGE ( 'NONE', *, *, #216, .F. ) ;
#2791 = CARTESIAN_POINT ( 'NONE',  ( 119.1737625830485570, 5.366676820876817189, -2.400399537719664078 ) ) ;
#2792 = CARTESIAN_POINT ( 'NONE',  ( 2.541649967426689471, 4.681862523263506048, 6.789052109923860101 ) ) ;
#2793 = ORIENTED_EDGE ( 'NONE', *, *, #4083, .F. ) ;
#2794 = VECTOR ( 'NONE', #4513, 1000.000000000000000 ) ;
#2795 = CARTESIAN_POINT ( 'NONE',  ( 0.6807031841177280107, 1.293554719848177381, 9.300500869750976563 ) ) ;
#2796 = CARTESIAN_POINT ( 'NONE',  ( 119.6909014658701693, 5.500894142785573315, -0.3204698692177380126 ) ) ;
#2797 = CARTESIAN_POINT ( 'NONE',  ( 8.829015118079654556, 7.308818228040120601, -6.264487317733715699 ) ) ;
#2798 = CARTESIAN_POINT ( 'NONE',  ( -80.04923087603519605, 6.556527648855840162, 6.476445696526968554 ) ) ;
#2799 = CARTESIAN_POINT ( 'NONE',  ( 34.68282110235799820, -3.839979415903625792, 19.98707873003374047 ) ) ;
#2800 = CARTESIAN_POINT ( 'NONE',  ( 65.01385945083936235, 2.062377316225746604, 12.11897470008752364 ) ) ;
#2801 = CARTESIAN_POINT ( 'NONE',  ( -13.38682128080404432, 3.638970183520655599, -9.980910684816775458 ) ) ;
#2802 = CARTESIAN_POINT ( 'NONE',  ( 5.637715632506322905, 3.794876157483203727, -3.351710319519043413 ) ) ;
#2803 =( BOUNDED_SURFACE ( )  B_SPLINE_SURFACE ( 3, 2, ( 
 ( #1829, #3908, #3427 ),
 ( #899, #2979, #1448 ),
 ( #4075, #6072, #285 ),
 ( #4588, #2002, #5000 ) ),
 .UNSPECIFIED., .F., .F., .F. ) 
 B_SPLINE_SURFACE_WITH_KNOTS ( ( 4, 4 ),
 ( 3, 3 ),
 ( 0.02781150024544690527, 0.02879259628872551935 ),
 ( 0.000000000000000000, 1.000000000000000000 ),
 .UNSPECIFIED. ) 
 GEOMETRIC_REPRESENTATION_ITEM ( )  RATIONAL_B_SPLINE_SURFACE ( (
 ( 1.000000000000000000, 0.7235839602778522117, 1.000000000000000000),
 ( 1.000000000000000000, 0.7268361938540147671, 1.000000000000000000),
 ( 1.000000000000000000, 0.7299678866541206013, 1.000000000000000000),
 ( 1.000000000000000000, 0.7330102370464381956, 1.000000000000000000) ) ) 
 REPRESENTATION_ITEM ( '' )  SURFACE ( )  );
#2804 = CARTESIAN_POINT ( 'NONE',  ( -2.292509964708194570, 6.231972157868013618, 5.739035131598540396 ) ) ;
#2805 = CARTESIAN_POINT ( 'NONE',  ( 119.4217212970853979, 5.782282807563007943, 0.4549500819859725320 ) ) ;
#2806 = CARTESIAN_POINT ( 'NONE',  ( 40.33924178062974164, 8.090954587440391421, -9.284476607303050244 ) ) ;
#2807 = CARTESIAN_POINT ( 'NONE',  ( -30.67213223348126760, 8.771093893461694435, 9.527562372038314464 ) ) ;
#2808 = CARTESIAN_POINT ( 'NONE',  ( -18.05324895705380683, 2.163095377939078912, -12.61561917147098022 ) ) ;
#2809 = ORIENTED_EDGE ( 'NONE', *, *, #6505, .F. ) ;
#2810 = CARTESIAN_POINT ( 'NONE',  ( -126.5149154663086080, 3.677944929777234417, 8.177586555480964137 ) ) ;
#2811 = CARTESIAN_POINT ( 'NONE',  ( -5.520341583368678862, 4.339440291528400273, 3.113892469652722816 ) ) ;
#2812 = B_SPLINE_CURVE_WITH_KNOTS ( 'NONE', 3,
 ( #4123, #2959, #1986, #400 ),
 .UNSPECIFIED., .F., .F.,
 ( 4, 4 ),
 ( 2.092446150959673513E-16, 8.983564849765391552E-05 ),
 .UNSPECIFIED. ) ;
#2813 = CARTESIAN_POINT ( 'NONE',  ( 18.31677473923490496, 7.796250956913731933, -7.708587360615362982 ) ) ;
#2814 = CARTESIAN_POINT ( 'NONE',  ( 6.783760772589056742, 7.364662138828288462, -6.015521031242974104 ) ) ;
#2815 = EDGE_CURVE ( 'NONE', #459, #1845, #4553, .T. ) ;
#2816 = CARTESIAN_POINT ( 'NONE',  ( 2.487627658966926170, 7.354985597793326946, -5.492610375048639249 ) ) ;
#2817 = CARTESIAN_POINT ( 'NONE',  ( -72.35417175292968750, 5.543836863218341016, -4.614047527313227981 ) ) ;
#2818 = CARTESIAN_POINT ( 'NONE',  ( 6.195784623219248388, 8.237116998998219586, 1.081175200999125119 ) ) ;
#2819 = DIRECTION ( 'NONE',  ( -0.9018229740177140519, 0.3767165635351221176, -0.2116599969104549506 ) ) ;
#2820 = CARTESIAN_POINT ( 'NONE',  ( -103.0409977206508501, 4.579147490066534765, -6.028993175084179867 ) ) ;
#2821 = CARTESIAN_POINT ( 'NONE',  ( -9.714451465470119729E-14, 13.42264973081045554, -2.500000000000015099 ) ) ;
#2822 = CARTESIAN_POINT ( 'NONE',  ( 5.006679735228161121, 7.098458927192669243, 3.320253086081048632 ) ) ;
#2823 = ORIENTED_EDGE ( 'NONE', *, *, #5462, .T. ) ;
#2824 = CARTESIAN_POINT ( 'NONE',  ( -105.7071607072599164, 6.813137836308004402, 5.134133779988808044 ) ) ;
#2825 = CARTESIAN_POINT ( 'NONE',  ( -1.754581733771439556, 4.642116470790717209, -6.731572192124452236 ) ) ;
#2826 = ORIENTED_EDGE ( 'NONE', *, *, #5045, .T. ) ;
#2827 = CARTESIAN_POINT ( 'NONE',  ( 5.480039797431851767, 2.011441389653141343, 10.09981060028075817 ) ) ;
#2828 = ORIENTED_EDGE ( 'NONE', *, *, #2435, .T. ) ;
#2829 = CARTESIAN_POINT ( 'NONE',  ( 119.6482797245874821, 5.588163825234796711, -1.628926312999835480 ) ) ;
#2830 = CARTESIAN_POINT ( 'NONE',  ( 5.084490408129798134, 6.753630849460402708, -6.264769190002659194 ) ) ;
#2831 = CARTESIAN_POINT ( 'NONE',  ( -1.952796054122662106, 5.417591386400212983, -6.106718297155747877 ) ) ;
#2832 = AXIS2_PLACEMENT_3D ( 'NONE', #1291, #188, #3441 ) ;
#2833 = CARTESIAN_POINT ( 'NONE',  ( 48.15322456049775468, 0.4013386201399396502, 15.48154397999066667 ) ) ;
#2834 = CARTESIAN_POINT ( 'NONE',  ( 38.72192194977672841, -2.157497697243317081, 17.70592998667234141 ) ) ;
#2835 = CARTESIAN_POINT ( 'NONE',  ( -3.635798031301288979, 4.719933989992712853, -6.912736206751186607 ) ) ;
#2836 = CARTESIAN_POINT ( 'NONE',  ( 21.40486473664642730, 1.751254463086732827, 11.87713050842284623 ) ) ;
#2837 = CARTESIAN_POINT ( 'NONE',  ( -2.285928426173960748, 6.110597672705709194, 5.601439031875489860 ) ) ;
#2838 = CARTESIAN_POINT ( 'NONE',  ( 119.1937142880554035, 6.226145516565758875, -2.388489599388853080 ) ) ;
#2839 = CARTESIAN_POINT ( 'NONE',  ( 21.45323357334437020, 7.553884140494121269, -8.275693849786112111 ) ) ;
#2840 = CARTESIAN_POINT ( 'NONE',  ( -33.83899109738757716, 8.690783807240190839, 9.606588657935027697 ) ) ;
#2841 = CARTESIAN_POINT ( 'NONE',  ( -22.00819258947453960, 0.8448065932040887960, -14.87789409134455454 ) ) ;
#2842 = ORIENTED_EDGE ( 'NONE', *, *, #2889, .F. ) ;
#2843 = CARTESIAN_POINT ( 'NONE',  ( -30.00478172302245738, 7.841399700819002838, 11.24919700622558771 ) ) ;
#2844 = CARTESIAN_POINT ( 'NONE',  ( -5.851852390852088526, 3.469584195170285934, -1.362457636897866475 ) ) ;
#2845 = CARTESIAN_POINT ( 'NONE',  ( -3.569164626337914648, 4.269441449389891119, -6.894907515640156248 ) ) ;
#2846 = CYLINDRICAL_SURFACE ( 'NONE', #4120, 6.499999999999999112 ) ;
#2847 = CARTESIAN_POINT ( 'NONE',  ( 5.923234869219131227, 7.981732477000546666, 1.031912338338459190 ) ) ;
#2848 = CARTESIAN_POINT ( 'NONE',  ( -101.2323455810546875, 7.025128142415109522, 8.392722129821784449 ) ) ;
#2849 = CARTESIAN_POINT ( 'NONE',  ( 4.789054278440666224, 6.655280348942143043, -6.077200002112485677 ) ) ;
#2850 = ORIENTED_EDGE ( 'NONE', *, *, #6468, .T. ) ;
#2851 = CARTESIAN_POINT ( 'NONE',  ( 65.51446572532763923, 7.376221743024981237, -7.197183618123594862 ) ) ;
#2852 = CARTESIAN_POINT ( 'NONE',  ( 95.14660414068694649, 6.435133450328956783, -5.626369066744050684 ) ) ;
#2853 =( BOUNDED_SURFACE ( )  B_SPLINE_SURFACE ( 3, 2, ( 
 ( #5052, #4599, #4024 ),
 ( #6122, #1395, #5605 ),
 ( #2503, #881, #5672 ),
 ( #2991, #6668, #3053 ),
 ( #366, #2473, #3546 ),
 ( #4569, #976, #2047 ),
 ( #5636, #912, #3021 ),
 ( #3607, #5731, #4087 ),
 ( #5118, #5151, #4153 ),
 ( #4632, #6700, #2016 ),
 ( #6218, #5180, #455 ),
 ( #2566, #4667, #6763 ),
 ( #6249, #3638, #3219 ),
 ( #2120, #5220, #1626 ),
 ( #3767, #4830, #1111 ),
 ( #50, #2156, #2601 ),
 ( #1594, #5254, #494 ),
 ( #6284, #1659, #3710 ),
 ( #5869, #4255, #4700 ),
 ( #1147, #6355, #2738 ),
 ( #6797, #3738, #4800 ),
 ( #5835, #5321, #2083 ) ),
 .UNSPECIFIED., .F., .F., .F. ) 
 B_SPLINE_SURFACE_WITH_KNOTS ( ( 4, 2, 2, 2, 2, 2, 2, 2, 2, 2, 4 ),
 ( 3, 3 ),
 ( 0.2234728000689803207, 0.2263214597512095971, 0.2291701194334388458, 0.2320187791156681223, 0.2348674387978973988, 0.2362917686390120231, 0.2377160984801266752, 0.2405647581623559517, 0.2434134178445852281, 0.2448377476856998802, 0.2462620775268145046 ),
 ( 0.000000000000000000, 1.000000000000000000 ),
 .UNSPECIFIED. ) 
 GEOMETRIC_REPRESENTATION_ITEM ( )  RATIONAL_B_SPLINE_SURFACE ( (
 ( 1.000000000000000000, 0.5640378215075986246, 1.000000000000000000),
 ( 1.000000000000000000, 0.5716548403286589863, 1.000000000000000000),
 ( 1.000000000000000000, 0.5786213398673366592, 1.000000000000000000),
 ( 1.000000000000000000, 0.5916874015907828133, 1.000000000000000000),
 ( 1.000000000000000000, 0.5974727106573265445, 1.000000000000000000),
 ( 1.000000000000000000, 0.6116935731395828357, 1.000000000000000000),
 ( 1.000000000000000000, 0.6198984829753001469, 1.000000000000000000),
 ( 1.000000000000000000, 0.6411345116870471594, 1.000000000000000000),
 ( 1.000000000000000000, 0.6551099237116179141, 1.000000000000000000),
 ( 1.000000000000000000, 0.6776975264948733590, 1.000000000000000000),
 ( 1.000000000000000000, 0.6855655812101157931, 1.000000000000000000),
 ( 1.000000000000000000, 0.7016410395691641266, 1.000000000000000000),
 ( 1.000000000000000000, 0.7098767412750573991, 1.000000000000000000),
 ( 1.000000000000000000, 0.7337636188958668315, 1.000000000000000000),
 ( 1.000000000000000000, 0.7481832705163297126, 1.000000000000000000),
 ( 1.000000000000000000, 0.7730827648851178457, 1.000000000000000000),
 ( 1.000000000000000000, 0.7838520756300201286, 1.000000000000000000),
 ( 1.000000000000000000, 0.7976870666521745923, 1.000000000000000000),
 ( 1.000000000000000000, 0.8019234976054041564, 1.000000000000000000),
 ( 1.000000000000000000, 0.8097078505940292770, 1.000000000000000000),
 ( 1.000000000000000000, 0.8131759249793165667, 1.000000000000000000),
 ( 1.000000000000000000, 0.8165679310138362901, 1.000000000000000000) ) ) 
 REPRESENTATION_ITEM ( '' )  SURFACE ( )  );
#2854 = CARTESIAN_POINT ( 'NONE',  ( -112.6173259760371792, 5.365350685562829014, -4.591957519671396426 ) ) ;
#2855 = FACE_BOUND ( 'NONE', #2676, .T. ) ;
#2856 = CARTESIAN_POINT ( 'NONE',  ( 6.013052227800486982, 8.214811413778914329, 0.07951395844617546727 ) ) ;
#2857 = VERTEX_POINT ( 'NONE', #5929 ) ;
#2858 = ADVANCED_FACE ( 'NONE', ( #1617 ), #6349, .T. ) ;
#2859 = CARTESIAN_POINT ( 'NONE',  ( 119.6392171516132379, 5.231087708028281824, 1.644586203595902241 ) ) ;
#2860 = CARTESIAN_POINT ( 'NONE',  ( 8.091252085212188305, 4.452260377650066658, 7.890977990671022901 ) ) ;
#2861 = ORIENTED_EDGE ( 'NONE', *, *, #4710, .T. ) ;
#2862 = CARTESIAN_POINT ( 'NONE',  ( 6.802336814151861866, 5.441506294398840815, -7.246949195861816406 ) ) ;
#2863 = ORIENTED_EDGE ( 'NONE', *, *, #3281, .T. ) ;
#2864 = CARTESIAN_POINT ( 'NONE',  ( -36.22153327655847477, -2.322591942393299025, -18.07491607380679000 ) ) ;
#2865 = CARTESIAN_POINT ( 'NONE',  ( -8.174141149049955146, 6.732046800748354265, 6.186747087847511928 ) ) ;
#2866 = CARTESIAN_POINT ( 'NONE',  ( -7.731717575203544079, 6.684574582500934170, 6.145317669849080566 ) ) ;
#2867 = CARTESIAN_POINT ( 'NONE',  ( 36.17756884290965047, -2.489653315732243577, 18.07491607380439191 ) ) ;
#2868 = CARTESIAN_POINT ( 'NONE',  ( 59.82909354109509792, 1.658815213138425504, 12.85395217094600007 ) ) ;
#2869 = CARTESIAN_POINT ( 'NONE',  ( -84.58074663106631874, 6.896431410825003994, 5.978235845807906124 ) ) ;
#2870 = CARTESIAN_POINT ( 'NONE',  ( 14.33928568953805360, 5.219266181511197367, -2.349538326263429955 ) ) ;
#2871 = CARTESIAN_POINT ( 'NONE',  ( -2.299083106662814568, 6.353557139085848071, 5.876466507572744469 ) ) ;
#2872 = CARTESIAN_POINT ( 'NONE',  ( 3.381197789655597141, 6.697259374415546418, -6.216196052946803441 ) ) ;
#2873 = CARTESIAN_POINT ( 'NONE',  ( 10.00974275390115587, 6.743447714825115291, -6.403827864286609106 ) ) ;
#2874 = CARTESIAN_POINT ( 'NONE',  ( -37.02299611221152276, 8.750750902715507706, 9.518568914176317008 ) ) ;
#2875 = VERTEX_POINT ( 'NONE', #587 ) ;
#2876 = CARTESIAN_POINT ( 'NONE',  ( -50.40038299560546875, 8.632981331525812152, 7.558977603912356180 ) ) ;
#2877 = CARTESIAN_POINT ( 'NONE',  ( -5.798641449719053931, 4.120764774331316715, 2.518893900721708157 ) ) ;
#2878 = CARTESIAN_POINT ( 'NONE',  ( -9.202172790275591652, 3.679318900920276025, -7.989896792853584451 ) ) ;
#2879 = CARTESIAN_POINT ( 'NONE',  ( -9.714451465470119729E-14, -42.18829223128360439, 0.000000000000000000 ) ) ;
#2880 = CARTESIAN_POINT ( 'NONE',  ( 2.749197372197513367, 6.955766032948284661, -5.364811480013930378 ) ) ;
#2881 = CARTESIAN_POINT ( 'NONE',  ( -100.6515731811523722, -2.171100108446053945, -20.81249237060546164 ) ) ;
#2882 = DIRECTION ( 'NONE',  ( -0.04905607657982097997, -3.203260069268339667E-17, 0.9987960258984788231 ) ) ;
#2883 = ORIENTED_EDGE ( 'NONE', *, *, #1465, .T. ) ;
#2884 = CARTESIAN_POINT ( 'NONE',  ( 69.74586718585179312, 7.366333868304571375, -6.959613436277422238 ) ) ;
#2885 = CARTESIAN_POINT ( 'NONE',  ( -3.907599874892746961, 3.704755874018120565, -4.563718698162126053 ) ) ;
#2886 = CIRCLE ( 'NONE', #28, 0.9999999999999574785 ) ;
#2887 = CARTESIAN_POINT ( 'NONE',  ( -100.7176189496551331, 4.487924853695210103, -6.432672855349265362 ) ) ;
#2888 = CARTESIAN_POINT ( 'NONE',  ( 77.39037285415294321, 3.491518629825768993, 10.16526947599372654 ) ) ;
#2889 = EDGE_CURVE ( 'NONE', #4080, #5982, #4224, .T. ) ;
#2890 = VECTOR ( 'NONE', #5701, 1000.000000000000000 ) ;
#2891 = DIRECTION ( 'NONE',  ( 0.000000000000000000, 0.000000000000000000, -1.000000000000000000 ) ) ;
#2892 = VERTEX_POINT ( 'NONE', #5279 ) ;
#2893 = CARTESIAN_POINT ( 'NONE',  ( 119.6433893634886800, 5.380337584698335007, 0.7256431862572146896 ) ) ;
#2894 = CARTESIAN_POINT ( 'NONE',  ( 14.20005179953157537, 3.568546524141605669, 10.30109207922988901 ) ) ;
#2895 = CARTESIAN_POINT ( 'NONE',  ( 119.0559716734062761, -4.038443188843480414, 12.03594112396238103 ) ) ;
#2896 = ORIENTED_EDGE ( 'NONE', *, *, #4378, .T. ) ;
#2897 = B_SPLINE_CURVE_WITH_KNOTS ( 'NONE', 3,
 ( #1088, #6427, #2609, #6291 ),
 .UNSPECIFIED., .F., .F.,
 ( 4, 4 ),
 ( 5.761058190373387105E-16, 0.0002090040009369215676 ),
 .UNSPECIFIED. ) ;
#2898 = CARTESIAN_POINT ( 'NONE',  ( -31.00909362904259936, -1.806771274085540169, -18.23510033651960072 ) ) ;
#2899 = CARTESIAN_POINT ( 'NONE',  ( -22.49533316145238970, 7.751997799367090103, 8.465702958391744914 ) ) ;
#2900 = CARTESIAN_POINT ( 'NONE',  ( -7.469180313376488911, 6.657890806653920635, 6.124967182480871131 ) ) ;
#2901 = CIRCLE ( 'NONE', #5536, 4.500000000000000888 ) ;
#2902 = EDGE_CURVE ( 'NONE', #407, #5076, #5895, .T. ) ;
#2903 = EDGE_CURVE ( 'NONE', #85, #3875, #306, .T. ) ;
#2904 = CARTESIAN_POINT ( 'NONE',  ( 64.51269705321195147, 2.437690625891033136, 12.46647644959154988 ) ) ;
#2905 = CARTESIAN_POINT ( 'NONE',  ( -105.3590113897566738, 4.660455623269481151, -5.638169481662198557 ) ) ;
#2906 = CARTESIAN_POINT ( 'NONE',  ( 4.166576077777880194, 3.414938395369574220, 4.738763042062407393 ) ) ;
#2907 = CARTESIAN_POINT ( 'NONE',  ( 0.9772414293719869915, 2.964338868105828251, 4.381004810333251065 ) ) ;
#2908 = CIRCLE ( 'NONE', #3779, 0.9999999999999574785 ) ;
#2909 = CARTESIAN_POINT ( 'NONE',  ( 1.693500899575827390, 11.05820597048308684, 6.684208090855991102 ) ) ;
#2910 = CARTESIAN_POINT ( 'NONE',  ( 113.1169873876221885, 4.870355623737913753, 4.477208259468761220 ) ) ;
#2911 = CARTESIAN_POINT ( 'NONE',  ( 118.3050312327680160, 5.941216621309431289, -3.803165693595323305 ) ) ;
#2912 = CARTESIAN_POINT ( 'NONE',  ( 101.4725291012600650, 6.034178227769743330, -5.372983075855131574 ) ) ;
#2913 = CARTESIAN_POINT ( 'NONE',  ( -34.89835247060039336, 8.874334019200867729, 9.500852400428909661 ) ) ;
#2914 = CARTESIAN_POINT ( 'NONE',  ( -21.16317698903121425, 1.094920511448659983, -14.50036268474836021 ) ) ;
#2915 = AXIS2_PLACEMENT_3D ( 'NONE', #2369, #3846, #1186 ) ;
#2916 = VERTEX_POINT ( 'NONE', #6616 ) ;
#2917 = CARTESIAN_POINT ( 'NONE',  ( -7.183837413787840909, 4.937567265211070477, 8.174040794372560370 ) ) ;
#2918 = CARTESIAN_POINT ( 'NONE',  ( 2.423568264163653563, 5.982684408126869968, -5.810249827326565253 ) ) ;
#2919 = CARTESIAN_POINT ( 'NONE',  ( -9.714451465470119729E-14, 5.622649730810398871, 0.000000000000000000 ) ) ;
#2920 = CARTESIAN_POINT ( 'NONE',  ( 25.50583296229076069, 8.405156002714287311, -8.884769486702390751 ) ) ;
#2921 = CARTESIAN_POINT ( 'NONE',  ( -1.730748412503147593, 4.104414357537557123, -5.761593645975136013 ) ) ;
#2922 = CARTESIAN_POINT ( 'NONE',  ( 5.144043847590560326, 8.631692149106271472, -3.118028983725867231 ) ) ;
#2923 = CARTESIAN_POINT ( 'NONE',  ( -99.71940612792968750, 5.935111196218552543, -2.224943161010736414 ) ) ;
#2924 = DIRECTION ( 'NONE',  ( 0.000000000000000000, 0.000000000000000000, -1.000000000000000000 ) ) ;
#2925 = ORIENTED_EDGE ( 'NONE', *, *, #4616, .T. ) ;
#2926 = FACE_OUTER_BOUND ( 'NONE', #3789, .T. ) ;
#2927 = CARTESIAN_POINT ( 'NONE',  ( -5.834206309436661186, 4.126756701149525419, 1.434468808293272390 ) ) ;
#2928 = CARTESIAN_POINT ( 'NONE',  ( -108.4892086923750014, 5.217618733775218232, -5.322899531143725937 ) ) ;
#2929 = CARTESIAN_POINT ( 'NONE',  ( 105.3775002486261627, 4.635889644547070532, 5.826444377990400270 ) ) ;
#2930 = B_SPLINE_SURFACE_WITH_KNOTS ( 'NONE', 3, 3, ( 
 ( #1091, #538, #91, #2094, #6429, #1705, #6395, #1604, #1155, #3264, #2227, #569 ),
 ( #1188, #6808, #4233, #5363, #634, #4196, #1570, #2718, #6364, #4333, #120, #5331 ),
 ( #3688, #4807, #2197, #2746, #3811, #4298, #1057, #504, #5780, #2131, #1670, #6294 ),
 ( #3747, #4838, #3199, #5914, #2613, #4712, #4779, #3163, #4742, #5266, #2647, #25 ),
 ( #2686, #6331, #5846, #5814, #5298, #61, #1636, #2166, #4265, #1120, #3230, #6567 ),
 ( #6047, #298, #5464, #4908, #6087, #4875, #2297, #1841, #1323, #154, #6461, #771 ),
 ( #2406, #5014, #3403, #5392, #1739, #4366, #187, #3920, #6493, #221, #1808, #1771 ),
 ( #3883, #3440, #813, #738, #1223, #4401, #4974, #5430, #3849, #4504, #5496, #4431 ),
 ( #6012, #3334, #3369, #6602, #2778, #666, #5979, #2817, #1260, #2262, #3955, #6531 ),
 ( #5532, #704, #2848, #4941, #5944, #2371, #2923, #2332, #1290, #1878, #2881, #260 ),
 ( #3990, #4469, #3296, #6701, #2017, #1495, #3480, #5572, #6219, #4668, #6123, #367 ),
 ( #2504, #3022, #1919, #2533, #1396, #3054, #5181, #6185, #1430, #3581, #851, #946 ) ),
 .UNSPECIFIED., .F., .F., .F.,
 ( 4, 1, 1, 1, 1, 1, 1, 1, 1, 4 ),
 ( 4, 1, 1, 1, 1, 1, 1, 1, 1, 4 ),
 ( 0.000000000000000000, 0.05188190191984176636, 0.06485237926244735718, 0.08636341243982315063, 0.1132533699274063110, 0.2037699967622756958, 0.3333333432674407959, 0.6666666865348815918, 0.9027069807052612305, 1.000000000000000000 ),
 ( 0.000000000000000000, 0.1259855031967163086, 0.1574818938970565796, 0.1749367564916610718, 0.2014939337968826294, 0.3333333432674407959, 0.4213795065879821777, 0.5193362236022949219, 0.6666666865348815918, 1.000000000000000000 ),
 .UNSPECIFIED. ) ;
#2931 = CARTESIAN_POINT ( 'NONE',  ( -9.714451465470119729E-14, -3.816391647148975608E-14, -6.499999999999999112 ) ) ;
#2932 = CARTESIAN_POINT ( 'NONE',  ( 105.6907663221108464, 6.121296540886164372, -4.990296521647927364 ) ) ;
#2933 = DIRECTION ( 'NONE',  ( 0.000000000000000000, 0.000000000000000000, -1.000000000000000000 ) ) ;
#2934 = ORIENTED_EDGE ( 'NONE', *, *, #4415, .F. ) ;
#2935 = CARTESIAN_POINT ( 'NONE',  ( 14.49889223048633902, -4.748195202446495955, 16.47033500671386008 ) ) ;
#2936 = ORIENTED_EDGE ( 'NONE', *, *, #3172, .T. ) ;
#2937 = CARTESIAN_POINT ( 'NONE',  ( -22.01017013318601201, 0.4394829062944376474, -14.59544467883333319 ) ) ;
#2938 = CARTESIAN_POINT ( 'NONE',  ( -22.52686018470858897, 7.683747986070420311, 8.332300609924113033 ) ) ;
#2939 = CARTESIAN_POINT ( 'NONE',  ( -84.60189594851735251, 7.139965154796851010, 6.179284237690491288 ) ) ;
#2940 = CARTESIAN_POINT ( 'NONE',  ( 71.23254631005119109, 2.971957161209883846, 11.37365492243988463 ) ) ;
#2941 = CARTESIAN_POINT ( 'NONE',  ( -25.21867409956414363, -0.6218927419162827430, -16.03359075646868348 ) ) ;
#2942 = DIRECTION ( 'NONE',  ( 0.000000000000000000, -0.4999999999999849565, -0.8660254037844474784 ) ) ;
#2943 = CARTESIAN_POINT ( 'NONE',  ( 74.59838055550918057, -2.713138743359658100, 20.13272857666013849 ) ) ;
#2944 = EDGE_CURVE ( 'NONE', #420, #3419, #2688, .T. ) ;
#2945 = DIRECTION ( 'NONE',  ( 0.000000000000000000, 0.000000000000000000, -1.000000000000000000 ) ) ;
#2946 = CARTESIAN_POINT ( 'NONE',  ( 119.6392994883768921, 5.251156507415686292, 1.644845642788718809 ) ) ;
#2947 = DIRECTION ( 'NONE',  ( -0.9999893508874444503, 0.004614987725603184390, 0.000000000000000000 ) ) ;
#2948 = CARTESIAN_POINT ( 'NONE',  ( 59.28212121891405673, 7.395148098208475851, -7.614138920116343634 ) ) ;
#2949 = CARTESIAN_POINT ( 'NONE',  ( -18.16668383970401379, 7.981668390770218835, 7.683192500938812231 ) ) ;
#2950 = CARTESIAN_POINT ( 'NONE',  ( -119.3243700640536673, 6.168727162909823036, 2.661438479487569619 ) ) ;
#2951 = AXIS2_PLACEMENT_3D ( 'NONE', #6670, #6767, #6186 ) ;
#2952 = B_SPLINE_CURVE_WITH_KNOTS ( 'NONE', 3,
 ( #1831, #840, #3429, #3979, #5561, #5519 ),
 .UNSPECIFIED., .F., .F.,
 ( 4, 2, 4 ),
 ( 2.149237679036746383E-17, 0.0002088560246953232000, 0.0004177120493906248786 ),
 .UNSPECIFIED. ) ;
#2953 = ORIENTED_EDGE ( 'NONE', *, *, #4894, .T. ) ;
#2954 = CARTESIAN_POINT ( 'NONE',  ( -9.093913078308119680, -9.516293017686875189, -19.72513580322265625 ) ) ;
#2955 = CARTESIAN_POINT ( 'NONE',  ( -4.178485196143252089, 5.295756254270034269, 4.829071520570426657 ) ) ;
#2956 = CARTESIAN_POINT ( 'NONE',  ( 94.33949615570844571, 8.458319984614046660, -5.605899462127589494 ) ) ;
#2957 = CARTESIAN_POINT ( 'NONE',  ( 10.32904327712747339, 3.734045741273614993, 8.659389711819235558 ) ) ;
#2958 = CARTESIAN_POINT ( 'NONE',  ( 6.205235603390276466, 8.625596952474142043, -0.9233043136575137533 ) ) ;
#2959 = CARTESIAN_POINT ( 'NONE',  ( -1.731493271527441369, 4.162159605101010129, -5.744718187431761436 ) ) ;
#2960 = CARTESIAN_POINT ( 'NONE',  ( -4.791149215302721309, 6.677386727421343871, 6.077200002106718735 ) ) ;
#2961 = ORIENTED_EDGE ( 'NONE', *, *, #655, .T. ) ;
#2962 = CARTESIAN_POINT ( 'NONE',  ( 59.17303075813432400, 7.719490961018195208, -7.531446140658366595 ) ) ;
#2963 = CARTESIAN_POINT ( 'NONE',  ( -5.124668633990773436, 3.557762296173778704, -3.124597174118982856 ) ) ;
#2964 = CARTESIAN_POINT ( 'NONE',  ( -104.0612124523571680, 3.083814255700616958, -10.12326489192360057 ) ) ;
#2965 = CARTESIAN_POINT ( 'NONE',  ( 99.17569407586739771, 4.421871448307727270, 6.908518128626426780 ) ) ;
#2966 = LINE ( 'NONE', #3086, #2794 ) ;
#2967 = PLANE ( 'NONE',  #241 ) ;
#2968 = CARTESIAN_POINT ( 'NONE',  ( -9.714451465470119729E-14, -0.5000000000000177636, 0.000000000000000000 ) ) ;
#2969 = EDGE_CURVE ( 'NONE', #2275, #2857, #1530, .T. ) ;
#2970 = CARTESIAN_POINT ( 'NONE',  ( -3.923678257984297701, 6.473928322495895671, -5.015884543564562037 ) ) ;
#2971 = ORIENTED_EDGE ( 'NONE', *, *, #5675, .T. ) ;
#2972 = CARTESIAN_POINT ( 'NONE',  ( -25.70194598782029871, -1.975408406988608201, -18.16731802668080320 ) ) ;
#2973 = CARTESIAN_POINT ( 'NONE',  ( -7.422126129154325902, 6.450715637591072138, 6.017592277903639264 ) ) ;
#2974 = DIRECTION ( 'NONE',  ( 0.000000000000000000, -0.9808634311444486276, 0.1946970196062061953 ) ) ;
#2975 = CARTESIAN_POINT ( 'NONE',  ( 61.91210659304744013, 1.827164730686022143, 12.56166609493807584 ) ) ;
#2976 = CARTESIAN_POINT ( 'NONE',  ( -4.791149215326564459, 6.677386727423622936, 6.077200002107892907 ) ) ;
#2977 = CARTESIAN_POINT ( 'NONE',  ( 14.18172288141857607, 3.361125284688283976, 10.39906466149134801 ) ) ;
#2978 = CARTESIAN_POINT ( 'NONE',  ( 56.22903739828714720, 8.078959705578707684, -10.39490318298340554 ) ) ;
#2979 = CARTESIAN_POINT ( 'NONE',  ( -1.712170661045939957, 3.990425097367748641, -6.143217453308327691 ) ) ;
#2980 = CARTESIAN_POINT ( 'NONE',  ( 114.6206426322640368, 4.967252404126543119, 4.064682580658533162 ) ) ;
#2981 = CARTESIAN_POINT ( 'NONE',  ( -9.714451465470119729E-14, -42.18829223128360439, 0.000000000000000000 ) ) ;
#2982 = CARTESIAN_POINT ( 'NONE',  ( 1.717823174985793955, 4.154200286189974278, 5.744718187431760548 ) ) ;
#2983 = CARTESIAN_POINT ( 'NONE',  ( -9.088477503960985970, 7.360208169852819005, 6.295241102662622268 ) ) ;
#2984 = B_SPLINE_CURVE_WITH_KNOTS ( 'NONE', 3,
 ( #6283, #5217, #5927, #681, #5407, #2796, #717, #5801, #4732, #2829, #492, #13, #4889, #6761, #1078, #169, #2278, #4383, #2599, #1752, #6475, #6065 ),
 .UNSPECIFIED., .F., .F.,
 ( 4, 2, 2, 2, 2, 2, 2, 2, 2, 2, 4 ),
 ( 0.1268553004639844106, 0.1278390502112757565, 0.1288227999585671302, 0.1298065497058584761, 0.1302984245795041351, 0.1307902994531498220, 0.1312821743267955088, 0.1317740492004411679, 0.1327577989477325138, 0.1337415486950238597, 0.1347252984423151778 ),
 .UNSPECIFIED. ) ;
#2985 = ORIENTED_EDGE ( 'NONE', *, *, #6050, .F. ) ;
#2986 = CARTESIAN_POINT ( 'NONE',  ( -117.5847549438476563, 5.131270320592961731, -5.709479331970208627 ) ) ;
#2987 = CARTESIAN_POINT ( 'NONE',  ( -2.764072961635754222, 6.108157748320928171, 5.333938711129682986 ) ) ;
#2988 = CARTESIAN_POINT ( 'NONE',  ( -16.66534284657836906, 2.243443406742822166, -11.42361013827593297 ) ) ;
#2989 = CARTESIAN_POINT ( 'NONE',  ( 1.932867249935148912, 5.218025895534988301, 6.302289671238841429 ) ) ;
#2990 = CARTESIAN_POINT ( 'NONE',  ( -5.679836809658172392, 4.865339623111082368, -7.172394938696973199 ) ) ;
#2991 = CARTESIAN_POINT ( 'NONE',  ( -18.78789847245950639, 1.794602414094509824, -13.06637199995000209 ) ) ;
#2992 = CARTESIAN_POINT ( 'NONE',  ( 1.692679526499025977, 4.326906296645180561, 6.727516193312685466 ) ) ;
#2993 = EDGE_CURVE ( 'NONE', #85, #1409, #2568, .T. ) ;
#2994 = ORIENTED_EDGE ( 'NONE', *, *, #572, .T. ) ;
#2995 = CARTESIAN_POINT ( 'NONE',  ( 52.84925749646019710, 7.745358477376298900, -8.151083290829285843 ) ) ;
#2996 = CARTESIAN_POINT ( 'NONE',  ( 6.938569409763033491, 6.582751089122798938, -6.101489943885505696 ) ) ;
#2997 = CARTESIAN_POINT ( 'NONE',  ( -119.4154075572135270, 5.963230549556539195, -2.023398177653196406 ) ) ;
#2998 = CARTESIAN_POINT ( 'NONE',  ( 119.4447537865321607, 5.272879837680140902, -0.5776595353120008713 ) ) ;
#2999 = CARTESIAN_POINT ( 'NONE',  ( -88.78195537241471413, 7.334171361895582386, 5.842035446919457975 ) ) ;
#3000 = CARTESIAN_POINT ( 'NONE',  ( -1.735046852477930557, 5.745411307235142040, -5.754705720438604288 ) ) ;
#3001 = VERTEX_POINT ( 'NONE', #1340 ) ;
#3002 = CARTESIAN_POINT ( 'NONE',  ( -48.18371957174537101, 0.6236367111206706504, -15.48154397999548770 ) ) ;
#3003 = CARTESIAN_POINT ( 'NONE',  ( -24.57894449028322370, 7.934781323059640457, 8.819129092497950850 ) ) ;
#3004 = CARTESIAN_POINT ( 'NONE',  ( 0.000000000000000000, 0.000000000000000000, 0.000000000000000000 ) ) ;
#3005 = CARTESIAN_POINT ( 'NONE',  ( 78.42622715337540740, 3.566159309621573126, 9.972027236163132358 ) ) ;
#3006 = CARTESIAN_POINT ( 'NONE',  ( 11.68577521692155408, 3.934939385845524829, 9.208819109125746749 ) ) ;
#3007 = CARTESIAN_POINT ( 'NONE',  ( 72.34612601112287678, 5.209940036329701485, 4.614047527313219987 ) ) ;
#3008 = AXIS2_PLACEMENT_3D ( 'NONE', #6465, #6370, #6400 ) ;
#3009 = CARTESIAN_POINT ( 'NONE',  ( 114.6055865704749408, 4.494742320217931741, 3.902375074337222749 ) ) ;
#3010 = CARTESIAN_POINT ( 'NONE',  ( 119.2951280740007860, 5.984112879594396972, -2.705548100487815244 ) ) ;
#3011 = CARTESIAN_POINT ( 'NONE',  ( -117.9068892036531366, 6.430738674809591160, 4.090115324175003231 ) ) ;
#3012 = CARTESIAN_POINT ( 'NONE',  ( -8.045348362292044087, 7.421692771364321928, 6.178412465499408590 ) ) ;
#3013 = AXIS2_PLACEMENT_3D ( 'NONE', #4690, #2112, #5864 ) ;
#3014 = VERTEX_POINT ( 'NONE', #1376 ) ;
#3015 = CARTESIAN_POINT ( 'NONE',  ( -76.31884002685546875, 1.494044335065880302, -14.73312282562255682 ) ) ;
#3016 = CARTESIAN_POINT ( 'NONE',  ( -1.843911325520882327, 3.924856806055129876, -5.926683441215386594 ) ) ;
#3017 = CARTESIAN_POINT ( 'NONE',  ( 10.15718063476448663, 3.757306131785936643, 8.594146949748786568 ) ) ;
#3018 = DIRECTION ( 'NONE',  ( -0.000000000000000000, -1.000000000000000000, -0.000000000000000000 ) ) ;
#3019 = AXIS2_PLACEMENT_3D ( 'NONE', #562, #3681, #5808 ) ;
#3020 = CARTESIAN_POINT ( 'NONE',  ( -119.4154075572111680, 5.963230549557800408, -2.023398177648725316 ) ) ;
#3021 = CARTESIAN_POINT ( 'NONE',  ( -15.74229895922126410, 2.487330961696413212, -10.89408080395931933 ) ) ;
#3022 = CARTESIAN_POINT ( 'NONE',  ( -126.2952423095703125, 6.605461807428448573, 9.809649467468268824 ) ) ;
#3023 = CARTESIAN_POINT ( 'NONE',  ( -109.3912150863219352, 6.253858798572959010, 4.838290547198748293 ) ) ;
#3024 = ORIENTED_EDGE ( 'NONE', *, *, #648, .T. ) ;
#3026 = EDGE_CURVE ( 'NONE', #3540, #1197, #917, .T. ) ;
#3025 = CARTESIAN_POINT ( 'NONE',  ( -119.7045557038840968, 6.081218647907965291, 0.6472830907204847328 ) ) ;
#3027 = CARTESIAN_POINT ( 'NONE',  ( -101.4724432826381388, 6.776341762562755555, 5.374935433548341912 ) ) ;
#3028 = CARTESIAN_POINT ( 'NONE',  ( -114.1327969524882775, 5.457511026600696979, -4.215410420978488837 ) ) ;
#3029 = CARTESIAN_POINT ( 'NONE',  ( 118.8226874317011266, 5.379591690355870703, -2.956905315540490520 ) ) ;
#3030 = CARTESIAN_POINT ( 'NONE',  ( 2.281385910519039495, 6.102462604175560301, -5.604164654859528305 ) ) ;
#3031 = B_SPLINE_CURVE_WITH_KNOTS ( 'NONE', 3,
 ( #150, #6527, #6631, #1805, #1357, #2988, #330, #3510, #2469, #5568, #3917, #1949, #6009, #2878, #3476, #4938, #4500, #6597, #847, #768 ),
 .UNSPECIFIED., .F., .F.,
 ( 4, 2, 2, 2, 2, 2, 2, 2, 2, 4 ),
 ( 0.2233057926928667947, 0.2260807657068056031, 0.2288557387207444116, 0.2316307117346832201, 0.2344056847486220563, 0.2357931712555914605, 0.2371806577625608647, 0.2399556307764997010, 0.2427306037904385094, 0.2455055768043773456 ),
 .UNSPECIFIED. ) ;
#3032 = CARTESIAN_POINT ( 'NONE',  ( -1.920323777126776266, 4.821688046860451493, -6.676271772984665454 ) ) ;
#3033 = CARTESIAN_POINT ( 'NONE',  ( 62.08659193065391690, -5.227117184480147394, 19.17499160766600141 ) ) ;
#3034 = ORIENTED_EDGE ( 'NONE', *, *, #4291, .F. ) ;
#3035 = CARTESIAN_POINT ( 'NONE',  ( -49.68515167775644414, 0.5305575451548666388, -14.80420697787689477 ) ) ;
#3036 = CARTESIAN_POINT ( 'NONE',  ( -57.17720307727494600, 7.536883755867939350, 7.780271252560522655 ) ) ;
#3037 = CARTESIAN_POINT ( 'NONE',  ( -1.726552397227255176, 5.347618316640859959, -5.810212861153379649 ) ) ;
#3038 = CARTESIAN_POINT ( 'NONE',  ( 86.71401904056895660, 3.498850576239988630, 8.560261108430934129 ) ) ;
#3039 =( BOUNDED_SURFACE ( )  B_SPLINE_SURFACE ( 3, 2, ( 
 ( #4633, #456, #5053 ),
 ( #977, #334, #1462 ),
 ( #3083, #4058, #2567 ),
 ( #4154, #913, #2438 ),
 ( #6634, #4025, #1362 ),
 ( #5637, #3514, #6764 ) ),
 .UNSPECIFIED., .F., .F., .T. ) 
 B_SPLINE_SURFACE_WITH_KNOTS ( ( 4, 2, 4 ),
 ( 3, 3 ),
 ( 0.008322345774847710390, 0.01387139371616318353, 0.01942044165747865841 ),
 ( 0.000000000000000000, 1.000000000000000000 ),
 .UNSPECIFIED. ) 
 GEOMETRIC_REPRESENTATION_ITEM ( )  RATIONAL_B_SPLINE_SURFACE ( (
 ( 1.000000000000000000, 0.2948922880284419179, 1.000000000000000000),
 ( 1.000000000000000000, 0.3166885532827067307, 1.000000000000000000),
 ( 1.000000000000000000, 0.3311020106605482294, 1.000000000000000000),
 ( 1.000000000000000000, 0.3543168825933050714, 1.000000000000000000),
 ( 1.000000000000000000, 0.3630960954168772070, 1.000000000000000000),
 ( 1.000000000000000000, 0.3705987102657643528, 1.000000000000000000) ) ) 
 REPRESENTATION_ITEM ( '' )  SURFACE ( )  );
#3040 = DIRECTION ( 'NONE',  ( 0.08957375645485962656, 0.9959801916476881400, 3.469446951953615372E-15 ) ) ;
#3041 = CARTESIAN_POINT ( 'NONE',  ( 122.0538873483962305, 4.693011030239641279, 3.301088809967020143 ) ) ;
#3042 = CARTESIAN_POINT ( 'NONE',  ( -119.4103610317718420, 6.269238317863973897, -0.7570036560072956888 ) ) ;
#3043 = CARTESIAN_POINT ( 'NONE',  ( 119.6415515250726429, 5.485908003468970229, 1.704322572506777433 ) ) ;
#3044 = CARTESIAN_POINT ( 'NONE',  ( 3.342378342810509828, 5.835784433688223416, -4.987751164105756807 ) ) ;
#3045 = CARTESIAN_POINT ( 'NONE',  ( -119.0114338452166294, 6.538948123629857001, 3.113656467823330942 ) ) ;
#3046 = CARTESIAN_POINT ( 'NONE',  ( -8.051078058359937728, 7.314836359897592288, 6.178269434486815648 ) ) ;
#3047 = ORIENTED_EDGE ( 'NONE', *, *, #3155, .T. ) ;
#3048 = CARTESIAN_POINT ( 'NONE',  ( -37.66319656372070313, 2.852803738294599878, -12.58989524841308416 ) ) ;
#3049 = CARTESIAN_POINT ( 'NONE',  ( -3.992334497881057764, 5.492193097377168876, 4.488639143223952743 ) ) ;
#3050 = CARTESIAN_POINT ( 'NONE',  ( 2.010825532225949619, 4.348393542297632308, 6.749221439360164609 ) ) ;
#3051 = CARTESIAN_POINT ( 'NONE',  ( 106.3003997823721676, 6.103913252521731003, -5.218675300413480933 ) ) ;
#3052 = CARTESIAN_POINT ( 'NONE',  ( 18.81845285883332508, 1.688863948278085614, 13.10014149708988285 ) ) ;
#3053 = CARTESIAN_POINT ( 'NONE',  ( -18.90002327367424684, 1.563628662342295694, -12.75557450775434809 ) ) ;
#3054 = CARTESIAN_POINT ( 'NONE',  ( -128.0010223388671875, 5.962408454595657048, 0.1534056216478417167 ) ) ;
#3055 = APPROVAL_STATUS ( 'not_yet_approved' ) ;
#3056 = VERTEX_POINT ( 'NONE', #2452 ) ;
#3057 = CARTESIAN_POINT ( 'NONE',  ( -69.75537908018598898, 7.565179406838982601, 6.958194774662828763 ) ) ;
#3058 = CARTESIAN_POINT ( 'NONE',  ( -2.555373850514048417, 6.475032130600092195, 6.002003839226088822 ) ) ;
#3059 = CARTESIAN_POINT ( 'NONE',  ( 105.6995409462957269, 6.119593105326955218, -5.240136679104069550 ) ) ;
#3060 = CARTESIAN_POINT ( 'NONE',  ( 1.718940487289043029, 4.510168524401286128, 5.744876568438826325 ) ) ;
#3061 = CARTESIAN_POINT ( 'NONE',  ( -15.13269381577688755, 7.839926336033268051, 7.074667475819074625 ) ) ;
#3062 = CARTESIAN_POINT ( 'NONE',  ( -5.952731631482229169, 8.725620884043223668, 1.948394633416227206 ) ) ;
#3063 = CARTESIAN_POINT ( 'NONE',  ( -52.70308931630116689, 1.054434052234980657, -14.12166646326831021 ) ) ;
#3064 = CARTESIAN_POINT ( 'NONE',  ( -41.38744709300726043, 8.234554300617594080, 9.190212986496545611 ) ) ;
#3065 = CARTESIAN_POINT ( 'NONE',  ( 1.716811830284870721, 4.096459091077415238, 5.761593645975135125 ) ) ;
#3066 = CARTESIAN_POINT ( 'NONE',  ( 94.55607667869674060, 2.500811032453305938, 10.66037980269511820 ) ) ;
#3067 = EDGE_CURVE ( 'NONE', #4027, #5007, #6335, .T. ) ;
#3068 = CARTESIAN_POINT ( 'NONE',  ( -119.4147119961067744, 6.769266316688279161, 2.497572981256713121 ) ) ;
#3069 = CARTESIAN_POINT ( 'NONE',  ( 126.3404488814503566, 3.170781713574284844, 6.584117889404275559 ) ) ;
#3070 = CARTESIAN_POINT ( 'NONE',  ( 7.173687751453479144, 4.904437187604282045, -8.174040794372560370 ) ) ;
#3071 = CARTESIAN_POINT ( 'NONE',  ( 25.43632995930179774, 8.324514658280538271, -8.957408169145089971 ) ) ;
#3072 = DIRECTION ( 'NONE',  ( 0.000000000000000000, 0.000000000000000000, -1.000000000000000000 ) ) ;
#3073 = CARTESIAN_POINT ( 'NONE',  ( -119.3804490658718862, 6.528742268085736988, 2.561821706354112660 ) ) ;
#3074 =( BOUNDED_SURFACE ( )  B_SPLINE_SURFACE ( 3, 2, ( 
 ( #4384, #4924, #3210 ),
 ( #3247, #4820, #103 ),
 ( #682, #4310, #5408 ),
 ( #2279, #1687, #5896 ),
 ( #1753, #2761, #1171 ),
 ( #4853, #4350, #6445 ),
 ( #3351, #5445, #2315 ),
 ( #4413, #3421, #2973 ),
 ( #2488, #863, #1967 ),
 ( #2865, #4581, #1859 ),
 ( #5586, #4069, #4955 ),
 ( #6028, #2385, #1934 ),
 ( #5551, #6066, #1339 ),
 ( #4038, #2419, #4005 ),
 ( #1897, #5065, #5511 ),
 ( #2451, #4551, #6104 ),
 ( #1411, #5620, #3459 ),
 ( #4994, #348, #789 ),
 ( #6682, #1375, #4518 ),
 ( #3494, #1304, #830 ),
 ( #1272, #3527, #6650 ),
 ( #235, #6136, #6615 ),
 ( #894, #2899, #2938 ),
 ( #5479, #3003, #5098 ),
 ( #5030, #3384, #2349 ),
 ( #383, #754, #4451 ),
 ( #6546, #1822, #3933 ),
 ( #277, #4485, #6583 ),
 ( #3969, #315, #5162 ),
 ( #4613, #1443, #959 ),
 ( #5132, #5271, #437 ),
 ( #6167, #1027, #989 ),
 ( #3064, #2582, #2619 ),
 ( #1576, #929, #6813 ),
 ( #2655, #6743, #2101 ),
 ( #2137, #3036, #2544 ),
 ( #4201, #409, #2516 ),
 ( #5197, #3591, #4680 ),
 ( #3560, #6711, #1997 ),
 ( #6779, #4645, #3096 ),
 ( #2029, #1062, #543 ),
 ( #3693, #1507, #4101 ),
 ( #3134, #1477, #6198 ),
 ( #6267, #473, #5785 ),
 ( #5683, #6231, #4750 ),
 ( #3169, #2062, #4135 ),
 ( #3620, #6300, #4168 ),
 ( #31, #5715, #1540 ),
 ( #3654, #5746, #5235 ),
 ( #510, #4717, #5653 ) ),
 .UNSPECIFIED., .F., .F., .F. ) 
 B_SPLINE_SURFACE_WITH_KNOTS ( ( 4, 2, 2, 2, 2, 2, 2, 2, 2, 2, 2, 2, 2, 2, 2, 2, 2, 2, 2, 2, 2, 2, 2, 2, 4 ),
 ( 3, 3 ),
 ( 0.000000000000000000, 0.0007893612180357679683, 0.001578722436071535937, 0.002368083654107303905, 0.003157444872143071873, 0.003946806090178839842, 0.004736167308214607810, 0.006314889744286143747, 0.009472334616429215620, 0.01262977948857228749, 0.01578722436071535937, 0.01894466923285843124, 0.02210211410500150311, 0.02525955897714457499, 0.03157444872143071873, 0.03473189359357378714, 0.03788933846571686248, 0.05051911795428914997, 0.05683400769857529372, 0.06314889744286143747, 0.06946378718714757428, 0.07577867693143372496, 0.08840845642000601246, 0.09472334616429214926, 0.1010382359085782999 ),
 ( 0.000000000000000000, 1.000000000000000000 ),
 .UNSPECIFIED. ) 
 GEOMETRIC_REPRESENTATION_ITEM ( )  RATIONAL_B_SPLINE_SURFACE ( (
 ( 1.000000000000000000, 0.9016252743225173782, 1.000000000000000000),
 ( 1.000000000000000000, 0.9015471649920535624, 1.000000000000000000),
 ( 1.000000000000000000, 0.9014800383700727338, 1.000000000000000000),
 ( 1.000000000000000000, 0.9001833460322148373, 1.000000000000000000),
 ( 1.000000000000000000, 0.8990751241757850565, 1.000000000000000000),
 ( 1.000000000000000000, 0.8963259759751658340, 1.000000000000000000),
 ( 1.000000000000000000, 0.8946836737061661937, 1.000000000000000000),
 ( 1.000000000000000000, 0.8913210961136067700, 1.000000000000000000),
 ( 1.000000000000000000, 0.8896050709567853154, 1.000000000000000000),
 ( 1.000000000000000000, 0.8863639876852453803, 1.000000000000000000),
 ( 1.000000000000000000, 0.8848377762488576215, 1.000000000000000000),
 ( 1.000000000000000000, 0.8820494348942998775, 1.000000000000000000),
 ( 1.000000000000000000, 0.8806690861421816452, 1.000000000000000000),
 ( 1.000000000000000000, 0.8765899141317005094, 1.000000000000000000),
 ( 1.000000000000000000, 0.8740379326814405880, 1.000000000000000000),
 ( 1.000000000000000000, 0.8669231683960849644, 1.000000000000000000),
 ( 1.000000000000000000, 0.8630312149809770128, 1.000000000000000000),
 ( 1.000000000000000000, 0.8550429758938747904, 1.000000000000000000),
 ( 1.000000000000000000, 0.8503181938398509665, 1.000000000000000000),
 ( 1.000000000000000000, 0.8404904255954930292, 1.000000000000000000),
 ( 1.000000000000000000, 0.8371971228800836329, 1.000000000000000000),
 ( 1.000000000000000000, 0.8439458276762594746, 1.000000000000000000),
 ( 1.000000000000000000, 0.8527936143907337563, 1.000000000000000000),
 ( 1.000000000000000000, 0.8553561249157537461, 1.000000000000000000),
 ( 1.000000000000000000, 0.8528047212827380985, 1.000000000000000000),
 ( 1.000000000000000000, 0.8524650887292695156, 1.000000000000000000),
 ( 1.000000000000000000, 0.8531606969742733249, 1.000000000000000000),
 ( 1.000000000000000000, 0.8538532035928431130, 1.000000000000000000),
 ( 1.000000000000000000, 0.8521905038061915461, 1.000000000000000000),
 ( 1.000000000000000000, 0.8468671873308122322, 1.000000000000000000),
 ( 1.000000000000000000, 0.8446300651110577595, 1.000000000000000000),
 ( 1.000000000000000000, 0.8393822260246145417, 1.000000000000000000),
 ( 1.000000000000000000, 0.8364221091735639657, 1.000000000000000000),
 ( 1.000000000000000000, 0.8218893351966296557, 1.000000000000000000),
 ( 1.000000000000000000, 0.8127094533155269085, 1.000000000000000000),
 ( 1.000000000000000000, 0.8043350511295390692, 1.000000000000000000),
 ( 1.000000000000000000, 0.8020743257678571991, 1.000000000000000000),
 ( 1.000000000000000000, 0.7975388587901243165, 1.000000000000000000),
 ( 1.000000000000000000, 0.7952283961922571587, 1.000000000000000000),
 ( 1.000000000000000000, 0.7903856776340451029, 1.000000000000000000),
 ( 1.000000000000000000, 0.7878960586539900390, 1.000000000000000000),
 ( 1.000000000000000000, 0.7830670957656256093, 1.000000000000000000),
 ( 1.000000000000000000, 0.7807163675326667107, 1.000000000000000000),
 ( 1.000000000000000000, 0.7742137687809999003, 1.000000000000000000),
 ( 1.000000000000000000, 0.7707336026954442199, 1.000000000000000000),
 ( 1.000000000000000000, 0.7661013743178890500, 1.000000000000000000),
 ( 1.000000000000000000, 0.7646354664795713685, 1.000000000000000000),
 ( 1.000000000000000000, 0.7617254425203288104, 1.000000000000000000),
 ( 1.000000000000000000, 0.7602955994526834349, 1.000000000000000000),
 ( 1.000000000000000000, 0.7584466283906501349, 1.000000000000000000) ) ) 
 REPRESENTATION_ITEM ( '' )  SURFACE ( )  );
#3075 = CARTESIAN_POINT ( 'NONE',  ( -8.823639072083489410, 7.455740015336911775, 6.264693293313260192 ) ) ;
#3076 = ORIENTED_EDGE ( 'NONE', *, *, #3813, .F. ) ;
#3077 = CARTESIAN_POINT ( 'NONE',  ( -4.929135322570814992, -9.925934283556015814, -19.08078193664550781 ) ) ;
#3078 = CARTESIAN_POINT ( 'NONE',  ( 119.5987970289810391, 5.348830972563381358, -1.936109280641025387 ) ) ;
#3079 = CARTESIAN_POINT ( 'NONE',  ( 18.87417815912085217, 1.476464460251333710, 12.75557450775802693 ) ) ;
#3080 = CARTESIAN_POINT ( 'NONE',  ( 10.90424347342069744, 8.743771324678865753, -6.456674477887841768 ) ) ;
#3081 = CARTESIAN_POINT ( 'NONE',  ( 6.313592126280730632, 4.110794276472210740, 7.406056382799834914 ) ) ;
#3082 = CARTESIAN_POINT ( 'NONE',  ( 116.9565175946636941, 5.983453691725636681, -4.409809897860268002 ) ) ;
#3083 = CARTESIAN_POINT ( 'NONE',  ( -113.0916843507466325, 6.142372513181248550, 4.629239985174243621 ) ) ;
#3084 = APPLICATION_PROTOCOL_DEFINITION ( 'international standard', 'config_control_design', 1994, #4105 ) ;
#3085 = ORIENTED_EDGE ( 'NONE', *, *, #2249, .T. ) ;
#3086 = CARTESIAN_POINT ( 'NONE',  ( -9.683835295491435942E-14, -42.18829223128360439, 2.500000000000020428 ) ) ;
#3087 = CARTESIAN_POINT ( 'NONE',  ( -5.086920959826868760, 6.777437987574913336, 6.264583200474971747 ) ) ;
#3088 = CARTESIAN_POINT ( 'NONE',  ( -3.296444137149260545, 6.513721694967756548, 6.373213625847235164 ) ) ;
#3089 = CARTESIAN_POINT ( 'NONE',  ( 21.97899702065181771, 0.7433058826890638349, 14.87789409134661689 ) ) ;
#3090 = CARTESIAN_POINT ( 'NONE',  ( -28.51448074321080384, -1.639851790920720642, -17.28597498621909523 ) ) ;
#3091 = CARTESIAN_POINT ( 'NONE',  ( -1.695608877388154134, 3.974682073578343466, -6.095968185507078196 ) ) ;
#3092 = CARTESIAN_POINT ( 'NONE',  ( -8.874530924786279584, 7.531714879426886888, 6.194190117293006281 ) ) ;
#3093 = CARTESIAN_POINT ( 'NONE',  ( -2.843322304177820392, 7.146059790692213198, 5.763442792080389232 ) ) ;
#3094 = EDGE_CURVE ( 'NONE', #2916, #2760, #5752, .T. ) ;
#3095 = CARTESIAN_POINT ( 'NONE',  ( -50.68219996831552976, 1.120401714134328541, -14.85703997361610540 ) ) ;
#3096 = CARTESIAN_POINT ( 'NONE',  ( -69.80656735922474354, 7.210177217840896269, 6.765226824667513128 ) ) ;
#3097 = CARTESIAN_POINT ( 'NONE',  ( 1.829114821650394296, 5.439245280538047567, 6.032988993790976195 ) ) ;
#3098 = CARTESIAN_POINT ( 'NONE',  ( 107.9615137217962086, 4.703633786927245986, 5.406661717955421942 ) ) ;
#3099 = EDGE_CURVE ( 'NONE', #4992, #4497, #6416, .T. ) ;
#3100 = FACE_OUTER_BOUND ( 'NONE', #274, .T. ) ;
#3101 = DIRECTION ( 'NONE',  ( 0.000000000000000000, 0.000000000000000000, -1.000000000000000000 ) ) ;
#3103 = EDGE_CURVE ( 'NONE', #2326, #5705, #4769, .T. ) ;
#3102 = CARTESIAN_POINT ( 'NONE',  ( 4.818210243259532177, -1.548613914260233315, -14.22724914550781072 ) ) ;
#3104 = ADVANCED_FACE ( 'NONE', ( #6683 ), #2110, .T. ) ;
#3105 = CARTESIAN_POINT ( 'NONE',  ( 11.95223307200724427, 7.423075524051754748, -6.667766348293776346 ) ) ;
#3106 = DIRECTION ( 'NONE',  ( -0.004614987725603183523, -0.9999893508874444503, -2.265982540494703959E-17 ) ) ;
#3107 = AXIS2_PLACEMENT_3D ( 'NONE', #3928, #2416, #4918 ) ;
#3108 = CARTESIAN_POINT ( 'NONE',  ( 22.09278267043702471, -0.6443524145071853892, 16.42131353228418789 ) ) ;
#3109 = CARTESIAN_POINT ( 'NONE',  ( 109.4886185560610983, 4.277646922166151278, 4.976593886430331182 ) ) ;
#3110 = CARTESIAN_POINT ( 'NONE',  ( -2.286058798933924052, 6.113002010928979324, 5.604164654859529193 ) ) ;
#3111 = VERTEX_POINT ( 'NONE', #410 ) ;
#3112 = FACE_OUTER_BOUND ( 'NONE', #549, .T. ) ;
#3113 = CARTESIAN_POINT ( 'NONE',  ( 118.1638308620696449, 5.409097656642471996, -3.610790686748758471 ) ) ;
#3114 = AXIS2_PLACEMENT_3D ( 'NONE', #5877, #1152, #631 ) ;
#3115 = CARTESIAN_POINT ( 'NONE',  ( 7.928194836835276149, 3.777109664432361846, 7.836267461445871163 ) ) ;
#3116 = CARTESIAN_POINT ( 'NONE',  ( -4.822834991405810179, 8.258988826433316888, 3.572806874206803762 ) ) ;
#3117 = CARTESIAN_POINT ( 'NONE',  ( -18.22701820715785459, 2.319139815991966280, -12.61292117704810067 ) ) ;
#3118 = CARTESIAN_POINT ( 'NONE',  ( -95.12611218019959836, 7.183956896640646406, 5.527180720764102162 ) ) ;
#3119 = AXIS2_PLACEMENT_3D ( 'NONE', #1484, #1585, #3598 ) ;
#3120 = MECHANICAL_CONTEXT ( 'NONE', #265, 'mechanical' ) ;
#3121 = ORIENTED_EDGE ( 'NONE', *, *, #6765, .F. ) ;
#3122 = CARTESIAN_POINT ( 'NONE',  ( 4.216600426142425029, 7.920060070345504855, -4.283374695263000298 ) ) ;
#3123 = CARTESIAN_POINT ( 'NONE',  ( 6.254786650005224935, 3.707359704567144032, -0.5587909514594061600 ) ) ;
#3124 = CIRCLE ( 'NONE', #5541, 7.900000000000000355 ) ;
#3125 = CARTESIAN_POINT ( 'NONE',  ( 1.944917403163803238, 5.408597388629512004, 6.106718297155746988 ) ) ;
#3126 = CARTESIAN_POINT ( 'NONE',  ( 21.97899702064819749, 0.7433058826905697414, 14.87789409134454566 ) ) ;
#3127 = CARTESIAN_POINT ( 'NONE',  ( 119.6832944992183343, 5.829481073385870182, -1.180434184095062511 ) ) ;
#3128 = CARTESIAN_POINT ( 'NONE',  ( -115.6080876667314215, 5.585282097219178787, -3.720663229664819216 ) ) ;
#3129 = CARTESIAN_POINT ( 'NONE',  ( 119.4353836182365427, 5.244407735758439770, -0.2647956636909399308 ) ) ;
#3130 = CARTESIAN_POINT ( 'NONE',  ( -34.10918000428623742, -2.424829923668364362, -18.18244005621582104 ) ) ;
#3131 = CARTESIAN_POINT ( 'NONE',  ( -1.801591431583690728, 4.713291366035267771, -6.734008734167957755 ) ) ;
#3132 = CARTESIAN_POINT ( 'NONE',  ( -5.939378379372540095, 8.405824706675788960, 0.9122698011215308878 ) ) ;
#3133 = CARTESIAN_POINT ( 'NONE',  ( -55.75520664336546162, 1.479767222032959184, -13.53239111504554160 ) ) ;
#3134 = CARTESIAN_POINT ( 'NONE',  ( -78.26488605855459468, 7.282821219233390764, 6.521815359472328488 ) ) ;
#3135 = DIRECTION ( 'NONE',  ( 0.8220213784559768921, -0.3172017351398492835, 0.4729311922316024042 ) ) ;
#3136 = CARTESIAN_POINT ( 'NONE',  ( 97.10879215217200056, 4.330042122057451870, 7.277596497874974979 ) ) ;
#3137 = CARTESIAN_POINT ( 'NONE',  ( -119.2869420383280357, 6.759276241426166898, 2.162964278005749197 ) ) ;
#3138 = CARTESIAN_POINT ( 'NONE',  ( -2.299388721880552211, 6.619279169969624732, 5.890557296063262172 ) ) ;
#3139 = CARTESIAN_POINT ( 'NONE',  ( 8.928419571734538707, 1.030128411174488612, -12.52569198608398438 ) ) ;
#3140 = CARTESIAN_POINT ( 'NONE',  ( 34.90392736750365543, 8.517666513320039101, -9.593118835016968049 ) ) ;
#3141 = CARTESIAN_POINT ( 'NONE',  ( -118.8294552990731177, 5.927975471089212967, 2.956905315540501622 ) ) ;
#3142 = CARTESIAN_POINT ( 'NONE',  ( 28.46944009552134958, -1.770176656208953814, 17.28461349119916335 ) ) ;
#3143 = CARTESIAN_POINT ( 'NONE',  ( 84.62198922354176034, 3.436958208942427540, 8.805923833956493141 ) ) ;
#3144 = EDGE_CURVE ( 'NONE', #6157, #1562, #251, .T. ) ;
#3145 = CARTESIAN_POINT ( 'NONE',  ( -119.6657848117774847, 6.134574816710976819, 1.504930727963996739 ) ) ;
#3146 = EDGE_LOOP ( 'NONE', ( #6644, #5433 ) ) ;
#3147 = CARTESIAN_POINT ( 'NONE',  ( 1.915971322494267826, 4.081670719219514076, 6.467152827576307494 ) ) ;
#3148 = CARTESIAN_POINT ( 'NONE',  ( 119.3356890758919207, 5.353357950500172713, -1.962287875512908730 ) ) ;
#3149 = CARTESIAN_POINT ( 'NONE',  ( 2.310301466216428512, 6.272765652101051970, -6.181932224517918684 ) ) ;
#3150 = CARTESIAN_POINT ( 'NONE',  ( 13.99685410569581911, 3.052766985774508779, 10.30487966177012105 ) ) ;
#3151 = CARTESIAN_POINT ( 'NONE',  ( -5.453096033872226300, 7.490556861290696311, -2.521831616803225540 ) ) ;
#3152 = DIRECTION ( 'NONE',  ( 0.000000000000000000, -0.09978633275344046816, -0.9950088882998079365 ) ) ;
#3153 = CARTESIAN_POINT ( 'NONE',  ( -95.12533992383335146, 6.981746796504397778, 5.628143166452473700 ) ) ;
#3154 = CARTESIAN_POINT ( 'NONE',  ( -8.103478766728066773, 4.489629818674760742, -7.890977990670924314 ) ) ;
#3155 = EDGE_CURVE ( 'NONE', #1995, #407, #3461, .T. ) ;
#3156 = ORIENTED_EDGE ( 'NONE', *, *, #2461, .T. ) ;
#3157 = PLANE ( 'NONE',  #258 ) ;
#3158 = CARTESIAN_POINT ( 'NONE',  ( 2.344247472977585289, 5.699897961706021476, -5.529830730183417309 ) ) ;
#3159 = CARTESIAN_POINT ( 'NONE',  ( -103.5879914327487228, 6.688391851411314981, 5.315023767316362502 ) ) ;
#3160 = CARTESIAN_POINT ( 'NONE',  ( 21.20512095941366582, 1.067020807211304101, 14.43278307658513704 ) ) ;
#3161 = CARTESIAN_POINT ( 'NONE',  ( 119.4047125306321533, 5.715373130563999204, 0.7696734117189693025 ) ) ;
#3162 = CARTESIAN_POINT ( 'NONE',  ( 4.734364205383521096, 7.267147319838350938, 3.701610260421017262 ) ) ;
#3163 = CARTESIAN_POINT ( 'NONE',  ( -10.47534751892089844, 4.163597853361098444, -1.117464780807494673 ) ) ;
#3164 = DIRECTION ( 'NONE',  ( 0.3205617319407819688, -0.001479404212547521169, -0.9472264710080173788 ) ) ;
#3165 = APPROVAL_PERSON_ORGANIZATION ( #978, #3225, #4669 ) ;
#3166 = FACE_OUTER_BOUND ( 'NONE', #3266, .T. ) ;
#3167 = CARTESIAN_POINT ( 'NONE',  ( -5.711492535886511845, 8.729331742085271628, 1.868643315665252880 ) ) ;
#3168 = CARTESIAN_POINT ( 'NONE',  ( -78.44179417535256960, 3.928133233464441876, -9.972027236155197372 ) ) ;
#3169 = CARTESIAN_POINT ( 'NONE',  ( -95.14637188012139291, 6.874301430590565865, 5.626477895858651657 ) ) ;
#3170 = CARTESIAN_POINT ( 'NONE',  ( 23.79645780399008714, 0.1236643505098649759, 15.73637552065154033 ) ) ;
#3171 = CARTESIAN_POINT ( 'NONE',  ( 102.4854509282563271, 2.604914127618140007, 10.18215346209577454 ) ) ;
#3172 = EDGE_CURVE ( 'NONE', #2291, #1649, #4287, .T. ) ;
#3173 = CARTESIAN_POINT ( 'NONE',  ( -119.4154075572115659, 5.963230549552609006, -2.023398177668700892 ) ) ;
#3174 = CARTESIAN_POINT ( 'NONE',  ( -3.140073066831957416, 3.673222475577643031, -5.509338490158624424 ) ) ;
#3175 = DIRECTION ( 'NONE',  ( -0.004614987725602707341, -0.9999893508874444503, 0.000000000000000000 ) ) ;
#3176 = EDGE_LOOP ( 'NONE', ( #4815, #4802, #6049, #954 ) ) ;
#3177 = CARTESIAN_POINT ( 'NONE',  ( 34.90865425922871879, 8.637512741924405546, -9.593815468818155168 ) ) ;
#3178 = CARTESIAN_POINT ( 'NONE',  ( -119.4160998496249277, 5.726464626531824642, -0.3599714041980489054 ) ) ;
#3179 = CARTESIAN_POINT ( 'NONE',  ( 29.95873072144526361, -1.757032607782319289, 18.02181631282982011 ) ) ;
#3180 = CARTESIAN_POINT ( 'NONE',  ( 71.21202019288213592, 2.546592343583946594, 11.11572892891117448 ) ) ;
#3181 = CARTESIAN_POINT ( 'NONE',  ( -119.6076043727178870, 6.151150326680677516, 1.927281889747704868 ) ) ;
#3182 = CARTESIAN_POINT ( 'NONE',  ( 1.712418214114146631, 3.870008902073068580, 5.836476187392338311 ) ) ;
#3183 = CARTESIAN_POINT ( 'NONE',  ( -22.02895240704475555, 0.6611015828371906711, -14.70960416550064309 ) ) ;
#3184 = DIRECTION ( 'NONE',  ( -0.000000000000000000, -1.000000000000000000, -0.000000000000000000 ) ) ;
#3185 = CARTESIAN_POINT ( 'NONE',  ( -5.777509726471732776, 7.818040115383620758, -1.649223286087959206 ) ) ;
#3186 = CARTESIAN_POINT ( 'NONE',  ( 4.798971075812702658, 6.460979685597278532, -6.234199713415669031 ) ) ;
#3187 = CARTESIAN_POINT ( 'NONE',  ( -88.78045817438865583, 7.135150487028981026, 5.938889461500019173 ) ) ;
#3188 = CARTESIAN_POINT ( 'NONE',  ( -3.490114729690215079, 4.893208594557566293, -6.820227149514835219 ) ) ;
#3189 = B_SPLINE_CURVE_WITH_KNOTS ( 'NONE', 3,
 ( #2921, #1096, #67, #640, #1321, #5819, #5304 ),
 .UNSPECIFIED., .F., .F.,
 ( 4, 3, 4 ),
 ( 1.797911921779561052E-05, 0.0004377540318055219717, 0.0009950657002320035128 ),
 .UNSPECIFIED. ) ;
#3190 = EDGE_CURVE ( 'NONE', #3257, #3992, #255, .T. ) ;
#3191 = ORIENTED_EDGE ( 'NONE', *, *, #5335, .T. ) ;
#3192 = PLANE ( 'NONE',  #1577 ) ;
#3193 = CARTESIAN_POINT ( 'NONE',  ( 2.759372626581666488, 6.095412363661207422, -5.333938711129740717 ) ) ;
#3194 = CARTESIAN_POINT ( 'NONE',  ( 7.390892411196229972, 7.235346624674935612, -6.124177095127639525 ) ) ;
#3195 = DIRECTION ( 'NONE',  ( -0.2317793381788512685, 0.000000000000000000, 0.9727683888744400598 ) ) ;
#3196 = CARTESIAN_POINT ( 'NONE',  ( 118.0345523623384452, 6.095273237325655735, -4.004678976202301399 ) ) ;
#3197 = EDGE_CURVE ( 'NONE', #1270, #1932, #3390, .T. ) ;
#3198 = CARTESIAN_POINT ( 'NONE',  ( 4.430248121179919174, 6.684447184485596161, 4.055406385579766848 ) ) ;
#3199 = CARTESIAN_POINT ( 'NONE',  ( -12.55237007141112748, 9.702967674909560358, 11.56338596343994141 ) ) ;
#3200 = CARTESIAN_POINT ( 'NONE',  ( 4.885742400493832349, 8.418717254398009331, -3.980112729206145339 ) ) ;
#3201 = FACE_OUTER_BOUND ( 'NONE', #1946, .T. ) ;
#3202 = CARTESIAN_POINT ( 'NONE',  ( -4.752347468662904362, 8.522977496706307221, 3.667114739694318448 ) ) ;
#3203 = CARTESIAN_POINT ( 'NONE',  ( -66.60668804178223468, 2.902992843766040831, -12.15835514557863917 ) ) ;
#3204 = DIRECTION ( 'NONE',  ( 0.000000000000000000, 0.9669766421647426613, -0.2548650103639162334 ) ) ;
#3205 = CARTESIAN_POINT ( 'NONE',  ( 61.91010293223474292, 2.238078164958101635, 12.84113101700612525 ) ) ;
#3206 = CARTESIAN_POINT ( 'NONE',  ( 104.0805730716003126, 4.595700434980494187, 6.046969489733973191 ) ) ;
#3207 = CARTESIAN_POINT ( 'NONE',  ( -119.6932511099479797, 6.214323639319764503, 0.2143335935584782803 ) ) ;
#3208 = CARTESIAN_POINT ( 'NONE',  ( -2.845656261644470941, 5.938262042829016707, 5.745031672844388204 ) ) ;
#3209 = CARTESIAN_POINT ( 'NONE',  ( 126.4976818922757786, 3.094116805534971260, -8.177586555480976571 ) ) ;
#3210 = CARTESIAN_POINT ( 'NONE',  ( -4.801962602249613354, 6.483133899097938802, 6.234199713415669919 ) ) ;
#3211 = CARTESIAN_POINT ( 'NONE',  ( -103.7334597562878855, 8.906149670428753495, 5.324038430767617847 ) ) ;
#3212 = CARTESIAN_POINT ( 'NONE',  ( 24.27062142105377518, -1.558270343187612594, 17.55122581591050945 ) ) ;
#3213 = CARTESIAN_POINT ( 'NONE',  ( 116.0680600668312508, 4.620571656915549497, 3.384922447370445120 ) ) ;
#3214 = CARTESIAN_POINT ( 'NONE',  ( -119.6404283747255022, 5.589555733359371281, -1.295791278767725263 ) ) ;
#3215 = CARTESIAN_POINT ( 'NONE',  ( 1.935238075754152076, 5.250079027616680882, 6.263377540641651642 ) ) ;
#3216 = AXIS2_PLACEMENT_3D ( 'NONE', #877, #2401, #5048 ) ;
#3217 = CARTESIAN_POINT ( 'NONE',  ( -119.6707874641025597, 5.983766311997627874, -0.3321342839501080779 ) ) ;
#3218 = CARTESIAN_POINT ( 'NONE',  ( -16.70376528167833641, 2.858951860138183587, -11.69952806963561365 ) ) ;
#3219 = CARTESIAN_POINT ( 'NONE',  ( -10.23143692008729033, 3.554450882216360963, -8.352843742623901946 ) ) ;
#3220 = DIRECTION ( 'NONE',  ( -0.000000000000000000, -0.000000000000000000, -1.000000000000000000 ) ) ;
#3221 = AXIS2_PLACEMENT_3D ( 'NONE', #2981, #3468, #1907 ) ;
#3222 = ORIENTED_EDGE ( 'NONE', *, *, #611, .T. ) ;
#3223 = DIRECTION ( 'NONE',  ( 0.000000000000000000, 0.000000000000000000, 1.000000000000000000 ) ) ;
#3224 = CARTESIAN_POINT ( 'NONE',  ( 2.888695494696518207, 5.906451187744016451, -5.719887968397562084 ) ) ;
#3225 = APPROVAL ( #1987, 'UNSPECIFIED' ) ;
#3226 = CARTESIAN_POINT ( 'NONE',  ( 9.221038600191411305, 7.323052455478523015, -6.310958460093585742 ) ) ;
#3227 = CARTESIAN_POINT ( 'NONE',  ( 40.20164508994041341, 8.521902686719052156, -9.197850234353998289 ) ) ;
#3228 = CIRCLE ( 'NONE', #3119, 0.2500000000000000000 ) ;
#3229 = CARTESIAN_POINT ( 'NONE',  ( 1.445958247224305548, 5.646224950906232110, 5.824927885673535144 ) ) ;
#3230 = CARTESIAN_POINT ( 'NONE',  ( -16.08533668518066762, -0.5948385880604027953, -19.13443183898925781 ) ) ;
#3231 = CARTESIAN_POINT ( 'NONE',  ( 21.49851118230664682, 7.488600167204075397, -8.137344163081083437 ) ) ;
#3232 = AXIS2_PLACEMENT_3D ( 'NONE', #6423, #4190, #1183 ) ;
#3233 = EDGE_CURVE ( 'NONE', #5477, #3582, #1131, .T. ) ;
#3234 = ORIENTED_EDGE ( 'NONE', *, *, #10, .F. ) ;
#3235 = CARTESIAN_POINT ( 'NONE',  ( 5.311697721603476197, 3.282548828622037451, 3.294941074481664067 ) ) ;
#3236 =( BOUNDED_CURVE ( )  B_SPLINE_CURVE ( 3, ( #1736, #5389, #6458, #3845 ),
 .UNSPECIFIED., .F., .T. ) 
 B_SPLINE_CURVE_WITH_KNOTS ( ( 4, 4 ),
 ( 5.053558214783514302, 5.053670302400453451 ),
 .UNSPECIFIED. ) 
 CURVE ( )  GEOMETRIC_REPRESENTATION_ITEM ( )  RATIONAL_B_SPLINE_CURVE ( ( 1.000000000000000000, 0.9999999989530304889, 0.9999999989530304889, 1.000000000000000000 ) ) 
 REPRESENTATION_ITEM ( '' )  );
#3237 = DIRECTION ( 'NONE',  ( -0.000000000000000000, -1.000000000000000000, -0.000000000000000000 ) ) ;
#3238 = CARTESIAN_POINT ( 'NONE',  ( -87.08946873260799748, 2.804861910558521298, -11.19071977422315811 ) ) ;
#3239 = CARTESIAN_POINT ( 'NONE',  ( -49.66561970683100213, 0.9301197681737459755, -15.10079583805496739 ) ) ;
#3240 = CARTESIAN_POINT ( 'NONE',  ( 72.25300488390789155, 3.060732575742644457, 11.17908350157744479 ) ) ;
#3241 = AXIS2_PLACEMENT_3D ( 'NONE', #219, #809, #5390 ) ;
#3242 = CARTESIAN_POINT ( 'NONE',  ( 113.9109203435022977, 1.892673607045169071, 11.64497186220753200 ) ) ;
#3243 = EDGE_LOOP ( 'NONE', ( #5386, #4382, #6544, #4349 ) ) ;
#3244 = CARTESIAN_POINT ( 'NONE',  ( -117.1088502760659651, 6.541407988627683245, 4.357458470906298231 ) ) ;
#3245 = CARTESIAN_POINT ( 'NONE',  ( -5.824467083894518282, 3.376557544553821621, -2.328438369914024975 ) ) ;
#3246 = CARTESIAN_POINT ( 'NONE',  ( 29.67237058816909823, 9.962566626268078096, -7.000932693481449753 ) ) ;
#3247 = CARTESIAN_POINT ( 'NONE',  ( -5.100876982250294844, 6.640547446431401823, 6.260390235642764090 ) ) ;
#3248 = CARTESIAN_POINT ( 'NONE',  ( 107.5559582283951983, 6.265434098026601006, -5.040767472288436579 ) ) ;
#3249 = CARTESIAN_POINT ( 'NONE',  ( 45.62456677413873507, -2.051571836332020116, 18.19488918027689195 ) ) ;
#3250 = CARTESIAN_POINT ( 'NONE',  ( -5.289900276369785992, 6.963498940426775974, 6.224389607776163125 ) ) ;
#3251 = CARTESIAN_POINT ( 'NONE',  ( -119.5377613032346034, 6.158588063988755579, 2.185167460664609873 ) ) ;
#3252 = CARTESIAN_POINT ( 'NONE',  ( 1.938445527984980599, 5.303256306031165934, 6.211500675189344456 ) ) ;
#3253 = CARTESIAN_POINT ( 'NONE',  ( 1.720983849230312890, 5.161166859797139850, 5.745166017006866355 ) ) ;
#3254 = CARTESIAN_POINT ( 'NONE',  ( 6.877324336102164537, 6.579044793320506734, -6.100403142057717609 ) ) ;
#3255 = DIRECTION ( 'NONE',  ( -0.000000000000000000, -1.000000000000000000, -0.000000000000000000 ) ) ;
#3256 = CARTESIAN_POINT ( 'NONE',  ( -1.754581733771439556, 4.642116470790717209, -6.731572192124452236 ) ) ;
#3257 = VERTEX_POINT ( 'NONE', #5684 ) ;
#3258 = CARTESIAN_POINT ( 'NONE',  ( -5.500000000000000000, 12.99999999999999822, 0.000000000000000000 ) ) ;
#3259 = EDGE_CURVE ( 'NONE', #3001, #3406, #584, .T. ) ;
#3260 = CARTESIAN_POINT ( 'NONE',  ( -4.830714142597246408, 3.559381172156888873, -3.562255726758842389 ) ) ;
#3261 = CARTESIAN_POINT ( 'NONE',  ( 103.5848951857023650, 6.210339141581671996, -5.315023767316372272 ) ) ;
#3262 = CARTESIAN_POINT ( 'NONE',  ( 18.82923560216489633, 1.904719466130352812, 13.10481818174988966 ) ) ;
#3263 = CARTESIAN_POINT ( 'NONE',  ( 3.148649202874543640, 6.006441734495661322, 5.557706756584753549 ) ) ;
#3264 = CARTESIAN_POINT ( 'NONE',  ( 0.2284932285547269237, 7.710977525888401019, -11.07396125793457031 ) ) ;
#3265 = DIRECTION ( 'NONE',  ( -0.9987910396352112086, 0.003156829567870480992, -0.04905602482359965044 ) ) ;
#3266 = EDGE_LOOP ( 'NONE', ( #828, #3275 ) ) ;
#3267 = CARTESIAN_POINT ( 'NONE',  ( 3.845671831322337031, 3.697294158924296248, 4.603079387894761787 ) ) ;
#3268 = AXIS2_PLACEMENT_3D ( 'NONE', #5034, #4164, #3164 ) ;
#3269 = CARTESIAN_POINT ( 'NONE',  ( 21.99890882077681198, 0.5595070223157272427, 14.70960416550063954 ) ) ;
#3270 = CARTESIAN_POINT ( 'NONE',  ( -94.57638850168626732, 2.937235358869328294, -10.66037980262407281 ) ) ;
#3271 = CARTESIAN_POINT ( 'NONE',  ( -78.43576467425032206, 3.927700595263301508, -9.973102836991802889 ) ) ;
#3272 = CARTESIAN_POINT ( 'NONE',  ( 25.64383132981623703, -0.4940175544418054510, 16.52230337449327280 ) ) ;
#3273 = PRODUCT_DEFINITION_FORMATION_WITH_SPECIFIED_SOURCE ( 'ANY', '', #5359, .NOT_KNOWN. ) ;
#3274 = CARTESIAN_POINT ( 'NONE',  ( 1.720983849230312890, 5.161166859797139850, 5.745166017006866355 ) ) ;
#3275 = ORIENTED_EDGE ( 'NONE', *, *, #5883, .T. ) ;
#3276 = CARTESIAN_POINT ( 'NONE',  ( 118.0487419379144569, 5.434521620584281898, -3.999600226672451075 ) ) ;
#3277 = CARTESIAN_POINT ( 'NONE',  ( 11.65058291230173282, 4.073576084810625275, 9.182807739546980486 ) ) ;
#3278 = CARTESIAN_POINT ( 'NONE',  ( 127.9176543736728320, 5.593144580818727896, -3.036043167114278685 ) ) ;
#3279 = FACE_OUTER_BOUND ( 'NONE', #3900, .T. ) ;
#3280 = CARTESIAN_POINT ( 'NONE',  ( -95.14875282506878307, 6.874241156700866107, 5.626369066744041803 ) ) ;
#3281 = EDGE_CURVE ( 'NONE', #2892, #1217, #6499, .T. ) ;
#3282 = CARTESIAN_POINT ( 'NONE',  ( 47.65568900364320370, 0.2960199084223726351, 15.61343349237719202 ) ) ;
#3283 = CARTESIAN_POINT ( 'NONE',  ( 25.64621083991651673, -0.8911604509037341915, 16.22487357461989532 ) ) ;
#3284 = CARTESIAN_POINT ( 'NONE',  ( -5.058697951660861669, 6.447416499006881629, 6.172324538084505541 ) ) ;
#3285 = CARTESIAN_POINT ( 'NONE',  ( 16.04956024467274744, -0.6689900603315118710, 19.13443183898925071 ) ) ;
#3286 = CARTESIAN_POINT ( 'NONE',  ( -2.314188100230496037, 6.283436690212766962, 6.181932224517919572 ) ) ;
#3287 = CARTESIAN_POINT ( 'NONE',  ( 12.09653069895175825, 6.905484225504168627, -6.685278660393553452 ) ) ;
#3288 = CARTESIAN_POINT ( 'NONE',  ( -57.06306666693814122, 7.810610891044784232, 7.791373819166473425 ) ) ;
#3289 = CARTESIAN_POINT ( 'NONE',  ( -9.025267262066311247, 4.508428184660971283, -8.182986231738320626 ) ) ;
#3290 = ORIENTED_EDGE ( 'NONE', *, *, #5375, .T. ) ;
#3291 = CARTESIAN_POINT ( 'NONE',  ( -2.535993521747601509, 6.636571297630075250, 6.191818223223073403 ) ) ;
#3292 = CARTESIAN_POINT ( 'NONE',  ( -5.984150034942434360, 3.694956919638023418, 0.5420679589714526569 ) ) ;
#3293 = CARTESIAN_POINT ( 'NONE',  ( 46.53898189157258969, 7.914160077488782363, -8.725708164903901221 ) ) ;
#3294 = DIRECTION ( 'NONE',  ( -0.000000000000000000, -1.000000000000000000, -0.000000000000000000 ) ) ;
#3295 = CARTESIAN_POINT ( 'NONE',  ( 3.920653600873520883, 6.455827478494507332, 5.015884543565035436 ) ) ;
#3296 = CARTESIAN_POINT ( 'NONE',  ( -120.9134368896484375, 6.337242992101752570, 7.501361846923835230 ) ) ;
#3297 = CARTESIAN_POINT ( 'NONE',  ( 24.61995318677542954, 7.753067472038321917, -8.688829564117366289 ) ) ;
#3298 = B_SPLINE_CURVE_WITH_KNOTS ( 'NONE', 3,
 ( #6161, #4031, #4574, #1404 ),
 .UNSPECIFIED., .F., .F.,
 ( 4, 4 ),
 ( 0.000000000000000000, 0.0003890194007008779655 ),
 .UNSPECIFIED. ) ;
#3299 = PLANE ( 'NONE',  #6732 ) ;
#3300 = CARTESIAN_POINT ( 'NONE',  ( 59.29423315086899748, 7.394799039798619411, -7.613214913501132663 ) ) ;
#3301 = CARTESIAN_POINT ( 'NONE',  ( -88.15730597076220931, 2.836558495544573510, -11.08695472679823801 ) ) ;
#3302 = CARTESIAN_POINT ( 'NONE',  ( -50.66877881926127003, 1.117978769159952313, -14.86017154563341514 ) ) ;
#3303 = B_SPLINE_CURVE_WITH_KNOTS ( 'NONE', 3,
 ( #5461, #4872, #5427, #151 ),
 .UNSPECIFIED., .F., .F.,
 ( 4, 4 ),
 ( 0.000000000000000000, 9.317333186808604193E-05 ),
 .UNSPECIFIED. ) ;
#3304 = CARTESIAN_POINT ( 'NONE',  ( 40.72488651646231261, -1.372738927935977626, 17.57422381011759782 ) ) ;
#3305 = B_SPLINE_CURVE_WITH_KNOTS ( 'NONE', 3,
 ( #1371, #3895, #3490, #4379, #5439, #5989 ),
 .UNSPECIFIED., .F., .F.,
 ( 4, 2, 4 ),
 ( 3.903255513781585265E-16, 0.0001948590796938701544, 0.0003897181593873499960 ),
 .UNSPECIFIED. ) ;
#3306 = CARTESIAN_POINT ( 'NONE',  ( 5.724073764028313249, 8.448478932575179456, -1.847154012207482321 ) ) ;
#3307 = EDGE_LOOP ( 'NONE', ( #4528, #6444, #4887, #2379 ) ) ;
#3308 = CARTESIAN_POINT ( 'NONE',  ( 119.0378912010196615, 5.627302088585991235, -3.093728452287812569 ) ) ;
#3309 = CARTESIAN_POINT ( 'NONE',  ( 1.600628936754983744, 4.789753279736824965, 6.658420285228983104 ) ) ;
#3310 = EDGE_LOOP ( 'NONE', ( #201, #816, #4670, #3825 ) ) ;
#3311 = CARTESIAN_POINT ( 'NONE',  ( 124.0718485760911847, 1.934514459102689043, 7.040417194366433762 ) ) ;
#3312 = B_SPLINE_CURVE_WITH_KNOTS ( 'NONE', 3,
 ( #5203, #583, #3174, #1613, #4277, #4172, #4206, #5239, #2699, #4789, #3245, #2586, #1580, #5343, #478, #4684, #6783, #515, #3696, #2727, #1067, #2623, #6748, #4721, #5789, #2143, #3728, #72, #5826, #1100, #3208, #5309 ),
 .UNSPECIFIED., .F., .F.,
 ( 4, 2, 2, 2, 2, 2, 2, 2, 2, 2, 2, 2, 2, 2, 2, 4 ),
 ( 0.000000000000000000, 0.001960062772435082739, 0.003920125544870165478, 0.004410141237978935404, 0.004900156931087705330, 0.005880188317305246916, 0.006860219703522787635, 0.007840251089740329221, 0.008820282475957870807, 0.009800313862175412394, 0.01078034524839295398, 0.01176037663461049557, 0.01274040802082803542, 0.01372043940704557700, 0.01470047079326312033, 0.01568050217948066538 ),
 .UNSPECIFIED. ) ;
#3313 = CARTESIAN_POINT ( 'NONE',  ( -4.212864516243652879, 7.939511112534939130, 4.283374695262997633 ) ) ;
#3314 = CARTESIAN_POINT ( 'NONE',  ( 5.289120432599467847, 6.939087785088590365, -6.224389607776040556 ) ) ;
#3315 = CC_DESIGN_DATE_AND_TIME_ASSIGNMENT ( #6156, #3609, ( #4651 ) ) ;
#3316 = CARTESIAN_POINT ( 'NONE',  ( -10.89663492873019024, 8.794076985650846723, 6.456674477887840879 ) ) ;
#3317 = CARTESIAN_POINT ( 'NONE',  ( 36.17697609694593552, -2.115211571618003106, 18.40165365454226531 ) ) ;
#3318 = CARTESIAN_POINT ( 'NONE',  ( 68.11979986186477731, 2.296809192845493897, 11.64824444727725528 ) ) ;
#3319 = CARTESIAN_POINT ( 'NONE',  ( -97.24190221024697678, 6.575932854828884011, 5.323480197105593170 ) ) ;
#3320 = CARTESIAN_POINT ( 'NONE',  ( 11.65643954032992546, 7.804809976050409936, -8.098406791687011719 ) ) ;
#3321 = ADVANCED_FACE ( 'NONE', ( #1163 ), #4443, .T. ) ;
#3322 = EDGE_CURVE ( 'NONE', #750, #5153, #1609, .T. ) ;
#3323 = CARTESIAN_POINT ( 'NONE',  ( -3.066073446481259346, 7.295018885200304837, 5.636561082394035083 ) ) ;
#3324 = CARTESIAN_POINT ( 'NONE',  ( 117.4741812686176132, 5.987943539658871828, -4.342982345207440531 ) ) ;
#3325 = CARTESIAN_POINT ( 'NONE',  ( 38.21298732102837903, 7.952352547655057613, -9.300751529173625798 ) ) ;
#3326 = CARTESIAN_POINT ( 'NONE',  ( -78.20230012133873743, 7.528720175064413489, 6.432098006585047933 ) ) ;
#3327 = CARTESIAN_POINT ( 'NONE',  ( -116.8637026094053653, 6.056891716006466808, 4.582957219186376996 ) ) ;
#3328 = ORIENTED_EDGE ( 'NONE', *, *, #572, .F. ) ;
#3329 = CARTESIAN_POINT ( 'NONE',  ( -97.87879180908203125, 7.652199001489699448, 1.043814897537236996 ) ) ;
#3330 = CARTESIAN_POINT ( 'NONE',  ( -6.005799384808005570, 3.943188269938098234, 0.1809712519960910704 ) ) ;
#3331 = CARTESIAN_POINT ( 'NONE',  ( 5.826090632912418243, 6.990579732293835669, -6.147161965797954153 ) ) ;
#3332 = CARTESIAN_POINT ( 'NONE',  ( 9.922703557591471935, 7.528099767241909213, -6.321123413955273662 ) ) ;
#3333 = CARTESIAN_POINT ( 'NONE',  ( 4.433172150951935286, 8.365063679746326031, -4.053938442924621022 ) ) ;
#3334 = CARTESIAN_POINT ( 'NONE',  ( -72.99227142333984375, 8.625588805852922647, 11.95975494384765980 ) ) ;
#3335 = AXIS2_PLACEMENT_3D ( 'NONE', #5543, #3999, #860 ) ;
#3336 = DIRECTION ( 'NONE',  ( -0.3811870675826252164, 0.9244979283415183380, 0.000000000000000000 ) ) ;
#3337 = EDGE_LOOP ( 'NONE', ( #1266, #5922, #884 ) ) ;
#3338 = AXIS2_PLACEMENT_3D ( 'NONE', #4764, #3707, #5800 ) ;
#3339 = CARTESIAN_POINT ( 'NONE',  ( 1.909695385371227516, 4.812850254091243229, 6.676271772984664565 ) ) ;
#3340 = CARTESIAN_POINT ( 'NONE',  ( -102.5051978751643986, 3.077931310209424787, -10.18215346209137451 ) ) ;
#3341 = CARTESIAN_POINT ( 'NONE',  ( 89.85273214160551447, 4.041873955548066277, 8.395765244391519389 ) ) ;
#3342 = CARTESIAN_POINT ( 'NONE',  ( 2.297203513393026419, 5.422918874921564658, 5.547496746337375662 ) ) ;
#3343 = ORIENTED_EDGE ( 'NONE', *, *, #3782, .T. ) ;
#3344 = LINE ( 'NONE', #4001, #6297 ) ;
#3345 = CARTESIAN_POINT ( 'NONE',  ( 119.3987256654737763, 5.170527763181141268, 1.959986551815640965 ) ) ;
#3346 = EDGE_LOOP ( 'NONE', ( #5546, #752, #4978, #2311 ) ) ;
#3347 = AXIS2_PLACEMENT_3D ( 'NONE', #5317, #1553, #1693 ) ;
#3348 = CARTESIAN_POINT ( 'NONE',  ( 77.01294979641694738, 6.693523526756894881, 2.592465639114366560 ) ) ;
#3349 = ORIENTED_EDGE ( 'NONE', *, *, #2652, .F. ) ;
#3350 = DIRECTION ( 'NONE',  ( -1.000000000000000000, 0.000000000000000000, 0.000000000000000000 ) ) ;
#3351 = CARTESIAN_POINT ( 'NONE',  ( -6.879748860898064144, 6.610789324318242954, 6.100403142057707839 ) ) ;
#3352 = CARTESIAN_POINT ( 'NONE',  ( -5.364111829245556962, 6.612973383992817311, 6.208438935232886813 ) ) ;
#3353 = CARTESIAN_POINT ( 'NONE',  ( 38.73585213839628238, -1.775940408178605656, 18.02490459167173142 ) ) ;
#3354 = CARTESIAN_POINT ( 'NONE',  ( -115.5953836475870276, 5.108279008572973900, -3.573094148808751314 ) ) ;
#3355 = CARTESIAN_POINT ( 'NONE',  ( -10.84164999033637322, 4.137094595977436562, -8.851378288016332974 ) ) ;
#3356 = CARTESIAN_POINT ( 'NONE',  ( 16.26138754616915705, -5.241129916385594001, 23.12770080566405895 ) ) ;
#3357 = CARTESIAN_POINT ( 'NONE',  ( -2.520400149077856700, 6.968575942970682391, 5.889756391797207336 ) ) ;
#3358 = CARTESIAN_POINT ( 'NONE',  ( 117.1049317151227882, 6.000958246437151367, -4.357458470923324612 ) ) ;
#3359 = CARTESIAN_POINT ( 'NONE',  ( 18.32465656523096342, 7.492967481488884474, -7.706455939391879895 ) ) ;
#3360 = CARTESIAN_POINT ( 'NONE',  ( -65.51530552605105129, 7.801419515695068974, 7.197834709103192452 ) ) ;
#3361 = CARTESIAN_POINT ( 'NONE',  ( -14.13205193967419149, 3.444972586028591355, -10.36389352060051650 ) ) ;
#3362 = EDGE_CURVE ( 'NONE', #1921, #3111, #2018, .T. ) ;
#3363 = ORIENTED_EDGE ( 'NONE', *, *, #3172, .F. ) ;
#3364 = CARTESIAN_POINT ( 'NONE',  ( -2.340597391128540039, 4.020118267713506555, 8.148217201232910156 ) ) ;
#3365 = CARTESIAN_POINT ( 'NONE',  ( -6.180556506293793717, 3.830591466414643875, 1.226454991802881977 ) ) ;
#3366 = CARTESIAN_POINT ( 'NONE',  ( -10.78244866831287396, 3.721029493789891340, -8.830376351431608484 ) ) ;
#3367 = CARTESIAN_POINT ( 'NONE',  ( -1.726295681438987595, 5.342345258592504642, -5.815595811549690630 ) ) ;
#3368 = CARTESIAN_POINT ( 'NONE',  ( 6.008977224882811718, 8.279942857069054085, -0.2563251111333516019 ) ) ;
#3369 = CARTESIAN_POINT ( 'NONE',  ( -72.77916717529296875, 8.038926036535295694, 9.463112831115726209 ) ) ;
#3370 = EDGE_CURVE ( 'NONE', #661, #904, #4773, .T. ) ;
#3371 = CARTESIAN_POINT ( 'NONE',  ( -116.7948539192688315, 6.285509907522546236, 4.343771664032894719 ) ) ;
#3372 = CARTESIAN_POINT ( 'NONE',  ( 76.08918218552165058, 7.156363490158352825, -6.634308609108012789 ) ) ;
#3373 = DIRECTION ( 'NONE',  ( 0.000000000000000000, 0.000000000000000000, -1.000000000000000000 ) ) ;
#3374 = CARTESIAN_POINT ( 'NONE',  ( -112.3472742607263797, 4.885209286415459040, -4.470746664363967504 ) ) ;
#3375 = CARTESIAN_POINT ( 'NONE',  ( 119.4087961517219441, 5.412142230910065521, 2.023398177648711105 ) ) ;
#3376 = CARTESIAN_POINT ( 'NONE',  ( -119.0441601294321146, 6.776117814043191245, 3.096973133587690885 ) ) ;
#3377 = EDGE_LOOP ( 'NONE', ( #6243, #1782 ) ) ;
#3378 = CARTESIAN_POINT ( 'NONE',  ( -116.8749227609419137, 6.284014352493013433, 4.580598064394594715 ) ) ;
#3379 = CARTESIAN_POINT ( 'NONE',  ( 3.935743872412448940, 4.701591340429057020, 6.956837702155841185 ) ) ;
#3380 = ORIENTED_EDGE ( 'NONE', *, *, #4124, .T. ) ;
#3381 = CARTESIAN_POINT ( 'NONE',  ( 5.513753883080505958, 9.309891000744835665, -0.8774042725563058198 ) ) ;
#3382 = ORIENTED_EDGE ( 'NONE', *, *, #1164, .T. ) ;
#3383 = CARTESIAN_POINT ( 'NONE',  ( -34.64995136540698439, -2.417647831742689046, -18.17551775318420937 ) ) ;
#3384 = CARTESIAN_POINT ( 'NONE',  ( -25.62320736277168365, 8.015679708622984734, 8.983417569460080188 ) ) ;
#3385 = CARTESIAN_POINT ( 'NONE',  ( -27.77883697497237492, 8.305241034644986087, 9.271044515155589139 ) ) ;
#3386 = CARTESIAN_POINT ( 'NONE',  ( 56.75335539350071201, 1.340115280953596333, 13.35473117833443624 ) ) ;
#3387 = CARTESIAN_POINT ( 'NONE',  ( -114.6147405841187066, 5.022139090076713330, -3.908548385704957884 ) ) ;
#3388 = EDGE_CURVE ( 'NONE', #6721, #4446, #1463, .T. ) ;
#3389 = CARTESIAN_POINT ( 'NONE',  ( -12.12730519305281440, 3.907313068863719430, -9.396797888256338993 ) ) ;
#3390 = B_SPLINE_CURVE_WITH_KNOTS ( 'NONE', 3,
 ( #6814, #3592, #2063, #2545 ),
 .UNSPECIFIED., .F., .F.,
 ( 4, 4 ),
 ( 8.673617379884035472E-19, 9.317333186808755981E-05 ),
 .UNSPECIFIED. ) ;
#3391 = CARTESIAN_POINT ( 'NONE',  ( 10.46159094558927016, 4.115285739107800822, 1.117464780807493119 ) ) ;
#3392 = CARTESIAN_POINT ( 'NONE',  ( -9.714451465470119729E-14, 14.28867513459489835, 0.000000000000000000 ) ) ;
#3393 = DIRECTION ( 'NONE',  ( -0.000000000000000000, -1.000000000000000000, -0.000000000000000000 ) ) ;
#3394 = CARTESIAN_POINT ( 'NONE',  ( 50.86273782401477916, 7.662274707820754038, -8.318516197454908223 ) ) ;
#3395 = CARTESIAN_POINT ( 'NONE',  ( -38.07891172386958090, 8.589947892677020747, 9.455955968283104696 ) ) ;
#3396 = CARTESIAN_POINT ( 'NONE',  ( -1.764726334824473719, 4.218223065130023208, -6.701905978788647467 ) ) ;
#3397 = EDGE_LOOP ( 'NONE', ( #4434, #5504, #381, #5689, #1166 ) ) ;
#3398 = CARTESIAN_POINT ( 'NONE',  ( -39.03581619262696023, 9.533009083448407139, 8.224532127380372870 ) ) ;
#3399 = CARTESIAN_POINT ( 'NONE',  ( -5.650844613339498501, 4.266884099245529249, 2.041045534347802004 ) ) ;
#3400 = CARTESIAN_POINT ( 'NONE',  ( -18.07679432862980562, 2.027658761358459127, -12.63067445122448973 ) ) ;
#3401 = CARTESIAN_POINT ( 'NONE',  ( 16.17448704085377997, 7.839088055956193735, -7.246911471206480826 ) ) ;
#3402 = CARTESIAN_POINT ( 'NONE',  ( 2.552368858704557208, 6.463245982890925667, -6.002003839226407678 ) ) ;
#3403 = CARTESIAN_POINT ( 'NONE',  ( -34.90393447875976563, 9.151181490598670365, 11.26232337951660334 ) ) ;
#3404 = ADVANCED_FACE ( 'NONE', ( #2855, #3854 ), #5020, .F. ) ;
#3405 = DIRECTION ( 'NONE',  ( -0.07774627742912514072, 0.000000000000000000, 0.9969731773452651380 ) ) ;
#3406 = VERTEX_POINT ( 'NONE', #3487 ) ;
#3407 = VERTEX_POINT ( 'NONE', #1889 ) ;
#3409 = EDGE_CURVE ( 'NONE', #3582, #3455, #2310, .T. ) ;
#3408 = CARTESIAN_POINT ( 'NONE',  ( 52.84212509820425652, 7.820926525116830952, -8.062346687211427110 ) ) ;
#3410 = CARTESIAN_POINT ( 'NONE',  ( -4.359134066505156113, 3.614118578985508368, -4.134587685422894232 ) ) ;
#3411 = CARTESIAN_POINT ( 'NONE',  ( -113.1261661338319442, 5.392413091715432927, -4.477208259465524698 ) ) ;
#3412 = CARTESIAN_POINT ( 'NONE',  ( -5.500000000000096811, 12.99999999999999822, 0.000000000000000000 ) ) ;
#3413 = CARTESIAN_POINT ( 'NONE',  ( 2.807227889249591435, 7.010950980695674239, -5.310293540432657444 ) ) ;
#3414 = ORIENTED_EDGE ( 'NONE', *, *, #6388, .T. ) ;
#3415 = CARTESIAN_POINT ( 'NONE',  ( 119.4078087166814157, 5.173951424193835358, 0.3712765606613549485 ) ) ;
#3416 = CARTESIAN_POINT ( 'NONE',  ( 7.641386255029269492, 4.613559028515479277, 7.758179078349004776 ) ) ;
#3417 = VERTEX_POINT ( 'NONE', #1295 ) ;
#3418 = CARTESIAN_POINT ( 'NONE',  ( -4.919349136021041069, 7.414194811755002945, -3.452089842090590555 ) ) ;
#3419 = VERTEX_POINT ( 'NONE', #2413 ) ;
#3420 = CARTESIAN_POINT ( 'NONE',  ( -25.91558828171123707, -0.4528243469996219295, -16.61907327405380030 ) ) ;
#3421 = CARTESIAN_POINT ( 'NONE',  ( -7.409692871862092467, 6.524654795924134554, 6.120341932084929049 ) ) ;
#3422 = CARTESIAN_POINT ( 'NONE',  ( -59.29233478626877485, 7.668438274531833798, 7.613214913501126446 ) ) ;
#3423 = CARTESIAN_POINT ( 'NONE',  ( 65.03148840711763512, 2.476977365579477119, 12.39120185026779630 ) ) ;
#3424 = CARTESIAN_POINT ( 'NONE',  ( -97.09872180458715718, 4.324308718196610890, -7.077435913500814912 ) ) ;
#3425 = CARTESIAN_POINT ( 'NONE',  ( -59.26335812459012686, 7.430402997400146425, 7.434979142116618256 ) ) ;
#3426 = CARTESIAN_POINT ( 'NONE',  ( 34.91293539992230421, 8.990078634032331095, -11.26232337951660512 ) ) ;
#3427 = CARTESIAN_POINT ( 'NONE',  ( -1.731022089695301469, 4.102435196100595149, -5.756080104061356728 ) ) ;
#3428 = CARTESIAN_POINT ( 'NONE',  ( 119.6379058579266541, 2.009625311749043242, 12.19103285935299930 ) ) ;
#3429 = CARTESIAN_POINT ( 'NONE',  ( 1.744079430996775537, 3.977149904338522557, 5.833559861126784263 ) ) ;
#3430 = CARTESIAN_POINT ( 'NONE',  ( 103.5864286957093867, 6.185326336954308779, -5.314799369143435648 ) ) ;
#3431 = CARTESIAN_POINT ( 'NONE',  ( -44.41635458667880698, 8.483550190026194926, 8.822540481375833465 ) ) ;
#3432 = CARTESIAN_POINT ( 'NONE',  ( -14.21629175633891506, 3.634117411638291273, -10.30109207922710191 ) ) ;
#3433 = ORIENTED_EDGE ( 'NONE', *, *, #1226, .T. ) ;
#3434 = CARTESIAN_POINT ( 'NONE',  ( -117.8136520385742188, 6.971278147278866300, 2.502082347869879708 ) ) ;
#3435 = FACE_OUTER_BOUND ( 'NONE', #5674, .T. ) ;
#3436 = CARTESIAN_POINT ( 'NONE',  ( -1.231653667943533037E-13, 15.44337567297413649, 0.000000000000000000 ) ) ;
#3437 = CARTESIAN_POINT ( 'NONE',  ( -1.731448260212691270, 4.192650577675101076, -5.744731753733194779 ) ) ;
#3438 = CARTESIAN_POINT ( 'NONE',  ( -46.68016007070868767, 0.2924603863023936268, -15.88525787635209419 ) ) ;
#3439 = CARTESIAN_POINT ( 'NONE',  ( 5.376644370139884721, 8.616118204712927664, -3.246720509077812622 ) ) ;
#3440 = CARTESIAN_POINT ( 'NONE',  ( -56.30365371704101563, 9.209449560819640723, 12.84433937072754262 ) ) ;
#3441 = DIRECTION ( 'NONE',  ( 0.000000000000000000, 0.000000000000000000, -1.000000000000000000 ) ) ;
#3442 = ORIENTED_EDGE ( 'NONE', *, *, #3449, .T. ) ;
#3443 = VERTEX_POINT ( 'NONE', #2821 ) ;
#3444 = CARTESIAN_POINT ( 'NONE',  ( 50.73624294053499995, 7.689089970670968555, -8.341433651905584057 ) ) ;
#3445 = LINE ( 'NONE', #5018, #244 ) ;
#3446 = AXIS2_PLACEMENT_3D ( 'NONE', #5632, #395, #3542 ) ;
#3447 = CARTESIAN_POINT ( 'NONE',  ( -109.5087580128618185, 4.784689623136557657, -4.971366968152800325 ) ) ;
#3448 = CARTESIAN_POINT ( 'NONE',  ( 21.21665084662625134, 0.6302499488876511791, 14.16055509745549834 ) ) ;
#3449 = EDGE_CURVE ( 'NONE', #4114, #5946, #3630, .T. ) ;
#3450 = AXIS2_PLACEMENT_3D ( 'NONE', #5790, #1033, #6342 ) ;
#3451 = CARTESIAN_POINT ( 'NONE',  ( -119.6567264797220815, 6.579690071706801646, -1.989319150081693355 ) ) ;
#3452 = ORIENTED_EDGE ( 'NONE', *, *, #1464, .F. ) ;
#3453 = CYLINDRICAL_SURFACE ( 'NONE', #4540, 4.000000000000020428 ) ;
#3454 = CARTESIAN_POINT ( 'NONE',  ( 18.12826580505256757, 2.263586208402876387, 12.56624123429421047 ) ) ;
#3455 = VERTEX_POINT ( 'NONE', #4475 ) ;
#3456 = CARTESIAN_POINT ( 'NONE',  ( -3.772173456007475778, 6.270570570550279221, -4.675610650314163230 ) ) ;
#3457 = VERTEX_POINT ( 'NONE', #3059 ) ;
#3458 = CARTESIAN_POINT ( 'NONE',  ( -28.79833675884593447, -2.958022293852396345, -19.23857567309587679 ) ) ;
#3459 = CARTESIAN_POINT ( 'NONE',  ( -13.15802928080925227, 6.957564825191540514, 6.713953388863917127 ) ) ;
#3460 = CARTESIAN_POINT ( 'NONE',  ( -69.83394462868275809, 7.450749665393059828, 6.953291781901836721 ) ) ;
#3461 = CIRCLE ( 'NONE', #5204, 0.2499999999999983902 ) ;
#3462 = CARTESIAN_POINT ( 'NONE',  ( 64.50434954085015704, 2.023728894117436727, 12.19168369388120787 ) ) ;
#3463 = DIRECTION ( 'NONE',  ( -0.000000000000000000, -1.000000000000000000, -0.000000000000000000 ) ) ;
#3464 = CARTESIAN_POINT ( 'NONE',  ( 13.37061255260381643, 3.577227240411953169, 9.980910684816780787 ) ) ;
#3465 = CARTESIAN_POINT ( 'NONE',  ( 32.97597214493354301, -3.810383516183324826, 19.47144317626952059 ) ) ;
#3466 = SPHERICAL_SURFACE ( 'NONE', #2561, 0.2500000000000000000 ) ;
#3467 = CARTESIAN_POINT ( 'NONE',  ( 116.2659824925993490, 1.683634810793645631, 12.39130552695055876 ) ) ;
#3468 = DIRECTION ( 'NONE',  ( -0.000000000000000000, -1.000000000000000000, -0.000000000000000000 ) ) ;
#3469 = CARTESIAN_POINT ( 'NONE',  ( 103.5851992515353572, 5.971642305674887297, -5.313367652260539309 ) ) ;
#3470 = CARTESIAN_POINT ( 'NONE',  ( -22.32243972748463179, 8.085396136916743970, 8.437254321036059324 ) ) ;
#3471 = CARTESIAN_POINT ( 'NONE',  ( -119.1805863137458346, 5.916680946656306617, 2.400399537720151244 ) ) ;
#3472 = AXIS2_PLACEMENT_3D ( 'NONE', #5080, #4630, #2530 ) ;
#3473 = ORIENTED_EDGE ( 'NONE', *, *, #4331, .F. ) ;
#3474 = CARTESIAN_POINT ( 'NONE',  ( -98.43954467773437500, 5.523492844282209546, 7.394506931304936970 ) ) ;
#3475 = DIRECTION ( 'NONE',  ( 0.000000000000000000, 0.000000000000000000, -1.000000000000000000 ) ) ;
#3476 = CARTESIAN_POINT ( 'NONE',  ( -8.315488359980300004, 3.760606824909845436, -7.715219752610036785 ) ) ;
#3477 = CARTESIAN_POINT ( 'NONE',  ( 36.64598107260584925, 8.632878098307061876, -9.603139000591289332 ) ) ;
#3478 = CARTESIAN_POINT ( 'NONE',  ( 2.623229523566931398, 4.303383790618765303, 6.786012850905688509 ) ) ;
#3479 = CARTESIAN_POINT ( 'NONE',  ( 4.603781859369258100, 8.130136901554919859, -3.856647508750798536 ) ) ;
#3480 = CARTESIAN_POINT ( 'NONE',  ( -122.0637893676757813, 5.256314070402230421, -3.301088809967034354 ) ) ;
#3481 = EDGE_CURVE ( 'NONE', #597, #4114, #3298, .T. ) ;
#3482 = ORIENTED_EDGE ( 'NONE', *, *, #2815, .T. ) ;
#3483 = B_SPLINE_CURVE_WITH_KNOTS ( 'NONE', 3,
 ( #2405, #6601, #2331, #4430, #6011, #1952, #5083, #2532, #945, #6154, #6184, #6729, #5702, #3513, #1494, #426, #1009, #2437, #399, #4122, #1461, #333, #3082, #1524 ),
 .UNSPECIFIED., .F., .F.,
 ( 4, 2, 2, 2, 2, 2, 2, 2, 2, 2, 2, 4 ),
 ( 0.1283069065314357271, 0.1293033353065337621, 0.1302997640816317693, 0.1312961928567298042, 0.1317944072442787939, 0.1322926216318278114, 0.1327908360193768289, 0.1332890504069258464, 0.1342854791820238813, 0.1352819079571219441, 0.1357801223446709338, 0.1362783367322199513 ),
 .UNSPECIFIED. ) ;
#3484 = CARTESIAN_POINT ( 'NONE',  ( 71.85923614216875421, 7.293931759872342546, -6.850607612362890286 ) ) ;
#3485 = CARTESIAN_POINT ( 'NONE',  ( 8.514656310195185540, 6.731669131771802483, -6.224953790580060264 ) ) ;
#3486 = CARTESIAN_POINT ( 'NONE',  ( -107.9555246455649637, 4.738502976908790743, -5.220912007025012791 ) ) ;
#3487 = CARTESIAN_POINT ( 'NONE',  ( -9.637911040523409630E-14, -1.000000000000018208, 5.999999999999998224 ) ) ;
#3488 = CARTESIAN_POINT ( 'NONE',  ( 2.552368858704558541, 6.463245982890923891, -6.002003839226408566 ) ) ;
#3489 = CARTESIAN_POINT ( 'NONE',  ( 2.295566767369326300, 6.343742903951032908, -5.877363146179056308 ) ) ;
#3490 = CARTESIAN_POINT ( 'NONE',  ( 2.317288166397563298, 6.953194648178602222, -5.734236491347347808 ) ) ;
#3491 = CARTESIAN_POINT ( 'NONE',  ( 2.279144312928191862, 6.256257383894238799, -5.548628326630664631 ) ) ;
#3492 = EDGE_LOOP ( 'NONE', ( #1741, #2896, #5822, #6040, #5973 ) ) ;
#3493 = CARTESIAN_POINT ( 'NONE',  ( -28.02843962591687443, -1.503416151121960809, -17.12420058463847639 ) ) ;
#3494 = CARTESIAN_POINT ( 'NONE',  ( -18.32274144410441252, 7.577531577749424763, 7.706455939390933096 ) ) ;
#3495 = CARTESIAN_POINT ( 'NONE',  ( -119.4064522260078292, 5.721572179635850297, -1.959986551824236312 ) ) ;
#3496 = CARTESIAN_POINT ( 'NONE',  ( 74.94757136180665213, 1.590019848105776346, 13.08463330147880832 ) ) ;
#3497 = CARTESIAN_POINT ( 'NONE',  ( -28.03302163518032941, -1.504728056628681365, -17.12576671576057663 ) ) ;
#3498 = EDGE_CURVE ( 'NONE', #1432, #661, #835, .T. ) ;
#3499 = CARTESIAN_POINT ( 'NONE',  ( 10.39537370526772975, 4.155971581342432053, 8.681441847782531696 ) ) ;
#3500 = CARTESIAN_POINT ( 'NONE',  ( 34.23240912816007864, 3.881776887479841953, 6.075063228607170629 ) ) ;
#3501 = CARTESIAN_POINT ( 'NONE',  ( 1.672673523993449596, 4.423366664880442833, 6.681295894286593651 ) ) ;
#3502 = EDGE_CURVE ( 'NONE', #5007, #970, #5609, .T. ) ;
#3503 = CARTESIAN_POINT ( 'NONE',  ( 116.4441052178273708, 5.132501937170456330, 3.382213308527543205 ) ) ;
#3504 = CARTESIAN_POINT ( 'NONE',  ( 119.1109468408287597, 5.990060001080771634, -2.981266678181846430 ) ) ;
#3505 = CARTESIAN_POINT ( 'NONE',  ( 71.93401187842806621, 6.883633842506220013, -6.843963707838955024 ) ) ;
#3506 = CARTESIAN_POINT ( 'NONE',  ( -17.65974608186481731, 8.019953229567942543, 7.508485068746300506 ) ) ;
#3507 = ORIENTED_EDGE ( 'NONE', *, *, #3155, .F. ) ;
#3508 = CARTESIAN_POINT ( 'NONE',  ( -62.14291381835938211, -4.940456836046194233, -19.17499160766601207 ) ) ;
#3509 = CARTESIAN_POINT ( 'NONE',  ( -2.608357436287233266, 6.020504305658914035, 5.860186653873221019 ) ) ;
#3510 = CARTESIAN_POINT ( 'NONE',  ( -14.29263509412194644, 2.833041404745533676, -10.11739730331960807 ) ) ;
#3511 = CARTESIAN_POINT ( 'NONE',  ( 1.914635886140723553, 4.906010856174059853, 6.596013931986105305 ) ) ;
#3512 = CARTESIAN_POINT ( 'NONE',  ( 3.555970064621743809, 4.253000157276277449, 6.894907515640150919 ) ) ;
#3513 = CARTESIAN_POINT ( 'NONE',  ( 119.1820358826188482, 6.227543771868016442, -2.412327921257003904 ) ) ;
#3514 = CARTESIAN_POINT ( 'NONE',  ( -105.7220449357203620, 6.451644931372048752, 5.645665848161469214 ) ) ;
#3515 = PERSON_AND_ORGANIZATION ( #4636, #854 ) ;
#3516 = ORIENTED_EDGE ( 'NONE', *, *, #5882, .T. ) ;
#3517 =( BOUNDED_SURFACE ( )  B_SPLINE_SURFACE ( 3, 2, ( 
 ( #2513, #6708, #2417 ),
 ( #6581, #3000, #926 ),
 ( #1440, #3931, #5095 ),
 ( #6026, #4482, #827 ),
 ( #4991, #2448, #1931 ),
 ( #5027, #1301, #275 ),
 ( #2970, #2383, #3456 ),
 ( #6101, #1964, #4066 ),
 ( #1894, #312, #1856 ),
 ( #6063, #3557, #3967 ),
 ( #5650, #3418, #4035 ),
 ( #6612, #5062, #5129 ),
 ( #2027, #29, #541 ),
 ( #4748, #5160, #2617 ),
 ( #957, #1505, #3589 ),
 ( #987, #5783, #4199 ),
 ( #6229, #1094, #4236 ),
 ( #5233, #5269, #4098 ),
 ( #5681, #2653, #6811 ),
 ( #2542, #4643, #3132 ),
 ( #4133, #2135, #6334 ),
 ( #3062, #3167, #6265 ),
 ( #6777, #1538, #1606 ),
 ( #4715, #2099, #6298 ),
 ( #3618, #471, #3722 ),
 ( #1574, #435, #1025 ),
 ( #6741, #3202, #508 ),
 ( #3691, #5817, #2690 ),
 ( #3652, #1060, #5302 ),
 ( #2060, #576, #1994 ),
 ( #4782, #5713, #2580 ),
 ( #4678, #6195, #1475 ),
 ( #3093, #5195, #4166 ),
 ( #5744, #2267, #1227 ) ),
 .UNSPECIFIED., .F., .F., .F. ) 
 B_SPLINE_SURFACE_WITH_KNOTS ( ( 4, 2, 2, 2, 2, 2, 2, 2, 2, 2, 2, 2, 2, 2, 2, 2, 4 ),
 ( 3, 3 ),
 ( 0.003985009477891849651, 0.005015505064073074934, 0.006046000650254299350, 0.007076496236435523765, 0.008106991822616748181, 0.009137487408797974331, 0.01016798299497919875, 0.01119847858116042316, 0.01222897416734164758, 0.01325946975352287199, 0.01428996533970409814, 0.01532046092588532429, 0.01635095651206654871, 0.01686620430515715918, 0.01738145209824777312, 0.01841194768442899754, 0.02047293885679144637 ),
 ( 0.000000000000000000, 1.000000000000000000 ),
 .UNSPECIFIED. ) 
 GEOMETRIC_REPRESENTATION_ITEM ( )  RATIONAL_B_SPLINE_SURFACE ( (
 ( 1.000000000000000000, 0.4094872086509014353, 1.000000000000000000),
 ( 1.000000000000000000, 0.4241329444901953960, 1.000000000000000000),
 ( 1.000000000000000000, 0.4398679338528631022, 1.000000000000000000),
 ( 1.000000000000000000, 0.4709663700037536871, 1.000000000000000000),
 ( 1.000000000000000000, 0.4863539508560291158, 1.000000000000000000),
 ( 1.000000000000000000, 0.5159722640713435560, 1.000000000000000000),
 ( 1.000000000000000000, 0.5302023848947000628, 1.000000000000000000),
 ( 1.000000000000000000, 0.5570316764377939434, 1.000000000000000000),
 ( 1.000000000000000000, 0.5694671010546531464, 1.000000000000000000),
 ( 1.000000000000000000, 0.5922376231302112215, 1.000000000000000000),
 ( 1.000000000000000000, 0.6026826852996204353, 1.000000000000000000),
 ( 1.000000000000000000, 0.6221399969139901343, 1.000000000000000000),
 ( 1.000000000000000000, 0.6312172400195497080, 1.000000000000000000),
 ( 1.000000000000000000, 0.6478208700870404790, 1.000000000000000000),
 ( 1.000000000000000000, 0.6553695969395942900, 1.000000000000000000),
 ( 1.000000000000000000, 0.6691497599539106833, 1.000000000000000000),
 ( 1.000000000000000000, 0.6753523894675101946, 1.000000000000000000),
 ( 1.000000000000000000, 0.6860032413106023075, 1.000000000000000000),
 ( 1.000000000000000000, 0.6905132282830804824, 1.000000000000000000),
 ( 1.000000000000000000, 0.6975097555837558305, 1.000000000000000000),
 ( 1.000000000000000000, 0.6999236356470224241, 1.000000000000000000),
 ( 1.000000000000000000, 0.7018838185894840098, 1.000000000000000000),
 ( 1.000000000000000000, 0.7019730333222863328, 1.000000000000000000),
 ( 1.000000000000000000, 0.6936901591011274126, 1.000000000000000000),
 ( 1.000000000000000000, 0.6854892243018092524, 1.000000000000000000),
 ( 1.000000000000000000, 0.6663546871645752434, 1.000000000000000000),
 ( 1.000000000000000000, 0.6588572889601240767, 1.000000000000000000),
 ( 1.000000000000000000, 0.6417768508187924326, 1.000000000000000000),
 ( 1.000000000000000000, 0.6321331133053930129, 1.000000000000000000),
 ( 1.000000000000000000, 0.6012898951678201653, 1.000000000000000000),
 ( 1.000000000000000000, 0.5781339754355293570, 1.000000000000000000),
 ( 1.000000000000000000, 0.5066582748613032150, 1.000000000000000000),
 ( 1.000000000000000000, 0.4561922422484181450, 1.000000000000000000),
 ( 1.000000000000000000, 0.4161888143423551623, 1.000000000000000000) ) ) 
 REPRESENTATION_ITEM ( '' )  SURFACE ( )  );
#3518 = CARTESIAN_POINT ( 'NONE',  ( 105.7046175941408137, 6.325303857853558753, -5.134133779988445667 ) ) ;
#3519 = CARTESIAN_POINT ( 'NONE',  ( -5.136266910595257862, 4.670405417762715672, 3.115000427632669489 ) ) ;
#3520 = CARTESIAN_POINT ( 'NONE',  ( -113.3793802969948814, 5.407186644366489325, -4.416315231499578609 ) ) ;
#3521 = CARTESIAN_POINT ( 'NONE',  ( 6.592378346779300458, 4.781627892692870141, 7.380592071113706076 ) ) ;
#3522 = CARTESIAN_POINT ( 'NONE',  ( 1.702444911963594709, 5.041134126739390098, 6.114898411972627734 ) ) ;
#3523 = CARTESIAN_POINT ( 'NONE',  ( -9.920715774745902493, 7.573888579373400098, 6.321123413955263004 ) ) ;
#3524 = CARTESIAN_POINT ( 'NONE',  ( 36.95987716570553516, -2.391398082840339168, 20.60619926452635653 ) ) ;
#3525 = VERTEX_POINT ( 'NONE', #403 ) ;
#3526 = CARTESIAN_POINT ( 'NONE',  ( -34.11643463956053068, -2.051958082788288618, -18.51072385872365800 ) ) ;
#3527 = CARTESIAN_POINT ( 'NONE',  ( -19.36946545314141943, 7.487749409386483812, 7.895833660870443360 ) ) ;
#3528 = CARTESIAN_POINT ( 'NONE',  ( 0.000000000000000000, 3.365003494668334927, 21.91068183522258295 ) ) ;
#3529 = CARTESIAN_POINT ( 'NONE',  ( 83.60428419132918521, 3.833651845251144330, 9.179926251723388830 ) ) ;
#3530 = CARTESIAN_POINT ( 'NONE',  ( -32.53913055876160598, -2.384494653499538153, -18.13572614107250658 ) ) ;
#3531 = DIRECTION ( 'NONE',  ( -0.000000000000000000, -1.000000000000000000, -0.000000000000000000 ) ) ;
#3532 = CARTESIAN_POINT ( 'NONE',  ( 121.6005176863014725, 5.257677764997185754, -3.360336303710957484 ) ) ;
#3533 = DIRECTION ( 'NONE',  ( 0.000000000000000000, 0.000000000000000000, -1.000000000000000000 ) ) ;
#3534 = CARTESIAN_POINT ( 'NONE',  ( 118.8238335871112810, 1.778399220299404559, 12.58621734584813190 ) ) ;
#3535 = CARTESIAN_POINT ( 'NONE',  ( 4.788562279680830258, 6.548672586103680082, -6.303329484568586771 ) ) ;
#3536 = CARTESIAN_POINT ( 'NONE',  ( -117.4823678234835000, 6.365154364412028976, 4.340290075016035587 ) ) ;
#3537 = CARTESIAN_POINT ( 'NONE',  ( -8.304095349374174262, 7.433768557933049692, 6.205896832214600423 ) ) ;
#3538 = ADVANCED_FACE ( 'NONE', ( #2057 ), #6774, .T. ) ;
#3539 = EDGE_CURVE ( 'NONE', #1490, #4347, #1844, .T. ) ;
#3540 = VERTEX_POINT ( 'NONE', #6705 ) ;
#3541 = CARTESIAN_POINT ( 'NONE',  ( -4.739367485046395601, -5.347802607835803634, -15.16591072082519709 ) ) ;
#3542 = DIRECTION ( 'NONE',  ( 0.000000000000000000, 0.000000000000000000, 1.000000000000000000 ) ) ;
#3543 = CARTESIAN_POINT ( 'NONE',  ( 3.389663341089039772, 4.262603266210772901, 6.885316423119419049 ) ) ;
#3544 = CARTESIAN_POINT ( 'NONE',  ( 1.702628713339680688, 5.044845790308538191, 6.111395028263935991 ) ) ;
#3545 = CARTESIAN_POINT ( 'NONE',  ( 8.117281141999024285, 3.983871537081919545, 7.891403497273514311 ) ) ;
#3546 = CARTESIAN_POINT ( 'NONE',  ( -18.12156598394140872, 1.816254623666523571, -12.28308533578212725 ) ) ;
#3547 = CARTESIAN_POINT ( 'NONE',  ( -9.714451465470119729E-14, 6.777350269189689413, 0.000000000000000000 ) ) ;
#3548 = DATE_TIME_ROLE ( 'classification_date' ) ;
#3549 = VERTEX_POINT ( 'NONE', #5678 ) ;
#3550 = CARTESIAN_POINT ( 'NONE',  ( 119.4087961517219441, 5.412142230910065521, 2.023398177648711105 ) ) ;
#3551 = CARTESIAN_POINT ( 'NONE',  ( -5.991721936331284581, 3.867790871918430629, -0.4467564542208249945 ) ) ;
#3552 = CARTESIAN_POINT ( 'NONE',  ( -116.2717192621884124, 5.651718668362625486, -3.456372047773919487 ) ) ;
#3553 = CARTESIAN_POINT ( 'NONE',  ( 119.3914097408428177, 5.134789198259985810, 0.6720666851566967637 ) ) ;
#3554 = LINE ( 'NONE', #4033, #362 ) ;
#3555 = CARTESIAN_POINT ( 'NONE',  ( -37.02548044914611580, 8.826227955138396197, 9.421707799375617753 ) ) ;
#3556 = TOROIDAL_SURFACE ( 'NONE', #4970, 4.500000000000000888, 0.5000000000000004441 ) ;
#3557 = CARTESIAN_POINT ( 'NONE',  ( -4.733635966089019931, 7.288994788454839835, -3.701610260420836962 ) ) ;
#3558 = ORIENTED_EDGE ( 'NONE', *, *, #2147, .T. ) ;
#3559 = CARTESIAN_POINT ( 'NONE',  ( -46.21019081305728093, -0.2206859352518715789, -15.72146782646588115 ) ) ;
#3560 = CARTESIAN_POINT ( 'NONE',  ( -65.60215217521096065, 7.532624981518933005, 7.190922576375116115 ) ) ;
#3561 = CARTESIAN_POINT ( 'NONE',  ( -1.712188653619264089, 5.052725502386747891, -6.111395028268366225 ) ) ;
#3562 = CARTESIAN_POINT ( 'NONE',  ( 80.47817247320189438, 3.253277976375935854, 9.388493841091506198 ) ) ;
#3563 = CIRCLE ( 'NONE', #6304, 30.00000000000000355 ) ;
#3564 = DIRECTION ( 'NONE',  ( -0.08526425572249862750, 0.9963583726230680337, 0.000000000000000000 ) ) ;
#3565 = CARTESIAN_POINT ( 'NONE',  ( 118.1464534414893706, 2.521193458078234695, 9.284583091735818527 ) ) ;
#3566 = AXIS2_PLACEMENT_3D ( 'NONE', #4102, #511, #960 ) ;
#3567 = DIRECTION ( 'NONE',  ( -0.000000000000000000, -1.000000000000000000, -0.000000000000000000 ) ) ;
#3568 = CARTESIAN_POINT ( 'NONE',  ( 116.2637037106821367, 5.115141749935742332, 3.456372047770539080 ) ) ;
#3569 = CARTESIAN_POINT ( 'NONE',  ( 4.621129101865365740, 5.037695926697046467, -3.826136130790020129 ) ) ;
#3570 = CARTESIAN_POINT ( 'NONE',  ( -117.1861267749566338, 6.317731889387525612, 4.475595756918166579 ) ) ;
#3571 = CARTESIAN_POINT ( 'NONE',  ( -6.780382624323526564, 7.212115455589177770, 6.092812371975941055 ) ) ;
#3572 = AXIS2_PLACEMENT_3D ( 'NONE', #2108, #3106, #6752 ) ;
#3573 = ORIENTED_EDGE ( 'NONE', *, *, #216, .T. ) ;
#3574 = CARTESIAN_POINT ( 'NONE',  ( -37.00337982177735086, -2.220727412523270328, -20.60619926452636363 ) ) ;
#3575 = CARTESIAN_POINT ( 'NONE',  ( -1.955864424136558588, 3.926165692675636087, -6.014264994549617604 ) ) ;
#3576 = CARTESIAN_POINT ( 'NONE',  ( 2.470711339293975239, 4.317411045238305434, 6.785171057543370132 ) ) ;
#3577 = CARTESIAN_POINT ( 'NONE',  ( 6.135687696288422366, 6.448380151234767155, -5.974159534182432729 ) ) ;
#3578 = VECTOR ( 'NONE', #2942, 999.9999999999998863 ) ;
#3579 = CARTESIAN_POINT ( 'NONE',  ( -92.98279800668174744, 4.584618669145192449, -7.956319751942540819 ) ) ;
#3580 = CARTESIAN_POINT ( 'NONE',  ( 0.000000000000000000, 12.99999999999999822, -6.500000000000000888 ) ) ;
#3581 = CARTESIAN_POINT ( 'NONE',  ( -119.1856384277343750, 0.6228366209851147195, -15.54623699188231711 ) ) ;
#3582 = VERTEX_POINT ( 'NONE', #5156 ) ;
#3583 = CARTESIAN_POINT ( 'NONE',  ( -27.64898097266079446, 8.518800332509195883, 9.257235494961269850 ) ) ;
#3584 = ADVANCED_FACE ( 'NONE', ( #432 ), #3776, .T. ) ;
#3585 = CARTESIAN_POINT ( 'NONE',  ( -4.801962602247484391, 6.483133899092854868, 6.234199713409527277 ) ) ;
#3586 = CARTESIAN_POINT ( 'NONE',  ( -2.283107464193438130, 6.266784807924369538, 5.548628326630665519 ) ) ;
#3587 = CARTESIAN_POINT ( 'NONE',  ( 1.915918157713308645, 4.080347092716202440, 6.468288045926156471 ) ) ;
#3588 = CARTESIAN_POINT ( 'NONE',  ( 2.555211515293952740, 6.104084171017653659, -5.971940612615003197 ) ) ;
#3589 = CARTESIAN_POINT ( 'NONE',  ( -5.776315039487280423, 7.816504334470515403, -1.654058920126517229 ) ) ;
#3590 = CARTESIAN_POINT ( 'NONE',  ( -53.71495471870338889, 1.612986040234359875, -14.20198003291348776 ) ) ;
#3591 = CARTESIAN_POINT ( 'NONE',  ( -63.49570567660288134, 7.385200818267083633, 7.317870043079648390 ) ) ;
#3592 = CARTESIAN_POINT ( 'NONE',  ( -1.685497233179674703, 4.442080375314663598, -6.728719222966402569 ) ) ;
#3593 = CARTESIAN_POINT ( 'NONE',  ( 104.0414760834727588, 2.603616022092216653, 10.12326489230853710 ) ) ;
#3594 = CARTESIAN_POINT ( 'NONE',  ( -119.6685756905259979, 6.669762793664438583, 1.470041114717551833 ) ) ;
#3595 = CARTESIAN_POINT ( 'NONE',  ( 127.4527409164436023, 5.316257594343797521, -3.077728986740133177 ) ) ;
#3596 = CARTESIAN_POINT ( 'NONE',  ( 2.297088991842671568, 6.607724615194820572, -5.891368335048936089 ) ) ;
#3597 = CARTESIAN_POINT ( 'NONE',  ( 31.73497248516457603, 8.724641539432870019, -9.485774086421461249 ) ) ;
#3598 = DIRECTION ( 'NONE',  ( -0.08497636621444815130, 0.9963829671290995726, -1.387778780781445676E-14 ) ) ;
#3599 = CARTESIAN_POINT ( 'NONE',  ( -6.043447875885010312, 7.068907348433213222, 6.127915433909504550 ) ) ;
#3600 = ORIENTED_EDGE ( 'NONE', *, *, #5127, .T. ) ;
#3601 = CARTESIAN_POINT ( 'NONE',  ( -76.39117431640625000, 5.404613049207725339, -8.020893096923824572 ) ) ;
#3602 = CARTESIAN_POINT ( 'NONE',  ( 119.6804803763340317, 5.313790369709575856, -1.196513789477420042 ) ) ;
#3603 =( GEOMETRIC_REPRESENTATION_CONTEXT ( 3 ) GLOBAL_UNCERTAINTY_ASSIGNED_CONTEXT ( ( #818 ) ) GLOBAL_UNIT_ASSIGNED_CONTEXT ( ( #4156, #4126, #6731 ) ) REPRESENTATION_CONTEXT ( 'NONE', 'WORKASPACE' ) );
#3604 = CARTESIAN_POINT ( 'NONE',  ( 1.533917044139357699, 4.205736726822457250, 6.722090870049364675 ) ) ;
#3605 = CARTESIAN_POINT ( 'NONE',  ( 80.04577674422318978, 6.187107434308108722, -6.476445696526978324 ) ) ;
#3606 = CARTESIAN_POINT ( 'NONE',  ( 13.30639545841850158, 3.209213055061301390, 9.952434064773047595 ) ) ;
#3607 = CARTESIAN_POINT ( 'NONE',  ( -14.01547654261760201, 3.117405611000408250, -10.30487966177045855 ) ) ;
#3608 = DIRECTION ( 'NONE',  ( -0.000000000000000000, -1.000000000000000000, -0.000000000000000000 ) ) ;
#3609 = DATE_TIME_ROLE ( 'creation_date' ) ;
#3610 = EDGE_LOOP ( 'NONE', ( #5441, #4832, #6227, #2678, #2526, #1552 ) ) ;
#3611 = DIRECTION ( 'NONE',  ( -0.000000000000000000, -1.000000000000000000, -0.000000000000000000 ) ) ;
#3612 = CARTESIAN_POINT ( 'NONE',  ( -50.74977145932882650, 7.922681927454778616, 8.339917520433063558 ) ) ;
#3613 = CARTESIAN_POINT ( 'NONE',  ( -119.7916346688275695, 2.620260485208046219, -12.07816577605833430 ) ) ;
#3614 = CARTESIAN_POINT ( 'NONE',  ( 119.4353336578214453, 5.307258212008809650, -1.047417093446362912 ) ) ;
#3615 = CARTESIAN_POINT ( 'NONE',  ( -2.825482444697214213, 3.960156950680838062, -5.330736751753310187 ) ) ;
#3616 = ADVANCED_FACE ( 'NONE', ( #604 ), #2930, .T. ) ;
#3617 = CARTESIAN_POINT ( 'NONE',  ( -84.55173725197599310, 7.395912261242751029, 6.088649285703902514 ) ) ;
#3618 = CARTESIAN_POINT ( 'NONE',  ( -5.369683807056762070, 8.640915423063615819, 3.246720509078067973 ) ) ;
#3619 = CARTESIAN_POINT ( 'NONE',  ( -38.78173927761971385, -1.975555867198769855, -17.70253412950878769 ) ) ;
#3620 = CARTESIAN_POINT ( 'NONE',  ( -97.25652553357717522, 6.820871664177768245, 5.532351615745482398 ) ) ;
#3621 = DIRECTION ( 'NONE',  ( -0.4980163990114792050, 0.002298364044124670720, 0.8671645656035306127 ) ) ;
#3622 = CARTESIAN_POINT ( 'NONE',  ( 99.33891289440711603, 2.558843796925938552, 10.38450514241903200 ) ) ;
#3623 = CARTESIAN_POINT ( 'NONE',  ( -119.4538264409003290, 6.459294626827922770, 0.1762816709251846803 ) ) ;
#3624 = CARTESIAN_POINT ( 'NONE',  ( -2.286000258699966814, 6.892841610840361177, 5.626064819312902365 ) ) ;
#3625 = CARTESIAN_POINT ( 'NONE',  ( 15.61469284066508401, 0.6656063808654780756, -14.36346244812011896 ) ) ;
#3626 = CARTESIAN_POINT ( 'NONE',  ( 30.68048787368735830, 8.514195310954619345, -9.526803696834859281 ) ) ;
#3627 = CARTESIAN_POINT ( 'NONE',  ( -9.662403976506356660E-14, -0.5000000000000177636, 4.000000000000000000 ) ) ;
#3628 = CARTESIAN_POINT ( 'NONE',  ( -119.6520929601429657, 6.036116026788231892, -0.6664651298535527735 ) ) ;
#3629 = CARTESIAN_POINT ( 'NONE',  ( -1.730967782882253836, 4.518129208949110520, -5.744876568438826325 ) ) ;
#3630 = B_SPLINE_CURVE_WITH_KNOTS ( 'NONE', 3,
 ( #4512, #3996, #2302, #6260 ),
 .UNSPECIFIED., .F., .F.,
 ( 4, 4 ),
 ( 0.0002559969888155441816, 0.002499436789219059742 ),
 .UNSPECIFIED. ) ;
#3631 = CARTESIAN_POINT ( 'NONE',  ( -2.493194189902078861, 6.003789298360121762, 5.850254780707079050 ) ) ;
#3632 = ORIENTED_EDGE ( 'NONE', *, *, #920, .T. ) ;
#3633 = CARTESIAN_POINT ( 'NONE',  ( -49.14079284667968750, 3.046090634046564993, -13.58043098449706676 ) ) ;
#3634 = CARTESIAN_POINT ( 'NONE',  ( -9.714451465470119729E-14, 14.28867513459489835, -2.000000000000024869 ) ) ;
#3635 = CARTESIAN_POINT ( 'NONE',  ( 18.68914908997753344, 1.377798316257926370, 13.02423928873856518 ) ) ;
#3636 = CARTESIAN_POINT ( 'NONE',  ( -3.994638923158205124, 7.804216084587466185, 4.486434406873688552 ) ) ;
#3637 = CARTESIAN_POINT ( 'NONE',  ( 7.406865193840936001, 6.490465497076668200, -6.120341932084811809 ) ) ;
#3638 = CARTESIAN_POINT ( 'NONE',  ( -10.14959750079776413, 3.557287194311931078, -8.587028737544327939 ) ) ;
#3639 = CARTESIAN_POINT ( 'NONE',  ( -1.611367212047079445, 4.797164980601553275, -6.658420285228984881 ) ) ;
#3640 = B_SPLINE_CURVE_WITH_KNOTS ( 'NONE', 3,
 ( #1405, #433, #3522, #889 ),
 .UNSPECIFIED., .F., .F.,
 ( 4, 4 ),
 ( 7.180769965956608145E-05, 0.001329443701721873781 ),
 .UNSPECIFIED. ) ;
#3641 = COORDINATED_UNIVERSAL_TIME_OFFSET ( 5, 0, .AHEAD. ) ;
#3642 = ORIENTED_EDGE ( 'NONE', *, *, #335, .F. ) ;
#3643 = DIRECTION ( 'NONE',  ( -0.000000000000000000, -1.000000000000000000, -0.000000000000000000 ) ) ;
#3644 = CARTESIAN_POINT ( 'NONE',  ( 3.125628076883580686, 5.421407495799446252, -5.127861135500181078 ) ) ;
#3645 = B_SPLINE_CURVE_WITH_KNOTS ( 'NONE', 3,
 ( #2825, #1199, #3858, #1268 ),
 .UNSPECIFIED., .F., .F.,
 ( 4, 4 ),
 ( 0.000000000000000000, 0.0001810248249239763572 ),
 .UNSPECIFIED. ) ;
#3646 = CARTESIAN_POINT ( 'NONE',  ( -25.57160653443261111, 8.343898986017579844, 8.977883282835584566 ) ) ;
#3647 = CARTESIAN_POINT ( 'NONE',  ( 119.4245566610617999, 6.126425189340465316, -1.447805877722999179 ) ) ;
#3648 = CARTESIAN_POINT ( 'NONE',  ( -117.5211629890871166, 5.296974895427692509, -2.798899143141837964 ) ) ;
#3649 = CARTESIAN_POINT ( 'NONE',  ( 119.4284060692640139, 5.317326878762330011, -1.204081529142084772 ) ) ;
#3650 = CARTESIAN_POINT ( 'NONE',  ( 13.16972821609845390, 6.897650998876717843, -6.715836873642209603 ) ) ;
#3651 = CARTESIAN_POINT ( 'NONE',  ( -7.303624216941561720, 7.448265424594607609, 6.037042850879512201 ) ) ;
#3652 = CARTESIAN_POINT ( 'NONE',  ( -4.667272642455658094, 8.328253535820854481, 4.236070420588874619 ) ) ;
#3653 = CARTESIAN_POINT ( 'NONE',  ( -38.77649555228889255, -1.597080189232264136, -18.02490459166471481 ) ) ;
#3654 = CARTESIAN_POINT ( 'NONE',  ( -103.5896403601973219, 6.663386390269043780, 5.314799369143903718 ) ) ;
#3655 = DIRECTION ( 'NONE',  ( 0.000000000000000000, 0.000000000000000000, -1.000000000000000000 ) ) ;
#3656 = EDGE_CURVE ( 'NONE', #1527, #1409, #803, .T. ) ;
#3657 = EDGE_CURVE ( 'NONE', #3056, #4817, #2237, .T. ) ;
#3658 = CARTESIAN_POINT ( 'NONE',  ( 99.15621715344080656, 3.962951503068670167, 6.705946652375737393 ) ) ;
#3659 = CARTESIAN_POINT ( 'NONE',  ( -119.6656747008046864, 6.430396682554043508, 1.504336103592846419 ) ) ;
#3660 = CARTESIAN_POINT ( 'NONE',  ( 123.2959248120811822, 2.316734814551325794, 9.362627029418922220 ) ) ;
#3661 = CARTESIAN_POINT ( 'NONE',  ( 50.40682740597000588, 8.400368073635588573, -7.558977603912361509 ) ) ;
#3662 = CARTESIAN_POINT ( 'NONE',  ( 25.44083381516605513, 8.399088970462837977, -8.875086025772134235 ) ) ;
#3663 = SPHERICAL_SURFACE ( 'NONE', #2351, 0.2500000000000000000 ) ;
#3664 = CIRCLE ( 'NONE', #5415, 0.5000000000000004441 ) ;
#3665 = CARTESIAN_POINT ( 'NONE',  ( -119.6397925516868952, 5.886512833463771521, -1.311052747496012083 ) ) ;
#3666 = CARTESIAN_POINT ( 'NONE',  ( 2.545718449861788635, 6.437238441261705191, -6.352765402891010105 ) ) ;
#3667 = CARTESIAN_POINT ( 'NONE',  ( -18.85960830319658754, 1.864749986344957255, -13.10949823704327777 ) ) ;
#3668 = ORIENTED_EDGE ( 'NONE', *, *, #3699, .F. ) ;
#3669 = CARTESIAN_POINT ( 'NONE',  ( 1.926583633260707362, 5.106594521885739368, 6.403353233648675591 ) ) ;
#3670 = CARTESIAN_POINT ( 'NONE',  ( 119.6873091510565956, 5.490896346677780926, -0.2161637297490369702 ) ) ;
#3671 = AXIS2_PLACEMENT_3D ( 'NONE', #3909, #2947, #4015 ) ;
#3672 = CARTESIAN_POINT ( 'NONE',  ( -119.6462174884065632, 5.786063969993254119, -1.630455134292451369 ) ) ;
#3673 = CARTESIAN_POINT ( 'NONE',  ( 8.873545054817785882, 3.669621001942779959, 7.889545564601777805 ) ) ;
#3674 = CARTESIAN_POINT ( 'NONE',  ( -5.717883154313121885, 8.474881318523687312, 1.847154012207479878 ) ) ;
#3675 = CARTESIAN_POINT ( 'NONE',  ( 7.681514484260293152, 6.439938419889809751, -6.035426192074449858 ) ) ;
#3676 = CARTESIAN_POINT ( 'NONE',  ( -9.714451465470119729E-14, -42.18829223128360439, 0.000000000000000000 ) ) ;
#3677 = CARTESIAN_POINT ( 'NONE',  ( -8.114887909973795388, 4.605861138628142726, -7.893660139396232900 ) ) ;
#3678 = AXIS2_PLACEMENT_3D ( 'NONE', #6480, #867, #319 ) ;
#3679 = COORDINATED_UNIVERSAL_TIME_OFFSET ( 5, 0, .AHEAD. ) ;
#3680 = ORIENTED_EDGE ( 'NONE', *, *, #780, .F. ) ;
#3681 = DIRECTION ( 'NONE',  ( -0.02926126169038852781, 0.2548846809372473099, -0.9665286224358823342 ) ) ;
#3682 = CARTESIAN_POINT ( 'NONE',  ( 4.807872472851117962, 4.852186551283223181, -4.161816533986223199 ) ) ;
#3683 = CIRCLE ( 'NONE', #4113, 0.2500000000000000000 ) ;
#3684 = CARTESIAN_POINT ( 'NONE',  ( -57.07909499332659919, 7.810470157494170174, 7.790067811268332143 ) ) ;
#3685 = CARTESIAN_POINT ( 'NONE',  ( 88.78199706102724065, 6.924441449770550427, -5.842035446919474850 ) ) ;
#3686 = CARTESIAN_POINT ( 'NONE',  ( 119.4040656185829476, 5.975098598089958024, -2.509193872537788472 ) ) ;
#3687 = EDGE_CURVE ( 'NONE', #5597, #3780, #2812, .T. ) ;
#3688 = CARTESIAN_POINT ( 'NONE',  ( -8.782485961914055395, 11.89314988392444938, 15.63732814788818359 ) ) ;
#3689 = CARTESIAN_POINT ( 'NONE',  ( -68.14133467338020012, 2.611232598689158468, -11.64824444727723396 ) ) ;
#3690 = CARTESIAN_POINT ( 'NONE',  ( 5.399263058859743225, 3.287133708318319414, 3.147636262359182258 ) ) ;
#3691 = CARTESIAN_POINT ( 'NONE',  ( -4.776934125454247670, 8.386105427350035058, 4.102637564016898608 ) ) ;
#3692 = CARTESIAN_POINT ( 'NONE',  ( -60.19528071562979221, 0.8785192711355116479, -14.84312433583308000 ) ) ;
#3693 = CARTESIAN_POINT ( 'NONE',  ( -76.15348545617149512, 7.327087724795280366, 6.629803929722879907 ) ) ;
#3694 = CARTESIAN_POINT ( 'NONE',  ( 116.8059368016333508, 5.965693590325353846, -4.462925595621575425 ) ) ;
#3695 = CARTESIAN_POINT ( 'NONE',  ( 103.0467391155871582, 4.562915846845927881, 6.223747355551989102 ) ) ;
#3696 = CARTESIAN_POINT ( 'NONE',  ( -6.119566288231955475, 3.878374595429377791, 1.511075017391657171 ) ) ;
#3697 = CARTESIAN_POINT ( 'NONE',  ( 39.16998616416353229, 5.350964770612820054, -12.36839771270752486 ) ) ;
#3698 = CARTESIAN_POINT ( 'NONE',  ( 30.68084394504079881, 8.704874225949019717, -9.440261471677080962 ) ) ;
#3699 = EDGE_CURVE ( 'NONE', #4003, #6661, #4652, .T. ) ;
#3700 = CARTESIAN_POINT ( 'NONE',  ( 1.717918879614545702, 4.184691141788929869, 5.744731753733193891 ) ) ;
#3701 = CARTESIAN_POINT ( 'NONE',  ( 24.04437407582210895, -1.467118638785474660, 17.44291182293233078 ) ) ;
#3702 = CARTESIAN_POINT ( 'NONE',  ( 90.86903727640810757, 3.632866377172186301, 8.032671834382867360 ) ) ;
#3703 = CARTESIAN_POINT ( 'NONE',  ( -119.5352104357666718, 5.908625081534493617, 2.191824395070590903 ) ) ;
#3704 = CARTESIAN_POINT ( 'NONE',  ( -105.7071607072599164, 6.813137836308004402, 5.134133779988808044 ) ) ;
#3705 = ADVANCED_FACE ( 'NONE', ( #5703 ), #3039, .T. ) ;
#3706 = CARTESIAN_POINT ( 'NONE',  ( -118.3121139300721723, 6.204026739096382137, 3.810040336844815023 ) ) ;
#3707 = DIRECTION ( 'NONE',  ( 0.000000000000000000, 1.000000000000000000, 0.000000000000000000 ) ) ;
#3708 = CARTESIAN_POINT ( 'NONE',  ( -3.302283142445675779, 7.349260587234463848, 5.017702357312833428 ) ) ;
#3709 = CARTESIAN_POINT ( 'NONE',  ( 5.847402205659808061, 6.438731666968910972, -6.140795900925404283 ) ) ;
#3710 = CARTESIAN_POINT ( 'NONE',  ( -3.875348921806920366, 4.014229209589476710, -6.767364379290077281 ) ) ;
#3711 = CARTESIAN_POINT ( 'NONE',  ( 2.291143301132801735, 6.748512584190931030, -5.761252895574480171 ) ) ;
#3712 = ORIENTED_EDGE ( 'NONE', *, *, #5422, .F. ) ;
#3713 = CARTESIAN_POINT ( 'NONE',  ( -126.3958129882812642, 2.429019005476086956, 10.13904857635498757 ) ) ;
#3714 = CARTESIAN_POINT ( 'NONE',  ( 5.483854437928386893, 4.019065339409295667, -2.424130688878901374 ) ) ;
#3715 = CARTESIAN_POINT ( 'NONE',  ( -10.52414022429632467, 7.418240360268985256, 6.474574716985324940 ) ) ;
#3716 = CARTESIAN_POINT ( 'NONE',  ( 52.84385575263494417, 7.820873920603819585, -8.062189020205686063 ) ) ;
#3717 = CARTESIAN_POINT ( 'NONE',  ( 119.6612165961610827, 5.878148409207267555, -1.504336103605232955 ) ) ;
#3718 = CARTESIAN_POINT ( 'NONE',  ( 2.299022898546517979, 5.566338421957892635, 5.982621809437714155 ) ) ;
#3719 = CARTESIAN_POINT ( 'NONE',  ( -9.714451465470119729E-14, -42.18829223128360439, 0.000000000000000000 ) ) ;
#3720 = CARTESIAN_POINT ( 'NONE',  ( 22.00502554187917781, 4.721390036225228570, 14.96479530143879089 ) ) ;
#3721 = DIRECTION ( 'NONE',  ( 0.000000000000000000, -0.000000000000000000, 1.000000000000000000 ) ) ;
#3722 = CARTESIAN_POINT ( 'NONE',  ( -5.160583614470886538, 8.393879261932983837, 3.077622606261060323 ) ) ;
#3723 = CARTESIAN_POINT ( 'NONE',  ( -72.26838831605076052, 2.968198102928200743, -10.92118180714036590 ) ) ;
#3724 = CARTESIAN_POINT ( 'NONE',  ( -22.00819258947815626, 0.8448065932026034286, -14.87789409134662044 ) ) ;
#3725 = CARTESIAN_POINT ( 'NONE',  ( 116.7838902796623302, 5.497828520807266806, -4.368713801194567203 ) ) ;
#3726 = CARTESIAN_POINT ( 'NONE',  ( 110.0322369741697344, 4.757384655762561643, 5.069661026503864854 ) ) ;
#3727 = CARTESIAN_POINT ( 'NONE',  ( -119.6405003506317399, 6.113857790793441715, -1.394797002785826745 ) ) ;
#3728 = CARTESIAN_POINT ( 'NONE',  ( -4.330258254851154121, 5.202000212483008035, 4.687324146539644687 ) ) ;
#3729 = CARTESIAN_POINT ( 'NONE',  ( 98.84190739209546450, 2.211198692974652769, -11.32365798950196734 ) ) ;
#3730 = CARTESIAN_POINT ( 'NONE',  ( 16.10979004989240693, 7.834688007234406726, -7.235989420982581244 ) ) ;
#3731 = CARTESIAN_POINT ( 'NONE',  ( -4.208261070406853932, 6.471104878668910487, 6.485814300169659319 ) ) ;
#3732 = CARTESIAN_POINT ( 'NONE',  ( -119.6700571505288053, 6.104634323959292175, -0.3427318229948171924 ) ) ;
#3733 = CARTESIAN_POINT ( 'NONE',  ( 4.767277875031225243, 6.816123614211230475, -6.267345294644606213 ) ) ;
#3734 = CARTESIAN_POINT ( 'NONE',  ( -119.3954691793517355, 5.537001962154289636, -1.605805296694379658 ) ) ;
#3735 = CARTESIAN_POINT ( 'NONE',  ( 1.702291979916477516, 4.205147109373305270, 6.064215108843505675 ) ) ;
#3736 = CARTESIAN_POINT ( 'NONE',  ( -118.0479548684752729, 6.218706205560207145, 4.005416742031909116 ) ) ;
#3737 = CARTESIAN_POINT ( 'NONE',  ( 9.247666433679681219, 6.597222488214479874, -6.196577822445174633 ) ) ;
#3738 = CARTESIAN_POINT ( 'NONE',  ( -2.013937471894522879, 4.178873382880128773, -6.749837205981084942 ) ) ;
#3739 = EDGE_CURVE ( 'NONE', #6102, #6680, #2486, .T. ) ;
#3740 = ORIENTED_EDGE ( 'NONE', *, *, #1955, .T. ) ;
#3741 = CARTESIAN_POINT ( 'NONE',  ( -2.525637679600027941, 6.861081489744043083, 5.993929988312188151 ) ) ;
#3742 = CARTESIAN_POINT ( 'NONE',  ( 6.273513774270652377, 3.668150248165475080, -0.2176909518833114177 ) ) ;
#3743 = CARTESIAN_POINT ( 'NONE',  ( 10.52540326658628622, 7.369668409224897410, -6.474574716985327605 ) ) ;
#3744 = DIRECTION ( 'NONE',  ( 0.03301501656920728667, 0.7594678544453720148, -0.6497065389428355875 ) ) ;
#3745 = CARTESIAN_POINT ( 'NONE',  ( 119.6877955371989941, 5.661950402169743768, -0.2143335935655137914 ) ) ;
#3746 = CARTESIAN_POINT ( 'NONE',  ( 5.756738162431876304, 8.064179410331078657, 1.739642806720166135 ) ) ;
#3747 = CARTESIAN_POINT ( 'NONE',  ( -13.26303768157958274, 11.75902131336781231, 15.59833335876464844 ) ) ;
#3748 = CARTESIAN_POINT ( 'NONE',  ( 76.13947068578745814, 6.736754992931687447, -6.441178604060095125 ) ) ;
#3749 = EDGE_LOOP ( 'NONE', ( #1846, #6501, #4324, #2506 ) ) ;
#3750 = CARTESIAN_POINT ( 'NONE',  ( 119.6394005929358428, 5.162619717696061983, 1.668295178956636038 ) ) ;
#3751 = CARTESIAN_POINT ( 'NONE',  ( 2.280760778857890969, 6.763073006221697270, -5.548925561165576781 ) ) ;
#3752 = CARTESIAN_POINT ( 'NONE',  ( -74.32157921072938223, 3.152206611810421943, -10.52296501751104252 ) ) ;
#3753 = CARTESIAN_POINT ( 'NONE',  ( -32.53062527587402997, -2.010662245820282745, -18.46274728434213230 ) ) ;
#3754 = CARTESIAN_POINT ( 'NONE',  ( 71.22463814844552132, 2.971280113276834278, 11.37512693371915873 ) ) ;
#3755 = CARTESIAN_POINT ( 'NONE',  ( 112.3357630696990554, 4.366751796140817987, 4.470746664371361589 ) ) ;
#3756 = CARTESIAN_POINT ( 'NONE',  ( 4.920879919753069487, 8.276240165175586583, -3.444304295412670580 ) ) ;
#3757 = CARTESIAN_POINT ( 'NONE',  ( -9.714451465470119729E-14, -1.000000000000018208, 0.000000000000000000 ) ) ;
#3758 = CARTESIAN_POINT ( 'NONE',  ( 127.7652831482572253, 5.475126579949606054, -3.576096057891866575 ) ) ;
#3759 = CARTESIAN_POINT ( 'NONE',  ( 5.253880659813766840, 7.009240185835018622, -6.156713313673056298 ) ) ;
#3760 = CARTESIAN_POINT ( 'NONE',  ( 116.8059368016269133, 5.965693590329125051, -4.462925595614799512 ) ) ;
#3761 = CARTESIAN_POINT ( 'NONE',  ( 32.50555690836769429, -2.141307924348065939, 18.44153149404803926 ) ) ;
#3762 = ADVANCED_FACE ( 'NONE', ( #2048 ), #4330, .F. ) ;
#3763 = CARTESIAN_POINT ( 'NONE',  ( -119.6944647615049888, 5.855893813870569176, 1.036302014716561359 ) ) ;
#3764 = CARTESIAN_POINT ( 'NONE',  ( 1.717076370756865922, 4.094478687699883324, 5.756080104061358504 ) ) ;
#3765 = CIRCLE ( 'NONE', #5966, 6.499999999999999112 ) ;
#3766 = CARTESIAN_POINT ( 'NONE',  ( 8.172262441890044471, 6.694327373943910864, -6.186747087847511928 ) ) ;
#3767 = CARTESIAN_POINT ( 'NONE',  ( -7.944183677725964010, 4.035912913762406795, -7.835448456113526916 ) ) ;
#3768 = CARTESIAN_POINT ( 'NONE',  ( -2.082067174849611124, 4.836460371721430285, -6.683782807191303021 ) ) ;
#3769 = CIRCLE ( 'NONE', #6735, 0.2499999999999995837 ) ;
#3770 = ORIENTED_EDGE ( 'NONE', *, *, #3281, .F. ) ;
#3771 = CARTESIAN_POINT ( 'NONE',  ( -15.64431476593017578, 0.7377367331371040837, 14.36346244812011896 ) ) ;
#3772 = CARTESIAN_POINT ( 'NONE',  ( 4.593056102446234412, 5.058554459044729334, -3.860329280134558783 ) ) ;
#3773 = CARTESIAN_POINT ( 'NONE',  ( 95.12593216473251800, 6.542674140387251924, -5.628040844993321024 ) ) ;
#3774 = CARTESIAN_POINT ( 'NONE',  ( -4.791149215304918663, 6.677386727426443791, 6.077200002112877364 ) ) ;
#3775 = FACE_OUTER_BOUND ( 'NONE', #4478, .T. ) ;
#3776 = CYLINDRICAL_SURFACE ( 'NONE', #1246, 5.500000000000000000 ) ;
#3777 = CARTESIAN_POINT ( 'NONE',  ( 1.671443662559583876, 4.737184489406875088, 6.726530785933585221 ) ) ;
#3778 =( BOUNDED_SURFACE ( )  B_SPLINE_SURFACE ( 3, 2, ( 
 ( #363, #5633, #525 ),
 ( #4697, #1521, #2598 ),
 ( #1491, #5699, #6794 ),
 ( #396, #3635, #3079 ),
 ( #2563, #4629, #6151 ),
 ( #5115, #5669, #4664 ),
 ( #973, #6760, #2529 ),
 ( #3150, #942, #908 ),
 ( #2080, #2500, #5177 ),
 ( #2044, #4597, #4184 ),
 ( #4150, #6282, #452 ),
 ( #5251, #4054, #1556 ),
 ( #3017, #6726, #6697 ),
 ( #6246, #5728, #3673 ),
 ( #1006, #3115, #5216 ),
 ( #491, #1426, #5767 ),
 ( #1044, #1982, #2633 ),
 ( #12, #4084, #4731 ),
 ( #3543, #6181, #1458 ),
 ( #3576, #5148, #4118 ),
 ( #3050, #423, #2013 ),
 ( #6215, #3604, #4219 ) ),
 .UNSPECIFIED., .F., .F., .T. ) 
 B_SPLINE_SURFACE_WITH_KNOTS ( ( 4, 2, 2, 2, 2, 2, 2, 2, 2, 2, 4 ),
 ( 3, 3 ),
 ( 0.2234728000689803207, 0.2263214597512095971, 0.2291701194334388458, 0.2320187791156681223, 0.2348674387978973988, 0.2362917686390120231, 0.2377160984801266752, 0.2405647581623559517, 0.2434134178445852281, 0.2448377476856998802, 0.2462620775268145046 ),
 ( 0.000000000000000000, 1.000000000000000000 ),
 .UNSPECIFIED. ) 
 GEOMETRIC_REPRESENTATION_ITEM ( )  RATIONAL_B_SPLINE_SURFACE ( (
 ( 1.000000000000000000, 0.5640378215075940727, 1.000000000000000000),
 ( 1.000000000000000000, 0.5716548403303847170, 1.000000000000000000),
 ( 1.000000000000000000, 0.5786213398650683626, 1.000000000000000000),
 ( 1.000000000000000000, 0.5916874015930445596, 1.000000000000000000),
 ( 1.000000000000000000, 0.5974727106553220368, 1.000000000000000000),
 ( 1.000000000000000000, 0.6116935731415782396, 1.000000000000000000),
 ( 1.000000000000000000, 0.6198984829758755755, 1.000000000000000000),
 ( 1.000000000000000000, 0.6411345116864646254, 1.000000000000000000),
 ( 1.000000000000000000, 0.6551099237113540141, 1.000000000000000000),
 ( 1.000000000000000000, 0.6776975264950059197, 1.000000000000000000),
 ( 1.000000000000000000, 0.6855655812108946145, 1.000000000000000000),
 ( 1.000000000000000000, 0.7016410395684007373, 1.000000000000000000),
 ( 1.000000000000000000, 0.7098767412760160767, 1.000000000000000000),
 ( 1.000000000000000000, 0.7337636188939563597, 1.000000000000000000),
 ( 1.000000000000000000, 0.7481832705167501540, 1.000000000000000000),
 ( 1.000000000000000000, 0.7730827648847016231, 1.000000000000000000),
 ( 1.000000000000000000, 0.7838520756298664738, 1.000000000000000000),
 ( 1.000000000000000000, 0.7976870666522545283, 1.000000000000000000),
 ( 1.000000000000000000, 0.8019234976042358687, 1.000000000000000000),
 ( 1.000000000000000000, 0.8097078505951962324, 1.000000000000000000),
 ( 1.000000000000000000, 0.8131759249784434873, 1.000000000000000000),
 ( 1.000000000000000000, 0.8165679310138360680, 1.000000000000000000) ) ) 
 REPRESENTATION_ITEM ( '' )  SURFACE ( )  );
#3779 = AXIS2_PLACEMENT_3D ( 'NONE', #6252, #2192, #5357 ) ;
#3780 = VERTEX_POINT ( 'NONE', #2474 ) ;
#3781 = FACE_OUTER_BOUND ( 'NONE', #5535, .T. ) ;
#3782 = EDGE_CURVE ( 'NONE', #5614, #5982, #6307, .T. ) ;
#3783 = CARTESIAN_POINT ( 'NONE',  ( 97.25644081639876504, 6.371967561611442399, -5.532252326774907303 ) ) ;
#3784 = B_SPLINE_CURVE_WITH_KNOTS ( 'NONE', 3,
 ( #3274, #5950, #3342, #5987, #4949, #5437, #4306, #4441, #2205, #5370, #2822, #6403, #1746, #3855, #4916, #1714, #1265, #2856, #1645, #1196, #1681, #3306, #642, #2341, #2754, #3756, #4847, #2789, #6021, #3122, #2414, #1851, #1498, #3413, #1013, #4545 ),
 .UNSPECIFIED., .F., .F.,
 ( 4, 2, 2, 2, 2, 2, 2, 2, 2, 2, 2, 2, 2, 2, 2, 2, 2, 4 ),
 ( 4.384453530400347043E-16, 0.0009920984345973822387, 0.001984196869194326026, 0.002976295303791269813, 0.003968393738388213167, 0.004960492172985156954, 0.005952590607582100742, 0.006944689042179044529, 0.007936787476775990918, 0.008928885911372934706, 0.009920984345969876758, 0.01091308278056682228, 0.01190518121516376607, 0.01240123043246223883, 0.01289727964976070985, 0.01388937808435765364, 0.01488147651895460090, 0.01587357495355154469 ),
 .UNSPECIFIED. ) ;
#3785 = CARTESIAN_POINT ( 'NONE',  ( -90.90536904101605842, 4.497260117813234537, -8.256195139849952014 ) ) ;
#3786 = CARTESIAN_POINT ( 'NONE',  ( -74.32490712297928326, 3.582190744287212514, -10.77465014343727034 ) ) ;
#3787 = CARTESIAN_POINT ( 'NONE',  ( 27.04013646627517886, -0.9541318536844693998, 17.08754445870401639 ) ) ;
#3788 = AXIS2_PLACEMENT_3D ( 'NONE', #4531, #4665, #2434 ) ;
#3789 = EDGE_LOOP ( 'NONE', ( #5641, #6800, #130, #2755, #3024 ) ) ;
#3790 = CARTESIAN_POINT ( 'NONE',  ( -118.4385806271086352, 6.710849177463439119, 3.697961423087972488 ) ) ;
#3791 = VERTEX_POINT ( 'NONE', #1595 ) ;
#3792 = CARTESIAN_POINT ( 'NONE',  ( 119.5785598769655422, 5.351819772600470593, -2.023500796050522688 ) ) ;
#3793 = CARTESIAN_POINT ( 'NONE',  ( 3.309364703868203250, 6.337086422607002945, -6.183023700258771349 ) ) ;
#3794 = CARTESIAN_POINT ( 'NONE',  ( 128.1604384198439561, 5.735072562363884963, -1.982965230941793111 ) ) ;
#3795 = CARTESIAN_POINT ( 'NONE',  ( 8.305453695613016052, 7.395441921375213390, -6.205896832214714109 ) ) ;
#3796 = CARTESIAN_POINT ( 'NONE',  ( -119.3987616936984892, 5.893155700094731664, 1.674663017719125957 ) ) ;
#3797 = CARTESIAN_POINT ( 'NONE',  ( 46.67009424582628441, -0.3203678360706206929, 15.58368443706757134 ) ) ;
#3798 = CARTESIAN_POINT ( 'NONE',  ( 49.63818911630424680, 0.2983352784935141000, 14.80809945609295220 ) ) ;
#3799 = CARTESIAN_POINT ( 'NONE',  ( -18.37638589436182102, 7.352205411205666508, 7.565308234085793337 ) ) ;
#3800 = CARTESIAN_POINT ( 'NONE',  ( 10.60660357235732043, 4.233310400962984943, 11.42790889739990057 ) ) ;
#3801 = DIRECTION ( 'NONE',  ( -1.000000000000000000, 0.000000000000000000, 0.000000000000000000 ) ) ;
#3802 = CARTESIAN_POINT ( 'NONE',  ( 25.62706678864871179, 7.897419385868552411, -8.983417569461060737 ) ) ;
#3803 = CARTESIAN_POINT ( 'NONE',  ( -101.4743535404858079, 6.980687362906250470, 5.271107023354375976 ) ) ;
#3804 = CARTESIAN_POINT ( 'NONE',  ( -118.3313508839293320, 6.203050756599813198, 3.795046893519501641 ) ) ;
#3805 = ORIENTED_EDGE ( 'NONE', *, *, #3190, .T. ) ;
#3806 = SPHERICAL_SURFACE ( 'NONE', #810, 0.2500000000000000000 ) ;
#3807 = CARTESIAN_POINT ( 'NONE',  ( -6.237466632800930277, 3.579617701161138310, -0.7797850173647199457 ) ) ;
#3808 = CARTESIAN_POINT ( 'NONE',  ( 21.42751903658130885, 7.954165725053268687, -8.273451515591199623 ) ) ;
#3809 = DIRECTION ( 'NONE',  ( 0.000000000000000000, 0.3199733906603313693, -0.9474265297474684377 ) ) ;
#3810 = CARTESIAN_POINT ( 'NONE',  ( 5.654032713507236352, 7.963144955457067908, 2.045688668400982291 ) ) ;
#3811 = CARTESIAN_POINT ( 'NONE',  ( -6.819086074829098010, 7.984299512086831641, 8.165199279785156250 ) ) ;
#3812 = CARTESIAN_POINT ( 'NONE',  ( 6.145181475126068271, 8.659045516105718931, -1.251367252789502782 ) ) ;
#3813 = EDGE_CURVE ( 'NONE', #337, #4114, #2788, .T. ) ;
#3814 = ORIENTED_EDGE ( 'NONE', *, *, #1082, .T. ) ;
#3815 = CARTESIAN_POINT ( 'NONE',  ( -9.696081763482909456E-14, 13.42264973081046264, 1.500000000000000000 ) ) ;
#3816 = CC_DESIGN_PERSON_AND_ORGANIZATION_ASSIGNMENT ( #947, #457, ( #3273 ) ) ;
#3817 = CIRCLE ( 'NONE', #5355, 0.2499999999999996947 ) ;
#3818 = CARTESIAN_POINT ( 'NONE',  ( -2.282485517326263480, 6.703067404917168126, 5.548884199849538845 ) ) ;
#3819 = CARTESIAN_POINT ( 'NONE',  ( -85.02025340762800454, 2.713727905988163158, -11.44569203144741287 ) ) ;
#3820 = CARTESIAN_POINT ( 'NONE',  ( -37.74872516717172743, -1.774232359343920207, -18.21539892002434158 ) ) ;
#3821 = CARTESIAN_POINT ( 'NONE',  ( 46.64815269635854378, 0.07710473069338096008, 15.88525787635208886 ) ) ;
#3822 = EDGE_CURVE ( 'NONE', #5153, #2440, #6091, .T. ) ;
#3823 = EDGE_CURVE ( 'NONE', #1682, #2277, #4007, .T. ) ;
#3824 = CARTESIAN_POINT ( 'NONE',  ( -117.9284281458610906, 6.692410790798867914, 3.860822333184840360 ) ) ;
#3825 = ORIENTED_EDGE ( 'NONE', *, *, #6014, .T. ) ;
#3826 = CARTESIAN_POINT ( 'NONE',  ( 119.4294631388159473, 5.316064719462847421, -1.183728820926127634 ) ) ;
#3827 = CARTESIAN_POINT ( 'NONE',  ( -1.705552854679827757, 4.334747738761330460, -6.727516193312688131 ) ) ;
#3828 = ORIENTED_EDGE ( 'NONE', *, *, #5395, .T. ) ;
#3829 = CARTESIAN_POINT ( 'NONE',  ( 76.38244306791199278, 5.052086987650474370, 8.020893096923813914 ) ) ;
#3830 = ORIENTED_EDGE ( 'NONE', *, *, #3103, .T. ) ;
#3831 = CARTESIAN_POINT ( 'NONE',  ( -3.095318639485022949, 5.861493557115545094, -5.148242786881783495 ) ) ;
#3832 = CARTESIAN_POINT ( 'NONE',  ( 5.800135548425218168, 6.983592664213133183, -6.150237113577160741 ) ) ;
#3833 = CARTESIAN_POINT ( 'NONE',  ( -6.136117410301365815, 8.791845854715825581, 5.989660594054205589 ) ) ;
#3834 = CARTESIAN_POINT ( 'NONE',  ( 50.65397091485731806, 0.8865678766736710958, 14.85703997362343465 ) ) ;
#3835 = CARTESIAN_POINT ( 'NONE',  ( 22.88184633183868044, 0.02961893654606638504, 15.03721143527184445 ) ) ;
#3836 = CARTESIAN_POINT ( 'NONE',  ( -103.5773518654829530, 6.417910003356688264, 5.102433637656841547 ) ) ;
#3837 = CARTESIAN_POINT ( 'NONE',  ( 13.43960770358038026, -4.754292056733677718, 23.07477951049803977 ) ) ;
#3838 = CARTESIAN_POINT ( 'NONE',  ( -3.342913178365630067, 6.128441366167099780, -5.439360034295073199 ) ) ;
#3839 = CARTESIAN_POINT ( 'NONE',  ( 34.01138231673471068, 8.074885381307582932, -9.489000675587940137 ) ) ;
#3840 = CARTESIAN_POINT ( 'NONE',  ( -65.51258685477631616, 7.678567472579189257, 7.197183618123185411 ) ) ;
#3841 = CARTESIAN_POINT ( 'NONE',  ( -118.1704695760072212, 5.954440508181704672, 3.610790686748549749 ) ) ;
#3842 = VERTEX_POINT ( 'NONE', #3256 ) ;
#3843 = CARTESIAN_POINT ( 'NONE',  ( -50.18105697631835938, 9.119281561552057269, 3.283983230590822977 ) ) ;
#3844 = CARTESIAN_POINT ( 'NONE',  ( -3.756353207231269309, 3.531784232144185687, -5.064137887206968891 ) ) ;
#3845 = CARTESIAN_POINT ( 'NONE',  ( 2.279144312928191862, 6.256257383894238799, -5.548628326630664631 ) ) ;
#3846 = DIRECTION ( 'NONE',  ( 1.000000000000000000, 0.000000000000000000, -1.224646799147353207E-16 ) ) ;
#3847 = B_SPLINE_CURVE_WITH_KNOTS ( 'NONE', 3,
 ( #1989, #3087, #4192, #500, #2021, #981, #4128, #4604, #5776, #5154, #4707, #6703, #4229, #2608, #3715, #5736, #4092, #5123, #1469, #6188, #4637, #6804, #2536, #1500, #6290, #1565, #3646, #3583, #2053, #4160, #5676, #6326, #6734, #2090, #6223, #949, #5810, #3612, #4673, #3684, #1015, #6771, #2509, #3057, #6257, #5707, #1600, #462, #5187, #1053, #2575, #3027, #3159, #1531 ),
 .UNSPECIFIED., .F., .F.,
 ( 4, 2, 2, 2, 2, 2, 2, 2, 2, 2, 2, 2, 2, 2, 2, 2, 2, 2, 2, 2, 2, 2, 2, 2, 2, 2, 4 ),
 ( 0.0002281808145116361985, 0.001014124760548873591, 0.001800068706586110956, 0.002586012652623348538, 0.003371956598660585686, 0.004157900544697825003, 0.004943844490735065621, 0.006515732382809552060, 0.009659508166958520603, 0.01280328395110749001, 0.01437517184318197298, 0.01594705973525645248, 0.01909083551940541149, 0.02223461130355437396, 0.02537838708770333296, 0.03166593865600127178, 0.03480971444015024813, 0.03795349022429921754, 0.04424104179259714248, 0.05052859336089506048, 0.05681614492919296461, 0.06310369649749085486, 0.06939124806578876592, 0.07567879963408664923, 0.08825390277068245748, 0.09454145433898035467, 0.1008290059072782657 ),
 .UNSPECIFIED. ) ;
#3848 = CARTESIAN_POINT ( 'NONE',  ( 4.860243136034388733, 8.538572226611893967, -3.532005703278245257 ) ) ;
#3849 = CARTESIAN_POINT ( 'NONE',  ( -55.19260787963867188, 4.484124453245178721, -7.232591152191158557 ) ) ;
#3850 = CARTESIAN_POINT ( 'NONE',  ( 2.519673228330277404, 6.956945942659646498, -5.889756391797206447 ) ) ;
#3851 = ORIENTED_EDGE ( 'NONE', *, *, #237, .T. ) ;
#3852 = CARTESIAN_POINT ( 'NONE',  ( 105.6907663220761293, 6.121296540887650295, -4.990296521649156603 ) ) ;
#3853 = CARTESIAN_POINT ( 'NONE',  ( -72.86512545381370387, 1.798349584837001469, -13.32755393338973704 ) ) ;
#3854 = FACE_OUTER_BOUND ( 'NONE', #3146, .T. ) ;
#3855 = CARTESIAN_POINT ( 'NONE',  ( 5.686568811159605552, 7.688007268994938137, 1.946614072992892908 ) ) ;
#3856 = VERTEX_POINT ( 'NONE', #6322 ) ;
#3857 = DIRECTION ( 'NONE',  ( -0.9984551503178803467, 0.04286092832977707323, -0.03535892569647524492 ) ) ;
#3858 = CARTESIAN_POINT ( 'NONE',  ( -1.701078758479574127, 4.532784569516091544, -6.729042089492540235 ) ) ;
#3859 = ORIENTED_EDGE ( 'NONE', *, *, #5697, .F. ) ;
#3861 = ADVANCED_FACE ( 'NONE', ( #4701 ), #1887, .T. ) ;
#3860 = CARTESIAN_POINT ( 'NONE',  ( 20.34825919804701044, 3.847192185310502222, 12.32885360717772905 ) ) ;
#3862 = LINE ( 'NONE', #2154, #6425 ) ;
#3863 = CARTESIAN_POINT ( 'NONE',  ( 8.310824159562368862, 7.469696651027274648, -6.129363083740155815 ) ) ;
#3864 = CARTESIAN_POINT ( 'NONE',  ( -94.33492217832633742, 6.578538927390488844, 5.590398402255804200 ) ) ;
#3865 = CARTESIAN_POINT ( 'NONE',  ( 34.07259387917768123, -2.582213545470743110, 18.18249210638457924 ) ) ;
#3866 = CARTESIAN_POINT ( 'NONE',  ( -69.17294512750788726, 2.697212973912097578, -11.47834543187934386 ) ) ;
#3867 = CARTESIAN_POINT ( 'NONE',  ( -6.892637129225198223, 6.411921174448804273, 5.999398875070758308 ) ) ;
#3868 = CARTESIAN_POINT ( 'NONE',  ( 22.80950187442834931, 7.943460009727286497, -9.067157745361329901 ) ) ;
#3869 = CARTESIAN_POINT ( 'NONE',  ( -6.235233586500746661, 8.350183644400052785, -0.7515896475788177433 ) ) ;
#3870 = ADVANCED_FACE ( 'NONE', ( #2739 ), #5804, .T. ) ;
#3871 = CARTESIAN_POINT ( 'NONE',  ( 117.1691145517795150, 5.931947620045421310, -4.482065463543649209 ) ) ;
#3872 = CARTESIAN_POINT ( 'NONE',  ( 24.61077918278579801, 7.752349533550036753, -8.687360733980280969 ) ) ;
#3873 = CARTESIAN_POINT ( 'NONE',  ( -52.84580993763296419, 7.989250495422930420, 8.151083290831698136 ) ) ;
#3874 = CARTESIAN_POINT ( 'NONE',  ( -117.1794197516585712, 6.039025890623475057, 4.477001075402732511 ) ) ;
#3875 = VERTEX_POINT ( 'NONE', #5255 ) ;
#3876 = CARTESIAN_POINT ( 'NONE',  ( -8.356351852416992188, 2.780909569440807694, 10.54588317871093750 ) ) ;
#3877 = CARTESIAN_POINT ( 'NONE',  ( -4.503173052485769823, 3.374196075430547559, -4.390005313846224055 ) ) ;
#3878 = B_SPLINE_CURVE_WITH_KNOTS ( 'NONE', 3,
 ( #2764, #6511, #5998, #686, #3354, #3387, #4856, #139, #757, #2248, #4454, #2905, #240, #4353, #3424, #792, #1757, #2353, #6549, #3938, #6031, #2212, #173, #5961, #4313, #6448, #5932, #2282, #1209, #3866, #3689, #466, #5231, #6107, #2388, #5710, #2614, #1022, #2095, #5191, #505, #318, #351, #6295, #6586, #4488, #1381, #6618, #866, #6069, #3130, #3530, #1571, #5781, #1862, #3090, #3497, #4713, #6809, #4197, #2941, #984, #2058, #1058 ),
 .UNSPECIFIED., .F., .F.,
 ( 4, 2, 2, 2, 2, 2, 2, 2, 2, 2, 2, 2, 2, 2, 2, 2, 2, 2, 2, 2, 2, 2, 2, 2, 2, 2, 2, 2, 2, 2, 2, 4 ),
 ( 0.000000000000000000, 0.003135776133718620219, 0.004703664200577909946, 0.006271552267437199672, 0.009407328401155779993, 0.01254310453487436118, 0.01881465680231147672, 0.02508620906974859399, 0.02822198520346717518, 0.03135776133718575637, 0.03762931360462291180, 0.04076508973834149646, 0.04390086587206008112, 0.04703664200577865884, 0.05017241813949724349, 0.05330819427321581427, 0.05644397040693439893, 0.06271552267437152661, 0.06898707494180866817, 0.07212285107552725283, 0.07525862720924582361, 0.07839440334296440827, 0.08153017947668297905, 0.08466595561040154982, 0.08623384367726083521, 0.08780173174412010673, 0.09093750787783866363, 0.09250539594469793514, 0.09407328401155720665, 0.09564117207841649204, 0.09720906014527576355, 0.1003448362789943066 ),
 .UNSPECIFIED. ) ;
#3879 = B_SPLINE_CURVE_WITH_KNOTS ( 'NONE', 3,
 ( #5038, #1482, #3596, #1384 ),
 .UNSPECIFIED., .F., .F.,
 ( 4, 4 ),
 ( 0.0001109308268313778976, 0.0006790695042380550913 ),
 .UNSPECIFIED. ) ;
#3880 = CARTESIAN_POINT ( 'NONE',  ( 59.19298777642634235, 7.524118761784961862, -7.621777922539491712 ) ) ;
#3881 = CARTESIAN_POINT ( 'NONE',  ( -1.685101901805010183, 4.431114752323273009, -6.681295894286594539 ) ) ;
#3882 = CARTESIAN_POINT ( 'NONE',  ( 4.782725055793656033, 8.364046455004375602, -4.102637564017555860 ) ) ;
#3883 = CARTESIAN_POINT ( 'NONE',  ( -56.35286331176757813, 9.910923035322204200, 14.79146289825439808 ) ) ;
#3884 = AXIS2_PLACEMENT_3D ( 'NONE', #807, #2432, #1872 ) ;
#3885 = CARTESIAN_POINT ( 'NONE',  ( 2.532320929299772150, 5.680819077635865355, 5.881057746221215687 ) ) ;
#3886 = CIRCLE ( 'NONE', #3450, 5.500000000000000000 ) ;
#3887 = CARTESIAN_POINT ( 'NONE',  ( 52.84513124029271580, 7.628651004244013656, -8.150624632689263294 ) ) ;
#3888 = ADVANCED_FACE ( 'NONE', ( #5354 ), #430, .T. ) ;
#3889 = CARTESIAN_POINT ( 'NONE',  ( 31.96104747794374035, 8.309902407336558383, -9.614497543136577562 ) ) ;
#3890 = CARTESIAN_POINT ( 'NONE',  ( -109.4027266492261816, 2.867066428833845215, -10.46802056919937662 ) ) ;
#3891 = CARTESIAN_POINT ( 'NONE',  ( 108.4854231635049473, 4.717366890020183945, 5.321553373530312214 ) ) ;
#3892 = CIRCLE ( 'NONE', #3678, 0.2499999999999998057 ) ;
#3893 = CARTESIAN_POINT ( 'NONE',  ( -118.0551866358759270, 6.453000598187846215, 3.991696749645547548 ) ) ;
#3894 = ORIENTED_EDGE ( 'NONE', *, *, #2771, .F. ) ;
#3895 = CARTESIAN_POINT ( 'NONE',  ( 2.287622650930041246, 6.923023386114034672, -5.678341678239672952 ) ) ;
#3896 = CARTESIAN_POINT ( 'NONE',  ( 9.013117518548579454, 4.466804500856290439, 8.182986231738906824 ) ) ;
#3897 = ORIENTED_EDGE ( 'NONE', *, *, #1312, .T. ) ;
#3898 = CIRCLE ( 'NONE', #923, 0.2499999999999998057 ) ;
#3899 = CARTESIAN_POINT ( 'NONE',  ( 21.77860322843546825, 9.106869891444576481, -7.415659427642824930 ) ) ;
#3900 = EDGE_LOOP ( 'NONE', ( #195, #2086, #497, #6022 ) ) ;
#3901 = CARTESIAN_POINT ( 'NONE',  ( -22.00819258947818469, 0.8448065932026294078, -14.87789409134659913 ) ) ;
#3902 = CARTESIAN_POINT ( 'NONE',  ( 8.825093283649923848, 7.415015456899887170, -6.264693293313144729 ) ) ;
#3903 = CARTESIAN_POINT ( 'NONE',  ( -16.33677193731638155, 7.424239531333975961, 7.359584837613018848 ) ) ;
#3904 = CARTESIAN_POINT ( 'NONE',  ( 41.53101766973634312, -3.006594384172387890, 19.16883753879979579 ) ) ;
#3905 = CARTESIAN_POINT ( 'NONE',  ( 37.70920105963416091, -2.324884815461679022, 17.89088055660905852 ) ) ;
#3906 = CARTESIAN_POINT ( 'NONE',  ( -4.105460502213927221, 4.718829271271443915, -6.980624513181926005 ) ) ;
#3907 = CARTESIAN_POINT ( 'NONE',  ( 22.59058186630688070, -5.949808096466703056, 23.29566383361815696 ) ) ;
#3908 = CARTESIAN_POINT ( 'NONE',  ( -1.727399907963253378, 3.877946303542062267, -5.836476187392337422 ) ) ;
#3909 = CARTESIAN_POINT ( 'NONE',  ( 4.789054278437163248, 6.655280348948484637, -6.077200002106718735 ) ) ;
#3910 = CARTESIAN_POINT ( 'NONE',  ( 46.63051232635116605, 7.586163337181093702, -8.559101008048211057 ) ) ;
#3911 = CARTESIAN_POINT ( 'NONE',  ( -50.73128038584869159, 8.116291208408917157, 8.251991374244518340 ) ) ;
#3912 = CARTESIAN_POINT ( 'NONE',  ( -16.59842867661485144, 2.895114218602326872, -11.63725076503522260 ) ) ;
#3913 = EDGE_CURVE ( 'NONE', #5246, #647, #4611, .T. ) ;
#3914 = EDGE_LOOP ( 'NONE', ( #122, #2953, #2793 ) ) ;
#3915 = CARTESIAN_POINT ( 'NONE',  ( -14.72083759307861150, 4.158556015668841255, 10.63617610931396484 ) ) ;
#3916 = CARTESIAN_POINT ( 'NONE',  ( -5.832609935357845110, 4.128028940051791551, 1.441725722651186370 ) ) ;
#3917 = CARTESIAN_POINT ( 'NONE',  ( -11.80874497036240456, 3.321820721408509591, -8.967724024014060547 ) ) ;
#3918 = CARTESIAN_POINT ( 'NONE',  ( 21.87478852203508950, 0.5613930989852325970, 14.92660783863789931 ) ) ;
#3919 = CARTESIAN_POINT ( 'NONE',  ( 4.802251117400125224, 8.225257904205848902, -3.607356812518938582 ) ) ;
#3920 = CARTESIAN_POINT ( 'NONE',  ( -34.50249481201171875, 5.132385761915200462, -2.662371873855589044 ) ) ;
#3921 = CARTESIAN_POINT ( 'NONE',  ( 6.240843208657463670, 8.321395020476725080, 0.7515896475788126363 ) ) ;
#3922 = CARTESIAN_POINT ( 'NONE',  ( 65.51775132833731163, 7.499059931240031673, -7.197834709102091111 ) ) ;
#3923 = CARTESIAN_POINT ( 'NONE',  ( 4.846787561215152529, 6.653450293540381644, -6.320435523690459689 ) ) ;
#3924 = CARTESIAN_POINT ( 'NONE',  ( -113.9338326018775973, 2.418426775643863547, -11.64497186170045850 ) ) ;
#3925 = CARTESIAN_POINT ( 'NONE',  ( 9.186194833703625662, 3.636887629553302137, 7.989896792853565799 ) ) ;
#3926 = CARTESIAN_POINT ( 'NONE',  ( 0.000000000000000000, 6.938893903907228378E-15, 0.000000000000000000 ) ) ;
#3927 = ORIENTED_EDGE ( 'NONE', *, *, #412, .F. ) ;
#3928 = CARTESIAN_POINT ( 'NONE',  ( 2.552368858704555432, 6.463245982890923003, -6.002003839226408566 ) ) ;
#3929 = CARTESIAN_POINT ( 'NONE',  ( 1.602081599138747814, 4.719261026239791157, 6.722565393953391144 ) ) ;
#3930 = ORIENTED_EDGE ( 'NONE', *, *, #373, .T. ) ;
#3931 = CARTESIAN_POINT ( 'NONE',  ( -2.028820533411802796, 5.858211542396970728, -5.659168514364772307 ) ) ;
#3932 = ORIENTED_EDGE ( 'NONE', *, *, #1288, .T. ) ;
#3933 = CARTESIAN_POINT ( 'NONE',  ( -28.77532336929651891, 8.132240768237419815, 9.241432443227042270 ) ) ;
#3934 = CARTESIAN_POINT ( 'NONE',  ( -40.35321706027210809, 8.276357292382115816, 9.282835066893248666 ) ) ;
#3935 = LOCAL_TIME ( 21, 27, 0.000000000000000000, #3641 ) ;
#3936 = B_SPLINE_CURVE_WITH_KNOTS ( 'NONE', 3,
 ( #5150, #425, #2531, #6728 ),
 .UNSPECIFIED., .F., .F.,
 ( 4, 4 ),
 ( 1.939479807224432123E-18, 0.0001660743248402061893 ),
 .UNSPECIFIED. ) ;
#3937 = CARTESIAN_POINT ( 'NONE',  ( 87.06862573757929624, 2.402991036559398719, 11.19071977426370523 ) ) ;
#3938 = CARTESIAN_POINT ( 'NONE',  ( -86.72342353254158809, 3.897285860132567503, -8.567223220843501963 ) ) ;
#3939 = CARTESIAN_POINT ( 'NONE',  ( -13.17061536864949289, 6.958431503671843821, 6.715836873642209603 ) ) ;
#3940 = CARTESIAN_POINT ( 'NONE',  ( 8.804419203801151284, 11.85256799210831069, -15.63732814788818004 ) ) ;
#3941 = CARTESIAN_POINT ( 'NONE',  ( -4.244749569241840881, 8.084360780404592717, 4.699589444892330548 ) ) ;
#3942 = CARTESIAN_POINT ( 'NONE',  ( 114.1084889546629171, 4.459585632781497111, 4.049475322796734389 ) ) ;
#3943 = CARTESIAN_POINT ( 'NONE',  ( 118.7889926513662431, 5.982945488789869870, -3.361549447575951977 ) ) ;
#3944 = CARTESIAN_POINT ( 'NONE',  ( 28.75753953122367435, 8.220931096638075530, -9.377479845653361679 ) ) ;
#3945 = CARTESIAN_POINT ( 'NONE',  ( -69.74398888704078558, 7.688207568942051928, 6.959613436276690379 ) ) ;
#3946 = CARTESIAN_POINT ( 'NONE',  ( -1.844857938243825490, 4.157133984164318896, -6.642680180984871008 ) ) ;
#3947 = ORIENTED_EDGE ( 'NONE', *, *, #3094, .T. ) ;
#3948 = CARTESIAN_POINT ( 'NONE',  ( -128.1654663085937500, 6.326546163736434636, 1.982965230941779344 ) ) ;
#3949 = CARTESIAN_POINT ( 'NONE',  ( -5.210322846638053562, 4.239082573367040752, 2.995578966915737329 ) ) ;
#3950 = DIRECTION ( 'NONE',  ( -0.000000000000000000, -1.000000000000000000, -0.000000000000000000 ) ) ;
#3951 = CARTESIAN_POINT ( 'NONE',  ( 1.689119415487078557, 4.524961666382483649, 6.729042089492538459 ) ) ;
#3952 = ADVANCED_FACE ( 'NONE', ( #1216 ), #1140, .T. ) ;
#3953 = CARTESIAN_POINT ( 'NONE',  ( -89.86598206421868440, 4.456575993713037143, -8.395765244391540705 ) ) ;
#3954 = CARTESIAN_POINT ( 'NONE',  ( 5.970846513513256681, 8.068538402515777364, 0.7110637052866765062 ) ) ;
#3955 = CARTESIAN_POINT ( 'NONE',  ( -74.64296722412112217, -2.368763415636024217, -20.13272857666015270 ) ) ;
#3956 = CARTESIAN_POINT ( 'NONE',  ( 2.244559369576746732, 5.539544971573505450, 6.004565829309449931 ) ) ;
#3957 = ORIENTED_EDGE ( 'NONE', *, *, #2902, .F. ) ;
#3958 = CARTESIAN_POINT ( 'NONE',  ( 41.26214194435974747, 8.393606171330155519, -9.204050256556589815 ) ) ;
#3959 = CARTESIAN_POINT ( 'NONE',  ( -4.568761541667528903, 3.580236985085178958, -3.902181372321613662 ) ) ;
#3960 = CARTESIAN_POINT ( 'NONE',  ( -100.9379487389991255, 3.050622358044837945, -10.27985533264340745 ) ) ;
#3961 = CARTESIAN_POINT ( 'NONE',  ( 112.6231778204363820, 4.838990100109155534, 4.610928344817551761 ) ) ;
#3962 = CARTESIAN_POINT ( 'NONE',  ( -119.7609646305598972, 6.561961748508942094, 0.6759959562015488421 ) ) ;
#3963 = VERTEX_POINT ( 'NONE', #591 ) ;
#3964 = CARTESIAN_POINT ( 'NONE',  ( 119.3807529273054655, 5.039493223707189884, 1.298638227543351453 ) ) ;
#3965 = CARTESIAN_POINT ( 'NONE',  ( 15.70472841660118135, 2.898766563849991762, 11.23517677234065282 ) ) ;
#3966 = ORIENTED_EDGE ( 'NONE', *, *, #4620, .T. ) ;
#3967 = CARTESIAN_POINT ( 'NONE',  ( -4.816563235236525742, 6.978364835186503967, -3.590479800629640561 ) ) ;
#3968 = CARTESIAN_POINT ( 'NONE',  ( -34.73303319202228323, -3.679801905314734611, -19.98707873007509761 ) ) ;
#3969 = CARTESIAN_POINT ( 'NONE',  ( -34.00950093632295790, 8.453902480811430920, 9.627511963977847032 ) ) ;
#3970 = CARTESIAN_POINT ( 'NONE',  ( -1.920323777126776266, 4.821688046860451493, -6.676271772984665454 ) ) ;
#3971 = B_SPLINE_CURVE_WITH_KNOTS ( 'NONE', 3,
 ( #6706, #6193, #6162, #308 ),
 .UNSPECIFIED., .F., .F.,
 ( 4, 4 ),
 ( 0.000000000000000000, 0.0003210687586392745930 ),
 .UNSPECIFIED. ) ;
#3972 = CARTESIAN_POINT ( 'NONE',  ( 78.41291642947844309, 3.129176499111003817, 9.732817578619163967 ) ) ;
#3973 = CARTESIAN_POINT ( 'NONE',  ( -9.714451465470119729E-14, 12.99999999999993605, 0.000000000000000000 ) ) ;
#3974 = CARTESIAN_POINT ( 'NONE',  ( 6.499999999999915623, 13.00000000000006040, -7.960204194457811254E-16 ) ) ;
#3975 = CARTESIAN_POINT ( 'NONE',  ( 100.2917253887322175, 5.920137118957228495, -4.375714302063004268 ) ) ;
#3976 = CARTESIAN_POINT ( 'NONE',  ( -118.6390013897255216, 6.785238091474935729, 3.212039511149789472 ) ) ;
#3977 = CARTESIAN_POINT ( 'NONE',  ( 113.3702670340373402, 4.883960438813780947, 4.416315231490938409 ) ) ;
#3978 = ADVANCED_FACE ( 'NONE', ( #6381 ), #8, .F. ) ;
#3979 = CARTESIAN_POINT ( 'NONE',  ( 1.829144882321872112, 3.916381206268994219, 5.926683441215389259 ) ) ;
#3980 = CARTESIAN_POINT ( 'NONE',  ( 69.82376730901549422, 6.934895709621637039, -6.952518037946074259 ) ) ;
#3981 = CARTESIAN_POINT ( 'NONE',  ( -27.51857220993758446, 8.622191000069680200, 9.242461832242961250 ) ) ;
#3982 = CARTESIAN_POINT ( 'NONE',  ( -119.5055181963316500, 5.910699376611721512, 2.273616919419483740 ) ) ;
#3983 = EDGE_LOOP ( 'NONE', ( #1225, #428, #3076 ) ) ;
#3984 = CARTESIAN_POINT ( 'NONE',  ( -2.572224140167236328, 3.615980179487188639, 8.567511558532714844 ) ) ;
#3985 = CARTESIAN_POINT ( 'NONE',  ( -2.555373850527150381, 6.287250157017713725, 6.167043017596482102 ) ) ;
#3986 = DIRECTION ( 'NONE',  ( -0.03827654881621850996, 0.9992671843960051481, 0.000000000000000000 ) ) ;
#3987 = CARTESIAN_POINT ( 'NONE',  ( -116.7948539192478279, 6.285509907520161477, 4.343771664039962843 ) ) ;
#3988 = CARTESIAN_POINT ( 'NONE',  ( 21.10693443881030262, 0.8566296743839313388, 14.48484980003792089 ) ) ;
#3989 = CARTESIAN_POINT ( 'NONE',  ( 5.166406335434674091, 8.370049669120291469, -3.077622606261093630 ) ) ;
#3990 = CARTESIAN_POINT ( 'NONE',  ( -120.6907348632812500, 7.122939217109747645, 12.09805393218994851 ) ) ;
#3991 = CARTESIAN_POINT ( 'NONE',  ( 4.082740452252978436, 6.548808639777514706, 4.906670883062864696 ) ) ;
#3992 = VERTEX_POINT ( 'NONE', #1143 ) ;
#3993 = CARTESIAN_POINT ( 'NONE',  ( 88.77891679950172943, 6.924515712846409876, -5.842201958104563886 ) ) ;
#3994 = DIRECTION ( 'NONE',  ( -0.000000000000000000, -1.000000000000000000, -0.000000000000000000 ) ) ;
#3995 = CARTESIAN_POINT ( 'NONE',  ( -98.66940006093413729, 4.851355449008956100, -7.003114761396806109 ) ) ;
#3996 = CARTESIAN_POINT ( 'NONE',  ( -3.312943859179017014, 6.352367440338460902, 6.183023700258775790 ) ) ;
#3997 = AXIS2_PLACEMENT_3D ( 'NONE', #1428, #2502, #880 ) ;
#3998 = FACE_OUTER_BOUND ( 'NONE', #4579, .T. ) ;
#3999 = DIRECTION ( 'NONE',  ( 1.000000000000000000, 0.000000000000000000, -1.224646799147353207E-16 ) ) ;
#4000 = EDGE_CURVE ( 'NONE', #4449, #597, #1814, .T. ) ;
#4001 = CARTESIAN_POINT ( 'NONE',  ( -9.714451465470119729E-14, -42.18829223128360439, -6.499999999999999112 ) ) ;
#4002 = CARTESIAN_POINT ( 'NONE',  ( 8.859953388235505045, -4.845312938204790143, 15.91880035400390270 ) ) ;
#4003 = VERTEX_POINT ( 'NONE', #4213 ) ;
#4004 = CARTESIAN_POINT ( 'NONE',  ( -33.06741156127539938, -2.398229834854674447, -18.15162283329366844 ) ) ;
#4005 = CARTESIAN_POINT ( 'NONE',  ( -10.03130853024901370, 6.716908333961589150, 6.289139292447802454 ) ) ;
#4006 = CARTESIAN_POINT ( 'NONE',  ( -18.41656342554536963, 7.584470906257958944, 7.723242984648091003 ) ) ;
#4007 = CIRCLE ( 'NONE', #4873, 0.2500000000000001110 ) ;
#4008 = CARTESIAN_POINT ( 'NONE',  ( 81.51410617054236241, 3.304827380505262369, 9.233353662670811701 ) ) ;
#4009 = CARTESIAN_POINT ( 'NONE',  ( 6.889294693109774492, 6.380119282020239702, -5.999398875070754755 ) ) ;
#4010 = CARTESIAN_POINT ( 'NONE',  ( 21.87478852203508950, 0.5613930989852325970, 14.92660783863789931 ) ) ;
#4011 = CARTESIAN_POINT ( 'NONE',  ( 55.17985433349248581, 4.229439317980680180, 7.232591152191152339 ) ) ;
#4012 = AXIS2_PLACEMENT_3D ( 'NONE', #6382, #4316, #2594 ) ;
#4013 = CARTESIAN_POINT ( 'NONE',  ( -118.1796203662771347, 6.736390856559197893, 3.666733596135241857 ) ) ;
#4014 = CARTESIAN_POINT ( 'NONE',  ( 119.6345816909777682, 5.561729067622066758, 1.394797002785457263 ) ) ;
#4015 = DIRECTION ( 'NONE',  ( 0.000000000000000000, 0.000000000000000000, 1.000000000000000000 ) ) ;
#4016 = CARTESIAN_POINT ( 'NONE',  ( 95.14422349930445932, 6.435204711610015060, -5.626477895856388578 ) ) ;
#4017 = CARTESIAN_POINT ( 'NONE',  ( -10.39196026417729968, 7.592822169453476988, 6.381614863803906523 ) ) ;
#4018 = ORIENTED_EDGE ( 'NONE', *, *, #237, .F. ) ;
#4019 = CARTESIAN_POINT ( 'NONE',  ( -77.01409912109375000, 7.048941889284648710, -2.592465639114375442 ) ) ;
#4020 = CARTESIAN_POINT ( 'NONE',  ( -3.285535087361997508, 5.882092570963229683, 5.029538815939969432 ) ) ;
#4021 = CARTESIAN_POINT ( 'NONE',  ( -10.34456067988465833, 3.781750209531553164, -8.659389711819244440 ) ) ;
#4022 = CARTESIAN_POINT ( 'NONE',  ( 6.143766353636870292, 8.763509947418482326, -5.989660594054206477 ) ) ;
#4023 = CARTESIAN_POINT ( 'NONE',  ( -111.6003161946516826, 5.317680745566814693, -4.802562412682265247 ) ) ;
#4024 = CARTESIAN_POINT ( 'NONE',  ( -22.01017013318469040, 0.4394829062949333620, -14.59544467883262975 ) ) ;
#4025 = CARTESIAN_POINT ( 'NONE',  ( -107.6132747224469171, 6.396130411642017677, 5.566371239261883375 ) ) ;
#4026 = CARTESIAN_POINT ( 'NONE',  ( 5.109022847106361453, 7.237326924878401790, 3.738042170052261692 ) ) ;
#4027 = VERTEX_POINT ( 'NONE', #5211 ) ;
#4028 = CARTESIAN_POINT ( 'NONE',  ( 78.20281628921139827, 6.971474618000209844, -6.525427414288263783 ) ) ;
#4029 = CARTESIAN_POINT ( 'NONE',  ( 15.29800625896493926, 7.266629893813289165, -7.184411237346104429 ) ) ;
#4030 = CARTESIAN_POINT ( 'NONE',  ( -2.535993521734531075, 6.636571297628902855, 6.191818223222745665 ) ) ;
#4031 = CARTESIAN_POINT ( 'NONE',  ( -2.559874004198078534, 6.115887262307815320, 5.971940612615004085 ) ) ;
#4032 = CARTESIAN_POINT ( 'NONE',  ( -9.714451465470119729E-14, 14.28867513459489835, 0.000000000000000000 ) ) ;
#4033 = CARTESIAN_POINT ( 'NONE',  ( -9.689958529487172699E-14, 14.28867513459489835, 2.000000000000024869 ) ) ;
#4034 = CARTESIAN_POINT ( 'NONE',  ( -18.24328645050551501, 8.061066494938597060, 7.613953033426309247 ) ) ;
#4035 = CARTESIAN_POINT ( 'NONE',  ( -4.991710985469273609, 7.109949718701279231, -3.343131881249604476 ) ) ;
#4036 = ORIENTED_EDGE ( 'NONE', *, *, #310, .T. ) ;
#4037 = CARTESIAN_POINT ( 'NONE',  ( -24.08374873228638080, -1.356062699428973284, -17.44291182290871234 ) ) ;
#4038 = CARTESIAN_POINT ( 'NONE',  ( -9.996778964115101473, 6.926124359228821525, 6.402911229604502985 ) ) ;
#4039 = CARTESIAN_POINT ( 'NONE',  ( -65.61539454823542883, 7.532364370495589156, 7.190138047833189106 ) ) ;
#4040 = EDGE_CURVE ( 'NONE', #5798, #3842, #5186, .T. ) ;
#4041 = EDGE_CURVE ( 'NONE', #5946, #1409, #5848, .T. ) ;
#4042 = CARTESIAN_POINT ( 'NONE',  ( 57.21191958445580639, 0.2193627331453357476, 15.41131218486118470 ) ) ;
#4043 = CARTESIAN_POINT ( 'NONE',  ( 8.990247734231065380, 6.571949732495562024, -6.167036377977352046 ) ) ;
#4044 = CARTESIAN_POINT ( 'NONE',  ( 5.193688772201412007, 3.281206311375237661, 3.480511755890650427 ) ) ;
#4045 = CARTESIAN_POINT ( 'NONE',  ( 34.49295331519086716, 4.973178341091522903, 2.662371873855585047 ) ) ;
#4046 = DIRECTION ( 'NONE',  ( 1.000000000000000000, -7.996734198290766312E-16, 0.000000000000000000 ) ) ;
#4047 = FACE_OUTER_BOUND ( 'NONE', #5498, .T. ) ;
#4048 = LINE ( 'NONE', #2427, #6189 ) ;
#4049 = CARTESIAN_POINT ( 'NONE',  ( 88.81503099788665168, 6.624182853735633536, -5.936316493142349771 ) ) ;
#4050 = CARTESIAN_POINT ( 'NONE',  ( -9.084067654103385792, 7.466191644241491510, 6.295441652896029971 ) ) ;
#4051 = ORIENTED_EDGE ( 'NONE', *, *, #3498, .T. ) ;
#4052 = DIRECTION ( 'NONE',  ( 0.000000000000000000, 0.000000000000000000, -1.000000000000000000 ) ) ;
#4053 = CARTESIAN_POINT ( 'NONE',  ( -3.133435035835203664, 5.435850322422033365, 5.127861135500928036 ) ) ;
#4054 = CARTESIAN_POINT ( 'NONE',  ( 10.57336816522077427, 3.443379447953593964, 8.756139231911165055 ) ) ;
#4055 = CARTESIAN_POINT ( 'NONE',  ( 28.95396204932463746, 6.343623196779570428, -9.727769114233202785 ) ) ;
#4056 = CARTESIAN_POINT ( 'NONE',  ( -112.6325065767875628, 5.358768977008957712, -4.610928344817510904 ) ) ;
#4057 = CARTESIAN_POINT ( 'NONE',  ( -2.292920483916923491, 6.757271026057678043, 5.762948202325718583 ) ) ;
#4058 = CARTESIAN_POINT ( 'NONE',  ( -113.2009368980750708, 6.224626322619679186, 5.331736745141085976 ) ) ;
#4059 = ORIENTED_EDGE ( 'NONE', *, *, #6645, .T. ) ;
#4060 = DIRECTION ( 'NONE',  ( -0.000000000000000000, -1.000000000000000000, -0.000000000000000000 ) ) ;
#4061 = CARTESIAN_POINT ( 'NONE',  ( -4.858415350449590164, 3.557974960250280372, -3.524321587824003732 ) ) ;
#4062 = CARTESIAN_POINT ( 'NONE',  ( -117.5321398264904218, 5.778849388247997432, -2.931542286048489654 ) ) ;
#4063 = CARTESIAN_POINT ( 'NONE',  ( 119.1619410494295721, 5.367233332540004120, -2.423557832569992243 ) ) ;
#4064 = DIRECTION ( 'NONE',  ( -0.9996703703570739563, 0.02549156471817783792, 0.003054629006897746375 ) ) ;
#4065 = CARTESIAN_POINT ( 'NONE',  ( -8.351027222603919498, 7.509909333505375706, 6.133980877235575946 ) ) ;
#4066 = CARTESIAN_POINT ( 'NONE',  ( -4.221579512501047127, 6.562057988014231569, -4.274212670793304802 ) ) ;
#4067 = ORIENTED_EDGE ( 'NONE', *, *, #2032, .T. ) ;
#4068 = CARTESIAN_POINT ( 'NONE',  ( -62.31527362703571526, 1.099593626838884175, -14.49779715177414552 ) ) ;
#4069 = CARTESIAN_POINT ( 'NONE',  ( -8.448455424121673829, 6.630883512470298946, 6.216349805118317917 ) ) ;
#4070 = CARTESIAN_POINT ( 'NONE',  ( -1.676315480172758887, 4.586897183631768904, -6.855577081616673674 ) ) ;
#4071 = CARTESIAN_POINT ( 'NONE',  ( 84.63148587274314139, 3.430008498673619233, 8.816910139910136834 ) ) ;
#4072 = CARTESIAN_POINT ( 'NONE',  ( 6.022550596543011281, 3.425213327103137306, 1.711194993849174395 ) ) ;
#4073 = CARTESIAN_POINT ( 'NONE',  ( 100.5344165743599945, 6.127909037525087754, -5.580067634582535518 ) ) ;
#4074 = EDGE_CURVE ( 'NONE', #4370, #970, #3892, .T. ) ;
#4075 = CARTESIAN_POINT ( 'NONE',  ( -1.929974031995417283, 4.090545261774668262, -6.467152827576312824 ) ) ;
#4076 = CARTESIAN_POINT ( 'NONE',  ( 116.4903955160009446, 4.659797375162498589, 3.213473107667694340 ) ) ;
#4077 = CARTESIAN_POINT ( 'NONE',  ( -9.671588827499962427E-14, 6.488675134594886984, 3.500000000000023981 ) ) ;
#4078 = CARTESIAN_POINT ( 'NONE',  ( 65.58656405481710294, 6.990124023085969363, -7.006125526361679512 ) ) ;
#4079 = CARTESIAN_POINT ( 'NONE',  ( -7.271812563744238567, 7.445304346923553140, 6.035387112644317931 ) ) ;
#4080 = VERTEX_POINT ( 'NONE', #3974 ) ;
#4081 = CARTESIAN_POINT ( 'NONE',  ( -112.1719741821289205, -3.120880572618407900, -12.48796749114989701 ) ) ;
#4082 = CARTESIAN_POINT ( 'NONE',  ( -2.201296187167991913, 6.290801355839093389, 5.581590373406456251 ) ) ;
#4083 = EDGE_CURVE ( 'NONE', #5954, #628, #4658, .T. ) ;
#4084 = CARTESIAN_POINT ( 'NONE',  ( 3.840490899930596225, 4.049005451004088485, 6.947848199993371665 ) ) ;
#4085 = CARTESIAN_POINT ( 'NONE',  ( 1.897194134818032119, 4.588794163190562436, 6.878595350905477801 ) ) ;
#4086 = CARTESIAN_POINT ( 'NONE',  ( -103.3180555899196804, 5.053495647788599499, -6.173011933598246515 ) ) ;
#4087 = CARTESIAN_POINT ( 'NONE',  ( -14.10784514989146921, 2.874399722056355078, -10.02247447645621037 ) ) ;
#4088 = DIRECTION ( 'NONE',  ( 0.000000000000000000, 0.000000000000000000, -1.000000000000000000 ) ) ;
#4089 = CARTESIAN_POINT ( 'NONE',  ( -113.0921111815416822, 6.142359653950881793, 4.629214357639646060 ) ) ;
#4090 = ORIENTED_EDGE ( 'NONE', *, *, #2771, .T. ) ;
#4091 = B_SPLINE_CURVE_WITH_KNOTS ( 'NONE', 3,
 ( #6159, #1923, #4945, #856, #1811, #1434, #5538, #5087, #2442, #3519, #4573, #2411, #6606, #2927, #6573, #6093, #6673, #3551, #6128, #777, #223, #1848, #1402, #6018, #2963, #5057, #4061, #3959, #3410, #2885, #339, #4510, #4982, #1327 ),
 .UNSPECIFIED., .F., .F.,
 ( 4, 2, 2, 2, 2, 2, 2, 2, 2, 2, 2, 2, 2, 2, 2, 2, 4 ),
 ( 2.593397092167877506E-17, 0.0009551226664510492756, 0.001910245332902072747, 0.002865367999353095677, 0.003820490665804118606, 0.004775613332255141535, 0.005730735998706162730, 0.006685858665157185660, 0.007640981331608207722, 0.008596103998059229784, 0.009551226664510253581, 0.01050634933096127564, 0.01098391066418678494, 0.01146147199741229597, 0.01241659466386331977, 0.01337171733031434183, 0.01528196266321638942 ),
 .UNSPECIFIED. ) ;
#4092 = CARTESIAN_POINT ( 'NONE',  ( -13.12686079590066690, 7.534269343383843243, 6.842270066915861371 ) ) ;
#4093 = CARTESIAN_POINT ( 'NONE',  ( -122.7150121587311844, 4.185880123187989632, -8.330799216053085487 ) ) ;
#4094 = CARTESIAN_POINT ( 'NONE',  ( -2.282485517326263480, 6.703067404917168126, 5.548884199849538845 ) ) ;
#4095 = CARTESIAN_POINT ( 'NONE',  ( 2.302671098795753934, 6.464035190282895194, -6.014267845432306636 ) ) ;
#4096 = CARTESIAN_POINT ( 'NONE',  ( -95.12809493777099590, 7.183903504653345706, 5.527089129024523650 ) ) ;
#4097 = AXIS2_PLACEMENT_3D ( 'NONE', #941, #5146, #5526 ) ;
#4098 = CARTESIAN_POINT ( 'NONE',  ( -6.008242074128663290, 8.244966363216827077, -0.06817362325444754900 ) ) ;
#4099 = ORIENTED_EDGE ( 'NONE', *, *, #5600, .F. ) ;
#4100 = CARTESIAN_POINT ( 'NONE',  ( -53.71702317832624374, 1.205970867231423105, -13.91580965648924106 ) ) ;
#4101 = CARTESIAN_POINT ( 'NONE',  ( -76.13862999161885625, 7.084908634104584380, 6.435290790468708444 ) ) ;
#4102 = CARTESIAN_POINT ( 'NONE',  ( -9.640972657521278640E-14, -0.5000000000000177636, 5.999999999999998224 ) ) ;
#4103 = CARTESIAN_POINT ( 'NONE',  ( 102.2717061498016875, 4.536911231189431959, 6.358260767072803077 ) ) ;
#4104 = AXIS2_PLACEMENT_3D ( 'NONE', #6385, #2600, #1146 ) ;
#4105 = APPLICATION_CONTEXT ( 'configuration controlled 3d designs of mechanical parts and assemblies' ) ;
#4106 = CARTESIAN_POINT ( 'NONE',  ( 6.223793705376817975, 3.553884254015877708, 0.7562887724240811016 ) ) ;
#4107 = CARTESIAN_POINT ( 'NONE',  ( 126.2915215293185298, 6.022616296651439605, -9.809649467468281259 ) ) ;
#4108 = AXIS2_PLACEMENT_3D ( 'NONE', #3528, #6137, #4614 ) ;
#4109 = FACE_OUTER_BOUND ( 'NONE', #5608, .T. ) ;
#4110 = CARTESIAN_POINT ( 'NONE',  ( 38.09182976731430870, 8.538059895596099125, -9.456381584914687721 ) ) ;
#4111 = CARTESIAN_POINT ( 'NONE',  ( 105.6843500134637139, 5.874012199484213603, -5.026480571735283398 ) ) ;
#4112 = CARTESIAN_POINT ( 'NONE',  ( -24.39783766471084192, 8.406002381627981634, 8.714253404474087361 ) ) ;
#4113 = AXIS2_PLACEMENT_3D ( 'NONE', #6140, #1415, #5102 ) ;
#4114 = VERTEX_POINT ( 'NONE', #2456 ) ;
#4115 = CARTESIAN_POINT ( 'NONE',  ( -28.29653358459472656, 2.763822586713779117, -12.05518627166747869 ) ) ;
#4116 = EDGE_CURVE ( 'NONE', #4920, #2466, #3683, .T. ) ;
#4117 = CARTESIAN_POINT ( 'NONE',  ( -4.492626914868449006, 4.720009428370341098, 3.990965135206280046 ) ) ;
#4118 = CARTESIAN_POINT ( 'NONE',  ( 2.471290019718371145, 4.079069872929523832, 6.613946171869571344 ) ) ;
#4119 = CARTESIAN_POINT ( 'NONE',  ( 47.07642837031384886, 8.602484549940594860, -8.706490617239760255 ) ) ;
#4120 = AXIS2_PLACEMENT_3D ( 'NONE', #2879, #3018, #1492 ) ;
#4121 = CARTESIAN_POINT ( 'NONE',  ( -7.975351037842140833, 4.696351858164663717, -7.758530609469383776 ) ) ;
#4122 = CARTESIAN_POINT ( 'NONE',  ( 117.5301354292814437, 6.077928873436406754, -4.127361141182875670 ) ) ;
#4123 = CARTESIAN_POINT ( 'NONE',  ( -1.731448260212691270, 4.192650577675101076, -5.744731753733194779 ) ) ;
#4124 = EDGE_CURVE ( 'NONE', #2041, #2760, #6170, .T. ) ;
#4125 = EDGE_CURVE ( 'NONE', #3407, #4842, #6096, .T. ) ;
#4126 =( NAMED_UNIT ( * ) PLANE_ANGLE_UNIT ( ) SI_UNIT ( $, .RADIAN. ) );
#4127 = ORIENTED_EDGE ( 'NONE', *, *, #3913, .T. ) ;
#4128 = CARTESIAN_POINT ( 'NONE',  ( -6.865061506312028605, 7.212455280031261573, 6.104133272850811309 ) ) ;
#4129 = CARTESIAN_POINT ( 'NONE',  ( -116.4404263884449051, 5.191565790987564988, -3.237717902765620881 ) ) ;
#4130 = CARTESIAN_POINT ( 'NONE',  ( 14.35279462401229189, 3.525330091176061664, 10.38232038349717712 ) ) ;
#4131 = CARTESIAN_POINT ( 'NONE',  ( -105.7030334660848041, 6.607405845750482953, 5.240136679104058892 ) ) ;
#4132 = CARTESIAN_POINT ( 'NONE',  ( -76.09076479612757282, 7.583041484002197130, 6.539585483512752262 ) ) ;
#4133 = CARTESIAN_POINT ( 'NONE',  ( -6.134577792695573351, 8.689497836302351175, 1.271145294716275798 ) ) ;
#4134 = CARTESIAN_POINT ( 'NONE',  ( -50.68714401159819261, 0.7167559179577970285, -14.56583904926857898 ) ) ;
#4135 = CARTESIAN_POINT ( 'NONE',  ( -95.13061070912540629, 6.629558800173113831, 5.418806951416660134 ) ) ;
#4136 = CARTESIAN_POINT ( 'NONE',  ( 1.743380946843360757, 5.415629176728134375, 5.927399003457875182 ) ) ;
#4137 = CARTESIAN_POINT ( 'NONE',  ( 103.8220599156729804, 4.587722428977137668, 6.090856297168930844 ) ) ;
#4138 = CARTESIAN_POINT ( 'NONE',  ( -119.1965713688101829, 6.776232566639277977, 2.388489599375996253 ) ) ;
#4139 = DIRECTION ( 'NONE',  ( -0.000000000000000000, -1.000000000000000000, -0.000000000000000000 ) ) ;
#4140 = CARTESIAN_POINT ( 'NONE',  ( 117.6920902700980633, 6.180245266887807176, -4.153035163879414071 ) ) ;
#4141 = CARTESIAN_POINT ( 'NONE',  ( 17.65366494692819899, 7.863467554246212465, -7.591702063552281388 ) ) ;
#4142 = CARTESIAN_POINT ( 'NONE',  ( -117.0861286901867544, 6.020996921511127198, 4.267125052857935863 ) ) ;
#4143 = CARTESIAN_POINT ( 'NONE',  ( 24.94793896528621602, -0.6603958885834110282, 15.93431796771577602 ) ) ;
#4144 = CARTESIAN_POINT ( 'NONE',  ( 3.309642813740120371, 6.337109466647967260, -6.183029874812654647 ) ) ;
#4145 = CARTESIAN_POINT ( 'NONE',  ( -119.6458544071287236, 5.536856192688014211, -1.599440255909776454 ) ) ;
#4146 = VERTEX_POINT ( 'NONE', #931 ) ;
#4147 = CARTESIAN_POINT ( 'NONE',  ( -28.11531066894531605, -1.373815028490076307, -20.25674629211425781 ) ) ;
#4148 = CARTESIAN_POINT ( 'NONE',  ( 118.6285501371348658, 5.386032301175915471, -3.175047543990275667 ) ) ;
#4149 = CIRCLE ( 'NONE', #1173, 0.2499999999999999167 ) ;
#4150 = CARTESIAN_POINT ( 'NONE',  ( 11.47195368588025843, 3.558935866484233657, 9.120492623129608845 ) ) ;
#4151 = CARTESIAN_POINT ( 'NONE',  ( -1.730006773736293857, 5.169130041880638515, -5.745166017006867243 ) ) ;
#4152 = CARTESIAN_POINT ( 'NONE',  ( -21.24870336996000830, 1.158393008155264470, -14.44189500891224398 ) ) ;
#4153 = CARTESIAN_POINT ( 'NONE',  ( -13.27339522554876439, 3.054236460439118339, -9.610813038658712060 ) ) ;
#4154 = CARTESIAN_POINT ( 'NONE',  ( -109.3908521661546445, 6.253869732649562252, 4.838309535054941435 ) ) ;
#4155 = LOCAL_TIME ( 21, 27, 0.000000000000000000, #3679 ) ;
#4156 =( LENGTH_UNIT ( ) NAMED_UNIT ( * ) SI_UNIT ( .MILLI., .METRE. ) );
#4157 = EDGE_LOOP ( 'NONE', ( #5891, #3632 ) ) ;
#4158 = CARTESIAN_POINT ( 'NONE',  ( 5.946554551469866112, 3.522326378012491155, 0.7379214356764828286 ) ) ;
#4159 = EDGE_CURVE ( 'NONE', #6661, #1921, #4522, .T. ) ;
#4160 = CARTESIAN_POINT ( 'NONE',  ( -31.81709496464710796, 8.698678313245432392, 9.611887394796553963 ) ) ;
#4161 = CARTESIAN_POINT ( 'NONE',  ( 119.5912331245552309, 6.179731583271853346, -1.990477841838436790 ) ) ;
#4162 = CARTESIAN_POINT ( 'NONE',  ( -120.1290038345641022, 2.812071324371228975, -11.68299968255824162 ) ) ;
#4163 = CARTESIAN_POINT ( 'NONE',  ( 116.7897577356104364, 5.746511979756750321, -4.343771664039985048 ) ) ;
#4164 = DIRECTION ( 'NONE',  ( -0.9457976909957500622, 0.05442654285459447294, -0.3201632070366690064 ) ) ;
#4165 = CARTESIAN_POINT ( 'NONE',  ( -5.006683528227425128, 6.940731767305222455, 6.208800113279536070 ) ) ;
#4166 = CARTESIAN_POINT ( 'NONE',  ( -2.749927293983831955, 6.968455296934210175, 5.364811480014584077 ) ) ;
#4167 = CARTESIAN_POINT ( 'NONE',  ( -47.11416417166680759, -1.496100860781807151, -17.83117177386696639 ) ) ;
#4168 = CARTESIAN_POINT ( 'NONE',  ( -97.24153460720391706, 6.575942135147426981, 5.323495456620928046 ) ) ;
#4169 = CARTESIAN_POINT ( 'NONE',  ( -1.689710531998856347, 4.906995384081661804, -6.573371397552206119 ) ) ;
#4170 = CARTESIAN_POINT ( 'NONE',  ( 99.86594963681251613, 2.567690833791429039, 10.34980378200559059 ) ) ;
#4171 = CARTESIAN_POINT ( 'NONE',  ( -119.6403707931229263, 5.879763313042232653, -1.337559184114929689 ) ) ;
#4172 = CARTESIAN_POINT ( 'NONE',  ( -5.118335923014243782, 3.306786813365094613, -3.618231982149013426 ) ) ;
#4173 = CARTESIAN_POINT ( 'NONE',  ( 30.32150548719251759, 3.072127866897971682, -14.42791557312012074 ) ) ;
#4174 = B_SPLINE_CURVE_WITH_KNOTS ( 'NONE', 3,
 ( #1392, #1874, #6564, #5528, #808, #5602, #6083 ),
 .UNSPECIFIED., .F., .F.,
 ( 4, 3, 4 ),
 ( 8.673617379884035472E-19, 0.001392107379300605748, 0.002242998695390933592 ),
 .UNSPECIFIED. ) ;
#4175 = CARTESIAN_POINT ( 'NONE',  ( 22.32665604408139970, 7.982368073867403879, -8.437254321037070071 ) ) ;
#4176 = CARTESIAN_POINT ( 'NONE',  ( 3.891795692142355101, 3.686758720786762478, 4.563718698162128717 ) ) ;
#4177 = CARTESIAN_POINT ( 'NONE',  ( 27.04482036786586008, -0.9556362188787428380, 17.08936175845643035 ) ) ;
#4178 = CARTESIAN_POINT ( 'NONE',  ( 86.70762595828642816, 3.497092646961858176, 8.567223220843501963 ) ) ;
#4179 = CARTESIAN_POINT ( 'NONE',  ( -21.90482472585338414, 0.6624148257664613793, -14.92660783863790286 ) ) ;
#4180 = ORIENTED_EDGE ( 'NONE', *, *, #6143, .F. ) ;
#4181 = CARTESIAN_POINT ( 'NONE',  ( 3.613493818194266627, -0.2068076883364267371, 18.64525032043456676 ) ) ;
#4182 = CARTESIAN_POINT ( 'NONE',  ( 119.4348248481681196, 5.242904394214527919, -0.2496713708649892505 ) ) ;
#4183 = EDGE_CURVE ( 'NONE', #5477, #1113, #6664, .T. ) ;
#4184 = CARTESIAN_POINT ( 'NONE',  ( 11.97215552249692294, 3.235462862554699726, 9.044153093695900480 ) ) ;
#4185 = DIRECTION ( 'NONE',  ( 0.000000000000000000, 0.000000000000000000, 1.000000000000000000 ) ) ;
#4186 = CARTESIAN_POINT ( 'NONE',  ( 6.097327235650102928, 6.359593252082469839, -6.022580848036981571 ) ) ;
#4187 = FACE_OUTER_BOUND ( 'NONE', #3176, .T. ) ;
#4188 = CARTESIAN_POINT ( 'NONE',  ( -3.948435407368459327, 4.823605589433896057, -6.956386809407266725 ) ) ;
#4189 = ORIENTED_EDGE ( 'NONE', *, *, #815, .T. ) ;
#4190 = DIRECTION ( 'NONE',  ( -0.000000000000000000, -1.000000000000000000, -0.000000000000000000 ) ) ;
#4191 = CARTESIAN_POINT ( 'NONE',  ( 5.977095295150387066, 3.558934163633185044, 0.4252670590602293244 ) ) ;
#4192 = CARTESIAN_POINT ( 'NONE',  ( -5.329201589393464999, 6.868090795584239849, 6.216579840993616379 ) ) ;
#4193 = DIRECTION ( 'NONE',  ( 0.9997773680130621621, 0.02087782676679157678, -0.003054629006873654535 ) ) ;
#4194 = CARTESIAN_POINT ( 'NONE',  ( 119.4495039559018466, 5.908023722863076088, -0.1762816709318342501 ) ) ;
#4195 = DIRECTION ( 'NONE',  ( -0.8924463747179586237, 0.08327715266318463927, 0.4434009292920864098 ) ) ;
#4196 = CARTESIAN_POINT ( 'NONE',  ( -2.274122476577757457, 6.407193989931066369, 6.097687244415283203 ) ) ;
#4197 = CARTESIAN_POINT ( 'NONE',  ( -25.68291039823758126, -0.7727181880111677614, -16.22487357461990953 ) ) ;
#4198 = CARTESIAN_POINT ( 'NONE',  ( 5.643491328626951464, 3.311783831655361610, 2.699038686991064306 ) ) ;
#4199 = CARTESIAN_POINT ( 'NONE',  ( -5.919196167778305373, 8.009058959440716663, -1.031912338338715651 ) ) ;
#4200 = CARTESIAN_POINT ( 'NONE',  ( -49.67925015376049913, 0.9327590526376237090, -15.09744965564676100 ) ) ;
#4201 = CARTESIAN_POINT ( 'NONE',  ( -59.28022137241001133, 7.668731432800798054, 7.614138920115336440 ) ) ;
#4202 = CARTESIAN_POINT ( 'NONE',  ( 22.88164183808000018, 0.4339395792130417151, 15.32256989015497695 ) ) ;
#4203 = CARTESIAN_POINT ( 'NONE',  ( 100.9180924513465101, 2.584838301684531991, 10.27985533271024288 ) ) ;
#4204 = EDGE_CURVE ( 'NONE', #5651, #5805, #5103, .T. ) ;
#4205 = CARTESIAN_POINT ( 'NONE',  ( -119.6563301418450607, 5.721801137844964025, -1.952177918465106909 ) ) ;
#4206 = CARTESIAN_POINT ( 'NONE',  ( -5.211350710337383951, 3.305216003964374760, -3.480511755890651315 ) ) ;
#4207 = CARTESIAN_POINT ( 'NONE',  ( 30.11950895076854096, 4.840931936249510237, -12.63849639892578480 ) ) ;
#4208 = ORIENTED_EDGE ( 'NONE', *, *, #1226, .F. ) ;
#4209 = CARTESIAN_POINT ( 'NONE',  ( 15.06671855067658505, 7.691309479296089435, -7.149038806409459212 ) ) ;
#4210 = CARTESIAN_POINT ( 'NONE',  ( 5.972210707139121943, 3.954622637964650522, -0.5073277469438010057 ) ) ;
#4211 = CARTESIAN_POINT ( 'NONE',  ( 29.95478319893162578, -2.135394344486337470, 17.70031685593816917 ) ) ;
#4212 = CARTESIAN_POINT ( 'NONE',  ( 75.32064439292868485, 2.895460960936759420, 10.31964204334160762 ) ) ;
#4213 = CARTESIAN_POINT ( 'NONE',  ( -9.674650444497830174E-14, 6.777350269189689413, 3.000000000000021316 ) ) ;
#4214 = B_SPLINE_CURVE_WITH_KNOTS ( 'NONE', 3,
 ( #4501, #4399, #3951, #5942 ),
 .UNSPECIFIED., .F., .F.,
 ( 4, 4 ),
 ( 0.000000000000000000, 0.0001810248249239761404 ),
 .UNSPECIFIED. ) ;
#4215 = CARTESIAN_POINT ( 'NONE',  ( 1.683038286178346388, 4.096454723072095128, 6.449229865198952361 ) ) ;
#4216 = CARTESIAN_POINT ( 'NONE',  ( 117.9103753995290305, 5.425343890224564092, -3.804490533135946873 ) ) ;
#4217 = AXIS2_PLACEMENT_3D ( 'NONE', #2170, #5336, #607 ) ;
#4218 = CARTESIAN_POINT ( 'NONE',  ( 2.295520238514388911, 6.342955063613413991, -5.876466507572795095 ) ) ;
#4219 = CARTESIAN_POINT ( 'NONE',  ( 1.539454853872438855, 4.145792465042426933, 6.555929395932479586 ) ) ;
#4220 = CARTESIAN_POINT ( 'NONE',  ( -5.609094520100308401, 8.478129025649675299, 2.155806710628803025 ) ) ;
#4221 = CARTESIAN_POINT ( 'NONE',  ( 8.465668125141098344, 6.518466011173068786, -6.108862866513202761 ) ) ;
#4222 = CARTESIAN_POINT ( 'NONE',  ( 4.846787561215152529, 6.653450293540381644, -6.320435523690459689 ) ) ;
#4223 = CARTESIAN_POINT ( 'NONE',  ( 2.293110995645642802, 7.040763250399201034, -5.782508798546619921 ) ) ;
#4224 = CIRCLE ( 'NONE', #689, 6.500000000000015987 ) ;
#4225 = ORIENTED_EDGE ( 'NONE', *, *, #4204, .T. ) ;
#4226 = DIRECTION ( 'NONE',  ( 0.000000000000000000, 0.000000000000000000, -1.000000000000000000 ) ) ;
#4227 = CARTESIAN_POINT ( 'NONE',  ( 5.350491850652893788, 4.440236104072160295, -3.391338718503006611 ) ) ;
#4228 = AXIS2_PLACEMENT_3D ( 'NONE', #6662, #5631, #4052 ) ;
#4229 = CARTESIAN_POINT ( 'NONE',  ( -9.220004580281944584, 7.365605276016021996, 6.310958460093584854 ) ) ;
#4230 = CARTESIAN_POINT ( 'NONE',  ( 21.10070062787181300, 0.8843466319840943557, 14.48104332629911539 ) ) ;
#4231 = CARTESIAN_POINT ( 'NONE',  ( 118.3165747288211378, 5.942602075963534958, -3.794025402621482357 ) ) ;
#4232 = CARTESIAN_POINT ( 'NONE',  ( 5.687052462014751342, 7.688336719008510123, 2.739635161435796107 ) ) ;
#4233 = CARTESIAN_POINT ( 'NONE',  ( -4.453429698944086468, 9.934870751081428253, 11.63392925262451350 ) ) ;
#4234 = PLANE ( 'NONE',  #5797 ) ;
#4235 = CARTESIAN_POINT ( 'NONE',  ( 119.5594027648989766, 5.135618208825598607, -2.406153490470077205 ) ) ;
#4236 = CARTESIAN_POINT ( 'NONE',  ( -5.966406696769967155, 8.096083687703703902, -0.7110637052866903840 ) ) ;
#4237 = CARTESIAN_POINT ( 'NONE',  ( -77.41291963455867631, 3.849237780165441603, -10.16401222301694673 ) ) ;
#4238 = CARTESIAN_POINT ( 'NONE',  ( -29.48948820064084231, -1.503946346299448678, -17.89039111633874057 ) ) ;
#4239 = CARTESIAN_POINT ( 'NONE',  ( 55.71480974869254510, 1.640871627357182394, 13.80772626881594256 ) ) ;
#4240 = CARTESIAN_POINT ( 'NONE',  ( 111.0593525163858288, 2.208313985559193782, 10.80472721396462532 ) ) ;
#4241 = CARTESIAN_POINT ( 'NONE',  ( -119.6879769679086820, 6.381831754248040944, 1.180434184086413207 ) ) ;
#4242 = CARTESIAN_POINT ( 'NONE',  ( 119.1543836166522112, 0.07286555450567062941, 15.54623699188230290 ) ) ;
#4243 = CARTESIAN_POINT ( 'NONE',  ( 77.73356829284993808, 2.525700222119802163, -12.17317867279053800 ) ) ;
#4244 = ORIENTED_EDGE ( 'NONE', *, *, #5122, .F. ) ;
#4245 = ADVANCED_FACE ( 'NONE', ( #3100 ), #2153, .T. ) ;
#4246 = CARTESIAN_POINT ( 'NONE',  ( 16.10787901315988790, 7.645306438861151577, -7.322403691000166859 ) ) ;
#4247 = CARTESIAN_POINT ( 'NONE',  ( -19.12132681443024751, 6.479196849585551199, 7.784130183993188012 ) ) ;
#4248 = CARTESIAN_POINT ( 'NONE',  ( 26.14071491256307311, -2.270676429957714237, 18.36401827993983815 ) ) ;
#4249 = CARTESIAN_POINT ( 'NONE',  ( 117.5107062338200592, 4.754561947303202807, 2.799263395635688045 ) ) ;
#4250 = CARTESIAN_POINT ( 'NONE',  ( -119.4431027231777591, 5.857149138648338749, 1.027906051637800244 ) ) ;
#4251 = CARTESIAN_POINT ( 'NONE',  ( -113.1115990220726957, 6.602739682215507777, 4.730745115685627056 ) ) ;
#4252 = CARTESIAN_POINT ( 'NONE',  ( -119.5108151685291489, 6.160910006638996350, 2.270985540428659188 ) ) ;
#4253 = CARTESIAN_POINT ( 'NONE',  ( -2.282485517326263480, 6.703067404917168126, 5.548884199849538845 ) ) ;
#4254 = CARTESIAN_POINT ( 'NONE',  ( 9.227413474414145611, 6.670323189551528031, -6.307627408643881495 ) ) ;
#4255 = CARTESIAN_POINT ( 'NONE',  ( -3.395597524953986479, 4.092133391629706018, -6.885573419277832841 ) ) ;
#4256 = CARTESIAN_POINT ( 'NONE',  ( 2.284926321090011481, 6.882294169649730620, -5.626064819312904142 ) ) ;
#4257 = ORIENTED_EDGE ( 'NONE', *, *, #3103, .F. ) ;
#4258 = CARTESIAN_POINT ( 'NONE',  ( -39.28422164916992188, 3.769798309980390449, 14.15559577941894709 ) ) ;
#4259 = CARTESIAN_POINT ( 'NONE',  ( 4.170020575930979412, 5.276492025864083502, -4.829071520570598075 ) ) ;
#4260 = CARTESIAN_POINT ( 'NONE',  ( 101.4697754520626063, 6.308051344890309942, -5.374935433548349906 ) ) ;
#4261 = CARTESIAN_POINT ( 'NONE',  ( 44.41566632420141758, 8.278990028596636463, -8.823122852936558402 ) ) ;
#4262 = AXIS2_PLACEMENT_3D ( 'NONE', #3676, #3255, #4320 ) ;
#4263 = CARTESIAN_POINT ( 'NONE',  ( 119.6652222266520198, 6.117498583251149036, -1.470041114729998988 ) ) ;
#4264 = DIRECTION ( 'NONE',  ( 0.08986152939379979387, 0.9959542687970202035, 0.000000000000000000 ) ) ;
#4265 = CARTESIAN_POINT ( 'NONE',  ( -13.70855998992920100, 3.632515700040789941, -5.095381259918212002 ) ) ;
#4266 = CARTESIAN_POINT ( 'NONE',  ( 37.16969921439380897, 7.990663833931292537, -9.365558889668447407 ) ) ;
#4267 =( BOUNDED_SURFACE ( )  B_SPLINE_SURFACE ( 3, 2, ( 
 ( #5893, #3929, #3309 ),
 ( #4346, #6542, #4308 ),
 ( #2792, #132, #6503 ),
 ( #1299, #198, #4886 ),
 ( #3379, #749, #1817 ),
 ( #2274, #6472, #5953 ),
 ( #6406, #230, #784 ),
 ( #1684, #3416, #4818 ),
 ( #2860, #2308, #4410 ),
 ( #1781, #3896, #2241 ),
 ( #4952, #5990, #6441 ),
 ( #1168, #2344, #4445 ),
 ( #101, #3277, #5373 ),
 ( #645, #2757, #4850 ),
 ( #6579, #5545, #2894 ),
 ( #3965, #4989, #273 ),
 ( #1334, #2381, #4480 ),
 ( #1854, #6061, #3454 ),
 ( #6393, #3262, #4739 ),
 ( #4836, #1054, #4329 ),
 ( #4230, #1667, #3160 ),
 ( #1633, #5295, #3126 ) ),
 .UNSPECIFIED., .F., .F., .T. ) 
 B_SPLINE_SURFACE_WITH_KNOTS ( ( 4, 2, 2, 2, 2, 2, 2, 2, 2, 2, 4 ),
 ( 3, 3 ),
 ( 0.01020259169438570562, 0.01161937643551343678, 0.01303616117664116794, 0.01586973065889663026, 0.01728651540002435968, 0.01870330014115208911, 0.02153686962340755143, 0.02437043910566301375, 0.02720400858791847259, 0.03003757807017393491, 0.03287114755242939723 ),
 ( 0.000000000000000000, 1.000000000000000000 ),
 .UNSPECIFIED. ) 
 GEOMETRIC_REPRESENTATION_ITEM ( )  RATIONAL_B_SPLINE_SURFACE ( (
 ( 1.000000000000000000, 0.9343861149939052257, 1.000000000000000000),
 ( 1.000000000000000000, 0.9322882291590992576, 1.000000000000000000),
 ( 1.000000000000000000, 0.9301547100899741904, 1.000000000000000000),
 ( 1.000000000000000000, 0.9257587045049994190, 1.000000000000000000),
 ( 1.000000000000000000, 0.9235222548974025836, 1.000000000000000000),
 ( 1.000000000000000000, 0.9169338375369734395, 1.000000000000000000),
 ( 1.000000000000000000, 0.9127062161885143299, 1.000000000000000000),
 ( 1.000000000000000000, 0.9075157402245076499, 1.000000000000000000),
 ( 1.000000000000000000, 0.9059730851623987169, 1.000000000000000000),
 ( 1.000000000000000000, 0.9034239551324513284, 1.000000000000000000),
 ( 1.000000000000000000, 0.9024132135202899141, 1.000000000000000000),
 ( 1.000000000000000000, 0.9002223205814435802, 1.000000000000000000),
 ( 1.000000000000000000, 0.9000367191204237116, 1.000000000000000000),
 ( 1.000000000000000000, 0.9009498575261896125, 1.000000000000000000),
 ( 1.000000000000000000, 0.9015831308647366260, 1.000000000000000000),
 ( 1.000000000000000000, 0.9027551128627264720, 1.000000000000000000),
 ( 1.000000000000000000, 0.9032611919568896974, 1.000000000000000000),
 ( 1.000000000000000000, 0.9037288365132943868, 1.000000000000000000),
 ( 1.000000000000000000, 0.9037117888346454242, 1.000000000000000000),
 ( 1.000000000000000000, 0.9029516156181348618, 1.000000000000000000),
 ( 1.000000000000000000, 0.9018482700390940687, 1.000000000000000000),
 ( 1.000000000000000000, 0.9026079963439628262, 1.000000000000000000) ) ) 
 REPRESENTATION_ITEM ( '' )  SURFACE ( )  );
#4268 = EDGE_LOOP ( 'NONE', ( #5212, #2313, #2009, #2597, #2399 ) ) ;
#4269 = CARTESIAN_POINT ( 'NONE',  ( 5.023663122461170083, 3.286828272381994154, 3.727382320399062809 ) ) ;
#4270 = CARTESIAN_POINT ( 'NONE',  ( 28.82711676315035731, 8.223591088912417746, -9.384090385854253924 ) ) ;
#4271 = CARTESIAN_POINT ( 'NONE',  ( -83.61856159681592260, 4.219519590206813220, -9.179926251718381280 ) ) ;
#4272 = FACE_OUTER_BOUND ( 'NONE', #5993, .T. ) ;
#4273 = CARTESIAN_POINT ( 'NONE',  ( 31.46119940423011840, -2.044554696774254943, 18.34001062141040350 ) ) ;
#4274 = CARTESIAN_POINT ( 'NONE',  ( 112.3523519325361377, 4.834526825633862934, 4.645825620881962159 ) ) ;
#4275 = ORIENTED_EDGE ( 'NONE', *, *, #5341, .T. ) ;
#4276 = CARTESIAN_POINT ( 'NONE',  ( 3.871926143419774036, 5.448489762552910065, -5.080542217691198736 ) ) ;
#4277 = CARTESIAN_POINT ( 'NONE',  ( -4.634427204762163299, 3.336389778168143749, -4.281509380916918239 ) ) ;
#4278 = FACE_OUTER_BOUND ( 'NONE', #1855, .T. ) ;
#4279 = CARTESIAN_POINT ( 'NONE',  ( 6.000089704626121012, 7.216570233860791106, -6.056724251093216438 ) ) ;
#4280 = CARTESIAN_POINT ( 'NONE',  ( -28.95463222102464940, 8.792396071887960574, 9.743270174104976533 ) ) ;
#4281 = CARTESIAN_POINT ( 'NONE',  ( 26.57201888397743517, -1.193919446394651862, 16.59834813867509240 ) ) ;
#4282 = CARTESIAN_POINT ( 'NONE',  ( 3.293609805451160000, 6.498515104965286504, -6.373213625847569119 ) ) ;
#4283 = CARTESIAN_POINT ( 'NONE',  ( -119.5876507713952321, 6.153833111317229765, 2.015416999557826383 ) ) ;
#4284 = FACE_OUTER_BOUND ( 'NONE', #2115, .T. ) ;
#4285 = CARTESIAN_POINT ( 'NONE',  ( 2.545092173813843672, 5.911702649078677929, -5.753851633149142053 ) ) ;
#4286 = CARTESIAN_POINT ( 'NONE',  ( 7.395510416083475924, 6.617143848012799978, -6.120527060339866487 ) ) ;
#4287 = B_SPLINE_CURVE_WITH_KNOTS ( 'NONE', 3,
 ( #1508, #5621, #4136, #3097, #6780, #6168 ),
 .UNSPECIFIED., .F., .F.,
 ( 4, 2, 4 ),
 ( 1.245653460271121909E-18, 0.0002063138836035200655, 0.0004126277672070388842 ),
 .UNSPECIFIED. ) ;
#4288 = CARTESIAN_POINT ( 'NONE',  ( -103.5855539013863478, 6.688485185590679727, 5.315110072752252890 ) ) ;
#4289 = CARTESIAN_POINT ( 'NONE',  ( 2.533734237581356741, 6.624872869650404006, -6.191818223223069850 ) ) ;
#4290 = ORIENTED_EDGE ( 'NONE', *, *, #3094, .F. ) ;
#4291 = EDGE_CURVE ( 'NONE', #2875, #3407, #1135, .T. ) ;
#4292 = ORIENTED_EDGE ( 'NONE', *, *, #780, .T. ) ;
#4293 = CARTESIAN_POINT ( 'NONE',  ( 4.789054278437163248, 6.655280348948484637, -6.077200002106718735 ) ) ;
#4294 = CARTESIAN_POINT ( 'NONE',  ( 5.001319698659184354, 4.708902762821931987, -3.914807432464670889 ) ) ;
#4295 = CARTESIAN_POINT ( 'NONE',  ( 76.09867594315349493, 7.034950826203944629, -6.632993387554508402 ) ) ;
#4296 = CARTESIAN_POINT ( 'NONE',  ( 28.62693604931935809, 8.630741232402119323, -9.281541050799621217 ) ) ;
#4297 = DIRECTION ( 'NONE',  ( 0.000000000000000000, 0.000000000000000000, -1.000000000000000000 ) ) ;
#4298 = CARTESIAN_POINT ( 'NONE',  ( -5.951427459716795099, 6.527137608705483984, 5.945149421691894531 ) ) ;
#4299 = CARTESIAN_POINT ( 'NONE',  ( 5.645906779100105410, 0.5400703089299000448, 6.989801826283661867 ) ) ;
#4300 = CARTESIAN_POINT ( 'NONE',  ( 3.804498061204134363, 3.407239800313406786, 4.637237558812922877 ) ) ;
#4301 = CARTESIAN_POINT ( 'NONE',  ( 2.282263340088943160, 6.833633634837301685, -5.574977342157746207 ) ) ;
#4302 = CARTESIAN_POINT ( 'NONE',  ( -96.72649873886352623, 2.967627668288134402, -10.54316987936718775 ) ) ;
#4303 = CARTESIAN_POINT ( 'NONE',  ( -72.27097018342242052, 3.394222536924357048, -11.17908350157743946 ) ) ;
#4304 = CARTESIAN_POINT ( 'NONE',  ( 41.71656733294116037, -1.136512060909725674, 17.30788840452995103 ) ) ;
#4305 = ORIENTED_EDGE ( 'NONE', *, *, #2993, .F. ) ;
#4306 = CARTESIAN_POINT ( 'NONE',  ( 3.809060559633878462, 6.278792053204652390, 4.642195622006051181 ) ) ;
#4307 = VERTEX_POINT ( 'NONE', #2725 ) ;
#4308 = CARTESIAN_POINT ( 'NONE',  ( 2.071505234768007853, 4.826875977846423638, 6.683782807189867725 ) ) ;
#4309 = CARTESIAN_POINT ( 'NONE',  ( 38.36405846551215859, 6.038801725754598060, 5.523239135742180395 ) ) ;
#4310 = CARTESIAN_POINT ( 'NONE',  ( -5.340070220102622223, 6.494749849742238013, 6.212018773874456556 ) ) ;
#4311 = CARTESIAN_POINT ( 'NONE',  ( -116.7948539192478421, 6.285509907520156148, 4.343771664039962843 ) ) ;
#4312 = CARTESIAN_POINT ( 'NONE',  ( 41.73831627487908946, -1.518043481125811223, 16.98901510199393528 ) ) ;
#4313 = CARTESIAN_POINT ( 'NONE',  ( -77.39401226653210131, 3.412895380557065206, -9.923883798396063938 ) ) ;
#4314 = CARTESIAN_POINT ( 'NONE',  ( -1.754581733771439556, 4.642116470790717209, -6.731572192124452236 ) ) ;
#4315 = B_SPLINE_SURFACE_WITH_KNOTS ( 'NONE', 3, 1, ( 
 ( #6060, #197 ),
 ( #4444, #6611 ),
 ( #5473, #713 ),
 ( #1333, #861 ),
 ( #2307, #6578 ) ),
 .UNSPECIFIED., .F., .F., .F.,
 ( 4, 1, 4 ),
 ( 2, 2 ),
 ( 0.8854027712279339823, 0.9381018029729439878, 1.000000000000000000 ),
 ( 0.000000000000000000, 1.000000000000000000 ),
 .UNSPECIFIED. ) ;
#4316 = DIRECTION ( 'NONE',  ( -0.000000000000000000, -1.000000000000000000, -0.000000000000000000 ) ) ;
#4317 = CIRCLE ( 'NONE', #5644, 5.999999999999998224 ) ;
#4318 = CARTESIAN_POINT ( 'NONE',  ( -6.190564422931136512, 8.265698575588954711, -1.081175200999128228 ) ) ;
#4319 = CARTESIAN_POINT ( 'NONE',  ( 21.44537848598281471, 7.712643698375778456, -8.275231663761683620 ) ) ;
#4320 = DIRECTION ( 'NONE',  ( 0.000000000000000000, 0.000000000000000000, -1.000000000000000000 ) ) ;
#4321 = CARTESIAN_POINT ( 'NONE',  ( -118.0552645461635848, 5.979333067409832836, 3.999600226670875447 ) ) ;
#4322 = ADVANCED_FACE ( 'NONE', ( #2271 ), #1231, .T. ) ;
#4323 = AXIS2_PLACEMENT_3D ( 'NONE', #2068, #4754, #3175 ) ;
#4324 = ORIENTED_EDGE ( 'NONE', *, *, #4074, .T. ) ;
#4325 = DIRECTION ( 'NONE',  ( 0.000000000000000000, 0.000000000000000000, -1.000000000000000000 ) ) ;
#4326 = CARTESIAN_POINT ( 'NONE',  ( -5.759917351504452832, 3.694177082375949883, -1.710359410267448643 ) ) ;
#4327 = ORIENTED_EDGE ( 'NONE', *, *, #1842, .T. ) ;
#4328 = CARTESIAN_POINT ( 'NONE',  ( 6.600291749386779649, 7.144793645914447211, -6.103122104795600578 ) ) ;
#4329 = CARTESIAN_POINT ( 'NONE',  ( 20.43517914902393073, 1.379692335166280426, 13.97138504932498115 ) ) ;
#4330 = TOROIDAL_SURFACE ( 'NONE', #1353, 3.000000000000000000, 1.000000000000039968 ) ;
#4331 = EDGE_CURVE ( 'NONE', #4943, #826, #3784, .T. ) ;
#4332 = CARTESIAN_POINT ( 'NONE',  ( 5.403686415660126308, 7.746775687415695444, 2.635955440993688281 ) ) ;
#4333 = CARTESIAN_POINT ( 'NONE',  ( -2.551419734954833096, 6.980498851715049469, -11.16884994506835938 ) ) ;
#4334 = CARTESIAN_POINT ( 'NONE',  ( 34.02018944139302192, 8.074757849656482023, -9.488902530870165108 ) ) ;
#4335 = AXIS2_PLACEMENT_3D ( 'NONE', #6108, #5658, #3040 ) ;
#4336 = ORIENTED_EDGE ( 'NONE', *, *, #2147, .F. ) ;
#4337 = CARTESIAN_POINT ( 'NONE',  ( 5.086117939709670743, 3.533224881670122386, 3.160568182456302999 ) ) ;
#4338 = CARTESIAN_POINT ( 'NONE',  ( 40.35812264847423592, 8.090115379690102415, -9.282835066893257547 ) ) ;
#4339 = CARTESIAN_POINT ( 'NONE',  ( -84.64761514855550217, 3.820621065221245338, -8.816910139906365629 ) ) ;
#4340 = CARTESIAN_POINT ( 'NONE',  ( -44.70787886386289500, -0.1907792161775062612, -16.45333534453383706 ) ) ;
#4341 = DIRECTION ( 'NONE',  ( -0.000000000000000000, -1.000000000000000000, -0.000000000000000000 ) ) ;
#4342 = CIRCLE ( 'NONE', #1890, 1.000000000000014877 ) ;
#4343 = CARTESIAN_POINT ( 'NONE',  ( 2.552368858691448583, 6.463245982889817220, -6.002003839226087933 ) ) ;
#4344 = EDGE_LOOP ( 'NONE', ( #1389, #4244, #2306, #773, #2430, #715 ) ) ;
#4345 = CARTESIAN_POINT ( 'NONE',  ( 119.6822518195098723, 5.564622172889007956, -1.181039277627019546 ) ) ;
#4346 = CARTESIAN_POINT ( 'NONE',  ( 2.076499416200394244, 4.658694746440822598, 6.750951627273210853 ) ) ;
#4347 = VERTEX_POINT ( 'NONE', #498 ) ;
#4348 = CARTESIAN_POINT ( 'NONE',  ( 77.24579248049535352, 8.014133548728624490, -1.753104329109204329 ) ) ;
#4349 = ORIENTED_EDGE ( 'NONE', *, *, #5837, .T. ) ;
#4350 = CARTESIAN_POINT ( 'NONE',  ( -6.626032737249538229, 6.472406590820223293, 6.098136156740220137 ) ) ;
#4351 = CARTESIAN_POINT ( 'NONE',  ( -106.3013525416014318, 8.909641541085527194, 5.234176360285245799 ) ) ;
#4352 = CARTESIAN_POINT ( 'NONE',  ( 48.15866057104885556, 0.001667517244276960292, 15.18484244642594305 ) ) ;
#4353 = CARTESIAN_POINT ( 'NONE',  ( -99.16128704434692054, 4.424192442187084851, -6.705796145617915371 ) ) ;
#4354 = CARTESIAN_POINT ( 'NONE',  ( -63.47905115727456149, 7.335042075805756845, 7.136290019216924740 ) ) ;
#4355 = CARTESIAN_POINT ( 'NONE',  ( 1.826583752045688014, 3.512287953976727994, -3.625551462173461914 ) ) ;
#4356 = CARTESIAN_POINT ( 'NONE',  ( -4.538261145474759672, 6.859940518344004978, -4.472248272168030780 ) ) ;
#4357 = CARTESIAN_POINT ( 'NONE',  ( 28.77968715580505332, 7.999432227530437700, -9.241432443226603510 ) ) ;
#4358 = CARTESIAN_POINT ( 'NONE',  ( -76.08820534674772773, 7.507513747663509207, 6.634308609108440891 ) ) ;
#4359 = CARTESIAN_POINT ( 'NONE',  ( -20.36040076749521077, 1.290645522919789956, -14.01953610017470986 ) ) ;
#4360 = ORIENTED_EDGE ( 'NONE', *, *, #2008, .F. ) ;
#4361 = CARTESIAN_POINT ( 'NONE',  ( -29.65893745422362571, 10.09947398441885724, 7.000932693481447089 ) ) ;
#4362 = CARTESIAN_POINT ( 'NONE',  ( -5.891739370325869807, 3.781805318489444012, 1.181082906464436588 ) ) ;
#4363 = CARTESIAN_POINT ( 'NONE',  ( 6.865413818923708611, 7.180772123786159256, -6.104133272850805980 ) ) ;
#4364 = CYLINDRICAL_SURFACE ( 'NONE', #3241, 5.500000000000000000 ) ;
#4365 = CARTESIAN_POINT ( 'NONE',  ( 5.892056652313107712, 8.667439255342348048, -1.217594523900324965 ) ) ;
#4366 = CARTESIAN_POINT ( 'NONE',  ( -34.75486755371093750, 7.231899076579563435, 4.541779994964601386 ) ) ;
#4367 = CARTESIAN_POINT ( 'NONE',  ( 103.5730074613298655, 5.939909275391034527, -5.102433637656847765 ) ) ;
#4368 = B_SPLINE_CURVE_WITH_KNOTS ( 'NONE', 3,
 ( #6194, #3588, #5159, #4547 ),
 .UNSPECIFIED., .F., .F.,
 ( 4, 4 ),
 ( 0.000000000000000000, 0.0003890194007008782907 ),
 .UNSPECIFIED. ) ;
#4369 = EDGE_CURVE ( 'NONE', #3419, #420, #695, .T. ) ;
#4370 = VERTEX_POINT ( 'NONE', #1891 ) ;
#4371 = AXIS2_PLACEMENT_3D ( 'NONE', #5497, #222, #5015 ) ;
#4372 = FACE_OUTER_BOUND ( 'NONE', #6757, .T. ) ;
#4373 = CARTESIAN_POINT ( 'NONE',  ( -71.25093217400340961, 3.300738663982501375, -11.37365492243377574 ) ) ;
#4374 = CARTESIAN_POINT ( 'NONE',  ( -55.73950380615739419, 1.898053141245267916, -13.80772626881595855 ) ) ;
#4375 = CARTESIAN_POINT ( 'NONE',  ( 117.5274296108243561, 5.236716381173037504, 2.930282423709779760 ) ) ;
#4376 = CARTESIAN_POINT ( 'NONE',  ( 119.3987256654723978, 5.170527763192647619, 1.959986551772002095 ) ) ;
#4377 = ORIENTED_EDGE ( 'NONE', *, *, #5340, .T. ) ;
#4378 = EDGE_CURVE ( 'NONE', #2277, #2875, #1029, .T. ) ;
#4379 = CARTESIAN_POINT ( 'NONE',  ( 2.404199644777289535, 6.978611394614155472, -5.827789074180263817 ) ) ;
#4380 = ORIENTED_EDGE ( 'NONE', *, *, #2482, .T. ) ;
#4381 = CARTESIAN_POINT ( 'NONE',  ( 117.5743235469392971, 4.588639300923863296, 5.709479331970194416 ) ) ;
#4382 = ORIENTED_EDGE ( 'NONE', *, *, #1582, .T. ) ;
#4383 = CARTESIAN_POINT ( 'NONE',  ( 118.3066255451400508, 5.658027542729906045, -3.810040336844815911 ) ) ;
#4384 = CARTESIAN_POINT ( 'NONE',  ( -4.848890328951582340, 6.675823129903311504, 6.320435523691508628 ) ) ;
#4385 = CARTESIAN_POINT ( 'NONE',  ( -19.11872109015559218, 8.794339274595982303, 7.799631243864963537 ) ) ;
#4386 = CARTESIAN_POINT ( 'NONE',  ( 53.68915670727437117, 0.9581304466712751156, 13.91580965650083712 ) ) ;
#4387 = CARTESIAN_POINT ( 'NONE',  ( 29.95719786442519350, -2.135884078863517832, 17.70086133864550249 ) ) ;
#4388 = CARTESIAN_POINT ( 'NONE',  ( -76.14042979955588919, 7.088141799708567170, 6.441178604060091573 ) ) ;
#4389 = CARTESIAN_POINT ( 'NONE',  ( 23.21632292538055253, 10.43402329392809058, -13.70991897583007990 ) ) ;
#4390 = DIRECTION ( 'NONE',  ( -0.000000000000000000, -0.000000000000000000, -1.000000000000000000 ) ) ;
#4391 = CARTESIAN_POINT ( 'NONE',  ( 119.6869649295770017, 5.895656379236156930, -0.1700315781349355793 ) ) ;
#4392 = CARTESIAN_POINT ( 'NONE',  ( 41.38863460296433772, 7.879715669631129238, -9.189370000723195986 ) ) ;
#4393 = CARTESIAN_POINT ( 'NONE',  ( -28.57117808729865871, 8.760366466018677301, 9.276826568764700909 ) ) ;
#4394 = CARTESIAN_POINT ( 'NONE',  ( -11.71392500709404239, 4.200815499227560146, -9.100140385468122872 ) ) ;
#4395 = ORIENTED_EDGE ( 'NONE', *, *, #5001, .F. ) ;
#4396 = CARTESIAN_POINT ( 'NONE',  ( -5.672840595245358664, 8.286244900403938018, 5.603064537048340732 ) ) ;
#4397 = CARTESIAN_POINT ( 'NONE',  ( -5.185204032778527150, 3.561628930485648326, -3.023081649716982344 ) ) ;
#4398 = CARTESIAN_POINT ( 'NONE',  ( 57.08167240236301865, 7.547043484725699969, -7.790067811268338360 ) ) ;
#4399 = CARTESIAN_POINT ( 'NONE',  ( 1.709199750174609234, 4.583190876879089437, 6.729825936433618594 ) ) ;
#4400 = DIRECTION ( 'NONE',  ( -0.003000023147837339258, -0.6500539933418637562, 0.7598820998032581597 ) ) ;
#4401 = CARTESIAN_POINT ( 'NONE',  ( -55.55805206298828836, 6.712670566020980445, 3.595116376876834163 ) ) ;
#4402 = CARTESIAN_POINT ( 'NONE',  ( 5.963801840614248562, 7.948402220773465920, 2.034214848785250496 ) ) ;
#4403 = ORIENTED_EDGE ( 'NONE', *, *, #611, .F. ) ;
#4404 = CARTESIAN_POINT ( 'NONE',  ( 38.25565999715335863, 8.176355297524869670, -9.443078486806324889 ) ) ;
#4405 = CARTESIAN_POINT ( 'NONE',  ( -103.8326419933445379, 5.066886930551058654, -6.090856297171339584 ) ) ;
#4406 = CARTESIAN_POINT ( 'NONE',  ( 90.89305360479009721, 4.077787516885178043, 8.256091971771924776 ) ) ;
#4407 = CARTESIAN_POINT ( 'NONE',  ( -117.9180576900678687, 6.432433264578627075, 4.082990437235490155 ) ) ;
#4408 = ORIENTED_EDGE ( 'NONE', *, *, #5045, .F. ) ;
#4409 = DIRECTION ( 'NONE',  ( -0.9956378612556164853, 0.08983298102920907191, 0.02520485575732476363 ) ) ;
#4410 = CARTESIAN_POINT ( 'NONE',  ( 8.135575301013389549, 4.642430389265514989, 7.809216406995540538 ) ) ;
#4411 = CARTESIAN_POINT ( 'NONE',  ( 61.69422384308754204, 2.461113886948540497, 14.61188983917235085 ) ) ;
#4412 = CARTESIAN_POINT ( 'NONE',  ( -25.21966832685863125, -0.2245229434155160131, -16.32937581825175499 ) ) ;
#4413 = CARTESIAN_POINT ( 'NONE',  ( -7.397753595988218578, 6.651279395688113993, 6.120527060339877146 ) ) ;
#4414 = CARTESIAN_POINT ( 'NONE',  ( -6.674712480968013395, 6.598424186241094169, 6.098500240990465393 ) ) ;
#4415 = EDGE_CURVE ( 'NONE', #5982, #4080, #2020, .T. ) ;
#4416 = CARTESIAN_POINT ( 'NONE',  ( 49.65016581224270453, 0.7035558144863545138, 15.09744965565637109 ) ) ;
#4417 = CARTESIAN_POINT ( 'NONE',  ( 34.06476623829031780, -2.582141723841654635, 18.18244005621582460 ) ) ;
#4418 = CARTESIAN_POINT ( 'NONE',  ( -40.31961987685065907, 8.049848164856021171, 9.135937961269236851 ) ) ;
#4419 = CARTESIAN_POINT ( 'NONE',  ( 15.07740235560697073, 7.634595735054507060, -8.088403701782226563 ) ) ;
#4420 = CARTESIAN_POINT ( 'NONE',  ( 21.99890882077690080, 0.5595070223156864975, 14.70960416550069993 ) ) ;
#4421 = DIRECTION ( 'NONE',  ( 0.000000000000000000, 0.000000000000000000, -1.000000000000000000 ) ) ;
#4422 = CARTESIAN_POINT ( 'NONE',  ( 46.65477427414803913, 7.819201993138997331, -8.721497974386920760 ) ) ;
#4423 = CARTESIAN_POINT ( 'NONE',  ( -63.40683425034505660, 7.852159547542441942, 7.326608876962390937 ) ) ;
#4424 = CARTESIAN_POINT ( 'NONE',  ( -21.23283082893384233, 1.164946641930337590, -14.43278307657917381 ) ) ;
#4425 = ORIENTED_EDGE ( 'NONE', *, *, #6413, .T. ) ;
#4426 = CARTESIAN_POINT ( 'NONE',  ( -63.03480148315429688, 8.470752151189826051, 6.386036872863773084 ) ) ;
#4427 = CARTESIAN_POINT ( 'NONE',  ( -6.115012184872462342, 3.492378069291244280, -1.430924116543998759 ) ) ;
#4428 = CARTESIAN_POINT ( 'NONE',  ( -21.90482472585338414, 0.6624148257664613793, -14.92660783863790286 ) ) ;
#4429 = CARTESIAN_POINT ( 'NONE',  ( 18.24743392545968845, 7.976863933280545993, -7.613953033426314576 ) ) ;
#4430 = CARTESIAN_POINT ( 'NONE',  ( 119.4051619021182660, 5.718170030158027828, 0.7570036560072841425 ) ) ;
#4431 = CARTESIAN_POINT ( 'NONE',  ( -54.60816192626955257, -6.081517665208798107, -24.72922134399413707 ) ) ;
#4432 = CIRCLE ( 'NONE', #1457, 0.2500000000000002776 ) ;
#4433 = CARTESIAN_POINT ( 'NONE',  ( -9.714451465470119729E-14, 7.643375672974132229, -2.500000000000026201 ) ) ;
#4434 = ORIENTED_EDGE ( 'NONE', *, *, #3233, .F. ) ;
#4435 = AXIS2_PLACEMENT_3D ( 'NONE', #5654, #6712, #384 ) ;
#4436 = CARTESIAN_POINT ( 'NONE',  ( 97.24494677329252568, 6.600587566763679526, -5.534288094108798184 ) ) ;
#4437 = CARTESIAN_POINT ( 'NONE',  ( 6.672233074666878316, 6.567626027297772673, -6.098500240990467169 ) ) ;
#4438 = CARTESIAN_POINT ( 'NONE',  ( -103.0254900588397788, 3.083699573807536787, -10.15510212337265905 ) ) ;
#4439 = CARTESIAN_POINT ( 'NONE',  ( 13.46202514388942539, 2.948353161617223162, 9.710780400755290032 ) ) ;
#4440 = CIRCLE ( 'NONE', #5218, 0.2500000000000002220 ) ;
#4441 = CARTESIAN_POINT ( 'NONE',  ( 4.250545596540818316, 6.563577397481356712, 4.242595046202690234 ) ) ;
#4442 = EDGE_LOOP ( 'NONE', ( #3085, #5630, #5223, #668, #53 ) ) ;
#4443 =( BOUNDED_SURFACE ( )  B_SPLINE_SURFACE ( 3, 2, ( 
 ( #3725, #5920, #3694 ),
 ( #68, #6338, #5889 ),
 ( #5399, #673, #5369 ),
 ( #2753, #127, #1194 ),
 ( #5820, #161, #5786 ),
 ( #4846, #2236, #1063 ) ),
 .UNSPECIFIED., .F., .F., .T. ) 
 B_SPLINE_SURFACE_WITH_KNOTS ( ( 4, 2, 4 ),
 ( 3, 3 ),
 ( 0.008322345774847739880, 0.01387139371616321129, 0.01942044165747868270 ),
 ( 0.000000000000000000, 1.000000000000000000 ),
 .UNSPECIFIED. ) 
 GEOMETRIC_REPRESENTATION_ITEM ( )  RATIONAL_B_SPLINE_SURFACE ( (
 ( 1.000000000000000000, 0.2948922880284296499, 1.000000000000000000),
 ( 1.000000000000000000, 0.3166885532668171632, 1.000000000000000000),
 ( 1.000000000000000000, 0.3311020106817468833, 1.000000000000000000),
 ( 1.000000000000000000, 0.3543168825720997561, 1.000000000000000000),
 ( 1.000000000000000000, 0.3630960954327892565, 1.000000000000000000),
 ( 1.000000000000000000, 0.3705987102657667953, 1.000000000000000000) ) ) 
 REPRESENTATION_ITEM ( '' )  SURFACE ( )  );
#4444 = CARTESIAN_POINT ( 'NONE',  ( -19.03877239481562000, 4.808267791585532969, -13.26963569573578816 ) ) ;
#4445 = CARTESIAN_POINT ( 'NONE',  ( 10.83489579011984993, 4.296176292193351287, 8.739497952648447310 ) ) ;
#4446 = VERTEX_POINT ( 'NONE', #2606 ) ;
#4447 = AXIS2_PLACEMENT_3D ( 'NONE', #4728, #2630, #45 ) ;
#4448 = CARTESIAN_POINT ( 'NONE',  ( 50.18974799190289815, 8.887675311882864193, -3.283983230590827862 ) ) ;
#4449 = VERTEX_POINT ( 'NONE', #6643 ) ;
#4450 = CARTESIAN_POINT ( 'NONE',  ( -25.21518755776363108, -0.6204960410562426754, -16.03078780354411137 ) ) ;
#4451 = CARTESIAN_POINT ( 'NONE',  ( -27.73206134823971070, 8.079664493572128237, 9.126489706598347240 ) ) ;
#4452 = CARTESIAN_POINT ( 'NONE',  ( -6.147100170691537357, 6.583913466630153977, 6.116755337374362611 ) ) ;
#4453 = CARTESIAN_POINT ( 'NONE',  ( 64.86609193198177081, 1.006337485053725889, 14.16267734848839410 ) ) ;
#4454 = CARTESIAN_POINT ( 'NONE',  ( -108.4646391512907115, 4.753809364505656276, -5.139093334684099901 ) ) ;
#4455 = CARTESIAN_POINT ( 'NONE',  ( -4.801962602247484391, 6.483133899092854868, 6.234199713409527277 ) ) ;
#4456 = CARTESIAN_POINT ( 'NONE',  ( 5.379727546110743219, 11.96545147387137042, -15.66879367828368963 ) ) ;
#4457 = ADVANCED_FACE ( 'NONE', ( #6609 ), #1685, .T. ) ;
#4458 = FACE_OUTER_BOUND ( 'NONE', #46, .T. ) ;
#4459 = CARTESIAN_POINT ( 'NONE',  ( 117.5114969939970280, 4.754635587229189220, 2.798899143188645411 ) ) ;
#4460 = CARTESIAN_POINT ( 'NONE',  ( 118.4314521760281167, 5.955504090763167113, -3.699080095230296905 ) ) ;
#4461 = CARTESIAN_POINT ( 'NONE',  ( 16.26274976976596776, 7.187926984137861020, -7.345847173701096189 ) ) ;
#4462 = CARTESIAN_POINT ( 'NONE',  ( -37.01677793107150194, 8.628207695837973645, 9.518018847932621540 ) ) ;
#4463 = CARTESIAN_POINT ( 'NONE',  ( -18.85310480372639930, 1.991671698336653140, -13.10481818174913116 ) ) ;
#4464 = EDGE_LOOP ( 'NONE', ( #2772, #6561, #6470, #4403 ) ) ;
#4465 = CARTESIAN_POINT ( 'NONE',  ( -117.7251739501953125, 6.888005287824711331, 3.599927186965949044 ) ) ;
#4466 = CARTESIAN_POINT ( 'NONE',  ( -3.861427884332955252, 3.715078338911416811, -4.603079387895021135 ) ) ;
#4467 = CARTESIAN_POINT ( 'NONE',  ( 5.005801630239373523, 6.917627896232797724, -6.208800113279533406 ) ) ;
#4468 = CARTESIAN_POINT ( 'NONE',  ( 3.837389596855151019, 8.075117199675103663, -4.628285847075496839 ) ) ;
#4469 = CARTESIAN_POINT ( 'NONE',  ( -120.7727661132812500, 6.774682314573370334, 10.05705070495606179 ) ) ;
#4470 = DIRECTION ( 'NONE',  ( 0.9035519127201049328, 0.3725506498822759305, 0.2116599969104548673 ) ) ;
#4471 = ORIENTED_EDGE ( 'NONE', *, *, #6311, .F. ) ;
#4472 = CARTESIAN_POINT ( 'NONE',  ( 44.42217309876743059, 8.278554741097167380, -8.822540481379514077 ) ) ;
#4473 = CARTESIAN_POINT ( 'NONE',  ( 18.41850957246165521, 7.499473748807039541, -7.723242984648084786 ) ) ;
#4474 = CARTESIAN_POINT ( 'NONE',  ( -99.88589626486829331, 3.028619446483934219, -10.34980378207158225 ) ) ;
#4475 = CARTESIAN_POINT ( 'NONE',  ( 1.909910839063155397, 4.118477500031429095, 6.576783346763550142 ) ) ;
#4476 = AXIS2_PLACEMENT_3D ( 'NONE', #1119, #1569, #5265 ) ;
#4477 = CARTESIAN_POINT ( 'NONE',  ( -118.6447254879602582, 6.540473205643468901, 3.697752287496993695 ) ) ;
#4478 = EDGE_LOOP ( 'NONE', ( #2936, #1517, #115, #156, #3473, #3234 ) ) ;
#4479 = FACE_OUTER_BOUND ( 'NONE', #231, .T. ) ;
#4480 = CARTESIAN_POINT ( 'NONE',  ( 16.57875286149804595, 2.818557668186492116, 11.63725076503736133 ) ) ;
#4481 = EDGE_CURVE ( 'NONE', #1562, #4884, #3124, .T. ) ;
#4482 = CARTESIAN_POINT ( 'NONE',  ( -2.592903183687075952, 6.101352218508086622, -5.422501591977693103 ) ) ;
#4483 = EDGE_LOOP ( 'NONE', ( #1300, #4922, #2883, #5565, #6134 ) ) ;
#4484 = CARTESIAN_POINT ( 'NONE',  ( -23.82812965876360423, -0.1681117972375111291, -15.44626599903685538 ) ) ;
#4485 = CARTESIAN_POINT ( 'NONE',  ( -31.90438637491345730, 8.304695439640328303, 9.612361804385900044 ) ) ;
#4486 = CARTESIAN_POINT ( 'NONE',  ( -50.87186130863080535, 7.896621114528381113, 8.317396708788210802 ) ) ;
#4487 = CARTESIAN_POINT ( 'NONE',  ( 72.83978889279327973, 1.462134599015874503, 13.32755393342680073 ) ) ;
#4488 = CARTESIAN_POINT ( 'NONE',  ( -38.76432639422677084, -1.978697702707317818, -17.70592998667234141 ) ) ;
#4489 = CARTESIAN_POINT ( 'NONE',  ( 1.941102829232092652, 3.917173416775063810, 6.014264994549616716 ) ) ;
#4490 = CARTESIAN_POINT ( 'NONE',  ( 13.28430420786033750, 11.69776315871172834, -15.59833335876464844 ) ) ;
#4491 = CARTESIAN_POINT ( 'NONE',  ( -116.8100212925291288, 6.504763850193965524, 4.462925595614787078 ) ) ;
#4492 = CARTESIAN_POINT ( 'NONE',  ( 114.8671860470290085, 4.987083844076924954, 3.983928897133750535 ) ) ;
#4493 = CARTESIAN_POINT ( 'NONE',  ( 119.6389162173315128, 5.254516565413521079, 1.632183271593134588 ) ) ;
#4494 = CARTESIAN_POINT ( 'NONE',  ( 84.57783160056072802, 6.506123529063908784, -5.978292368956130254 ) ) ;
#4495 = CARTESIAN_POINT ( 'NONE',  ( -30.67372822002765176, 8.655770541872033874, 9.526803696834665658 ) ) ;
#4496 = CARTESIAN_POINT ( 'NONE',  ( -118.8447603662702221, 5.927555051113354345, 2.938317509831641861 ) ) ;
#4497 = VERTEX_POINT ( 'NONE', #2931 ) ;
#4498 = CARTESIAN_POINT ( 'NONE',  ( -29.46974754333495383, 9.798879177747714664, 4.336144924163820136 ) ) ;
#4499 = CARTESIAN_POINT ( 'NONE',  ( -1.758566333271657456, 3.985232280978217467, -5.833559861126784263 ) ) ;
#4500 = CARTESIAN_POINT ( 'NONE',  ( -5.615909270267493980, 3.928283608054092824, -7.048107194511974427 ) ) ;
#4501 = CARTESIAN_POINT ( 'NONE',  ( 1.743126386402136463, 4.634045487795135365, 6.731572192124451348 ) ) ;
#4502 = CARTESIAN_POINT ( 'NONE',  ( -108.4953572728928037, 5.218051375145907222, -5.321553373530326425 ) ) ;
#4503 = CARTESIAN_POINT ( 'NONE',  ( 3.257164029111569103, 7.308980171291738159, -5.074204118808798292 ) ) ;
#4504 = CARTESIAN_POINT ( 'NONE',  ( -54.54496002197266336, 2.154932530103699673, -13.65749263763427379 ) ) ;
#4505 = ADVANCED_FACE ( 'NONE', ( #3998 ), #5760, .F. ) ;
#4506 = CARTESIAN_POINT ( 'NONE',  ( -119.4064522260062091, 5.721572179649612622, -1.959986551772016083 ) ) ;
#4507 = ORIENTED_EDGE ( 'NONE', *, *, #4083, .T. ) ;
#4508 = B_SPLINE_CURVE_WITH_KNOTS ( 'NONE', 3,
 ( #5109, #4142, #5722, #2589, #482, #1548, #3141, #5, #4792, #1754, #6345, #3796, #2731, #2146, #2702, #4756, #551, #3178, #76, #617, #2663, #40 ),
 .UNSPECIFIED., .F., .F.,
 ( 4, 2, 2, 2, 2, 2, 2, 2, 2, 2, 4 ),
 ( 0.1120913560469729564, 0.1130311603600851755, 0.1139709646731973808, 0.1149107689863095999, 0.1153806711428656956, 0.1158505732994217913, 0.1163204754559778870, 0.1167903776125339826, 0.1177301819256461740, 0.1186699862387583654, 0.1196097905518705568 ),
 .UNSPECIFIED. ) ;
#4509 = CARTESIAN_POINT ( 'NONE',  ( 71.85846947353914516, 7.369566213026459423, -6.754823082814334967 ) ) ;
#4510 = CARTESIAN_POINT ( 'NONE',  ( -2.890675587861221363, 3.944508046375172938, -5.294959202088853623 ) ) ;
#4511 = CARTESIAN_POINT ( 'NONE',  ( -102.2661423367942177, 4.550351020677567249, -6.161760747814443384 ) ) ;
#4512 = CARTESIAN_POINT ( 'NONE',  ( -2.568158131942028799, 6.287192910423105907, 6.166481769392031076 ) ) ;
#4513 = DIRECTION ( 'NONE',  ( -0.000000000000000000, -1.000000000000000000, -0.000000000000000000 ) ) ;
#4514 = ORIENTED_EDGE ( 'NONE', *, *, #3067, .T. ) ;
#4515 = CYLINDRICAL_SURFACE ( 'NONE', #2455, 5.999988000000000099 ) ;
#4516 = CARTESIAN_POINT ( 'NONE',  ( 37.02609921996894826, -8.912746348946038566, 22.49291419982909090 ) ) ;
#4517 = CARTESIAN_POINT ( 'NONE',  ( -29.36351107402625971, -3.097882947806831044, -19.38370477616212284 ) ) ;
#4518 = CARTESIAN_POINT ( 'NONE',  ( -16.28485894811768020, 7.194621226942599534, 7.208709683986757710 ) ) ;
#4519 = CARTESIAN_POINT ( 'NONE',  ( -71.94389071445515071, 7.410863795656752018, 6.844769386267609335 ) ) ;
#4520 = CARTESIAN_POINT ( 'NONE',  ( 80.96416772847337029, 2.054734031599450894, 12.12092506036098349 ) ) ;
#4521 = CARTESIAN_POINT ( 'NONE',  ( 6.095758602876866661, 6.359602783904663603, -6.022695524281560076 ) ) ;
#4522 = LINE ( 'NONE', #5590, #3578 ) ;
#4523 = CARTESIAN_POINT ( 'NONE',  ( 99.84913713078745445, 5.765878484157767048, -1.472760915756242239 ) ) ;
#4524 = CARTESIAN_POINT ( 'NONE',  ( -119.4545397882062900, 6.606755644977336139, 1.000738861067607788 ) ) ;
#4525 = CARTESIAN_POINT ( 'NONE',  ( 119.9434035842532893, 2.162034209949502017, 11.88417008457718715 ) ) ;
#4526 = CARTESIAN_POINT ( 'NONE',  ( 71.93226627861911027, 7.079132611588747181, -6.845395198091537736 ) ) ;
#4527 = CARTESIAN_POINT ( 'NONE',  ( -21.28402471541292584, 8.047081088889349587, 8.248070414230289416 ) ) ;
#4528 = ORIENTED_EDGE ( 'NONE', *, *, #991, .F. ) ;
#4529 = CARTESIAN_POINT ( 'NONE',  ( -28.44938468933106890, -8.829461543382654654, -21.83477592468261719 ) ) ;
#4530 = CARTESIAN_POINT ( 'NONE',  ( -4.205356604634618023, 5.354939539859298492, 4.289560200169963089 ) ) ;
#4531 = CARTESIAN_POINT ( 'NONE',  ( 1.922371283902252426, 4.422577457488475972, 6.693559900492493497 ) ) ;
#4532 = CARTESIAN_POINT ( 'NONE',  ( -9.665465593504225669E-14, 5.622649730810450386, 4.000000000000039968 ) ) ;
#4533 = CARTESIAN_POINT ( 'NONE',  ( -2.286122357308306707, 6.890450844486344373, 5.628479988899228736 ) ) ;
#4534 = CARTESIAN_POINT ( 'NONE',  ( -105.6942510739729499, 6.609068768388031145, 4.990296521649146833 ) ) ;
#4535 = CARTESIAN_POINT ( 'NONE',  ( 3.078502764820625348, 5.967242259151102068, 5.598665990124962910 ) ) ;
#4536 = ORIENTED_EDGE ( 'NONE', *, *, #10, .T. ) ;
#4538 = ADVANCED_FACE ( 'NONE', ( #6098 ), #859, .F. ) ;
#4537 = DIRECTION ( 'NONE',  ( 0.000000000000000000, 0.000000000000000000, -1.000000000000000000 ) ) ;
#4539 = CARTESIAN_POINT ( 'NONE',  ( 5.882328711628769469, 6.558540036855326605, -6.137930931168059878 ) ) ;
#4540 = AXIS2_PLACEMENT_3D ( 'NONE', #748, #1298, #2933 ) ;
#4541 = CARTESIAN_POINT ( 'NONE',  ( -111.0756778437988146, 5.299994060575275334, -4.892540069490966204 ) ) ;
#4542 = CARTESIAN_POINT ( 'NONE',  ( 3.804489053196273840, 4.887412808311445644, 6.850583384479165261 ) ) ;
#4543 = B_SPLINE_CURVE_WITH_KNOTS ( 'NONE', 3,
 ( #3881, #736, #1258, #3367 ),
 .UNSPECIFIED., .F., .F.,
 ( 4, 4 ),
 ( 7.180769965956605434E-05, 0.001329443701721873348 ),
 .UNSPECIFIED. ) ;
#4544 = AXIS2_PLACEMENT_3D ( 'NONE', #735, #1914, #3986 ) ;
#4545 = CARTESIAN_POINT ( 'NONE',  ( 2.280535811514215805, 6.692538205141714158, -5.548884199849538845 ) ) ;
#4546 = FACE_OUTER_BOUND ( 'NONE', #4344, .T. ) ;
#4547 = CARTESIAN_POINT ( 'NONE',  ( 2.564286128282672550, 6.275349763731959740, -6.166481769392030188 ) ) ;
#4548 = FACE_OUTER_BOUND ( 'NONE', #805, .T. ) ;
#4549 = ORIENTED_EDGE ( 'NONE', *, *, #373, .F. ) ;
#4550 = CARTESIAN_POINT ( 'NONE',  ( -33.06756156185428353, -2.025121355643529686, -18.47951317447699537 ) ) ;
#4551 = CARTESIAN_POINT ( 'NONE',  ( -12.09739312985833770, 6.961311853514333237, 6.685278660394618377 ) ) ;
#4552 = CARTESIAN_POINT ( 'NONE',  ( -10.08258481483322555, 6.934305701245586206, 6.413898249661981410 ) ) ;
#4553 = CIRCLE ( 'NONE', #6192, 0.2500000000000023315 ) ;
#4554 = CARTESIAN_POINT ( 'NONE',  ( 78.00476759257615811, 1.810941336654670719, 12.64857063051139008 ) ) ;
#4555 = CARTESIAN_POINT ( 'NONE',  ( 8.206002312568852375, 6.491052444403638155, -6.081170022719859958 ) ) ;
#4556 = CARTESIAN_POINT ( 'NONE',  ( 2.685479090978335925, 4.687097058887353285, 6.802778817767986652 ) ) ;
#4557 = CARTESIAN_POINT ( 'NONE',  ( 100.9479945986464742, -4.925366414411813665, 24.66734695434568181 ) ) ;
#4558 = CARTESIAN_POINT ( 'NONE',  ( -119.4546777469027319, 6.463719811651497338, 0.1993924610708562861 ) ) ;
#4559 = CARTESIAN_POINT ( 'NONE',  ( 119.9974435298687183, 2.194349065806914911, 11.81654355937525480 ) ) ;
#4560 = CARTESIAN_POINT ( 'NONE',  ( 119.6510170958950710, 5.893226846253735829, -1.614390939826047866 ) ) ;
#4561 = CARTESIAN_POINT ( 'NONE',  ( 78.26480276433981942, 6.921627999729138558, -6.521815359472684648 ) ) ;
#4562 = CARTESIAN_POINT ( 'NONE',  ( -18.17620212344944264, 7.871002588298025238, 7.684123040577798491 ) ) ;
#4563 = ORIENTED_EDGE ( 'NONE', *, *, #2140, .T. ) ;
#4564 = CYLINDRICAL_SURFACE ( 'NONE', #4228, 5.500000000000000000 ) ;
#4565 = CARTESIAN_POINT ( 'NONE',  ( -5.362803210708650070, 4.464957098305266214, 3.391338718503440930 ) ) ;
#4566 = CARTESIAN_POINT ( 'NONE',  ( -2.636201498292661594, 4.315519960043254777, -6.786012850905692062 ) ) ;
#4567 = FACE_OUTER_BOUND ( 'NONE', #916, .T. ) ;
#4568 = CARTESIAN_POINT ( 'NONE',  ( 15.71927470614602207, 2.627132273895757653, 11.24570935844148245 ) ) ;
#4569 = CARTESIAN_POINT ( 'NONE',  ( -16.43355609326793498, 2.514505702006692101, -11.64960953484827932 ) ) ;
#4570 = CARTESIAN_POINT ( 'NONE',  ( -9.714451465470119729E-14, 5.622649730810398871, 0.000000000000000000 ) ) ;
#4571 = ORIENTED_EDGE ( 'NONE', *, *, #5964, .F. ) ;
#4572 = CARTESIAN_POINT ( 'NONE',  ( 76.08700126094130667, 7.035313771535091298, -6.633586631430408609 ) ) ;
#4573 = CARTESIAN_POINT ( 'NONE',  ( -5.282728363186364184, 4.552366743780160263, 2.860609220612857939 ) ) ;
#4574 = CARTESIAN_POINT ( 'NONE',  ( -2.564003836934217517, 6.201651597622608314, 6.069113667805498658 ) ) ;
#4575 = ADVANCED_FACE ( 'NONE', ( #4986 ), #622, .T. ) ;
#4576 = CARTESIAN_POINT ( 'NONE',  ( 1.720983849230312890, 5.161166859797139850, 5.745166017006866355 ) ) ;
#4577 = CARTESIAN_POINT ( 'NONE',  ( -13.05192877823993136, 7.714453676631686463, 6.750578061528816676 ) ) ;
#4578 = CARTESIAN_POINT ( 'NONE',  ( 48.47456738288227740, -10.41608117399447231, 21.73789215087889914 ) ) ;
#4579 = EDGE_LOOP ( 'NONE', ( #6207, #5457, #4593 ) ) ;
#4580 = CARTESIAN_POINT ( 'NONE',  ( -36.52924501939876478, -3.593937091542241724, -19.91189413877811276 ) ) ;
#4581 = CARTESIAN_POINT ( 'NONE',  ( -8.188924208432288410, 6.602292643844542397, 6.187383055092093187 ) ) ;
#4582 = CARTESIAN_POINT ( 'NONE',  ( -1.908856675810159498, 4.597576648840441038, -6.878595350905483130 ) ) ;
#4583 = CARTESIAN_POINT ( 'NONE',  ( 84.99901186484609639, 2.321407405951119163, 11.44569203140052238 ) ) ;
#4584 = EDGE_CURVE ( 'NONE', #166, #4446, #2966, .T. ) ;
#4585 = CARTESIAN_POINT ( 'NONE',  ( 5.449051886939784595, 3.291113134959347430, 3.059592408595364965 ) ) ;
#4586 = CARTESIAN_POINT ( 'NONE',  ( 100.6076217577046918, -2.635506938360271612, 20.81249237060544743 ) ) ;
#4587 = CIRCLE ( 'NONE', #1611, 0.2499999999999991396 ) ;
#4588 = CARTESIAN_POINT ( 'NONE',  ( -1.912555941161418138, 4.195560760380148579, -6.773235956046386619 ) ) ;
#4589 = CARTESIAN_POINT ( 'NONE',  ( 119.1875482462226756, 1.853676204454953735, 12.47670305308948002 ) ) ;
#4590 = CARTESIAN_POINT ( 'NONE',  ( 5.990720067961505357, 3.916228771338152281, -0.1870259228240413185 ) ) ;
#4591 = CARTESIAN_POINT ( 'NONE',  ( -118.4355663810495969, 6.502076192637779251, 3.699080095230293797 ) ) ;
#4592 = CARTESIAN_POINT ( 'NONE',  ( -7.273821954887148777, 7.371125246191196467, 6.112956579754098563 ) ) ;
#4593 = ORIENTED_EDGE ( 'NONE', *, *, #2944, .T. ) ;
#4594 = CARTESIAN_POINT ( 'NONE',  ( -38.68880081176757813, 8.336460263906477763, -1.272278547286985084 ) ) ;
#4595 = CARTESIAN_POINT ( 'NONE',  ( -3.439026838226743266, 5.691338878665687773, 5.399857451765710969 ) ) ;
#4596 = MANIFOLD_SOLID_BREP ( 'Ступица пропеллера-1-solid2', #1451 ) ;
#4597 = CARTESIAN_POINT ( 'NONE',  ( 11.86488957619582685, 3.214810913667783598, 9.292651821563632453 ) ) ;
#4598 = CARTESIAN_POINT ( 'NONE',  ( 14.12062812398499823, 3.024039664371994007, 10.36979625573193253 ) ) ;
#4599 = CARTESIAN_POINT ( 'NONE',  ( -21.80434915824218933, 0.3148603703090306904, -14.87123838051254232 ) ) ;
#4600 = DIRECTION ( 'NONE',  ( -0.8581152363674009464, -0.2907320646385198604, -0.4232175654496668771 ) ) ;
#4601 = APPROVAL_DATE_TIME ( #1398, #6383 ) ;
#4602 = ADVANCED_FACE ( 'NONE', ( #5184 ), #6533, .F. ) ;
#4603 = ORIENTED_EDGE ( 'NONE', *, *, #5375, .F. ) ;
#4604 = CARTESIAN_POINT ( 'NONE',  ( -7.390282642052141249, 7.269454277003443821, 6.124177095127643078 ) ) ;
#4605 = CARTESIAN_POINT ( 'NONE',  ( -116.3201697826898879, 5.179840447959033867, -3.285927688149173687 ) ) ;
#4606 = DIRECTION ( 'NONE',  ( -0.0004605127008616707808, -0.09978527011755146392, 0.9950088882998079365 ) ) ;
#4607 = SPHERICAL_SURFACE ( 'NONE', #6082, 0.2500000000000000000 ) ;
#4608 = CARTESIAN_POINT ( 'NONE',  ( -17.72553655854046895, 8.024607350898174118, 7.520258041876076049 ) ) ;
#4609 = CARTESIAN_POINT ( 'NONE',  ( 9.017038687569845834, -9.558084150255389488, 19.72513580322265270 ) ) ;
#4610 = ORIENTED_EDGE ( 'NONE', *, *, #3362, .T. ) ;
#4611 = B_SPLINE_CURVE_WITH_KNOTS ( 'NONE', 3,
 ( #1282, #3396, #3946, #5006 ),
 .UNSPECIFIED., .F., .F.,
 ( 4, 4 ),
 ( 0.000000000000000000, 0.0003210687586392737798 ),
 .UNSPECIFIED. ) ;
#4612 = CARTESIAN_POINT ( 'NONE',  ( -61.94057808391214337, 2.524564888635772775, -12.83991694028993003 ) ) ;
#4613 = CARTESIAN_POINT ( 'NONE',  ( -37.17111228567495829, 8.386585899668137500, 9.508403992375125569 ) ) ;
#4614 = DIRECTION ( 'NONE',  ( 0.000000000000000000, 0.000000000000000000, 1.000000000000000000 ) ) ;
#4615 = CARTESIAN_POINT ( 'NONE',  ( 108.8347422755160636, 2.403617608894228486, 10.38681243859799253 ) ) ;
#4616 = EDGE_CURVE ( 'NONE', #6661, #6721, #2908, .T. ) ;
#4617 = CARTESIAN_POINT ( 'NONE',  ( 2.214822189587699164, 4.667773385033331834, 6.760504647009254242 ) ) ;
#4618 = CARTESIAN_POINT ( 'NONE',  ( 34.75501259752127936, 7.071504600697068987, -4.541779994964604938 ) ) ;
#4620 = EDGE_CURVE ( 'NONE', #904, #4370, #6642, .T. ) ;
#4619 = CARTESIAN_POINT ( 'NONE',  ( -117.9315793226555371, 6.693739934714487916, 3.868706823268336592 ) ) ;
#4621 = ADVANCED_FACE ( 'NONE', ( #629 ), #1598, .T. ) ;
#4622 = CARTESIAN_POINT ( 'NONE',  ( 33.84587862959301674, 8.534600554131147376, -9.606588657935013487 ) ) ;
#4623 = CARTESIAN_POINT ( 'NONE',  ( 5.832436026624348457, 3.715435449555818170, 1.377806975392765532 ) ) ;
#4624 = CARTESIAN_POINT ( 'NONE',  ( 78.26534928063254881, 6.721439221273183051, -6.520402131892363506 ) ) ;
#4625 = CARTESIAN_POINT ( 'NONE',  ( -6.757486232893784361, 7.392049398206812505, 6.015922391422405369 ) ) ;
#4626 = ORIENTED_EDGE ( 'NONE', *, *, #3233, .T. ) ;
#4627 = CARTESIAN_POINT ( 'NONE',  ( -112.1306228637695455, -8.873312442125243393, -15.65855407714843217 ) ) ;
#4628 = CARTESIAN_POINT ( 'NONE',  ( -3.698267242659513787, 5.563026357917274289, 5.219322795944595583 ) ) ;
#4629 = CARTESIAN_POINT ( 'NONE',  ( 17.91784164034431370, 1.639696523664063266, 12.55132262203071036 ) ) ;
#4630 = DIRECTION ( 'NONE',  ( -0.000000000000000000, -1.000000000000000000, -0.000000000000000000 ) ) ;
#4631 = CARTESIAN_POINT ( 'NONE',  ( 18.05309947394328418, 1.944288809237322724, 12.63067445122448795 ) ) ;
#4632 = CARTESIAN_POINT ( 'NONE',  ( -11.91809800939612174, 3.538358072411420086, -9.306373527719694394 ) ) ;
#4633 = CARTESIAN_POINT ( 'NONE',  ( -116.7901341968935043, 6.036802018591632901, 4.368713801194554769 ) ) ;
#4634 = CALENDAR_DATE ( 2022, 12, 7 ) ;
#4635 = ORIENTED_EDGE ( 'NONE', *, *, #3099, .F. ) ;
#4636 = PERSON ( 'UNSPECIFIED', 'UNSPECIFIED', 'UNSPECIFIED', ('UNSPECIFIED'), ('UNSPECIFIED'), ('UNSPECIFIED') ) ;
#4637 = CARTESIAN_POINT ( 'NONE',  ( -18.31346005253162446, 7.880775448944142170, 7.708587360615362982 ) ) ;
#4638 = CARTESIAN_POINT ( 'NONE',  ( -116.0793436399914640, 5.156368679575307645, -3.381377575724038298 ) ) ;
#4639 = CARTESIAN_POINT ( 'NONE',  ( 13.55435443997712675, 3.740952162913066648, 9.966278112531858469 ) ) ;
#4640 = CARTESIAN_POINT ( 'NONE',  ( 1.921919202976179797, 4.041667804168681322, 6.359985248735066321 ) ) ;
#4641 = CARTESIAN_POINT ( 'NONE',  ( -22.38796596231312463, 8.260389810973524760, 8.380853703714938874 ) ) ;
#4642 = AXIS2_PLACEMENT_3D ( 'NONE', #6081, #1356, #3475 ) ;
#4643 = CARTESIAN_POINT ( 'NONE',  ( -5.944380560949324099, 8.660853269338881333, 0.8817475924703713774 ) ) ;
#4644 = CARTESIAN_POINT ( 'NONE',  ( -66.08133267093870700, 2.445001119523428468, -11.96505456438965709 ) ) ;
#4645 = CARTESIAN_POINT ( 'NONE',  ( -69.82387926248311771, 7.257133512816218435, 6.952518037947450047 ) ) ;
#4646 = CARTESIAN_POINT ( 'NONE',  ( 107.5353224071211145, 5.812439589613171087, -4.933911274013619952 ) ) ;
#4647 = CARTESIAN_POINT ( 'NONE',  ( 100.7043981413140585, 4.023142310673277322, 6.432672855325352046 ) ) ;
#4648 = CONICAL_SURFACE ( 'NONE', #5092, 3.500000000000023981, 1.047197551196615173 ) ;
#4649 = CARTESIAN_POINT ( 'NONE',  ( -119.3573033707330353, 6.737333486786658554, 1.930489497178787373 ) ) ;
#4650 = CARTESIAN_POINT ( 'NONE',  ( 33.75429891135835447, 1.478560829819598688, 12.04385662078856711 ) ) ;
#4651 = PRODUCT_DEFINITION ( 'UNKNOWN', '', #3273, #1639 ) ;
#4652 = CIRCLE ( 'NONE', #1680, 3.000000000000021316 ) ;
#4653 = CARTESIAN_POINT ( 'NONE',  ( -1.690853155998676360, 4.473258623538309386, -6.728830203641299690 ) ) ;
#4654 = CARTESIAN_POINT ( 'NONE',  ( 28.57507207868993504, 8.553416257843267090, -9.361412097808385013 ) ) ;
#4655 = CARTESIAN_POINT ( 'NONE',  ( 2.320221015771981588, 4.067101841384821448, 5.563037718995412106 ) ) ;
#4656 = CARTESIAN_POINT ( 'NONE',  ( -119.6819969736025797, 6.398558040438390826, 1.286984847837634671 ) ) ;
#4657 = CARTESIAN_POINT ( 'NONE',  ( -19.21406703380019110, 8.120615297480636485, 7.793790381620410379 ) ) ;
#4658 = CIRCLE ( 'NONE', #4335, 0.2499999999999999167 ) ;
#4659 = EDGE_CURVE ( 'NONE', #4446, #6721, #6421, .T. ) ;
#4660 = CARTESIAN_POINT ( 'NONE',  ( -119.3425725486402911, 5.904109506890697467, 1.962287875512655821 ) ) ;
#4661 = EDGE_LOOP ( 'NONE', ( #1881, #6487, #214, #4610 ) ) ;
#4662 = CARTESIAN_POINT ( 'NONE',  ( -118.4612960815429830, -9.466125933946523574, -15.40836811065673473 ) ) ;
#4663 = CARTESIAN_POINT ( 'NONE',  ( 116.8059368016269133, 5.965693590329125051, -4.462925595614799512 ) ) ;
#4664 = CARTESIAN_POINT ( 'NONE',  ( 16.51999981500875947, 2.201113325351517602, 11.35227663791104291 ) ) ;
#4665 = DIRECTION ( 'NONE',  ( -0.04539240868135938772, 0.3237999121929691637, 0.9450360554486426645 ) ) ;
#4666 = CARTESIAN_POINT ( 'NONE',  ( -116.7948539192478279, 6.285509907520154371, 4.343771664039972613 ) ) ;
#4667 = CARTESIAN_POINT ( 'NONE',  ( -10.59022438751188133, 3.492214567908764167, -8.756139231911358678 ) ) ;
#4668 = CARTESIAN_POINT ( 'NONE',  ( -114.9081497192382813, 0.6722011877880896824, -15.47028350830077414 ) ) ;
#4669 = APPROVAL_ROLE ( '' ) ;
#4670 = ORIENTED_EDGE ( 'NONE', *, *, #1707, .T. ) ;
#4671 = CARTESIAN_POINT ( 'NONE',  ( -118.6456964856332803, 5.677758017684322311, 3.691975969100174559 ) ) ;
#4672 = CARTESIAN_POINT ( 'NONE',  ( 3.984778413628323968, 5.473785860280571569, -4.488639143223860373 ) ) ;
#4673 = CARTESIAN_POINT ( 'NONE',  ( -52.85871113679526445, 7.872189696794681169, 8.149163440337781950 ) ) ;
#4674 = CARTESIAN_POINT ( 'NONE',  ( -116.2599977685163282, 5.173974466597792699, -3.309892751688590540 ) ) ;
#4675 = CARTESIAN_POINT ( 'NONE',  ( 119.4056394391043057, 5.334780484037040971, -1.517543997224291230 ) ) ;
#4676 = CARTESIAN_POINT ( 'NONE',  ( 5.313539022691893265, 6.396074426577892602, -6.120377035747416095 ) ) ;
#4677 = CARTESIAN_POINT ( 'NONE',  ( -59.17465153169619185, 7.992518416939202730, 7.531059771739049502 ) ) ;
#4678 = CARTESIAN_POINT ( 'NONE',  ( -3.370372515291824911, 7.516115029587584928, 5.446406605437626780 ) ) ;
#4679 = CARTESIAN_POINT ( 'NONE',  ( -39.40108508161635825, -3.236568363083381250, -19.57647307516591439 ) ) ;
#4680 = CARTESIAN_POINT ( 'NONE',  ( -63.47704556908293227, 7.335083490522766425, 7.136418405402426224 ) ) ;
#4681 = CARTESIAN_POINT ( 'NONE',  ( 1.672673523993449596, 4.423366664880442833, 6.681295894286593651 ) ) ;
#4682 = CARTESIAN_POINT ( 'NONE',  ( 90.87710217586058548, 3.633146540434176508, 8.031573119210793976 ) ) ;
#4683 = CARTESIAN_POINT ( 'NONE',  ( 3.113047343633936315, 5.816827374600404887, -5.596353545856604939 ) ) ;
#4684 = CARTESIAN_POINT ( 'NONE',  ( -6.288865918365714514, 3.697523643482367284, 0.2210740606253101537 ) ) ;
#4685 = CARTESIAN_POINT ( 'NONE',  ( 29.74491880663583387, 9.780615957398046234, -8.245769500732425428 ) ) ;
#4686 = CARTESIAN_POINT ( 'NONE',  ( 27.52910365168917650, 8.570054099785055612, -9.158604931680258687 ) ) ;
#4687 = FACE_OUTER_BOUND ( 'NONE', #1122, .T. ) ;
#4688 = CARTESIAN_POINT ( 'NONE',  ( 25.87444742970637179, -0.9657873376177767977, 16.31691673540627718 ) ) ;
#4689 = CARTESIAN_POINT ( 'NONE',  ( -4.811685094889932124, 6.770192034965800687, 6.329874221705351189 ) ) ;
#4690 = CARTESIAN_POINT ( 'NONE',  ( -9.714451465470119729E-14, -42.18829223128360439, 0.000000000000000000 ) ) ;
#4691 = ORIENTED_EDGE ( 'NONE', *, *, #5843, .T. ) ;
#4692 = CARTESIAN_POINT ( 'NONE',  ( 0.2911271107329729824, 7.981952040012497029, -8.345177650451658380 ) ) ;
#4693 = CARTESIAN_POINT ( 'NONE',  ( 117.1731819520248905, 5.498255821095372475, -4.477001075403567398 ) ) ;
#4694 = VECTOR ( 'NONE', #5589, 1000.000000000000000 ) ;
#4695 = EDGE_LOOP ( 'NONE', ( #4967, #1317 ) ) ;
#4696 = FACE_OUTER_BOUND ( 'NONE', #3492, .T. ) ;
#4697 = CARTESIAN_POINT ( 'NONE',  ( 21.09180180364315405, 0.8624481080664583299, 14.47614376671442038 ) ) ;
#4698 = CARTESIAN_POINT ( 'NONE',  ( -3.812903421426544703, 6.296379781960306232, -4.642195622006052957 ) ) ;
#4699 = DIRECTION ( 'NONE',  ( 0.3854495548702807639, 0.9227289096209689845, 0.000000000000000000 ) ) ;
#4700 = CARTESIAN_POINT ( 'NONE',  ( -3.413001327498531356, 4.037852817410870543, -6.708246751297090249 ) ) ;
#4701 = FACE_OUTER_BOUND ( 'NONE', #6165, .T. ) ;
#4702 = EDGE_CURVE ( 'NONE', #1815, #420, #6287, .T. ) ;
#4703 = ORIENTED_EDGE ( 'NONE', *, *, #6097, .F. ) ;
#4704 =( BOUNDED_SURFACE ( )  B_SPLINE_SURFACE ( 3, 2, ( 
 ( #5288, #626, #2710 ),
 ( #4288, #6386, #112 ),
 ( #5803, #6419, #3803 ),
 ( #1080, #5904, #5770 ),
 ( #3153, #559, #3118 ),
 ( #3187, #528, #2636 ),
 ( #4734, #6321, #2673 ),
 ( #4767, #6485, #3326 ),
 ( #5384, #4358, #6557 ),
 ( #1180, #1833, #212 ),
 ( #1250, #3945, #2324 ),
 ( #3840, #3360, #6593 ),
 ( #1729, #4423, #5005 ),
 ( #2254, #6520, #6038 ),
 ( #3288, #659, #1315 ),
 ( #1763, #3873, #2769 ),
 ( #4863, #5488, #3911 ),
 ( #1799, #2289, #5455 ),
 ( #6452, #145, #3431 ),
 ( #6004, #5936, #289 ),
 ( #728, #5521, #1281 ),
 ( #3395, #763, #5419 ),
 ( #4462, #2874, #693 ),
 ( #801, #1215, #2913 ),
 ( #2840, #4965, #4933 ),
 ( #2395, #249, #2362 ),
 ( #4495, #2807, #1868 ),
 ( #4900, #179, #4393 ),
 ( #5970, #3981, #6720 ),
 ( #5172, #2555, #842 ),
 ( #2464, #2006, #4112 ),
 ( #3470, #6693, #938 ),
 ( #4527, #2525, #1453 ),
 ( #5563, #1422, #5142 ),
 ( #1351, #6211, #4657 ),
 ( #4562, #2949, #873 ),
 ( #1388, #448, #3506 ),
 ( #6754, #6660, #1486 ),
 ( #2039, #6626, #1978 ),
 ( #6077, #5665, #1909 ),
 ( #5042, #1945, #325 ),
 ( #2429, #5075, #4017 ),
 ( #6176, #2496, #5629 ),
 ( #2983, #4050, #6115 ),
 ( #358, #3075, #5596 ),
 ( #6147, #3537, #903 ),
 ( #3046, #3012, #5111 ),
 ( #392, #4592, #4079 ),
 ( #3571, #419, #4625 ),
 ( #3599, #5693, #969 ),
 ( #6313, #4795, #1653 ),
 ( #6276, #3250, #1550 ),
 ( #4823, #2628, #78 ),
 ( #5348, #4689, #4759 ) ),
 .UNSPECIFIED., .F., .F., .T. ) 
 B_SPLINE_SURFACE_WITH_KNOTS ( ( 4, 2, 2, 2, 2, 2, 2, 2, 2, 2, 2, 2, 2, 2, 2, 2, 2, 2, 2, 2, 2, 2, 2, 2, 2, 2, 4 ),
 ( 3, 3 ),
 ( 0.1552645755687869500, 0.1616816903153054930, 0.1680988050618240082, 0.1809330345548610386, 0.1873501493013795538, 0.1937672640478980690, 0.2001843787944165842, 0.2066014935409350994, 0.2130186082874536146, 0.2194357230339721299, 0.2226442804072313875, 0.2258528377804906451, 0.2290613951537499027, 0.2322699525270091880, 0.2354785099002684734, 0.2386870672735277310, 0.2418956246467869886, 0.2434999033334166174, 0.2451041820200462462, 0.2483127393933055038, 0.2515212967665647614, 0.2531255754531943625, 0.2539277147965092185, 0.2547298541398240190, 0.2563341328264536756, 0.2571362721697684761, 0.2579384115130832766 ),
 ( 0.000000000000000000, 1.000000000000000000 ),
 .UNSPECIFIED. ) 
 GEOMETRIC_REPRESENTATION_ITEM ( )  RATIONAL_B_SPLINE_SURFACE ( (
 ( 1.000000000000000000, 0.8863874983790758222, 1.000000000000000000),
 ( 1.000000000000000000, 0.8883746234560023769, 1.000000000000000000),
 ( 1.000000000000000000, 0.8887468093185433293, 1.000000000000000000),
 ( 1.000000000000000000, 0.8906242631689977873, 1.000000000000000000),
 ( 1.000000000000000000, 0.8920121482394165469, 1.000000000000000000),
 ( 1.000000000000000000, 0.8967345750554203132, 1.000000000000000000),
 ( 1.000000000000000000, 0.8999657878972511238, 1.000000000000000000),
 ( 1.000000000000000000, 0.9005350996205978564, 1.000000000000000000),
 ( 1.000000000000000000, 0.9000319502399705129, 1.000000000000000000),
 ( 1.000000000000000000, 0.8986482500437882326, 1.000000000000000000),
 ( 1.000000000000000000, 0.8977704071119271267, 1.000000000000000000),
 ( 1.000000000000000000, 0.8974472907312390779, 1.000000000000000000),
 ( 1.000000000000000000, 0.8981321251860922006, 1.000000000000000000),
 ( 1.000000000000000000, 0.9022978092428693975, 1.000000000000000000),
 ( 1.000000000000000000, 0.9050590054589255917, 1.000000000000000000),
 ( 1.000000000000000000, 0.9060444158770493139, 1.000000000000000000),
 ( 1.000000000000000000, 0.9049832525882790524, 1.000000000000000000),
 ( 1.000000000000000000, 0.8989162997723876281, 1.000000000000000000),
 ( 1.000000000000000000, 0.8941669054404890460, 1.000000000000000000),
 ( 1.000000000000000000, 0.8928473436126154184, 1.000000000000000000),
 ( 1.000000000000000000, 0.8933518534218818363, 1.000000000000000000),
 ( 1.000000000000000000, 0.8958160783148851891, 1.000000000000000000),
 ( 1.000000000000000000, 0.8977740472176081177, 1.000000000000000000),
 ( 1.000000000000000000, 0.9016241121391801450, 1.000000000000000000),
 ( 1.000000000000000000, 0.9035008757933494783, 1.000000000000000000),
 ( 1.000000000000000000, 0.9067337106831253601, 1.000000000000000000),
 ( 1.000000000000000000, 0.9080868055478562573, 1.000000000000000000),
 ( 1.000000000000000000, 0.9110424910282918232, 1.000000000000000000),
 ( 1.000000000000000000, 0.9119512345698816969, 1.000000000000000000),
 ( 1.000000000000000000, 0.9137374028429745554, 1.000000000000000000),
 ( 1.000000000000000000, 0.9189781470766105187, 1.000000000000000000),
 ( 1.000000000000000000, 0.9295261609100970990, 1.000000000000000000),
 ( 1.000000000000000000, 0.9300525324020919582, 1.000000000000000000),
 ( 1.000000000000000000, 0.9244641440172353120, 1.000000000000000000),
 ( 1.000000000000000000, 0.9199726054965122746, 1.000000000000000000),
 ( 1.000000000000000000, 0.9139136474408768862, 1.000000000000000000),
 ( 1.000000000000000000, 0.9119798781356602824, 1.000000000000000000),
 ( 1.000000000000000000, 0.9092179162185354269, 1.000000000000000000),
 ( 1.000000000000000000, 0.9111212428934390983, 1.000000000000000000),
 ( 1.000000000000000000, 0.9159640032614119187, 1.000000000000000000),
 ( 1.000000000000000000, 0.9188072523193597796, 1.000000000000000000),
 ( 1.000000000000000000, 0.9206715955609213742, 1.000000000000000000),
 ( 1.000000000000000000, 0.9209161536588756913, 1.000000000000000000),
 ( 1.000000000000000000, 0.9205623055776070984, 1.000000000000000000),
 ( 1.000000000000000000, 0.9203051719328050329, 1.000000000000000000),
 ( 1.000000000000000000, 0.9196412319064601881, 1.000000000000000000),
 ( 1.000000000000000000, 0.9193311850152325881, 1.000000000000000000),
 ( 1.000000000000000000, 0.9189604478275403832, 1.000000000000000000),
 ( 1.000000000000000000, 0.9195805563263511617, 1.000000000000000000),
 ( 1.000000000000000000, 0.9215510029680503701, 1.000000000000000000),
 ( 1.000000000000000000, 0.9223478595881333675, 1.000000000000000000),
 ( 1.000000000000000000, 0.9239319056376105177, 1.000000000000000000),
 ( 1.000000000000000000, 0.9245744700650330161, 1.000000000000000000),
 ( 1.000000000000000000, 0.9260605339281218207, 1.000000000000000000) ) ) 
 REPRESENTATION_ITEM ( '' )  SURFACE ( )  );
#4705 = DIRECTION ( 'NONE',  ( 0.000000000000000000, -0.4999999999999960032, -0.8660254037844409281 ) ) ;
#4706 = CARTESIAN_POINT ( 'NONE',  ( 2.609705633190849472, 5.616532548119685053, -5.410068382668592690 ) ) ;
#4707 = CARTESIAN_POINT ( 'NONE',  ( -8.436728624280068090, 7.332820377978709558, 6.219822984850046588 ) ) ;
#4708 = CARTESIAN_POINT ( 'NONE',  ( -1.942288116658880126, 4.011703575194055738, -6.251761327870812401 ) ) ;
#4709 = CARTESIAN_POINT ( 'NONE',  ( 119.3542650595492347, 6.186505074738457566, -1.930489497190541526 ) ) ;
#4710 = EDGE_CURVE ( 'NONE', #4809, #1979, #2223, .T. ) ;
#4711 = CARTESIAN_POINT ( 'NONE',  ( -118.8472209012016521, 2.326826639897667359, -12.58621734630726330 ) ) ;
#4712 = CARTESIAN_POINT ( 'NONE',  ( -10.96848201751708807, 6.434825093923537409, 5.845096588134766513 ) ) ;
#4713 = CARTESIAN_POINT ( 'NONE',  ( -27.08317987937508775, -1.221134889985035388, -16.78286865705710795 ) ) ;
#4714 = CARTESIAN_POINT ( 'NONE',  ( 5.399064668835751313, 3.561937260357733503, 2.602886178757156888 ) ) ;
#4715 = CARTESIAN_POINT ( 'NONE',  ( -5.540124129704656397, 8.686252060418835796, 2.935409327715532424 ) ) ;
#4716 = CARTESIAN_POINT ( 'NONE',  ( -47.68667535776557997, 0.5160230004740401499, -15.61343349237304601 ) ) ;
#4717 = CARTESIAN_POINT ( 'NONE',  ( -105.6972996781806557, 6.392660239471037009, 5.238908898272365278 ) ) ;
#4718 = CARTESIAN_POINT ( 'NONE',  ( -1.728645210482395056, 5.297542547847750249, -5.769085381307024640 ) ) ;
#4719 = CARTESIAN_POINT ( 'NONE',  ( 101.4422006350981036, 2.593163621035160293, 10.24447780345779790 ) ) ;
#4720 = CARTESIAN_POINT ( 'NONE',  ( 2.550699330132438547, 6.018345226586156116, -5.874762450655394375 ) ) ;
#4721 = CARTESIAN_POINT ( 'NONE',  ( -5.109588403511102328, 4.659030102401572115, 3.779513424609150629 ) ) ;
#4722 = CARTESIAN_POINT ( 'NONE',  ( 98.16052041920312377, 6.888365193182893975, -5.141020298004166378 ) ) ;
#4723 = CARTESIAN_POINT ( 'NONE',  ( 22.32833919699120528, 8.081913493541307503, -8.438096870942089822 ) ) ;
#4724 = CARTESIAN_POINT ( 'NONE',  ( 5.529450793334953929, 4.322490712958040326, -2.318010876016207700 ) ) ;
#4725 = CARTESIAN_POINT ( 'NONE',  ( 29.45680885061168652, -1.641742848677237188, 17.89242433920771802 ) ) ;
#4726 = CARTESIAN_POINT ( 'NONE',  ( 3.278494477352008385, 6.688142535344725914, -6.211059366735750764 ) ) ;
#4727 = CARTESIAN_POINT ( 'NONE',  ( -119.6875427812625077, 5.866133555076948447, 1.196513789475824430 ) ) ;
#4728 = CARTESIAN_POINT ( 'NONE',  ( -9.714451465470119729E-14, 13.42264973081045554, 0.000000000000000000 ) ) ;
#4729 = CARTESIAN_POINT ( 'NONE',  ( 119.4019293288290271, 5.615081696591358806, -2.508460793799847099 ) ) ;
#4730 = CARTESIAN_POINT ( 'NONE',  ( -118.7983539388231691, 6.183329543591328914, 3.365842983370347596 ) ) ;
#4731 = CARTESIAN_POINT ( 'NONE',  ( 3.860973298145370602, 3.996377598494297079, 6.767364379289748655 ) ) ;
#4732 = CARTESIAN_POINT ( 'NONE',  ( 119.6753983991576575, 5.571640722441901339, -1.301557358268354392 ) ) ;
#4733 = CARTESIAN_POINT ( 'NONE',  ( 5.098608734229495454, 6.617012070423424319, -6.260390235642730339 ) ) ;
#4734 = CARTESIAN_POINT ( 'NONE',  ( -84.55002979514044625, 7.199197232612958075, 6.182628385661518067 ) ) ;
#4735 = CARTESIAN_POINT ( 'NONE',  ( -2.551955290455278469, 4.863827997738909836, -6.720079637764508895 ) ) ;
#4736 = ORIENTED_EDGE ( 'NONE', *, *, #6302, .T. ) ;
#4737 = CARTESIAN_POINT ( 'NONE',  ( 5.196970702201753056, 4.215067679505508202, -2.995578966915935837 ) ) ;
#4738 = DIRECTION ( 'NONE',  ( 1.000000000000000000, -7.996734198290766312E-16, 0.000000000000000000 ) ) ;
#4739 = CARTESIAN_POINT ( 'NONE',  ( 18.89648309397082926, 1.975555939656084226, 13.03782115246506379 ) ) ;
#4740 = CARTESIAN_POINT ( 'NONE',  ( 118.8174199228654544, 6.214062109639837850, -3.347932670602198790 ) ) ;
#4741 = CARTESIAN_POINT ( 'NONE',  ( 2.860770256737398487, 6.217051724225561848, 5.284644612820639686 ) ) ;
#4742 = CARTESIAN_POINT ( 'NONE',  ( -10.00359535217285334, 3.246295006452529108, -4.895333290100096768 ) ) ;
#4743 = CARTESIAN_POINT ( 'NONE',  ( 84.57881289432246774, 6.506094687016005906, -5.978235845807914117 ) ) ;
#4744 = ADVANCED_FACE ( 'NONE', ( #5839, #1114 ), #3192, .F. ) ;
#4745 = B_SPLINE_CURVE_WITH_KNOTS ( 'NONE', 3,
 ( #1775, #5984, #1676, #3783, #2852, #5366, #5468, #1191, #638, #707, #4843, #743, #4913, #3300, #65, #191, #2300, #6368, #4338, #4404, #6434, #6496, #3889, #4270, #5611, #1367, #6639, #374, #267, #303, #4473, #2336, #4029, #886, #2478, #6053, #5643, #2375, #5500, #3485, #1959, #919, #6536, #2996, #4437, #1886, #4539, #5576, #820, #3923 ),
 .UNSPECIFIED., .F., .F.,
 ( 4, 2, 2, 2, 2, 2, 2, 2, 2, 2, 2, 2, 2, 2, 2, 2, 2, 2, 2, 2, 2, 2, 2, 2, 4 ),
 ( 0.1459141708340433996, 0.1522367617839941734, 0.1585593527339449471, 0.1712045346338465224, 0.1775271255837972961, 0.1838497165337480421, 0.1901723074836988159, 0.1964948984336495619, 0.2091400803335510261, 0.2123013758085263991, 0.2154626712835017721, 0.2217852622334525181, 0.2249465577084279189, 0.2281078531834032641, 0.2312691486583786649, 0.2344304441333540101, 0.2375917396083294109, 0.2407530350833047561, 0.2423336828207924565, 0.2431240066895362928, 0.2439143305582801569, 0.2447046544270239932, 0.2454949782957678295, 0.2462853021645116658, 0.2470756260332555299 ),
 .UNSPECIFIED. ) ;
#4746 = ADVANCED_FACE ( 'NONE', ( #54 ), #3806, .T. ) ;
#4747 = CARTESIAN_POINT ( 'NONE',  ( 116.8195594071211048, 5.130540339570423214, -4.592467353523787210 ) ) ;
#4748 = CARTESIAN_POINT ( 'NONE',  ( -5.931177640605611145, 7.945824147224883838, -2.122268682627961756 ) ) ;
#4749 = CARTESIAN_POINT ( 'NONE',  ( -78.43050026353098758, 3.491093647603281891, -9.732817578609871845 ) ) ;
#4750 = CARTESIAN_POINT ( 'NONE',  ( -88.79907349862911303, 6.789943428134368020, 5.732341571097030908 ) ) ;
#4751 = CARTESIAN_POINT ( 'NONE',  ( 35.64200873809659953, -2.158178845093922327, 18.45006699846229026 ) ) ;
#4752 = CARTESIAN_POINT ( 'NONE',  ( 89.85222856035619543, 4.041857244652351078, 8.395830349053190034 ) ) ;
#4753 = CARTESIAN_POINT ( 'NONE',  ( -119.5383050089104984, 6.503342673460237755, 2.184720569000563106 ) ) ;
#4754 = DIRECTION ( 'NONE',  ( -0.9999893508874444503, 0.004614987725603183523, 2.057820001911795508E-16 ) ) ;
#4755 = CARTESIAN_POINT ( 'NONE',  ( 10.39064196118799188, 7.364814996011323167, -6.456878460212766235 ) ) ;
#4756 = CARTESIAN_POINT ( 'NONE',  ( -119.4520075033398427, 5.824135583392073379, 0.5776595353120559384 ) ) ;
#4757 = AXIS2_PLACEMENT_3D ( 'NONE', #3183, #6281, #5284 ) ;
#4758 = CARTESIAN_POINT ( 'NONE',  ( 31.05708671682564415, -3.578642785049651387, 19.72946101014947828 ) ) ;
#4759 = CARTESIAN_POINT ( 'NONE',  ( -4.768630754080940726, 6.838127782002912269, 6.267345294649582677 ) ) ;
#4760 = CARTESIAN_POINT ( 'NONE',  ( -119.4013422931699608, 5.892131548443490630, 1.651556919646555821 ) ) ;
#4761 = CARTESIAN_POINT ( 'NONE',  ( -9.634849423525541882E-14, -3.816391647148975608E-14, 6.499999999999999112 ) ) ;
#4762 = CIRCLE ( 'NONE', #2128, 0.2499999999999998335 ) ;
#4763 = CARTESIAN_POINT ( 'NONE',  ( -119.6812708819888087, 6.123957708671771805, 1.301557358268312869 ) ) ;
#4764 = CARTESIAN_POINT ( 'NONE',  ( -4.500000000000097700, -1.000000000000018208, 0.000000000000000000 ) ) ;
#4765 = CARTESIAN_POINT ( 'NONE',  ( -4.253069476041366315, 6.583199541552189338, -4.242595046202689346 ) ) ;
#4766 = CARTESIAN_POINT ( 'NONE',  ( 8.987055979741874978, 6.571630102900633652, -6.166675355566671790 ) ) ;
#4767 = CARTESIAN_POINT ( 'NONE',  ( -78.20267020201072228, 7.332381239866412770, 6.525427414287120698 ) ) ;
#4768 = DIRECTION ( 'NONE',  ( -0.03895279035631221687, -0.6595582229647571904, 0.7506434777196354657 ) ) ;
#4769 = CIRCLE ( 'NONE', #1572, 5.500000000000000000 ) ;
#4770 = EDGE_LOOP ( 'NONE', ( #4189, #4059 ) ) ;
#4771 = CARTESIAN_POINT ( 'NONE',  ( -22.87239074707031250, 4.009649784742335576, 12.76580333709716975 ) ) ;
#4772 = CARTESIAN_POINT ( 'NONE',  ( 5.886283840513208965, 4.046947733515064094, -1.134010296973749554 ) ) ;
#4773 = B_SPLINE_CURVE_WITH_KNOTS ( 'NONE', 3,
 ( #6401, #4202, #3170, #6371, #3272, #610, #3787, #4814, #2173, #5272, #5305, #4273, #6301, #5339, #5855, #4751, #641, #2138, #6437, #3304, #4304, #1679, #1713, #3821, #1129, #544, #32, #98, #4239, #1097, #3205, #579, #2693, #4785, #1643, #3754, #3240, #2724, #1850, #2888, #4947, #193, #1264, #5949, #6498, #3341, #4406, #1369, #1777, #858, #2965, #745, #2929, #3891, #5986, #6575, #3961, #6608, #5578, #6055, #4915, #4375, #6095, #3375 ),
 .UNSPECIFIED., .F., .F.,
 ( 4, 2, 2, 2, 2, 2, 2, 2, 2, 2, 2, 2, 2, 2, 2, 2, 2, 2, 2, 2, 2, 2, 2, 2, 2, 2, 2, 2, 2, 2, 2, 4 ),
 ( 0.000000000000000000, 0.003150034700970349381, 0.004725052051455523421, 0.006300069401940698761, 0.007875086752425871500, 0.009450104102911046841, 0.01260013880388139405, 0.01417515615436655725, 0.01575017350485171871, 0.01890020820582202429, 0.02205024290679232987, 0.02520027760776263198, 0.02835031230873294103, 0.03150034700970324314, 0.03780041641164387511, 0.04410048581358450709, 0.04725052051455482655, 0.05040055521552513906, 0.05355058991649545158, 0.05670062461746577104, 0.05985065931843608356, 0.06300069401940640301, 0.06930076342134704193, 0.07245079812231734750, 0.07560083282328766696, 0.08190090222522825036, 0.08820097162716883377, 0.09135100632813913935, 0.09450104102910943105, 0.09607605837959456996, 0.09765107573007973663, 0.1008011104310500561 ),
 .UNSPECIFIED. ) ;
#4774 = CIRCLE ( 'NONE', #5660, 0.2499999999999974742 ) ;
#4775 = CARTESIAN_POINT ( 'NONE',  ( 71.87057341946866984, 7.171452909227460815, -6.849185989006614683 ) ) ;
#4776 = CARTESIAN_POINT ( 'NONE',  ( 59.17804677539793090, 7.719418837815432255, -7.531059771739063713 ) ) ;
#4777 = CARTESIAN_POINT ( 'NONE',  ( 117.9136275947793138, 5.888250200594067785, -4.082990437246587945 ) ) ;
#4778 = CARTESIAN_POINT ( 'NONE',  ( 6.185941023473739087, 8.220708029969509667, 1.142937965252888155 ) ) ;
#4779 = CARTESIAN_POINT ( 'NONE',  ( -10.73271369934082031, 4.657045395551651090, 2.762117147445678711 ) ) ;
#4780 = CARTESIAN_POINT ( 'NONE',  ( 5.973637151955911051, 8.696667095398192160, -1.904193509161206332 ) ) ;
#4781 = FACE_BOUND ( 'NONE', #2593, .T. ) ;
#4782 = CARTESIAN_POINT ( 'NONE',  ( -4.098904809933024751, 7.992721713577901177, 4.839146213363911819 ) ) ;
#4783 = CARTESIAN_POINT ( 'NONE',  ( -69.19077328658623571, 3.118804738630744922, -11.74202646964675445 ) ) ;
#4784 = CARTESIAN_POINT ( 'NONE',  ( 116.8698188226743468, 5.744646923934322302, -4.580598064394607150 ) ) ;
#4785 = CARTESIAN_POINT ( 'NONE',  ( 68.13132808791743855, 2.715884432995667286, 11.91581080681560856 ) ) ;
#4786 = CARTESIAN_POINT ( 'NONE',  ( 111.0660944207694314, 4.787400555064575514, 4.892540069503542810 ) ) ;
#4787 = CARTESIAN_POINT ( 'NONE',  ( -119.6635916498206313, 6.321813410133380273, -0.4641242208010330494 ) ) ;
#4788 = MANIFOLD_SOLID_BREP ( 'Ступица пропеллера-1-solid1', #1343 ) ;
#4789 = CARTESIAN_POINT ( 'NONE',  ( -5.694424916940533876, 3.344770348608745891, -2.626649768950750641 ) ) ;
#4790 = CARTESIAN_POINT ( 'NONE',  ( 7.385535807419706167, 4.486683650826120306, -8.566063880920410156 ) ) ;
#4791 = CARTESIAN_POINT ( 'NONE',  ( 8.046653734350387666, 7.384560377572391587, -6.178412465499288686 ) ) ;
#4792 = CARTESIAN_POINT ( 'NONE',  ( -119.1687623377212759, 5.917182896160571914, 2.423557832570045534 ) ) ;
#4793 = ADVANCED_FACE ( 'NONE', ( #5325 ), #3157, .T. ) ;
#4794 = CARTESIAN_POINT ( 'NONE',  ( 25.17919548361860649, -0.7367813898086471580, 16.03078780353834532 ) ) ;
#4795 = CARTESIAN_POINT ( 'NONE',  ( -5.775463221616681686, 7.112024447580092890, 6.153568242149784595 ) ) ;
#4796 = CARTESIAN_POINT ( 'NONE',  ( -119.3989762634985539, 5.684489845890528414, -0.6813557626153937674 ) ) ;
#4797 = CARTESIAN_POINT ( 'NONE',  ( 1.909695385371227516, 4.812850254091243229, 6.676271772984664565 ) ) ;
#4798 = DIRECTION ( 'NONE',  ( 0.000000000000000000, 0.000000000000000000, -1.000000000000000000 ) ) ;
#4799 = CARTESIAN_POINT ( 'NONE',  ( 7.654156032936529463, 6.641523763141884196, -6.139227974401445742 ) ) ;
#4800 = CARTESIAN_POINT ( 'NONE',  ( -2.019868209768410416, 4.120244072195304419, -6.580723151608562915 ) ) ;
#4801 = CARTESIAN_POINT ( 'NONE',  ( -1.620535861162059277, 4.631653318544509013, -6.723631270677523197 ) ) ;
#4802 = ORIENTED_EDGE ( 'NONE', *, *, #4584, .T. ) ;
#4803 = CARTESIAN_POINT ( 'NONE',  ( -8.956430435180665839, 1.071397812543835926, 12.52569198608398438 ) ) ;
#4804 = CARTESIAN_POINT ( 'NONE',  ( 24.53939044740220154, 8.123272521483203334, -8.814017812031694987 ) ) ;
#4805 = CARTESIAN_POINT ( 'NONE',  ( 33.86562613556476720, 8.741730847573771612, -9.539824091301495557 ) ) ;
#4806 = DIRECTION ( 'NONE',  ( -0.4449464842490874483, 0.000000000000000000, -0.8955571596243182553 ) ) ;
#4807 = CARTESIAN_POINT ( 'NONE',  ( -8.430241584777824926, 10.98115971821400016, 13.84894084930419922 ) ) ;
#4808 = DIRECTION ( 'NONE',  ( -0.000000000000000000, -1.000000000000000000, -0.000000000000000000 ) ) ;
#4809 = VERTEX_POINT ( 'NONE', #3291 ) ;
#4810 = CARTESIAN_POINT ( 'NONE',  ( 2.321668966056012362, 3.848109049844739005, 5.909948794115789994 ) ) ;
#4811 = CARTESIAN_POINT ( 'NONE',  ( -1.836853266159005127, 5.447704524443622631, -6.032988993790976195 ) ) ;
#4812 = CARTESIAN_POINT ( 'NONE',  ( -94.01801843786732604, 4.631202487838606885, -7.796314090166987398 ) ) ;
#4813 = CARTESIAN_POINT ( 'NONE',  ( -69.18294071414028679, 3.118128603108225150, -11.74336799457041991 ) ) ;
#4814 = CARTESIAN_POINT ( 'NONE',  ( 27.98751227934291208, -1.245852635326437641, 17.43535849090723033 ) ) ;
#4815 = ORIENTED_EDGE ( 'NONE', *, *, #4865, .F. ) ;
#4816 = CARTESIAN_POINT ( 'NONE',  ( -118.3207496998444839, 6.488644157226549858, 3.794025402606420183 ) ) ;
#4817 = VERTEX_POINT ( 'NONE', #18 ) ;
#4818 = CARTESIAN_POINT ( 'NONE',  ( 7.671245720261708811, 4.687562361199134386, 7.674381487631944943 ) ) ;
#4819 = CARTESIAN_POINT ( 'NONE',  ( 97.57059300749165232, 5.567241030838211202, 4.705341815948469453 ) ) ;
#4820 = CARTESIAN_POINT ( 'NONE',  ( -5.087433223419450812, 6.521305260286904826, 6.262435572921265070 ) ) ;
#4821 = CARTESIAN_POINT ( 'NONE',  ( -94.33231645405167853, 8.893681352400921725, 5.605899462127579724 ) ) ;
#4822 = CARTESIAN_POINT ( 'NONE',  ( 33.02500353830235724, -2.177630356036901027, 18.47951317448163877 ) ) ;
#4823 = CARTESIAN_POINT ( 'NONE',  ( -5.086128312510894922, 6.777099614699226393, 6.264769190002461130 ) ) ;
#4824 = CARTESIAN_POINT ( 'NONE',  ( -10.55978749587908894, 6.764252074496298839, 6.355702710661518040 ) ) ;
#4825 = CARTESIAN_POINT ( 'NONE',  ( 4.767277875031162182, 6.816123614211227810, -6.267345294644604436 ) ) ;
#4826 = ADVANCED_FACE ( 'NONE', ( #5908 ), #1002, .T. ) ;
#4827 = ADVANCED_FACE ( 'NONE', ( #360 ), #4564, .F. ) ;
#4828 = CARTESIAN_POINT ( 'NONE',  ( -2.301087857316675311, 6.039909131477425142, 5.907996291775623909 ) ) ;
#4829 = CARTESIAN_POINT ( 'NONE',  ( 27.73619360570867087, 7.951671154177563317, -9.126489706597959994 ) ) ;
#4830 = CARTESIAN_POINT ( 'NONE',  ( -7.943539067022836520, 3.813733788014901371, -7.836267461448505500 ) ) ;
#4831 = CARTESIAN_POINT ( 'NONE',  ( -3.482654224001301202, 4.718615617560240949, -6.892550857561392519 ) ) ;
#4832 = ORIENTED_EDGE ( 'NONE', *, *, #4116, .T. ) ;
#4833 = DIRECTION ( 'NONE',  ( -0.04905607657982097997, -3.203260069268339667E-17, 0.9987960258984788231 ) ) ;
#4834 = CARTESIAN_POINT ( 'NONE',  ( -5.556580642908691914, 3.355272229919779026, -2.286600901106014661 ) ) ;
#4835 = CARTESIAN_POINT ( 'NONE',  ( 84.55503431985891893, 6.808895155273075872, -6.182308506164226003 ) ) ;
#4836 = CARTESIAN_POINT ( 'NONE',  ( 20.33328028737980375, 1.196744603651841432, 14.01953610017597818 ) ) ;
#4837 = CARTESIAN_POINT ( 'NONE',  ( 4.815857038007145263, 6.956137966174081200, 3.590479800629730267 ) ) ;
#4838 = CARTESIAN_POINT ( 'NONE',  ( -12.95272159576415305, 10.85052088039967444, 13.80774021148681641 ) ) ;
#4839 = CARTESIAN_POINT ( 'NONE',  ( 5.430089671504193305, 8.631099230754683660, -3.151080880212735025 ) ) ;
#4840 = ORIENTED_EDGE ( 'NONE', *, *, #5462, .F. ) ;
#4841 = CARTESIAN_POINT ( 'NONE',  ( 3.739752373119218376, 3.514486922422110915, 5.064137887206936917 ) ) ;
#4842 = VERTEX_POINT ( 'NONE', #5113 ) ;
#4843 = CARTESIAN_POINT ( 'NONE',  ( 69.83472610423403637, 7.128463348819497725, -6.953291781901844715 ) ) ;
#4844 = CARTESIAN_POINT ( 'NONE',  ( -81.54213841526637907, 4.120652778482920553, -9.467618370657937987 ) ) ;
#4845 = CARTESIAN_POINT ( 'NONE',  ( -2.520400149077856700, 6.968575942970682391, 5.889756391797207336 ) ) ;
#4846 = CARTESIAN_POINT ( 'NONE',  ( 105.6843500134290252, 5.874012199485361130, -5.026480571736960279 ) ) ;
#4847 = CARTESIAN_POINT ( 'NONE',  ( 4.828038791388584272, 8.236719375833901680, -3.572806874206808203 ) ) ;
#4848 = EDGE_LOOP ( 'NONE', ( #5907, #765, #5991, #1852 ) ) ;
#4849 = FACE_OUTER_BOUND ( 'NONE', #3749, .T. ) ;
#4850 = CARTESIAN_POINT ( 'NONE',  ( 13.38356344701480616, 3.783867099086423380, 9.880496127579075250 ) ) ;
#4851 = CARTESIAN_POINT ( 'NONE',  ( 62.59236851921719591, 7.417944464187217868, 2.349545001983631920 ) ) ;
#4852 = ORIENTED_EDGE ( 'NONE', *, *, #6202, .T. ) ;
#4853 = CARTESIAN_POINT ( 'NONE',  ( -6.620149545602287411, 6.595974768599939253, 6.099116281524697314 ) ) ;
#4854 = CARTESIAN_POINT ( 'NONE',  ( -47.06908666068618885, 8.819725904798790594, 8.706490617239756702 ) ) ;
#4855 = CARTESIAN_POINT ( 'NONE',  ( 48.99015807406237855, -1.283713165938559220, 17.34907704325003408 ) ) ;
#4856 = CARTESIAN_POINT ( 'NONE',  ( -114.1167934987788328, 4.984451449378695109, -4.055120416156923646 ) ) ;
#4857 = AXIS2_PLACEMENT_3D ( 'NONE', #3058, #5913, #4264 ) ;
#4858 = CARTESIAN_POINT ( 'NONE',  ( -6.415991182675365501, 4.635713218715732609, -7.423980749434855753 ) ) ;
#4859 = CARTESIAN_POINT ( 'NONE',  ( 6.074364291801601645, -0.4507053959271660748, 18.73341941833495738 ) ) ;
#4860 = CC_DESIGN_PERSON_AND_ORGANIZATION_ASSIGNMENT ( #2049, #2569, ( #5143 ) ) ;
#4861 = CARTESIAN_POINT ( 'NONE',  ( -2.550642608842360382, 5.923461088424598842, 5.753851633149144718 ) ) ;
#4862 = CARTESIAN_POINT ( 'NONE',  ( 31.90976431927027690, 8.309912187905323933, -9.613586174475019064 ) ) ;
#4863 = CARTESIAN_POINT ( 'NONE',  ( -50.73307756190851592, 7.923231051703236716, 8.341433651905042268 ) ) ;
#4864 = CARTESIAN_POINT ( 'NONE',  ( -117.9169418363771200, 5.969516874907144555, 3.804490533136051233 ) ) ;
#4865 = EDGE_CURVE ( 'NONE', #166, #3443, #6314, .T. ) ;
#4866 = B_SPLINE_CURVE_WITH_KNOTS ( 'NONE', 3,
 ( #5507, #1749, #3827, #1717 ),
 .UNSPECIFIED., .F., .F.,
 ( 4, 4 ),
 ( 9.303945614337675612E-18, 7.043978356105140494E-05 ),
 .UNSPECIFIED. ) ;
#4867 = CIRCLE ( 'NONE', #6522, 0.2499999999999996114 ) ;
#4868 = ORIENTED_EDGE ( 'NONE', *, *, #3067, .F. ) ;
#4869 = CARTESIAN_POINT ( 'NONE',  ( -128.3660278320312500, 5.969365985570998845, -0.6716856360435414786 ) ) ;
#4870 = CARTESIAN_POINT ( 'NONE',  ( -2.930017073069654643, 3.722479831310241849, -5.629960636792012529 ) ) ;
#4871 = CARTESIAN_POINT ( 'NONE',  ( 63.41710871644180969, 7.436852031605416968, -7.325310804780145624 ) ) ;
#4872 = CARTESIAN_POINT ( 'NONE',  ( 1.673119457373694496, 4.434330346648237331, 6.728719222966401681 ) ) ;
#4873 = AXIS2_PLACEMENT_3D ( 'NONE', #495, #4768, #84 ) ;
#4874 = CARTESIAN_POINT ( 'NONE',  ( 5.206897975701987313, 7.308439092856500174, 3.596382279312047903 ) ) ;
#4875 = CARTESIAN_POINT ( 'NONE',  ( -22.56036376953124645, 6.684041471658687783, 5.352248668670655185 ) ) ;
#4876 = CARTESIAN_POINT ( 'NONE',  ( 12.94331325772687613, 0.5293206606645297629, 9.187484807790214703 ) ) ;
#4877 = ADVANCED_BREP_SHAPE_REPRESENTATION ( '¦ЁюяхыыхЁ 9450 CCW', ( #4788, #4596, #56, #2309, #2951 ), #3603 ) ;
#4878 = VECTOR ( 'NONE', #4705, 1000.000000000000114 ) ;
#4879 = CARTESIAN_POINT ( 'NONE',  ( 5.539146037249182086, 3.329668772375501185, 2.286600901106249140 ) ) ;
#4880 = SPHERICAL_SURFACE ( 'NONE', #684, 0.2500000000000000000 ) ;
#4881 = CARTESIAN_POINT ( 'NONE',  ( -84.65919068099007916, 4.261656862947623914, -9.048168451346153773 ) ) ;
#4882 = CARTESIAN_POINT ( 'NONE',  ( -9.714451465470119729E-14, 6.488675134594886984, 0.000000000000000000 ) ) ;
#4883 = CARTESIAN_POINT ( 'NONE',  ( -117.1903124412955748, 6.318185394265430688, 4.474183485254185300 ) ) ;
#4884 = VERTEX_POINT ( 'NONE', #1040 ) ;
#4885 = CARTESIAN_POINT ( 'NONE',  ( 119.5024608712581795, 5.609145219615479405, -2.267605706410841915 ) ) ;
#4886 = CARTESIAN_POINT ( 'NONE',  ( 3.479799687503487782, 4.877125474180450837, 6.820227149514495935 ) ) ;
#4887 = ORIENTED_EDGE ( 'NONE', *, *, #5127, .F. ) ;
#4888 = CARTESIAN_POINT ( 'NONE',  ( 38.97429734264836299, 9.615250418294921886, -6.533321380615239704 ) ) ;
#4889 = CARTESIAN_POINT ( 'NONE',  ( 119.5051150353015856, 5.609379277925308216, -2.270985540428671623 ) ) ;
#4890 = CARTESIAN_POINT ( 'NONE',  ( 9.085567326474839334, 7.424265099794184586, -6.295441652895708451 ) ) ;
#4891 = DIRECTION ( 'NONE',  ( 0.3196679727127086368, 0.000000000000000000, -0.9475296234006337359 ) ) ;
#4892 = CARTESIAN_POINT ( 'NONE',  ( 44.63604592472738375, -2.291835751916310393, 18.44464054294841659 ) ) ;
#4893 = CARTESIAN_POINT ( 'NONE',  ( 26.57668904361693407, -1.195431554177712519, 16.60019427717701390 ) ) ;
#4894 = EDGE_CURVE ( 'NONE', #3549, #628, #475, .T. ) ;
#4895 = CARTESIAN_POINT ( 'NONE',  ( -5.316824606410523124, 6.420604056020797756, 6.120377035747415206 ) ) ;
#4896 = CARTESIAN_POINT ( 'NONE',  ( 16.15015900396680593, 10.68055414968469563, -13.77723312377929865 ) ) ;
#4897 = CARTESIAN_POINT ( 'NONE',  ( -5.281657984222841939, 7.389501866430927990, -3.478643731887923529 ) ) ;
#4898 = CARTESIAN_POINT ( 'NONE',  ( 119.6527101543269822, 6.140329426723575068, -1.636143259319911003 ) ) ;
#4899 = CARTESIAN_POINT ( 'NONE',  ( 40.33537069113629059, 7.929084549653460989, -9.283700530278336416 ) ) ;
#4900 = CARTESIAN_POINT ( 'NONE',  ( -28.57232963120725344, 8.572204647308595327, 9.361074669332063891 ) ) ;
#4901 = CARTESIAN_POINT ( 'NONE',  ( -18.82181735738665651, 1.878921673840968642, -13.08646250607078088 ) ) ;
#4902 = EDGE_LOOP ( 'NONE', ( #5443, #1820, #2571, #3947 ) ) ;
#4903 = CARTESIAN_POINT ( 'NONE',  ( -6.810011863708496094, 5.472916872678720068, 7.246949195861816406 ) ) ;
#4904 = CARTESIAN_POINT ( 'NONE',  ( -5.843087602365878652, 3.739284376732217918, -1.399609540214486803 ) ) ;
#4905 = CARTESIAN_POINT ( 'NONE',  ( 41.27428612610250980, 8.266641720765138146, -9.202096589698669504 ) ) ;
#4906 = DIRECTION ( 'NONE',  ( 0.000000000000000000, 0.000000000000000000, -1.000000000000000000 ) ) ;
#4907 = CARTESIAN_POINT ( 'NONE',  ( 6.279335023200566468, 8.460919243063580453, 0.1195015839258536799 ) ) ;
#4908 = CARTESIAN_POINT ( 'NONE',  ( -22.80545997619628551, 8.048716814695337618, 9.067157745361329901 ) ) ;
#4909 = ADVANCED_FACE ( 'NONE', ( #3112 ), #2151, .T. ) ;
#4910 = DIRECTION ( 'NONE',  ( 0.9035519127201049328, 0.3725506498822759305, 0.2116599969104548673 ) ) ;
#4911 = CIRCLE ( 'NONE', #2832, 5.500000000000000000 ) ;
#4912 = ADVANCED_FACE ( 'NONE', ( #1108 ), #470, .T. ) ;
#4913 = CARTESIAN_POINT ( 'NONE',  ( 63.50820876359767908, 7.281038268927146895, -7.318449937612617084 ) ) ;
#4914 = CARTESIAN_POINT ( 'NONE',  ( -104.0911155779290596, 5.076057886639484984, -6.046969489732458847 ) ) ;
#4915 = CARTESIAN_POINT ( 'NONE',  ( 116.0889411337063706, 5.098336976199039583, 3.530609646417506298 ) ) ;
#4916 = CARTESIAN_POINT ( 'NONE',  ( 5.780668387126683072, 7.791369548312380822, 1.649223286087956764 ) ) ;
#4917 = ORIENTED_EDGE ( 'NONE', *, *, #5824, .F. ) ;
#4918 = DIRECTION ( 'NONE',  ( -0.004614987725602707341, -0.9999893508874444503, 0.000000000000000000 ) ) ;
#4919 = FACE_OUTER_BOUND ( 'NONE', #301, .T. ) ;
#4920 = VERTEX_POINT ( 'NONE', #4825 ) ;
#4921 = CARTESIAN_POINT ( 'NONE',  ( 37.64310116517263083, 2.679033993208036701, 12.58989524841307706 ) ) ;
#4922 = ORIENTED_EDGE ( 'NONE', *, *, #2219, .T. ) ;
#4923 = CARTESIAN_POINT ( 'NONE',  ( -35.93765602931058822, -3.636839779580544718, -19.95094517725341277 ) ) ;
#4924 = CARTESIAN_POINT ( 'NONE',  ( -4.833314381950499339, 6.556947775107453857, 6.323368891774397760 ) ) ;
#4925 = CARTESIAN_POINT ( 'NONE',  ( -34.05055359131515758, 8.453444717486000570, 9.626922919673491563 ) ) ;
#4926 = CARTESIAN_POINT ( 'NONE',  ( 55.72858203430753576, 1.222517694124548138, 13.53239111503391356 ) ) ;
#4927 = CARTESIAN_POINT ( 'NONE',  ( 47.64247114170476038, -0.1019793924427956217, 15.31640728690509867 ) ) ;
#4928 = CARTESIAN_POINT ( 'NONE',  ( -37.16528654773463813, 8.162192270681702055, 9.365558889668440301 ) ) ;
#4929 = CARTESIAN_POINT ( 'NONE',  ( 22.22990341678477577, -1.755435710756612089, 19.22858238220214133 ) ) ;
#4930 = DIRECTION ( 'NONE',  ( -0.000000000000000000, -1.000000000000000000, -0.000000000000000000 ) ) ;
#4931 = CARTESIAN_POINT ( 'NONE',  ( 118.3039198883414826, 6.142870015182014143, -3.806238861718313160 ) ) ;
#4932 = CARTESIAN_POINT ( 'NONE',  ( 37.16183115590984443, 7.990927414837430298, -9.365989688994657669 ) ) ;
#4933 = CARTESIAN_POINT ( 'NONE',  ( -33.83979570148335370, 8.885027355441771135, 9.516063672421589459 ) ) ;
#4934 = CARTESIAN_POINT ( 'NONE',  ( -16.50443083064442718, 2.709601400870964572, -11.69002531994315675 ) ) ;
#4935 = ORIENTED_EDGE ( 'NONE', *, *, #2186, .T. ) ;
#4936 = CARTESIAN_POINT ( 'NONE',  ( -7.397611141204833096, 4.520795853315318524, 8.566063880920410156 ) ) ;
#4937 = CARTESIAN_POINT ( 'NONE',  ( -5.990949916455797108, 3.866286657587407305, -0.4592340831509857391 ) ) ;
#4938 = CARTESIAN_POINT ( 'NONE',  ( -6.522351689761229032, 3.884372286216895453, -7.244114921274261043 ) ) ;
#4939 = CARTESIAN_POINT ( 'NONE',  ( 19.80066254443125828, 8.057791890777709298, -7.904446414345843053 ) ) ;
#4940 = CARTESIAN_POINT ( 'NONE',  ( 5.841645057282256914, 8.701164140447286144, -2.279852546122467238 ) ) ;
#4941 = CARTESIAN_POINT ( 'NONE',  ( -100.5379257202148438, 6.591884703813614799, 5.580067634582524860 ) ) ;
#4942 = CARTESIAN_POINT ( 'NONE',  ( 6.056851773411965567, 8.050260180283528300, 1.723417125123972937 ) ) ;
#4943 = VERTEX_POINT ( 'NONE', #2735 ) ;
#4944 = CARTESIAN_POINT ( 'NONE',  ( 101.4672611542334124, 6.308158720461272573, -5.375018732176882530 ) ) ;
#4945 = CARTESIAN_POINT ( 'NONE',  ( -2.837802825539002871, 6.079001193774863587, 5.294851569014826786 ) ) ;
#4946 = CARTESIAN_POINT ( 'NONE',  ( -108.8553505949562350, 2.905938837225784166, -10.38681243688948719 ) ) ;
#4947 = CARTESIAN_POINT ( 'NONE',  ( 78.42019571983649939, 3.565754502107671531, 9.973102836991786901 ) ) ;
#4948 = EDGE_CURVE ( 'NONE', #5477, #661, #590, .T. ) ;
#4949 = CARTESIAN_POINT ( 'NONE',  ( 3.089476424743776928, 5.847222104472987958, 5.148242786881780830 ) ) ;
#4950 = ORIENTED_EDGE ( 'NONE', *, *, #1543, .T. ) ;
#4951 = CARTESIAN_POINT ( 'NONE',  ( 119.6440693126127286, 5.129639902079834002, 0.6905373559542400397 ) ) ;
#4952 = CARTESIAN_POINT ( 'NONE',  ( 9.446982935672462389, 4.291882378141234966, 8.332717455494019987 ) ) ;
#4953 = CARTESIAN_POINT ( 'NONE',  ( 29.48179545064191487, 9.662848129781425044, -4.336144924163822800 ) ) ;
#4954 = CARTESIAN_POINT ( 'NONE',  ( -34.11700789326261685, -2.424865620069997618, -18.18249210639041280 ) ) ;
#4955 = CARTESIAN_POINT ( 'NONE',  ( -8.468355305821782864, 6.557541374371578691, 6.108862866513251610 ) ) ;
#4956 = CARTESIAN_POINT ( 'NONE',  ( -1.949793093754142781, 5.365083993859343536, -6.159285167103706549 ) ) ;
#4957 = CARTESIAN_POINT ( 'NONE',  ( 38.23161073665116305, -3.594651757091670508, 19.74871001752639543 ) ) ;
#4958 = CARTESIAN_POINT ( 'NONE',  ( 36.16457868567066214, -2.490785216632870558, 18.07618863528750808 ) ) ;
#4959 =( BOUNDED_SURFACE ( )  B_SPLINE_SURFACE ( 3, 2, ( 
 ( #2937, #6582, #3901 ),
 ( #202, #1303, #5029 ),
 ( #4484, #2314, #6545 ),
 ( #5994, #4037, #6027 ),
 ( #4450, #6649, #4412 ),
 ( #788, #234, #6614 ),
 ( #6135, #314, #3420 ),
 ( #1374, #2972, #1933 ),
 ( #1821, #893, #6507 ),
 ( #3493, #5619, #1858 ),
 ( #5510, #1338, #1410 ),
 ( #5064, #3458, #829 ),
 ( #5550, #4517, #2348 ),
 ( #5585, #2418, #2898 ),
 ( #1785, #2450, #1271 ),
 ( #1896, #276, #4993 ),
 ( #4004, #6103, #4550 ),
 ( #4954, #2384, #3526 ),
 ( #3383, #3968, #347 ),
 ( #5478, #4923, #753 ),
 ( #2864, #4580, #5714 ),
 ( #2028, #2618, #1506 ),
 ( #3619, #4679, #3653 ),
 ( #6266, #5196, #5784 ),
 ( #5161, #2061, #6230 ),
 ( #988, #5682, #1966 ),
 ( #5745, #509, #1996 ),
 ( #3559, #4167, #928 ),
 ( #1476, #1026, #5131 ),
 ( #472, #2581, #4716 ),
 ( #6778, #5652, #3002 ),
 ( #3035, #958, #4200 ),
 ( #4134, #6812, #3095 ),
 ( #3063, #2100, #2487 ),
 ( #4100, #2515, #3590 ),
 ( #3133, #1539, #6299 ),
 ( #6681, #5234, #6197 ),
 ( #1575, #3692, #408 ),
 ( #5097, #4068, #4612 ),
 ( #382, #6166, #1442 ),
 ( #6710, #436, #2543 ),
 ( #4644, #6742, #6369 ),
 ( #2691, #2136, #3203 ),
 ( #5303, #6464, #1743 ),
 ( #1711, #577, #4783 ),
 ( #5367, #5397, #4373 ),
 ( #3723, #3853, #2654 ),
 ( #3752, #30, #6399 ),
 ( #2751, #5853, #125 ),
 ( #1061, #608, #4237 ),
 ( #4749, #5270, #3168 ),
 ( #66, #2785, #542 ),
 ( #1127, #2171, #4844 ),
 ( #2268, #5887, #4271 ),
 ( #4339, #3819, #4881 ),
 ( #1641, #3238, #5337 ),
 ( #6336, #3301, #1607 ),
 ( #5818, #159, #1095 ),
 ( #5918, #2202, #3785 ),
 ( #1677, #639, #2722 ),
 ( #6435, #3270, #4812 ),
 ( #96, #4302, #1161 ),
 ( #2234, #1192, #671 ),
 ( #2443, #6054, #3995 ),
 ( #1228, #4474, #1368 ),
 ( #857, #3960, #6094 ),
 ( #2887, #5435, #2301 ),
 ( #1263, #3340, #708 ),
 ( #4511, #4438, #5948 ),
 ( #2820, #1849, #2338 ),
 ( #6607, #2964, #1776 ),
 ( #821, #1888, #4405 ),
 ( #1328, #1924, #4914 ),
 ( #5019, #2376, #5539 ),
 ( #1812, #192, #1294 ),
 ( #3486, #4946, #778 ),
 ( #304, #3890, #2928 ),
 ( #3447, #6019, #2412 ),
 ( #5577, #5501, #6497 ),
 ( #5058, #340, #4541 ),
 ( #5985, #6640, #4983 ),
 ( #3374, #3924, #5469 ),
 ( #268, #744, #2854 ),
 ( #224, #6537, #3411 ),
 ( #6574, #5739, #3520 ),
 ( #6704, #6160, #5708 ),
 ( #5229, #2022, #3028 ),
 ( #464, #6773, #1019 ),
 ( #5645, #6807, #5612 ),
 ( #2576, #4711, #950 ),
 ( #921, #5155, #3128 ),
 ( #2056, #431, #6736 ),
 ( #4638, #3613, #1435 ),
 ( #4674, #6225, #3552 ),
 ( #4605, #5188, #6674 ),
 ( #4129, #4162, #5124 ),
 ( #1990, #503, #1501 ),
 ( #3648, #982, #4062 ),
 ( #2612, #887, #1403 ),
 ( #402, #4093, #2997 ) ),
 .UNSPECIFIED., .F., .F., .F. ) 
 B_SPLINE_SURFACE_WITH_KNOTS ( ( 4, 2, 2, 2, 2, 2, 2, 2, 2, 2, 2, 2, 2, 2, 2, 2, 2, 2, 2, 2, 2, 2, 2, 2, 2, 2, 2, 2, 2, 2, 2, 2, 2, 2, 2, 2, 2, 2, 2, 2, 2, 2, 2, 2, 2, 2, 2, 2, 2, 4 ),
 ( 3, 3 ),
 ( 0.03875688872177002198, 0.04186767322797070590, 0.04264536935452087341, 0.04342306548107104786, 0.04497845773417138981, 0.04653384998727173177, 0.04808924224037207373, 0.04964463449347241569, 0.05120002674657275765, 0.05275541899967309961, 0.05431081125277344157, 0.05742159575897412549, 0.06053238026517480941, 0.06364316477137549333, 0.06519855702447582835, 0.06675394927757617725, 0.06986473378377686116, 0.07297551828997754508, 0.07608630279617822900, 0.08230787180857959684, 0.08386326406167993186, 0.08541865631478026688, 0.08852944082098095080, 0.09164022532718163472, 0.09475100983338230476, 0.09786179433958298868, 0.1009725788457836726, 0.1040833633519843565, 0.1071941478581850404, 0.1103049323643857244, 0.1134157168705864083, 0.1165265013767870922, 0.1180818936298874411, 0.1196372858829877761, 0.1211926781360881111, 0.1219703742626382925, 0.1227480703891884600, 0.1258588548953891439, 0.1274142471484894790, 0.1289696394015898417, 0.1305250316546901768, 0.1313027277812403582, 0.1320804239077905118, 0.1328581200343406654, 0.1336358161608908468, 0.1344135122874410282, 0.1348023603507161050, 0.1349967843823536295, 0.1351912084139911818, 0.1383019929201918796 ),
 ( 0.000000000000000000, 1.000000000000000000 ),
 .UNSPECIFIED. ) 
 GEOMETRIC_REPRESENTATION_ITEM ( )  RATIONAL_B_SPLINE_SURFACE ( (
 ( 1.000000000000000000, 0.1540276276898954744, 1.000000000000000000),
 ( 1.000000000000000000, 0.1433190553046446991, 1.000000000000000000),
 ( 1.000000000000000000, 0.1348629054613291467, 1.000000000000000000),
 ( 1.000000000000000000, 0.1281547023915471928, 1.000000000000000000),
 ( 1.000000000000000000, 0.1270075044592541003, 1.000000000000000000),
 ( 1.000000000000000000, 0.1251350346755926435, 1.000000000000000000),
 ( 1.000000000000000000, 0.1244354158343250055, 1.000000000000000000),
 ( 1.000000000000000000, 0.1224846485352135694, 1.000000000000000000),
 ( 1.000000000000000000, 0.1215148138367632691, 1.000000000000000000),
 ( 1.000000000000000000, 0.1199452675914117472, 1.000000000000000000),
 ( 1.000000000000000000, 0.1193461964833314182, 1.000000000000000000),
 ( 1.000000000000000000, 0.1182725611910414032, 1.000000000000000000),
 ( 1.000000000000000000, 0.1177968521698091464, 1.000000000000000000),
 ( 1.000000000000000000, 0.1167870577499438012, 1.000000000000000000),
 ( 1.000000000000000000, 0.1162371585056447415, 1.000000000000000000),
 ( 1.000000000000000000, 0.1151081664890518524, 1.000000000000000000),
 ( 1.000000000000000000, 0.1145118545547253314, 1.000000000000000000),
 ( 1.000000000000000000, 0.1132048325137232775, 1.000000000000000000),
 ( 1.000000000000000000, 0.1124912125089775061, 1.000000000000000000),
 ( 1.000000000000000000, 0.1109988305855596491, 1.000000000000000000),
 ( 1.000000000000000000, 0.1102206120058559363, 1.000000000000000000),
 ( 1.000000000000000000, 0.1078055720480942531, 1.000000000000000000),
 ( 1.000000000000000000, 0.1061765381881598358, 1.000000000000000000),
 ( 1.000000000000000000, 0.1027988108613865081, 1.000000000000000000),
 ( 1.000000000000000000, 0.1010406447724097323, 1.000000000000000000),
 ( 1.000000000000000000, 0.09779805666485294480, 1.000000000000000000),
 ( 1.000000000000000000, 0.09633188839169909423, 1.000000000000000000),
 ( 1.000000000000000000, 0.09478249927646283102, 1.000000000000000000),
 ( 1.000000000000000000, 0.09436574928385123295, 1.000000000000000000),
 ( 1.000000000000000000, 0.09394533942990768161, 1.000000000000000000),
 ( 1.000000000000000000, 0.09389206590069151814, 1.000000000000000000),
 ( 1.000000000000000000, 0.09416866153516623150, 1.000000000000000000),
 ( 1.000000000000000000, 0.09494186287298633786, 1.000000000000000000),
 ( 1.000000000000000000, 0.09730356854304955672, 1.000000000000000000),
 ( 1.000000000000000000, 0.09888898156348426005, 1.000000000000000000),
 ( 1.000000000000000000, 0.1023293995504341719, 1.000000000000000000),
 ( 1.000000000000000000, 0.1041816653120343772, 1.000000000000000000),
 ( 1.000000000000000000, 0.1091951374672264219, 1.000000000000000000),
 ( 1.000000000000000000, 0.1120125523651732541, 1.000000000000000000),
 ( 1.000000000000000000, 0.1105584114915056232, 1.000000000000000000),
 ( 1.000000000000000000, 0.1100077354862510626, 1.000000000000000000),
 ( 1.000000000000000000, 0.1082221001307147878, 1.000000000000000000),
 ( 1.000000000000000000, 0.1069907023213339942, 1.000000000000000000),
 ( 1.000000000000000000, 0.1031612002801596678, 1.000000000000000000),
 ( 1.000000000000000000, 0.1001343842803779777, 1.000000000000000000),
 ( 1.000000000000000000, 0.09395792399187459509, 1.000000000000000000),
 ( 1.000000000000000000, 0.09082256657197258776, 1.000000000000000000),
 ( 1.000000000000000000, 0.08562227084810938860, 1.000000000000000000),
 ( 1.000000000000000000, 0.08359117420181508273, 1.000000000000000000),
 ( 1.000000000000000000, 0.08140892363889523642, 1.000000000000000000),
 ( 1.000000000000000000, 0.08128659503013239973, 1.000000000000000000),
 ( 1.000000000000000000, 0.08242583560960443922, 1.000000000000000000),
 ( 1.000000000000000000, 0.08361086002060982847, 1.000000000000000000),
 ( 1.000000000000000000, 0.08569343904581389060, 1.000000000000000000),
 ( 1.000000000000000000, 0.08658348286386566284, 1.000000000000000000),
 ( 1.000000000000000000, 0.08673249081423636819, 1.000000000000000000),
 ( 1.000000000000000000, 0.08596554249975174589, 1.000000000000000000),
 ( 1.000000000000000000, 0.08296656101224755830, 1.000000000000000000),
 ( 1.000000000000000000, 0.08094336275047513130, 1.000000000000000000),
 ( 1.000000000000000000, 0.07640194454612848907, 1.000000000000000000),
 ( 1.000000000000000000, 0.07389441802536737824, 1.000000000000000000),
 ( 1.000000000000000000, 0.06909301551921663564, 1.000000000000000000),
 ( 1.000000000000000000, 0.06682078667308996578, 1.000000000000000000),
 ( 1.000000000000000000, 0.06384066993038479965, 1.000000000000000000),
 ( 1.000000000000000000, 0.06291333569917975654, 1.000000000000000000),
 ( 1.000000000000000000, 0.06114950265568581261, 1.000000000000000000),
 ( 1.000000000000000000, 0.06031325255957140780, 1.000000000000000000),
 ( 1.000000000000000000, 0.05861446612168632470, 1.000000000000000000),
 ( 1.000000000000000000, 0.05775575790386311414, 1.000000000000000000),
 ( 1.000000000000000000, 0.05634725760637959019, 1.000000000000000000),
 ( 1.000000000000000000, 0.05585724495522234601, 1.000000000000000000),
 ( 1.000000000000000000, 0.05481335131863557947, 1.000000000000000000),
 ( 1.000000000000000000, 0.05424863530452375682, 1.000000000000000000),
 ( 1.000000000000000000, 0.05138267091952387899, 1.000000000000000000),
 ( 1.000000000000000000, 0.04893095973854649089, 1.000000000000000000),
 ( 1.000000000000000000, 0.04496175827081734522, 1.000000000000000000),
 ( 1.000000000000000000, 0.04358943647283186618, 1.000000000000000000),
 ( 1.000000000000000000, 0.04074287448974014958, 1.000000000000000000),
 ( 1.000000000000000000, 0.03928097024904250723, 1.000000000000000000),
 ( 1.000000000000000000, 0.03624947140458198436, 1.000000000000000000),
 ( 1.000000000000000000, 0.03466249173607725137, 1.000000000000000000),
 ( 1.000000000000000000, 0.03223990339695533697, 1.000000000000000000),
 ( 1.000000000000000000, 0.03142709820384719660, 1.000000000000000000),
 ( 1.000000000000000000, 0.02983688182625219079, 1.000000000000000000),
 ( 1.000000000000000000, 0.02905912270822743476, 1.000000000000000000),
 ( 1.000000000000000000, 0.02762279060593728075, 1.000000000000000000),
 ( 1.000000000000000000, 0.02696448571541550099, 1.000000000000000000),
 ( 1.000000000000000000, 0.02589351245154755676, 1.000000000000000000),
 ( 1.000000000000000000, 0.02548261823813889604, 1.000000000000000000),
 ( 1.000000000000000000, 0.02504793635036745708, 1.000000000000000000),
 ( 1.000000000000000000, 0.02502269579509646888, 1.000000000000000000),
 ( 1.000000000000000000, 0.02535564919007695858, 1.000000000000000000),
 ( 1.000000000000000000, 0.02552776055910389516, 1.000000000000000000),
 ( 1.000000000000000000, 0.02587501649165067225, 1.000000000000000000),
 ( 1.000000000000000000, 0.02600401404665943564, 1.000000000000000000),
 ( 1.000000000000000000, 0.02625729570236626925, 1.000000000000000000),
 ( 1.000000000000000000, 0.02638576080648454003, 1.000000000000000000),
 ( 1.000000000000000000, 0.02860009195930890424, 1.000000000000000000),
 ( 1.000000000000000000, 0.03113925578822262716, 1.000000000000000000),
 ( 1.000000000000000000, 0.03405470804333837059, 1.000000000000000000) ) ) 
 REPRESENTATION_ITEM ( '' )  SURFACE ( )  );
#4960 = CARTESIAN_POINT ( 'NONE',  ( -88.79985878084086437, 6.789923604073077712, 5.732299337880291112 ) ) ;
#4961 = CARTESIAN_POINT ( 'NONE',  ( 13.69231804813519027, 3.569288005473144398, 5.095381259918209338 ) ) ;
#4962 = CARTESIAN_POINT ( 'NONE',  ( -3.083791204880946157, 5.981461790379667853, -5.598665990124963798 ) ) ;
#4963 = CARTESIAN_POINT ( 'NONE',  ( 2.816255548271291875, 6.648873921083041871, -6.199117261013322278 ) ) ;
#4964 = CARTESIAN_POINT ( 'NONE',  ( 15.22192580917665872, 7.108844260534838533, -7.170889507565179954 ) ) ;
#4965 = CARTESIAN_POINT ( 'NONE',  ( -33.84153707076523432, 8.809391856542760024, 9.607434645550197772 ) ) ;
#4966 = CARTESIAN_POINT ( 'NONE',  ( -117.4952717842741379, 6.250558818595597366, 4.333269627012222180 ) ) ;
#4967 = ORIENTED_EDGE ( 'NONE', *, *, #1628, .T. ) ;
#4968 = CARTESIAN_POINT ( 'NONE',  ( -127.7715148925781250, 6.064779312788100007, 3.576096057891852809 ) ) ;
#4969 = CARTESIAN_POINT ( 'NONE',  ( -4.535583840431943514, 3.584617331711474453, -3.940909944066407711 ) ) ;
#4970 = AXIS2_PLACEMENT_3D ( 'NONE', #2968, #2343, #5025 ) ;
#4971 = CARTESIAN_POINT ( 'NONE',  ( -18.84331834578362930, 1.775768716924335022, -13.10014149708987752 ) ) ;
#4972 = CARTESIAN_POINT ( 'NONE',  ( 9.138006740988753762, 7.500052872619510147, -6.225355337734548300 ) ) ;
#4973 = CARTESIAN_POINT ( 'NONE',  ( 6.014164195195891516, 8.476862602981583450, 0.1221660512302081836 ) ) ;
#4974 = CARTESIAN_POINT ( 'NONE',  ( -55.33754730224609375, 6.309666485963837168, -0.1084410250186890606 ) ) ;
#4975 = AXIS2_PLACEMENT_3D ( 'NONE', #1386, #3393, #4421 ) ;
#4976 = CARTESIAN_POINT ( 'NONE',  ( -9.714451465470119729E-14, -0.5000000000000177636, 0.000000000000000000 ) ) ;
#4977 = EDGE_CURVE ( 'NONE', #1845, #1527, #2658, .T. ) ;
#4978 = ORIENTED_EDGE ( 'NONE', *, *, #4865, .T. ) ;
#4979 = ORIENTED_EDGE ( 'NONE', *, *, #1253, .T. ) ;
#4980 = VECTOR ( 'NONE', #2787, 1000.000000000000000 ) ;
#4981 = CARTESIAN_POINT ( 'NONE',  ( 46.52367150510157501, 8.037287580468497339, -8.727974185656668382 ) ) ;
#4982 = CARTESIAN_POINT ( 'NONE',  ( -2.334286655564912216, 4.077842146458159789, -5.563037718995412106 ) ) ;
#4983 = CARTESIAN_POINT ( 'NONE',  ( -111.5922291733412095, 5.318988711613217291, -4.799829958824560094 ) ) ;
#4984 = DIRECTION ( 'NONE',  ( 0.000000000000000000, 1.000000000000000000, 0.000000000000000000 ) ) ;
#4985 = AXIS2_PLACEMENT_3D ( 'NONE', #342, #2445, #6222 ) ;
#4986 = FACE_OUTER_BOUND ( 'NONE', #4157, .T. ) ;
#4987 = ORIENTED_EDGE ( 'NONE', *, *, #1312, .F. ) ;
#4988 = CARTESIAN_POINT ( 'NONE',  ( 119.6320900682746782, 5.037432925706016640, 1.295791278766623034 ) ) ;
#4989 = CARTESIAN_POINT ( 'NONE',  ( 15.73293910756159875, 3.013535647024156106, 11.25019777504717844 ) ) ;
#4990 = AXIS2_PLACEMENT_3D ( 'NONE', #3987, #2014, #5178 ) ;
#4991 = CARTESIAN_POINT ( 'NONE',  ( -3.153755990840056089, 6.020984573235752535, -5.557706756584082086 ) ) ;
#4992 = VERTEX_POINT ( 'NONE', #4761 ) ;
#4993 = CARTESIAN_POINT ( 'NONE',  ( -32.54795283598446076, -1.991196550577302604, -18.44153149404303704 ) ) ;
#4994 = CARTESIAN_POINT ( 'NONE',  ( -15.20513818282926621, 7.329901767053748074, 7.169222369475791723 ) ) ;
#4995 = CARTESIAN_POINT ( 'NONE',  ( -6.940976177843864114, 6.614778225914982102, 6.101489943885504807 ) ) ;
#4996 = CARTESIAN_POINT ( 'NONE',  ( 59.83902974340320924, 1.659683711849421206, 12.85248626793962679 ) ) ;
#4997 = CARTESIAN_POINT ( 'NONE',  ( 32.49491965917568592, -2.534561124287971978, 18.13572614107251013 ) ) ;
#4998 = CARTESIAN_POINT ( 'NONE',  ( 5.367626568236160800, 3.285191405275248222, 3.201496626053727645 ) ) ;
#4999 = CARTESIAN_POINT ( 'NONE',  ( 9.441846405721658897, -4.079157048057404644, 22.98249626159667613 ) ) ;
#5000 = CARTESIAN_POINT ( 'NONE',  ( -1.685101901805013513, 4.431114752323275674, -6.681295894286598092 ) ) ;
#5001 = EDGE_CURVE ( 'NONE', #1649, #1432, #5200, .T. ) ;
#5002 = CARTESIAN_POINT ( 'NONE',  ( 113.8581336032157054, 4.443549503027485414, 4.117875598201903742 ) ) ;
#5003 = CARTESIAN_POINT ( 'NONE',  ( 119.6910559422821052, 5.679293205876216000, -0.3069508323199925393 ) ) ;
#5004 = CARTESIAN_POINT ( 'NONE',  ( 65.60508759680860180, 7.039161250392332647, -7.189523998521573311 ) ) ;
#5005 = CARTESIAN_POINT ( 'NONE',  ( -63.39740139062567437, 7.927933734566659396, 7.230858669387252746 ) ) ;
#5006 = CARTESIAN_POINT ( 'NONE',  ( -1.923743750261293517, 4.127323681570394420, -6.576783346763551030 ) ) ;
#5007 = VERTEX_POINT ( 'NONE', #5213 ) ;
#5008 = CARTESIAN_POINT ( 'NONE',  ( -77.50476837158203125, 6.048255474744834714, 8.191634178161624646 ) ) ;
#5009 = CARTESIAN_POINT ( 'NONE',  ( -2.078973872903411291, 5.776938743351847982, 5.629832473951689842 ) ) ;
#5010 = CARTESIAN_POINT ( 'NONE',  ( -11.64348447797064878, 3.585972231434529256, -9.186858036490828994 ) ) ;
#5011 = CARTESIAN_POINT ( 'NONE',  ( 24.46843175612372789, 8.299109095496699950, -8.724414477323268358 ) ) ;
#5012 = CARTESIAN_POINT ( 'NONE',  ( -77.40629537290574547, 3.848712893642886268, -10.16526947599373720 ) ) ;
#5013 = CARTESIAN_POINT ( 'NONE',  ( 3.372163429256533451, 7.500556586434149686, -5.446406605437368320 ) ) ;
#5014 = CARTESIAN_POINT ( 'NONE',  ( -34.93356704711914063, 10.18484214085196626, 13.53500938415527521 ) ) ;
#5015 = DIRECTION ( 'NONE',  ( 0.000000000000000000, 0.000000000000000000, -1.000000000000000000 ) ) ;
#5016 = ORIENTED_EDGE ( 'NONE', *, *, #3259, .F. ) ;
#5017 = CARTESIAN_POINT ( 'NONE',  ( 101.4750530794703423, 6.436897350031345333, -5.375629053980886418 ) ) ;
#5018 = CARTESIAN_POINT ( 'NONE',  ( -9.714451465470119729E-14, -42.18829223128360439, -5.500000000000000000 ) ) ;
#5019 = CARTESIAN_POINT ( 'NONE',  ( -105.3673073627351897, 4.659629611627071455, -5.638603767296287650 ) ) ;
#5020 = PLANE ( 'NONE',  #6738 ) ;
#5021 = B_SPLINE_CURVE_WITH_KNOTS ( 'NONE', 3,
 ( #6696, #1981, #6180, #2918, #2499, #5599 ),
 .UNSPECIFIED., .F., .F.,
 ( 4, 2, 4 ),
 ( 2.491306920542243817E-18, 0.0002165082964679658126, 0.0004330165929359291316 ),
 .UNSPECIFIED. ) ;
#5022 = AXIS2_PLACEMENT_3D ( 'NONE', #3973, #3463, #5556 ) ;
#5023 = CARTESIAN_POINT ( 'NONE',  ( -119.6471610860281913, 5.714774930202801251, -1.668295178956649805 ) ) ;
#5024 = CARTESIAN_POINT ( 'NONE',  ( 1.932313477523418532, 3.974312250381481171, 6.172569723303465317 ) ) ;
#5025 = DIRECTION ( 'NONE',  ( 0.000000000000000000, 0.000000000000000000, -1.000000000000000000 ) ) ;
#5026 = ORIENTED_EDGE ( 'NONE', *, *, #5301, .F. ) ;
#5027 = CARTESIAN_POINT ( 'NONE',  ( -3.675224509521008986, 6.322822777527239424, -5.209462096225253802 ) ) ;
#5028 = ORIENTED_EDGE ( 'NONE', *, *, #74, .T. ) ;
#5029 = CARTESIAN_POINT ( 'NONE',  ( -22.91435062881070550, 0.5389020020953212420, -15.32360040019337433 ) ) ;
#5030 = CARTESIAN_POINT ( 'NONE',  ( -25.61193326788922064, 8.168363275445349458, 8.982810585910490531 ) ) ;
#5031 = CARTESIAN_POINT ( 'NONE',  ( -9.299543042902154610, 6.855432017567935077, 6.317036337591461326 ) ) ;
#5032 = APPROVAL_PERSON_ORGANIZATION ( #5639, #2595, #1596 ) ;
#5033 = CARTESIAN_POINT ( 'NONE',  ( 72.24845694650036876, 2.634724593813604354, 10.92118180714287590 ) ) ;
#5034 = CARTESIAN_POINT ( 'NONE',  ( 116.7897577356104506, 5.746511979756757427, -4.343771664039974389 ) ) ;
#5035 = CARTESIAN_POINT ( 'NONE',  ( 18.83515329023885698, 1.777769092173645094, 13.10949823704326711 ) ) ;
#5036 = ADVANCED_FACE ( 'NONE', ( #4284 ), #2242, .F. ) ;
#5037 = CARTESIAN_POINT ( 'NONE',  ( 55.33321706669725870, 6.054293016640468039, 0.1084410250186826907 ) ) ;
#5038 = CARTESIAN_POINT ( 'NONE',  ( 2.285037385040735280, 6.879902865271675161, -5.628479988899227848 ) ) ;
#5039 = CARTESIAN_POINT ( 'NONE',  ( 119.6436734523762624, 5.470624511590740369, 0.7260922269944837248 ) ) ;
#5040 = CARTESIAN_POINT ( 'NONE',  ( 2.533734237581350968, 6.624872869650404894, -6.191818223223072515 ) ) ;
#5041 = CARTESIAN_POINT ( 'NONE',  ( 50.83860054446360976, 7.426793166939559043, -8.148585581852545445 ) ) ;
#5042 = CARTESIAN_POINT ( 'NONE',  ( -11.95070836206778075, 7.478231708392944377, 6.667766348293890921 ) ) ;
#5043 = CARTESIAN_POINT ( 'NONE',  ( -119.1045269069468304, 5.919360418259612011, 2.539425263076354522 ) ) ;
#5044 = ADVANCED_FACE ( 'NONE', ( #5350 ), #1665, .T. ) ;
#5045 = EDGE_CURVE ( 'NONE', #3525, #3406, #377, .T. ) ;
#5046 = ORIENTED_EDGE ( 'NONE', *, *, #4074, .F. ) ;
#5047 = CARTESIAN_POINT ( 'NONE',  ( -127.6803207397460795, 4.847748787580582253, -5.754672050476067113 ) ) ;
#5048 = DIRECTION ( 'NONE',  ( 0.07774544950028841606, -0.0003587981160478599229, -0.9969731773452634727 ) ) ;
#5049 = DIRECTION ( 'NONE',  ( 0.000000000000000000, 0.000000000000000000, -1.000000000000000000 ) ) ;
#5050 = FACE_OUTER_BOUND ( 'NONE', #6404, .T. ) ;
#5051 = CARTESIAN_POINT ( 'NONE',  ( 20.34527245793515249, 1.144609531633308253, 14.02716956216762512 ) ) ;
#5052 = CARTESIAN_POINT ( 'NONE',  ( -21.90482472585573248, 0.6624148257654959293, -14.92660783863925289 ) ) ;
#5053 = CARTESIAN_POINT ( 'NONE',  ( -116.8100212925355379, 6.504763850190219188, 4.462925595621570984 ) ) ;
#5054 = DIRECTION ( 'NONE',  ( 0.000000000000000000, -0.1945420275937699561, -0.9808941836404704295 ) ) ;
#5055 = ORIENTED_EDGE ( 'NONE', *, *, #656, .T. ) ;
#5056 = CARTESIAN_POINT ( 'NONE',  ( 78.20335231433719514, 7.167813170283497293, -6.432098006590224237 ) ) ;
#5057 = CARTESIAN_POINT ( 'NONE',  ( -4.951282205053188612, 3.555074387656125268, -3.392659817111761011 ) ) ;
#5058 = CARTESIAN_POINT ( 'NONE',  ( -111.0605742944815404, 4.833834748781367985, -4.713260082555270181 ) ) ;
#5059 = CARTESIAN_POINT ( 'NONE',  ( 16.64265886608737688, 2.166584987971662546, 11.42361013827592409 ) ) ;
#5060 = CARTESIAN_POINT ( 'NONE',  ( -9.714451465470119729E-14, 13.00000000000006040, 0.000000000000000000 ) ) ;
#5061 = DIRECTION ( 'NONE',  ( 0.000000000000000000, 0.000000000000000000, -1.000000000000000000 ) ) ;
#5062 = CARTESIAN_POINT ( 'NONE',  ( -5.251394764230129297, 7.654647752410840056, -2.920666594438765085 ) ) ;
#5063 = ORIENTED_EDGE ( 'NONE', *, *, #3823, .F. ) ;
#5064 = CARTESIAN_POINT ( 'NONE',  ( -29.49451833117882060, -1.885636698087416629, -17.57280313644415770 ) ) ;
#5065 = CARTESIAN_POINT ( 'NONE',  ( -10.53147101880576386, 6.835968563320289348, 6.471562015570662574 ) ) ;
#5066 = CARTESIAN_POINT ( 'NONE',  ( -13.21396889557772703, 7.180535059755792204, 6.853058696024476149 ) ) ;
#5067 = CARTESIAN_POINT ( 'NONE',  ( 62.28682466243567006, 0.8120735188454303310, 14.49779715169016647 ) ) ;
#5068 = CARTESIAN_POINT ( 'NONE',  ( 7.418451600698758419, 6.416423071525290567, -6.017555641828402635 ) ) ;
#5069 = CARTESIAN_POINT ( 'NONE',  ( 12.11234827670328507, 3.851379919426602960, 9.396797888256342546 ) ) ;
#5070 = CARTESIAN_POINT ( 'NONE',  ( 120.6894619179540200, 6.565952928730240501, -12.09805393218995917 ) ) ;
#5071 = CARTESIAN_POINT ( 'NONE',  ( -1.955864424136558588, 3.926165692675636087, -6.014264994549617604 ) ) ;
#5072 = CARTESIAN_POINT ( 'NONE',  ( 115.3567530611799867, 5.029343788487635969, 3.811927307606710613 ) ) ;
#5073 = FACE_OUTER_BOUND ( 'NONE', #359, .T. ) ;
#5074 = CARTESIAN_POINT ( 'NONE',  ( 97.25179381148238633, 6.161305916577907382, -5.531026005008825130 ) ) ;
#5075 = CARTESIAN_POINT ( 'NONE',  ( -10.38544910228399765, 7.518685956169505857, 6.457089456002078620 ) ) ;
#5076 = VERTEX_POINT ( 'NONE', #2105 ) ;
#5077 = CARTESIAN_POINT ( 'NONE',  ( -78.32843780517579546, -11.46793410045047423, -20.04909324645995738 ) ) ;
#5078 = CARTESIAN_POINT ( 'NONE',  ( -4.074968769690183734, 4.970669752120214113, 4.418015319089009907 ) ) ;
#5079 = CARTESIAN_POINT ( 'NONE',  ( -8.131669155078919076, 4.021366089811269973, -7.891403497273514311 ) ) ;
#5080 = CARTESIAN_POINT ( 'NONE',  ( -9.714451465470119729E-14, 12.99999999999993605, 0.000000000000000000 ) ) ;
#5081 = ADVANCED_FACE ( 'NONE', ( #1545 ), #5147, .T. ) ;
#5082 = CARTESIAN_POINT ( 'NONE',  ( 1.680134827547574261, 4.372325424387626391, 6.729563127874977013 ) ) ;
#5083 = CARTESIAN_POINT ( 'NONE',  ( 119.4601186934918360, 5.971848491919065971, -0.5199287220467742054 ) ) ;
#5084 = CALENDAR_DATE ( 2022, 12, 7 ) ;
#5085 = ORIENTED_EDGE ( 'NONE', *, *, #3370, .T. ) ;
#5086 = CARTESIAN_POINT ( 'NONE',  ( 46.52231270070554814, 7.915322803036488608, -8.727246297370962580 ) ) ;
#5087 = CARTESIAN_POINT ( 'NONE',  ( -4.630690959238847881, 5.059044558379788725, 3.826136130790021461 ) ) ;
#5088 = CLOSED_SHELL ( 'NONE', ( #6725, #1125, #444, #4575, #3888, #4245, #6599, #4826, #3616, #2858, #4793, #573, #3104, #6254, #1377, #5930, #5081, #1661, #955, #226, #1083, #5553, #6177, #910, #5909, #6766, #3952, #2187, #3705, #5293, #1970, #2697 ) ) ;
#5089 = ADVANCED_FACE ( 'NONE', ( #2034 ), #5105, .T. ) ;
#5090 = CARTESIAN_POINT ( 'NONE',  ( -4.024948466233366773, 6.771083143181026109, 6.235949540726196894 ) ) ;
#5091 = CARTESIAN_POINT ( 'NONE',  ( 11.06218753263781807, 4.258329169579525342, 8.831724247536454797 ) ) ;
#5092 = AXIS2_PLACEMENT_3D ( 'NONE', #5285, #3184, #4537 ) ;
#5093 = ORIENTED_EDGE ( 'NONE', *, *, #3322, .T. ) ;
#5094 = CARTESIAN_POINT ( 'NONE',  ( -9.136156750542330229, 7.542220617248597492, 6.225355337734534977 ) ) ;
#5095 = CARTESIAN_POINT ( 'NONE',  ( -2.230056040427633501, 5.396095973150727865, -5.578332674954336490 ) ) ;
#5096 = ORIENTED_EDGE ( 'NONE', *, *, #5001, .T. ) ;
#5097 = CARTESIAN_POINT ( 'NONE',  ( -61.93587491441379456, 2.112944709581074498, -12.56166609494917275 ) ) ;
#5098 = CARTESIAN_POINT ( 'NONE',  ( -24.60760007505093583, 7.865921246342879591, 8.687360733979089034 ) ) ;
#5099 = CARTESIAN_POINT ( 'NONE',  ( 105.6843500134289826, 5.874012199485304286, -5.026480571736583691 ) ) ;
#5100 = AXIS2_PLACEMENT_3D ( 'NONE', #427, #4600, #5152 ) ;
#5101 = CARTESIAN_POINT ( 'NONE',  ( 69.16040051225785135, 2.378715735276819565, 11.47689285469315124 ) ) ;
#5102 = DIRECTION ( 'NONE',  ( -0.08497636621444815130, 0.9963829671290995726, -3.469446951953614189E-15 ) ) ;
#5103 = B_SPLINE_CURVE_WITH_KNOTS ( 'NONE', 3,
 ( #4489, #2423, #281, #2906, #5515, #6619, #4044, #4998, #4585, #6687, #6587, #4072, #2000, #4106, #794, #6203, #1480, #2389, #1863, #6070, #1344, #834, #5202, #6373, #5166, #2585, #2142, #4276, #514, #4683, #477, #4720 ),
 .UNSPECIFIED., .F., .F.,
 ( 4, 2, 2, 2, 2, 2, 2, 2, 2, 2, 2, 2, 2, 2, 2, 4 ),
 ( 0.000000000000000000, 0.001960062772435084474, 0.003920125544870168947, 0.004410141237978938006, 0.004900156931087707932, 0.005880188317305247783, 0.006860219703522788502, 0.007840251089740329221, 0.008820282475957869073, 0.009800313862175410659, 0.01078034524839295051, 0.01176037663461049210, 0.01274040802082803368, 0.01372043940704557700, 0.01470047079326311859, 0.01568050217948066191 ),
 .UNSPECIFIED. ) ;
#5104 = CARTESIAN_POINT ( 'NONE',  ( 100.2953400083464430, 2.894442424084427756, 9.185523033142072080 ) ) ;
#5105 = TOROIDAL_SURFACE ( 'NONE', #43, -21.91068183522258295, 30.00000000000000000 ) ;
#5106 = DIRECTION ( 'NONE',  ( -0.9987910396352112086, 0.003156829567870480992, -0.04905602482359965044 ) ) ;
#5107 = CARTESIAN_POINT ( 'NONE',  ( 116.0690441029953348, 4.620684847318510258, 3.381377575730144081 ) ) ;
#5108 = EDGE_CURVE ( 'NONE', #4449, #4347, #6110, .T. ) ;
#5109 = CARTESIAN_POINT ( 'NONE',  ( -116.7901341968911879, 6.036802018591361119, 4.368713801186902224 ) ) ;
#5110 = CARTESIAN_POINT ( 'NONE',  ( -118.0452932315900085, 6.451553620684170376, 3.998461289271400432 ) ) ;
#5111 = CARTESIAN_POINT ( 'NONE',  ( -8.049076467253826195, 7.495988255935651878, 6.101471626283521132 ) ) ;
#5112 = ORIENTED_EDGE ( 'NONE', *, *, #4204, .F. ) ;
#5113 = CARTESIAN_POINT ( 'NONE',  ( 2.533734237581350968, 6.624872869650404894, -6.191818223223072515 ) ) ;
#5114 = CARTESIAN_POINT ( 'NONE',  ( -2.616617586533996676, 5.628592321086123285, 5.410068382668496767 ) ) ;
#5115 = CARTESIAN_POINT ( 'NONE',  ( 16.41212553026994314, 2.438714089684911990, 11.64960953485079465 ) ) ;
#5116 = CARTESIAN_POINT ( 'NONE',  ( 1.664606129937144408, 4.579187986472280869, 6.855577081616667456 ) ) ;
#5117 = LINE ( 'NONE', #398, #2890 ) ;
#5118 = CARTESIAN_POINT ( 'NONE',  ( -13.19044230245744309, 3.299253042523182078, -9.886472375444204985 ) ) ;
#5119 = CARTESIAN_POINT ( 'NONE',  ( 1.703138618170521479, 4.306072603314058611, 6.722947946190647173 ) ) ;
#5120 = ORIENTED_EDGE ( 'NONE', *, *, #2008, .T. ) ;
#5121 = CARTESIAN_POINT ( 'NONE',  ( -119.6540762422919215, 6.140355483158011829, 1.628926312999792403 ) ) ;
#5122 = EDGE_CURVE ( 'NONE', #1232, #597, #3312, .T. ) ;
#5123 = CARTESIAN_POINT ( 'NONE',  ( -15.20314985067197888, 7.656582780927323917, 7.171159518540084044 ) ) ;
#5124 = CARTESIAN_POINT ( 'NONE',  ( -116.4520387311686420, 5.669911221469244644, -3.382213308526725637 ) ) ;
#5125 = CARTESIAN_POINT ( 'NONE',  ( 119.3963126861512620, 4.925315962622294208, 1.911351683696030035 ) ) ;
#5126 = DIRECTION ( 'NONE',  ( 0.000000000000000000, 0.000000000000000000, 1.000000000000000000 ) ) ;
#5127 = EDGE_CURVE ( 'NONE', #1932, #5246, #4866, .T. ) ;
#5128 = CARTESIAN_POINT ( 'NONE',  ( -1.860181195489588601, 4.774312348706471809, -6.712082348330643100 ) ) ;
#5129 = CARTESIAN_POINT ( 'NONE',  ( -5.306259337576978652, 7.362586000507670647, -2.817325181845232951 ) ) ;
#5130 = ORIENTED_EDGE ( 'NONE', *, *, #2096, .F. ) ;
#5131 = CARTESIAN_POINT ( 'NONE',  ( -46.69533807368556921, 0.2918561430547803037, -15.88415390160881380 ) ) ;
#5132 = CARTESIAN_POINT ( 'NONE',  ( -38.22582104684087767, 8.353721195832061852, 9.444743187398826123 ) ) ;
#5133 = CARTESIAN_POINT ( 'NONE',  ( -1.941625514319553769, 5.226966311413793420, -6.302289671238832547 ) ) ;
#5134 = CARTESIAN_POINT ( 'NONE',  ( 87.77009565416308590, 3.973381598945654236, 8.662534216856919045 ) ) ;
#5135 = CARTESIAN_POINT ( 'NONE',  ( 16.54101862441324755, 2.613634912751293005, 11.72373213107963430 ) ) ;
#5136 = CARTESIAN_POINT ( 'NONE',  ( 34.83762845166751276, 7.504653541735350153, -7.426989078521733845 ) ) ;
#5137 = CIRCLE ( 'NONE', #4371, 6.499999999999999112 ) ;
#5138 = CARTESIAN_POINT ( 'NONE',  ( -119.4249686309801319, 6.682413901611986340, 1.481492713274892958 ) ) ;
#5139 = CARTESIAN_POINT ( 'NONE',  ( 30.67942411999089103, 8.629524799909122024, -9.527562372035477622 ) ) ;
#5140 = CARTESIAN_POINT ( 'NONE',  ( 5.820329138674903646, 4.099863788936367825, -1.434468808293271280 ) ) ;
#5141 = CARTESIAN_POINT ( 'NONE',  ( 78.24805895782075993, 6.679122995251113970, -6.325509986896670434 ) ) ;
#5142 = CARTESIAN_POINT ( 'NONE',  ( -19.73288485268344772, 8.146129414496993348, 7.892592947514227575 ) ) ;
#5143 = SECURITY_CLASSIFICATION ( '', '', #5222 ) ;
#5144 = ORIENTED_EDGE ( 'NONE', *, *, #6302, .F. ) ;
#5145 = CARTESIAN_POINT ( 'NONE',  ( -62.20157623291015625, 5.749030740438484166, -6.826422691345211291 ) ) ;
#5146 = DIRECTION ( 'NONE',  ( -0.000000000000000000, -1.000000000000000000, -0.000000000000000000 ) ) ;
#5147 =( BOUNDED_SURFACE ( )  B_SPLINE_SURFACE ( 3, 2, ( 
 ( #6341, #2660, #1032 ),
 ( #3138, #2, #5751 ),
 ( #6236, #2177, #614 ),
 ( #3624, #5858, #1134 ) ),
 .UNSPECIFIED., .F., .F., .T. ) 
 B_SPLINE_SURFACE_WITH_KNOTS ( ( 4, 4 ),
 ( 3, 3 ),
 ( 0.01016225818803120733, 0.01073329657713736375 ),
 ( 0.000000000000000000, 1.000000000000000000 ),
 .UNSPECIFIED. ) 
 GEOMETRIC_REPRESENTATION_ITEM ( )  RATIONAL_B_SPLINE_SURFACE ( (
 ( 1.000000000000000000, 0.7462357003965286451, 1.000000000000000000),
 ( 1.000000000000000000, 0.7466108018214357989, 1.000000000000000000),
 ( 1.000000000000000000, 0.7467172987830330566, 1.000000000000000000),
 ( 1.000000000000000000, 0.7465043122595446112, 1.000000000000000000) ) ) 
 REPRESENTATION_ITEM ( '' )  SURFACE ( )  );
#5148 = CARTESIAN_POINT ( 'NONE',  ( 2.461526927346923799, 4.136438567835311275, 6.785635356288141296 ) ) ;
#5149 = CARTESIAN_POINT ( 'NONE',  ( 19.11816463003694366, 6.390958987933302637, -7.784130183993189789 ) ) ;
#5150 = CARTESIAN_POINT ( 'NONE',  ( 2.281385910519039495, 6.102462604175560301, -5.604164654859528305 ) ) ;
#5151 = CARTESIAN_POINT ( 'NONE',  ( -13.16132849692241003, 3.012073170590463089, -9.873612116522146209 ) ) ;
#5152 = DIRECTION ( 'NONE',  ( 0.4423239668048823403, -4.336808689942034499E-16, -0.8968553441832151085 ) ) ;
#5153 = VERTEX_POINT ( 'NONE', #6374 ) ;
#5154 = CARTESIAN_POINT ( 'NONE',  ( -8.175494198589230876, 7.321318087863084578, 6.190867651607040223 ) ) ;
#5155 = CARTESIAN_POINT ( 'NONE',  ( -119.2105842890786107, 2.403781362251508291, -12.47670304923489049 ) ) ;
#5156 = CARTESIAN_POINT ( 'NONE',  ( 21.97910397945930328, 0.3379773857790221436, 14.59544467883262442 ) ) ;
#5157 = CC_DESIGN_PERSON_AND_ORGANIZATION_ASSIGNMENT ( #3515, #1011, ( #3273 ) ) ;
#5158 = FACE_OUTER_BOUND ( 'NONE', #3337, .T. ) ;
#5159 = CARTESIAN_POINT ( 'NONE',  ( 2.559737105405810453, 6.189828533890999296, -6.069113667805497769 ) ) ;
#5160 = CARTESIAN_POINT ( 'NONE',  ( -5.650082660013309166, 7.989229271193716286, -2.045688668400537757 ) ) ;
#5161 = CARTESIAN_POINT ( 'NONE',  ( -41.77773752405791896, -1.325329673433459199, -16.98901510200948550 ) ) ;
#5162 = CARTESIAN_POINT ( 'NONE',  ( -34.00661460189626695, 8.231837327453273900, 9.489000675579715605 ) ) ;
#5163 = CARTESIAN_POINT ( 'NONE',  ( 1.704193701163197572, 4.191243068158273744, 6.024600915958600922 ) ) ;
#5164 = EDGE_CURVE ( 'NONE', #5183, #5246, #3898, .T. ) ;
#5165 = CARTESIAN_POINT ( 'NONE',  ( 93.47672580494150907, 2.493071368065403082, 10.71800371839255028 ) ) ;
#5166 = CARTESIAN_POINT ( 'NONE',  ( 4.918748615902361898, 4.771138224497665448, -4.022358874608941370 ) ) ;
#5167 = CARTESIAN_POINT ( 'NONE',  ( 120.9085355943077928, 5.779237303571627571, -7.501361846923847665 ) ) ;
#5168 = CARTESIAN_POINT ( 'NONE',  ( 21.97808026170444151, 8.220477822426033754, -8.307656288146974433 ) ) ;
#5169 = CARTESIAN_POINT ( 'NONE',  ( 24.40351147404060939, 8.293392968401235521, -8.714253404471778097 ) ) ;
#5170 = CARTESIAN_POINT ( 'NONE',  ( 5.886864764510487902, 4.046349412047583805, -1.130032616701865056 ) ) ;
#5171 = CARTESIAN_POINT ( 'NONE',  ( 21.97899702065184613, 0.7433058826890909243, 14.87789409134659380 ) ) ;
#5172 = CARTESIAN_POINT ( 'NONE',  ( -25.44018941789627064, 8.331147900628293357, 8.958108976603119444 ) ) ;
#5173 = ORIENTED_EDGE ( 'NONE', *, *, #5122, .T. ) ;
#5174 = CARTESIAN_POINT ( 'NONE',  ( -37.09969711303712359, -8.741700618089675245, -22.49291419982909801 ) ) ;
#5175 = CARTESIAN_POINT ( 'NONE',  ( 119.6873550265872979, 5.303518792691711781, -1.036302014716265374 ) ) ;
#5176 = ORIENTED_EDGE ( 'NONE', *, *, #3913, .F. ) ;
#5177 = CARTESIAN_POINT ( 'NONE',  ( 13.25448916628559637, 2.993023204078459898, 9.610813038654779206 ) ) ;
#5178 = DIRECTION ( 'NONE',  ( -0.3205651456750794881, 0.000000000000000000, 0.9472264710080241512 ) ) ;
#5179 = CARTESIAN_POINT ( 'NONE',  ( -8.431021963575847877, 4.651511112331653486, -7.895684510678390389 ) ) ;
#5180 = CARTESIAN_POINT ( 'NONE',  ( -11.45642100082829629, 3.348569824861360456, -9.108617124160927503 ) ) ;
#5181 = CARTESIAN_POINT ( 'NONE',  ( -128.1117553710937500, 5.375649960218520818, -3.583880662918083715 ) ) ;
#5182 = COORDINATED_UNIVERSAL_TIME_OFFSET ( 5, 0, .AHEAD. ) ;
#5183 = VERTEX_POINT ( 'NONE', #1234 ) ;
#5184 = FACE_OUTER_BOUND ( 'NONE', #3346, .T. ) ;
#5185 = CARTESIAN_POINT ( 'NONE',  ( 5.972609771639365128, 3.954219717775816267, -0.5046764088006082671 ) ) ;
#5186 = B_SPLINE_CURVE_WITH_KNOTS ( 'NONE', 3,
 ( #4179, #6277, #1551, #3667, #5761, #2629, #6315, #1826, #2801, #3389, #1758, #3355, #1244, #5449, #207, #4858, #5933, #3906, #2835, #140, #1210, #4314 ),
 .UNSPECIFIED., .F., .F.,
 ( 4, 2, 2, 2, 2, 2, 2, 2, 2, 2, 4 ),
 ( 0.2216213346719935751, 0.2243872798814292857, 0.2271532250908649686, 0.2299191703003006793, 0.2326851155097363899, 0.2340680881144542314, 0.2354510607191720728, 0.2382170059286077557, 0.2409829511380434663, 0.2423659237427613078, 0.2437488963474791492 ),
 .UNSPECIFIED. ) ;
#5187 = CARTESIAN_POINT ( 'NONE',  ( -88.78395305272294991, 7.135080417788772777, 5.938703067235055144 ) ) ;
#5188 = CARTESIAN_POINT ( 'NONE',  ( -120.0188987424135405, 2.748188251447865049, -11.81654355969946302 ) ) ;
#5189 = EDGE_CURVE ( 'NONE', #904, #970, #4774, .T. ) ;
#5190 = CARTESIAN_POINT ( 'NONE',  ( 119.0843414030145482, 5.370218452056158220, -2.562136990235406753 ) ) ;
#5191 = CARTESIAN_POINT ( 'NONE',  ( -47.67529439847596961, 0.1179669376737931957, -15.31640728690510223 ) ) ;
#5192 = CARTESIAN_POINT ( 'NONE',  ( -2.185963645761418217, 3.770104710965864747, -5.622207611878147659 ) ) ;
#5193 = CARTESIAN_POINT ( 'NONE',  ( -101.4752246844576860, 6.980652634730610373, 5.271080005575192295 ) ) ;
#5194 = CIRCLE ( 'NONE', #1230, 0.2499999999999997224 ) ;
#5195 = CARTESIAN_POINT ( 'NONE',  ( -2.486517972847669178, 7.366463469429341160, 5.492610375049451044 ) ) ;
#5196 = CARTESIAN_POINT ( 'NONE',  ( -41.57731077034371481, -2.814821405168627777, -19.16883753881063512 ) ) ;
#5197 = CARTESIAN_POINT ( 'NONE',  ( -63.49368140272657257, 7.574397570434064697, 7.319290489131927480 ) ) ;
#5198 = CARTESIAN_POINT ( 'NONE',  ( 1.710499951176903677, 4.143715537756157197, 5.893145863417376340 ) ) ;
#5199 = CARTESIAN_POINT ( 'NONE',  ( 103.2865653061915054, 4.111808207587707820, 5.985042759286522518 ) ) ;
#5200 = B_SPLINE_CURVE_WITH_KNOTS ( 'NONE', 3,
 ( #5283, #1144, #3252, #3215, #3669, #2706, #4797 ),
 .UNSPECIFIED., .F., .F.,
 ( 4, 3, 4 ),
 ( 0.000000000000000000, 0.0002230781897157886595, 0.0008250611034361645616 ),
 .UNSPECIFIED. ) ;
#5201 = CIRCLE ( 'NONE', #3114, 1.000000000000039968 ) ;
#5202 = CARTESIAN_POINT ( 'NONE',  ( 5.420698603937083249, 4.384326482905223976, -3.269422517961400487 ) ) ;
#5203 = CARTESIAN_POINT ( 'NONE',  ( -1.955864424136558588, 3.926165692675636087, -6.014264994549617604 ) ) ;
#5204 = AXIS2_PLACEMENT_3D ( 'NONE', #438, #1998, #6199 ) ;
#5205 = CARTESIAN_POINT ( 'NONE',  ( 98.66063425754065008, 3.580725320860985050, -9.412523269653334523 ) ) ;
#5206 = CARTESIAN_POINT ( 'NONE',  ( 21.29370309701527830, 8.120072430981746692, -8.181514428099047720 ) ) ;
#5207 = CARTESIAN_POINT ( 'NONE',  ( 5.124906104422926489, 4.646727697932054646, -3.115000427632667268 ) ) ;
#5208 = CARTESIAN_POINT ( 'NONE',  ( 25.64862693376799996, -0.4951275834221628425, 16.52296382915009687 ) ) ;
#5209 = CARTESIAN_POINT ( 'NONE',  ( 92.94480118008088709, 3.708546740195385549, 7.736767451931418016 ) ) ;
#5210 = AXIS2_PLACEMENT_3D ( 'NONE', #555, #6279, #80 ) ;
#5211 = CARTESIAN_POINT ( 'NONE',  ( 105.6843500134289826, 5.874012199485304286, -5.026480571736583691 ) ) ;
#5212 = ORIENTED_EDGE ( 'NONE', *, *, #838, .T. ) ;
#5213 = CARTESIAN_POINT ( 'NONE',  ( 116.7838902796599996, 5.497828520807003905, -4.368713801186914658 ) ) ;
#5214 = CARTESIAN_POINT ( 'NONE',  ( 119.6018581679679897, 5.599173020909507414, -1.927281889747612720 ) ) ;
#5215 = EDGE_CURVE ( 'NONE', #3842, #1270, #3645, .T. ) ;
#5216 = CARTESIAN_POINT ( 'NONE',  ( 7.973159653443308237, 3.749963965995558812, 7.620571177728253431 ) ) ;
#5217 = CARTESIAN_POINT ( 'NONE',  ( 119.6387860034063380, 5.233912353012954100, 1.630455134292450703 ) ) ;
#5218 = AXIS2_PLACEMENT_3D ( 'NONE', #566, #5227, #534 ) ;
#5219 = CARTESIAN_POINT ( 'NONE',  ( 6.624508243846683797, 6.367485948519208350, -5.999231418146350414 ) ) ;
#5220 = CARTESIAN_POINT ( 'NONE',  ( -8.838794232092320513, 3.727579281863080851, -8.116593763301354514 ) ) ;
#5221 = CARTESIAN_POINT ( 'NONE',  ( 2.515146480381151850, 7.058215069507946637, -5.789568162378157190 ) ) ;
#5222 = SECURITY_CLASSIFICATION_LEVEL ( 'unclassified' ) ;
#5223 = ORIENTED_EDGE ( 'NONE', *, *, #3481, .F. ) ;
#5224 = EDGE_LOOP ( 'NONE', ( #2740, #6079, #5371, #3894 ) ) ;
#5225 = CARTESIAN_POINT ( 'NONE',  ( -119.6224021461249407, 6.569926166228570175, -0.5368125316034361161 ) ) ;
#5226 = CARTESIAN_POINT ( 'NONE',  ( 5.034601275752250693, 4.329146860163719523, -3.260449920014420577 ) ) ;
#5227 = DIRECTION ( 'NONE',  ( 1.000000000000000000, -7.996734198290766312E-16, -2.057314067616221352E-16 ) ) ;
#5228 = CARTESIAN_POINT ( 'NONE',  ( 119.4596616237463138, 5.966954315706309409, -0.4932181185419972080 ) ) ;
#5229 = CARTESIAN_POINT ( 'NONE',  ( -114.1195528407220365, 4.986223242657616517, -4.049475322789928278 ) ) ;
#5230 = DIRECTION ( 'NONE',  ( -0.000000000000000000, -1.000000000000000000, -0.000000000000000000 ) ) ;
#5231 = CARTESIAN_POINT ( 'NONE',  ( -65.03650923809686901, 2.362469341687500890, -12.11897470008752364 ) ) ;
#5232 = CARTESIAN_POINT ( 'NONE',  ( -1.754581733771439556, 4.642116470790717209, -6.731572192124452236 ) ) ;
#5233 = CARTESIAN_POINT ( 'NONE',  ( -6.273081088565048979, 8.489884020429441236, -0.1195015839258518897 ) ) ;
#5234 = CARTESIAN_POINT ( 'NONE',  ( -57.24315794475351282, 0.4834685282821807317, -15.41131218500886035 ) ) ;
#5235 = CARTESIAN_POINT ( 'NONE',  ( -103.5772546918384478, 6.417912587430159022, 5.102437133038329797 ) ) ;
#5236 = CARTESIAN_POINT ( 'NONE',  ( -1.718008090985358338, 5.520481438588724643, -5.979058727150527552 ) ) ;
#5237 = CARTESIAN_POINT ( 'NONE',  ( 103.7805143173317788, 2.605787034533675772, 10.12934756848281026 ) ) ;
#5238 = CARTESIAN_POINT ( 'NONE',  ( -119.3244126576601900, 6.533232891327365621, 2.663170446047031348 ) ) ;
#5239 = CARTESIAN_POINT ( 'NONE',  ( -5.385268262929530536, 3.310003776220391103, -3.201496626053730310 ) ) ;
#5240 = CARTESIAN_POINT ( 'NONE',  ( 22.08810277328896987, 7.717030789191629658, -8.698816299438478339 ) ) ;
#5241 = CARTESIAN_POINT ( 'NONE',  ( 18.17947317019820375, 7.787111643997005395, -7.684123040578194619 ) ) ;
#5242 = CARTESIAN_POINT ( 'NONE',  ( 2.279144312928191862, 6.256257383894238799, -5.548628326630664631 ) ) ;
#5243 = CARTESIAN_POINT ( 'NONE',  ( 24.95546283670800491, -1.826211630160796462, 17.86258245286132862 ) ) ;
#5244 = CARTESIAN_POINT ( 'NONE',  ( 80.47094146523917857, 3.252892210179805677, 9.389620624743761468 ) ) ;
#5245 = CARTESIAN_POINT ( 'NONE',  ( -119.6948259553117282, 6.106803968676229211, 1.019364676408844428 ) ) ;
#5246 = VERTEX_POINT ( 'NONE', #5924 ) ;
#5247 = CARTESIAN_POINT ( 'NONE',  ( 1.899038062384654335, 4.186765483778522423, 6.773235956046386619 ) ) ;
#5248 = CARTESIAN_POINT ( 'NONE',  ( 119.2911798511781001, 5.358410894393407453, -2.111969778432770450 ) ) ;
#5249 = CIRCLE ( 'NONE', #1065, 0.2499999999999999167 ) ;
#5250 = CARTESIAN_POINT ( 'NONE',  ( -2.286058798933924052, 6.113002010928979324, 5.604164654859529193 ) ) ;
#5251 = CARTESIAN_POINT ( 'NONE',  ( 10.60046460954328218, 3.695835148242333279, 8.764582453783605231 ) ) ;
#5252 = CARTESIAN_POINT ( 'NONE',  ( -3.539798295540990569, 7.509416169168646071, 4.853355729850811429 ) ) ;
#5253 = CARTESIAN_POINT ( 'NONE',  ( 8.204869672230607591, 6.490939012569286959, -6.081064046690804581 ) ) ;
#5254 = CARTESIAN_POINT ( 'NONE',  ( -5.233620965868465369, 3.991646992678697714, -7.170024191124417356 ) ) ;
#5255 = CARTESIAN_POINT ( 'NONE',  ( -4.848890328955729245, 6.675823129893085905, 6.320435523690459689 ) ) ;
#5256 = CC_DESIGN_SECURITY_CLASSIFICATION ( #5143, ( #3273 ) ) ;
#5257 = EDGE_CURVE ( 'NONE', #2875, #4146, #1407, .T. ) ;
#5258 = ADVANCED_FACE ( 'NONE', ( #4919 ), #4267, .T. ) ;
#5259 = ORIENTED_EDGE ( 'NONE', *, *, #4977, .T. ) ;
#5260 = CARTESIAN_POINT ( 'NONE',  ( -50.52038955688476563, 3.301976235090265277, 13.48834323883056996 ) ) ;
#5261 = CARTESIAN_POINT ( 'NONE',  ( 6.221060127905674086, 3.550869574050285138, 0.7797850173644254035 ) ) ;
#5262 = FACE_OUTER_BOUND ( 'NONE', #3983, .T. ) ;
#5263 = CARTESIAN_POINT ( 'NONE',  ( 78.20715924857721291, 7.167707034417587053, -6.431897267790198214 ) ) ;
#5264 = CARTESIAN_POINT ( 'NONE',  ( 119.0413041421339244, 6.226734141190693350, -3.096973133600971373 ) ) ;
#5265 = DIRECTION ( 'NONE',  ( 0.000000000000000000, 0.000000000000000000, 1.000000000000000000 ) ) ;
#5266 = CARTESIAN_POINT ( 'NONE',  ( -10.61981391906738459, 4.282290489850968385, -11.42790889739990234 ) ) ;
#5267 = CARTESIAN_POINT ( 'NONE',  ( 22.53849347041937889, 7.580591790808609787, -8.333977472263203623 ) ) ;
#5268 = CARTESIAN_POINT ( 'NONE',  ( 2.244471476917927699, 4.084292967705349220, 5.595229721892589936 ) ) ;
#5269 = CARTESIAN_POINT ( 'NONE',  ( -6.007839505984294171, 8.504603450448492197, -0.1221660512299543033 ) ) ;
#5270 = CARTESIAN_POINT ( 'NONE',  ( -79.00263886800021851, 2.256801737985632439, -12.47993980168211969 ) ) ;
#5271 = CARTESIAN_POINT ( 'NONE',  ( -38.22376051860364043, 8.195229242348601062, 9.443794676008824496 ) ) ;
#5272 = CARTESIAN_POINT ( 'NONE',  ( 29.44937349666920312, -1.639948132095712996, 17.89039111633874057 ) ) ;
#5273 = CARTESIAN_POINT ( 'NONE',  ( 92.95308213420852894, 3.708862640772520702, 7.735535629560901683 ) ) ;
#5274 = CARTESIAN_POINT ( 'NONE',  ( -119.4266243707048716, 6.333426833928625932, -0.4549500819911172500 ) ) ;
#5275 = CARTESIAN_POINT ( 'NONE',  ( 118.9577067756341222, -5.076042815543061693, 24.96165275573728337 ) ) ;
#5276 = CARTESIAN_POINT ( 'NONE',  ( 3.622832182320185890, 1.733119863053447229, -10.51206398010253729 ) ) ;
#5277 = ORIENTED_EDGE ( 'NONE', *, *, #4481, .T. ) ;
#5278 = CARTESIAN_POINT ( 'NONE',  ( 24.40286553293286786, 8.219529726284882543, -8.792531874423188398 ) ) ;
#5279 = CARTESIAN_POINT ( 'NONE',  ( 1.716811830284870721, 4.096459091077415238, 5.761593645975135125 ) ) ;
#5280 = CARTESIAN_POINT ( 'NONE',  ( 30.96420780503937209, -2.325603733238384319, 17.91053653887354358 ) ) ;
#5281 = CARTESIAN_POINT ( 'NONE',  ( 69.15179612863295233, 2.378027782870351103, 11.47834543187932965 ) ) ;
#5282 = CARTESIAN_POINT ( 'NONE',  ( -119.6056985918098263, 5.900796817134831507, 1.936109280641162611 ) ) ;
#5283 = CARTESIAN_POINT ( 'NONE',  ( 1.944917403163803238, 5.408597388629512004, 6.106718297155746988 ) ) ;
#5284 = DIRECTION ( 'NONE',  ( 0.000000000000000000, -0.4579321472480872846, -0.8889871475543142942 ) ) ;
#5285 = CARTESIAN_POINT ( 'NONE',  ( -9.714451465470119729E-14, 6.488675134594886984, 0.000000000000000000 ) ) ;
#5286 = CARTESIAN_POINT ( 'NONE',  ( -2.023119171897506785, 5.295286071605490363, -5.656902869730714656 ) ) ;
#5287 = DIRECTION ( 'NONE',  ( -0.9018229740177140519, 0.3767165635351221176, -0.2116599969104549506 ) ) ;
#5288 = CARTESIAN_POINT ( 'NONE',  ( -105.7030334660847899, 6.607405845750478512, 5.240136679104057116 ) ) ;
#5289 = CARTESIAN_POINT ( 'NONE',  ( -5.360347186290632671, 4.878927628632682811, -7.107885484576558888 ) ) ;
#5290 = ORIENTED_EDGE ( 'NONE', *, *, #3190, .F. ) ;
#5291 = DIRECTION ( 'NONE',  ( 0.001476673270417102083, 0.3199699832276794442, 0.9474265297474686598 ) ) ;
#5292 = CARTESIAN_POINT ( 'NONE',  ( 5.827422157004968462, 3.712354603697757049, 1.399609540214855619 ) ) ;
#5293 = ADVANCED_FACE ( 'NONE', ( #1702 ), #5842, .T. ) ;
#5294 = CARTESIAN_POINT ( 'NONE',  ( 28.69581041333096039, 8.445624942109111188, -9.372657186308634536 ) ) ;
#5295 = CARTESIAN_POINT ( 'NONE',  ( 21.91051316127483162, 0.6734659425732254512, 14.94606730150436036 ) ) ;
#5296 = CARTESIAN_POINT ( 'NONE',  ( 117.9251977332339152, 6.148177098758195847, -3.860822333193794531 ) ) ;
#5297 = CARTESIAN_POINT ( 'NONE',  ( 2.222075235827507100, 5.385822652854050041, 5.578332674954413761 ) ) ;
#5298 = CARTESIAN_POINT ( 'NONE',  ( -15.07486820220947088, 7.704172284780474556, 8.088403701782226563 ) ) ;
#5299 = CARTESIAN_POINT ( 'NONE',  ( 5.079256040673196360, 8.506252916648334050, -3.714258561954993265 ) ) ;
#5300 = CARTESIAN_POINT ( 'NONE',  ( 116.8225698397914698, 5.993250821520780924, -4.598243671920606346 ) ) ;
#5301 = EDGE_CURVE ( 'NONE', #1490, #1715, #2897, .T. ) ;
#5302 = CARTESIAN_POINT ( 'NONE',  ( -4.494868771646521211, 8.096481506545302409, 3.977478757311334601 ) ) ;
#5303 = CARTESIAN_POINT ( 'NONE',  ( -68.15000820279088600, 2.611947318357932701, -11.64684572157211129 ) ) ;
#5304 = CARTESIAN_POINT ( 'NONE',  ( -1.685101901805010183, 4.431114752323273009, -6.681295894286594539 ) ) ;
#5305 = CARTESIAN_POINT ( 'NONE',  ( 29.95046169844814088, -1.755221074999353315, 18.01979038091787899 ) ) ;
#5306 = CARTESIAN_POINT ( 'NONE',  ( 96.05850190981392700, 3.834231586851890139, 7.243190793999132460 ) ) ;
#5307 = CIRCLE ( 'NONE', #3446, 0.5000000000000004441 ) ;
#5308 = CARTESIAN_POINT ( 'NONE',  ( -119.5158709358389615, 6.753708225655022268, 2.249575324568838131 ) ) ;
#5309 = CARTESIAN_POINT ( 'NONE',  ( -2.555757551263489802, 6.030128407240852972, 5.874762450655395263 ) ) ;
#5310 = CARTESIAN_POINT ( 'NONE',  ( 77.49899566619286873, 5.690583336071007636, -8.191634178161631752 ) ) ;
#5311 = CARTESIAN_POINT ( 'NONE',  ( 9.866135787710909710, 7.452243939242960025, -6.390094146819005339 ) ) ;
#5312 = CARTESIAN_POINT ( 'NONE',  ( -105.6406025038923104, 6.593592735634447699, 5.242536739738871354 ) ) ;
#5313 = VECTOR ( 'NONE', #5396, 1000.000000000000000 ) ;
#5314 = CARTESIAN_POINT ( 'NONE',  ( 24.95422688391408172, -0.2636630838247532860, 16.23174024104517699 ) ) ;
#5315 = CARTESIAN_POINT ( 'NONE',  ( 105.3465373821183420, 4.174251273797605855, 5.638169481662181681 ) ) ;
#5316 = CARTESIAN_POINT ( 'NONE',  ( -119.6563301418454301, 5.721801137844034990, -1.952177918473925855 ) ) ;
#5317 = CARTESIAN_POINT ( 'NONE',  ( 21.99890882075764864, 0.5595070223237521567, 14.70960416548961014 ) ) ;
#5318 = AXIS2_PLACEMENT_3D ( 'NONE', #6105, #6584, #6067 ) ;
#5319 = CARTESIAN_POINT ( 'NONE',  ( 2.302671098795697979, 6.464035190281905763, -6.014267845431182202 ) ) ;
#5320 = DIRECTION ( 'NONE',  ( 0.000000000000000000, 0.7511278943341809233, -0.6601567134802913683 ) ) ;
#5321 = CARTESIAN_POINT ( 'NONE',  ( -1.547351259077152541, 4.212846772379619686, -6.722090870049368228 ) ) ;
#5322 = CARTESIAN_POINT ( 'NONE',  ( 2.299536037694749790, 6.902288898407739737, -5.922235047927879137 ) ) ;
#5323 = AXIS2_PLACEMENT_3D ( 'NONE', #5060, #460, #6769 ) ;
#5324 = ORIENTED_EDGE ( 'NONE', *, *, #1379, .T. ) ;
#5325 = FACE_OUTER_BOUND ( 'NONE', #4268, .T. ) ;
#5326 = CARTESIAN_POINT ( 'NONE',  ( 2.072752261904326154, 5.767358609765783406, -5.629832473951690730 ) ) ;
#5327 = CIRCLE ( 'NONE', #6205, 5.500000000000000000 ) ;
#5328 = CARTESIAN_POINT ( 'NONE',  ( 5.085284608592251843, 6.753965560674368263, -6.264583200474973523 ) ) ;
#5329 = CARTESIAN_POINT ( 'NONE',  ( 38.09114854193489919, 8.613610460027352644, -9.357967246266460037 ) ) ;
#5330 = CARTESIAN_POINT ( 'NONE',  ( 3.768211918758773926, 6.253171084929770807, 4.675610650314299122 ) ) ;
#5331 = CARTESIAN_POINT ( 'NONE',  ( -6.444295406341560728, -3.658704249681505871, -22.89933395385742188 ) ) ;
#5332 = CARTESIAN_POINT ( 'NONE',  ( 21.99042276731680090, 0.5366205828190966365, 14.99281462111311392 ) ) ;
#5333 = ORIENTED_EDGE ( 'NONE', *, *, #3322, .F. ) ;
#5334 = CARTESIAN_POINT ( 'NONE',  ( 3.549745566406236286, 3.461354932326833111, 4.835479709940824655 ) ) ;
#5335 = EDGE_CURVE ( 'NONE', #4809, #853, #2694, .T. ) ;
#5336 = DIRECTION ( 'NONE',  ( -0.000000000000000000, -1.000000000000000000, -0.000000000000000000 ) ) ;
#5337 = CARTESIAN_POINT ( 'NONE',  ( -86.74178466904368179, 4.341068524411681118, -8.789645692084311790 ) ) ;
#5338 = CARTESIAN_POINT ( 'NONE',  ( -61.93197491448450620, 2.523844521125118590, -12.84113101700613058 ) ) ;
#5339 = CARTESIAN_POINT ( 'NONE',  ( 34.05941745876219784, -2.209228151135148366, 18.51068422599044183 ) ) ;
#5340 = EDGE_CURVE ( 'NONE', #3856, #337, #4440, .T. ) ;
#5341 = EDGE_CURVE ( 'NONE', #3875, #5946, #2578, .T. ) ;
#5342 = CARTESIAN_POINT ( 'NONE',  ( -117.3964506743059673, 6.595008727945780969, 4.216401014538566194 ) ) ;
#5343 = CARTESIAN_POINT ( 'NONE',  ( -6.240186268451078710, 3.582644964449599012, -0.7562887724240821008 ) ) ;
#5344 = CARTESIAN_POINT ( 'NONE',  ( 4.537656058822760130, 7.459809016964619843, 4.257534503936765802 ) ) ;
#5345 = CARTESIAN_POINT ( 'NONE',  ( 9.089488016938419790, 7.318262402632717212, -6.295241102662631150 ) ) ;
#5346 = CARTESIAN_POINT ( 'NONE',  ( -60.33733704487077176, 8.843531177633776608, 7.381471867496561146 ) ) ;
#5347 = CARTESIAN_POINT ( 'NONE',  ( 35.88762938098876276, -3.802577067386503806, 19.95094517729415173 ) ) ;
#5348 = CARTESIAN_POINT ( 'NONE',  ( -4.848890328952927042, 6.675823129891902852, 6.320435523691115165 ) ) ;
#5349 = CARTESIAN_POINT ( 'NONE',  ( -2.288477852542660784, 6.057324377475844734, 5.651768604980641264 ) ) ;
#5350 = FACE_OUTER_BOUND ( 'NONE', #2239, .T. ) ;
#5351 = CARTESIAN_POINT ( 'NONE',  ( -2.299125999148776245, 6.354345185763683901, 5.877363146179057196 ) ) ;
#5352 = CARTESIAN_POINT ( 'NONE',  ( 16.28502864430821617, 7.119466011042625553, -7.208709683986464611 ) ) ;
#5353 = FACE_OUTER_BOUND ( 'NONE', #4483, .T. ) ;
#5354 = FACE_OUTER_BOUND ( 'NONE', #2342, .T. ) ;
#5355 = AXIS2_PLACEMENT_3D ( 'NONE', #6394, #4195, #4806 ) ;
#5356 = ORIENTED_EDGE ( 'NONE', *, *, #2165, .F. ) ;
#5357 = DIRECTION ( 'NONE',  ( 0.000000000000000000, 0.000000000000000000, 1.000000000000000000 ) ) ;
#5358 = CARTESIAN_POINT ( 'NONE',  ( -5.329352207348225789, 3.307103116767558415, -3.294941074481697818 ) ) ;
#5359 = PRODUCT ( 'Пропеллер 9450 CCW', 'Пропеллер 9450 CCW', '', ( #3120 ) ) ;
#5360 = CARTESIAN_POINT ( 'NONE',  ( 105.6995409462957269, 6.119593105326955218, -5.240136679104069550 ) ) ;
#5361 = CARTESIAN_POINT ( 'NONE',  ( -1.946811471010931438, 3.983263355053931587, -6.172569723303466205 ) ) ;
#5362 = DIRECTION ( 'NONE',  ( -0.000000000000000000, -1.000000000000000000, -0.000000000000000000 ) ) ;
#5363 = CARTESIAN_POINT ( 'NONE',  ( -3.574122905731197619, 8.598508746801337921, 9.252750396728515625 ) ) ;
#5364 = DIRECTION ( 'NONE',  ( 0.04905555417613995800, -0.0002263931912821128423, -0.9987960258984788231 ) ) ;
#5365 = CARTESIAN_POINT ( 'NONE',  ( 4.807557042512661027, 3.269373479579832154, 3.569818971624107551 ) ) ;
#5366 = CARTESIAN_POINT ( 'NONE',  ( 88.81829488507273140, 6.624085759021166808, -5.936141302736066550 ) ) ;
#5367 = CARTESIAN_POINT ( 'NONE',  ( -71.24080211459211398, 2.876028985074831734, -11.11418171963052615 ) ) ;
#5368 = CARTESIAN_POINT ( 'NONE',  ( -86.74224066780939779, 4.339410285946049939, -8.795957277234096594 ) ) ;
#5369 = CARTESIAN_POINT ( 'NONE',  ( 113.1079295942702601, 6.080739081102853660, -4.730749898550445920 ) ) ;
#5370 = CARTESIAN_POINT ( 'NONE',  ( 4.834407689369979444, 6.969781895460896770, 3.565193167421215836 ) ) ;
#5371 = ORIENTED_EDGE ( 'NONE', *, *, #3026, .T. ) ;
#5372 = CARTESIAN_POINT ( 'NONE',  ( 119.6467986932305649, 5.589801454561810878, -1.667793246020213838 ) ) ;
#5373 = CARTESIAN_POINT ( 'NONE',  ( 11.70032700298887463, 4.146786968733414014, 9.100140385468868942 ) ) ;
#5375 = EDGE_CURVE ( 'NONE', #647, #1232, #1655, .T. ) ;
#5374 = CARTESIAN_POINT ( 'NONE',  ( 5.678161129869607748, 8.260052394123103880, -5.603064537048340732 ) ) ;
#5376 = CARTESIAN_POINT ( 'NONE',  ( 5.049981776668788669, 6.850318215007844103, -6.272841856347708855 ) ) ;
#5377 = CARTESIAN_POINT ( 'NONE',  ( -103.5921244575393132, 6.663320590311106351, 5.314711610084726701 ) ) ;
#5378 = CARTESIAN_POINT ( 'NONE',  ( 44.68804577490946173, -0.3934303452817279334, 16.44909405411063119 ) ) ;
#5379 = CARTESIAN_POINT ( 'NONE',  ( 21.97910397945930328, 0.3379773857790221436, 14.59544467883262442 ) ) ;
#5380 = CARTESIAN_POINT ( 'NONE',  ( -15.25503362127443374, 7.110600562336262698, 7.039605362329037774 ) ) ;
#5381 = CARTESIAN_POINT ( 'NONE',  ( 2.550747507953701199, 6.968725569427538957, 11.16884994506835760 ) ) ;
#5382 = DIRECTION ( 'NONE',  ( -0.03158709947622445613, 0.7459859431609850988, 0.6652121674720741229 ) ) ;
#5383 = CARTESIAN_POINT ( 'NONE',  ( 24.58244169158513870, 7.821341122143577351, -8.819129092497991707 ) ) ;
#5384 = CARTESIAN_POINT ( 'NONE',  ( -76.08658308834704087, 7.386455253170145951, 6.633586631431218628 ) ) ;
#5385 = CARTESIAN_POINT ( 'NONE',  ( -14.15668684695666002, 3.561783924173461013, -10.37599979078156842 ) ) ;
#5386 = ORIENTED_EDGE ( 'NONE', *, *, #3539, .T. ) ;
#5387 = CARTESIAN_POINT ( 'NONE',  ( -9.714451465470119729E-14, 14.28867513459489835, -2.000000000000024869 ) ) ;
#5388 = CARTESIAN_POINT ( 'NONE',  ( -5.424664792643861588, 3.325034203549786405, -2.584557739775056096 ) ) ;
#5389 = CARTESIAN_POINT ( 'NONE',  ( 2.280071970075244980, 6.547108370503822883, -5.548798920395384471 ) ) ;
#5390 = DIRECTION ( 'NONE',  ( 0.000000000000000000, 0.000000000000000000, -1.000000000000000000 ) ) ;
#5391 = FACE_OUTER_BOUND ( 'NONE', #271, .T. ) ;
#5392 = CARTESIAN_POINT ( 'NONE',  ( -34.86886215209960938, 7.784745485959999378, 8.706779479980470526 ) ) ;
#5393 = DIRECTION ( 'NONE',  ( -1.224646799147353207E-16, 0.000000000000000000, -1.000000000000000000 ) ) ;
#5394 = CARTESIAN_POINT ( 'NONE',  ( 5.781810355914557498, 3.342758166857754620, 2.391137504125026680 ) ) ;
#5395 = EDGE_CURVE ( 'NONE', #5076, #4920, #2075, .T. ) ;
#5396 = DIRECTION ( 'NONE',  ( -0.000000000000000000, -1.000000000000000000, -0.000000000000000000 ) ) ;
#5397 = CARTESIAN_POINT ( 'NONE',  ( -71.80552223822000713, 1.734845868376734268, -13.43778482127849472 ) ) ;
#5398 = CARTESIAN_POINT ( 'NONE',  ( -80.50179184984212100, 4.063409928179902764, -9.624798961504247075 ) ) ;
#5399 = CARTESIAN_POINT ( 'NONE',  ( 113.0859670252681752, 5.620466191807985901, -4.629239985173211558 ) ) ;
#5400 = ORIENTED_EDGE ( 'NONE', *, *, #815, .F. ) ;
#5401 = CARTESIAN_POINT ( 'NONE',  ( -118.8191799785155780, 6.536230134440244477, 3.346420964071164850 ) ) ;
#5402 = ORIENTED_EDGE ( 'NONE', *, *, #3099, .T. ) ;
#5403 = CARTESIAN_POINT ( 'NONE',  ( 116.8575506224428722, 5.517578486963914841, -4.582957219186386766 ) ) ;
#5404 = CARTESIAN_POINT ( 'NONE',  ( 2.564286128282672550, 6.275349763731959740, -6.166481769392030188 ) ) ;
#5405 = ORIENTED_EDGE ( 'NONE', *, *, #6330, .T. ) ;
#5406 = CARTESIAN_POINT ( 'NONE',  ( 77.45454586748435588, 8.033033603550201462, -4.578217506408703841 ) ) ;
#5407 = CARTESIAN_POINT ( 'NONE',  ( 119.6642681113355593, 5.431499199526577115, 0.3321342839500954214 ) ) ;
#5408 = CARTESIAN_POINT ( 'NONE',  ( -5.317773833830046648, 6.420516376898485866, 6.120199369805351175 ) ) ;
#5409 = CARTESIAN_POINT ( 'NONE',  ( -36.64121589640747345, 6.486840318239024406, 9.587637940719510254 ) ) ;
#5410 = CARTESIAN_POINT ( 'NONE',  ( 43.71294217622528322, -1.034885743060994567, 16.43408217572999064 ) ) ;
#5411 = CARTESIAN_POINT ( 'NONE',  ( 46.65047264189459497, -0.3207795256306668064, 15.58609773798835541 ) ) ;
#5412 = CARTESIAN_POINT ( 'NONE',  ( -105.6889760478540978, 6.361757449158819355, 5.026480571736573921 ) ) ;
#5413 = CARTESIAN_POINT ( 'NONE',  ( 10.96520187857793083, 6.384212983457622670, -5.845096588134766513 ) ) ;
#5414 = ADVANCED_FACE ( 'NONE', ( #5494 ), #4364, .T. ) ;
#5415 = AXIS2_PLACEMENT_3D ( 'NONE', #2415, #6739, #5126 ) ;
#5416 = CARTESIAN_POINT ( 'NONE',  ( -5.854724115991388977, 8.727971039226803285, 2.223934063320181842 ) ) ;
#5417 = CARTESIAN_POINT ( 'NONE',  ( 117.3927764174491131, 6.053231142648705543, -4.216401014551832027 ) ) ;
#5418 = CARTESIAN_POINT ( 'NONE',  ( 16.24520558267026260, 7.341807817819301363, -7.343782940307946205 ) ) ;
#5419 = CARTESIAN_POINT ( 'NONE',  ( -38.07981083339318218, 8.789535009937681664, 9.358257237977525733 ) ) ;
#5420 = CARTESIAN_POINT ( 'NONE',  ( -11.66451931346992765, 4.127375826567643458, -9.182807739545889802 ) ) ;
#5421 = CIRCLE ( 'NONE', #2232, 6.500000000000000888 ) ;
#5422 = EDGE_CURVE ( 'NONE', #1297, #6102, #3303, .T. ) ;
#5423 = EDGE_LOOP ( 'NONE', ( #4987, #1779, #4935, #1373 ) ) ;
#5424 = CARTESIAN_POINT ( 'NONE',  ( -5.503590106964107775, 9.335313589750253271, 0.8774042725563054868 ) ) ;
#5425 = CARTESIAN_POINT ( 'NONE',  ( -5.624718430082314313, 3.962706316045030874, 2.115536233388326526 ) ) ;
#5426 = CARTESIAN_POINT ( 'NONE',  ( 7.652972837391145866, 7.254307053102223790, -6.143036898949851832 ) ) ;
#5427 = CARTESIAN_POINT ( 'NONE',  ( 1.673624597785580148, 4.403277635096725540, 6.728963085265792010 ) ) ;
#5428 = CIRCLE ( 'NONE', #581, 6.500000000000000888 ) ;
#5429 = CARTESIAN_POINT ( 'NONE',  ( 4.499326094892010630, 8.075727346582636912, -3.977478757311188939 ) ) ;
#5430 = CARTESIAN_POINT ( 'NONE',  ( -55.21729278564453125, 5.449688108144775889, -3.880985498428341618 ) ) ;
#5431 = PLANE ( 'NONE',  #730 ) ;
#5432 = AXIS2_PLACEMENT_3D ( 'NONE', #1902, #1446, #3564 ) ;
#5433 = ORIENTED_EDGE ( 'NONE', *, *, #2889, .T. ) ;
#5434 = CARTESIAN_POINT ( 'NONE',  ( -105.7071607072599164, 6.813137836308004402, 5.134133779988808044 ) ) ;
#5435 = CARTESIAN_POINT ( 'NONE',  ( -101.4620129209778412, 3.061366341582528072, -10.24447780346523551 ) ) ;
#5436 = CARTESIAN_POINT ( 'NONE',  ( 12.21293819443089035, 3.191664483653383844, 9.147925673978788197 ) ) ;
#5437 = CARTESIAN_POINT ( 'NONE',  ( 3.576865986513436013, 6.134873502154579050, 4.822774178504684706 ) ) ;
#5438 = ORIENTED_EDGE ( 'NONE', *, *, #2969, .T. ) ;
#5439 = CARTESIAN_POINT ( 'NONE',  ( 2.461692452089114358, 6.974642737237895851, -5.866430901882131899 ) ) ;
#5440 = DIRECTION ( 'NONE',  ( 0.4449417459638827510, -0.002053422563361183284, 0.8955571596243244725 ) ) ;
#5441 = ORIENTED_EDGE ( 'NONE', *, *, #2562, .F. ) ;
#5442 = CARTESIAN_POINT ( 'NONE',  ( 21.12942843197505027, 8.412150416342605297, 0.2431351542472803273 ) ) ;
#5443 = ORIENTED_EDGE ( 'NONE', *, *, #4124, .F. ) ;
#5444 = CARTESIAN_POINT ( 'NONE',  ( -3.581375503318824371, 6.151391188410181954, -4.822774178504685594 ) ) ;
#5445 = CARTESIAN_POINT ( 'NONE',  ( -6.888062192574625264, 6.486237902490004537, 6.099672600533838640 ) ) ;
#5446 = CARTESIAN_POINT ( 'NONE',  ( -63.50679052845807604, 7.574126160840354949, 7.318449937612611755 ) ) ;
#5447 = CARTESIAN_POINT ( 'NONE',  ( 34.60556498594237951, -2.577455361596223238, 18.17551775318908014 ) ) ;
#5448 = CARTESIAN_POINT ( 'NONE',  ( 55.71304574762239525, 1.232214027478524265, 13.52421108463728849 ) ) ;
#5449 = CARTESIAN_POINT ( 'NONE',  ( -9.100775748542929477, 4.386365164349670387, -8.199041657921100068 ) ) ;
#5450 = CARTESIAN_POINT ( 'NONE',  ( 22.55811031786285170, 6.579930315257314533, -5.352248668670656961 ) ) ;
#5451 = CARTESIAN_POINT ( 'NONE',  ( -9.714451465470119729E-14, 10.63921286096972096, 0.000000000000000000 ) ) ;
#5452 = CARTESIAN_POINT ( 'NONE',  ( 119.5341849054902639, 5.951681432867709454, -2.184720569013859137 ) ) ;
#5453 = CARTESIAN_POINT ( 'NONE',  ( 41.36900306162481655, 7.815575751411646621, -9.039862905711983032 ) ) ;
#5454 = B_SPLINE_CURVE_WITH_KNOTS ( 'NONE', 3,
 ( #1843, #336, #3023, #4089, #369, #496 ),
 .UNSPECIFIED., .F., .F.,
 ( 4, 2, 4 ),
 ( 0.000000000000000000, 0.005562687421701567082, 0.01112537484340313416 ),
 .UNSPECIFIED. ) ;
#5455 = CARTESIAN_POINT ( 'NONE',  ( -46.52216523983098995, 8.327204948832017450, 8.631794189058270561 ) ) ;
#5456 = CARTESIAN_POINT ( 'NONE',  ( -11.64637995725543185, 4.007842707721345654, -9.175855513072207259 ) ) ;
#5457 = ORIENTED_EDGE ( 'NONE', *, *, #4702, .T. ) ;
#5458 = CARTESIAN_POINT ( 'NONE',  ( -77.46588134765625000, 8.094670267282523923, 5.600244998931889207 ) ) ;
#5459 = CARTESIAN_POINT ( 'NONE',  ( -5.102617960770969852, 3.556735452413591236, -3.160568182456354958 ) ) ;
#5460 = CARTESIAN_POINT ( 'NONE',  ( -14.13938181905838931, 3.089249811093400577, -10.36979625573193786 ) ) ;
#5461 = CARTESIAN_POINT ( 'NONE',  ( 1.678619210389729277, 4.465483545333141180, 6.728830203641298802 ) ) ;
#5462 = EDGE_CURVE ( 'NONE', #1113, #1297, #4214, .T. ) ;
#5463 = CARTESIAN_POINT ( 'NONE',  ( 4.336654545998686494, 8.119430882766398128, -4.614198303697796710 ) ) ;
#5464 = CARTESIAN_POINT ( 'NONE',  ( -22.96784973144530539, 9.415372164426782930, 11.45815849304199396 ) ) ;
#5465 = CARTESIAN_POINT ( 'NONE',  ( 5.733207944293210012, 7.728898890494442675, 2.636372906366833302 ) ) ;
#5466 = AXIS2_PLACEMENT_3D ( 'NONE', #4976, #261, #300 ) ;
#5467 = CARTESIAN_POINT ( 'NONE',  ( 101.4726287419694444, 6.512385953323351018, -5.271107023349760112 ) ) ;
#5468 = CARTESIAN_POINT ( 'NONE',  ( 84.60108589179114347, 6.749528233729154003, -6.179284237690501946 ) ) ;
#5469 = CARTESIAN_POINT ( 'NONE',  ( -112.3617041709018451, 5.353055891917962050, -4.645825620874910911 ) ) ;
#5470 = DIRECTION ( 'NONE',  ( -0.000000000000000000, -1.000000000000000000, -0.000000000000000000 ) ) ;
#5471 = CARTESIAN_POINT ( 'NONE',  ( -117.7986154683583493, 6.669218057782713593, 3.955231376101364660 ) ) ;
#5472 = ORIENTED_EDGE ( 'NONE', *, *, #34, .F. ) ;
#5473 = CARTESIAN_POINT ( 'NONE',  ( -12.96888254713362976, 4.773916361223008664, -9.159465488115909437 ) ) ;
#5474 = CARTESIAN_POINT ( 'NONE',  ( 4.054246506909051639, 6.399606437222201016, -6.205285136534370416 ) ) ;
#5475 = ORIENTED_EDGE ( 'NONE', *, *, #5257, .T. ) ;
#5476 = CARTESIAN_POINT ( 'NONE',  ( 62.19458557446051827, 5.461985832125065166, 6.826422691345203297 ) ) ;
#5477 = VERTEX_POINT ( 'NONE', #3918 ) ;
#5478 = CARTESIAN_POINT ( 'NONE',  ( -35.70144136226575426, -2.366344622877027515, -18.12155826525524915 ) ) ;
#5479 = CARTESIAN_POINT ( 'NONE',  ( -24.56804330160129624, 8.085813519882590228, 8.818429824561508923 ) ) ;
#5480 = CARTESIAN_POINT ( 'NONE',  ( -31.95521699670543470, 8.457389580648790428, 9.614497543136574009 ) ) ;
#5481 = CARTESIAN_POINT ( 'NONE',  ( 47.55126467554507741, -1.604871746468327309, 17.71209124034061233 ) ) ;
#5482 = CARTESIAN_POINT ( 'NONE',  ( 34.59620862417522602, -2.577619814995137926, 18.17572765587006600 ) ) ;
#5483 = CARTESIAN_POINT ( 'NONE',  ( -12.12653532393474798, 6.890376519210933637, 6.563459608605930029 ) ) ;
#5484 = CARTESIAN_POINT ( 'NONE',  ( 13.21398609287580506, -0.7320874346116107434, 19.00410461425780539 ) ) ;
#5485 = CARTESIAN_POINT ( 'NONE',  ( -6.198683202671515069, 8.653036027768845173, 0.9160090263446180048 ) ) ;
#5486 = FACE_OUTER_BOUND ( 'NONE', #5423, .T. ) ;
#5487 = CARTESIAN_POINT ( 'NONE',  ( 27.70912294593867742, 8.173377052429041001, -9.262345420097428672 ) ) ;
#5488 = CARTESIAN_POINT ( 'NONE',  ( -50.72989461633376607, 8.041073344436147963, 8.342504507604706632 ) ) ;
#5489 = CARTESIAN_POINT ( 'NONE',  ( -9.011945791149521767, 4.390576047305902563, -8.179319459146368487 ) ) ;
#5490 = ORIENTED_EDGE ( 'NONE', *, *, #1253, .F. ) ;
#5491 = CARTESIAN_POINT ( 'NONE',  ( -3.647655248641969550, 1.749896557508429096, 10.51206398010253906 ) ) ;
#5492 = CARTESIAN_POINT ( 'NONE',  ( -5.919712939515073380, 4.030087344322554443, 2.199709093360338930 ) ) ;
#5493 = CARTESIAN_POINT ( 'NONE',  ( -21.13561630642154654, 0.9541046199885042656, -14.48484980003792799 ) ) ;
#5494 = FACE_OUTER_BOUND ( 'NONE', #6495, .T. ) ;
#5495 = CARTESIAN_POINT ( 'NONE',  ( 4.102887499672393190, 7.973796027388552865, -4.839146213364042381 ) ) ;
#5496 = CARTESIAN_POINT ( 'NONE',  ( -54.54585266113281961, -2.535388438524227794, -20.72436141967773082 ) ) ;
#5497 = CARTESIAN_POINT ( 'NONE',  ( -9.714451465470119729E-14, -0.5000000000000177636, 0.000000000000000000 ) ) ;
#5498 = EDGE_LOOP ( 'NONE', ( #6671, #3966, #2123, #3047 ) ) ;
#5499 = CARTESIAN_POINT ( 'NONE',  ( 44.41715183905638753, 8.078163769579452591, -8.922236343645421286 ) ) ;
#5500 = CARTESIAN_POINT ( 'NONE',  ( 9.037063475681367919, 6.786256663941010459, -6.285680578057900370 ) ) ;
#5501 = CARTESIAN_POINT ( 'NONE',  ( -111.0808384618084688, 2.720903842164891451, -10.80472721440502859 ) ) ;
#5502 = CARTESIAN_POINT ( 'NONE',  ( 1.909910839063155397, 4.118477500031429095, 6.576783346763550142 ) ) ;
#5503 = DIRECTION ( 'NONE',  ( 0.000000000000000000, 0.000000000000000000, -1.000000000000000000 ) ) ;
#5504 = ORIENTED_EDGE ( 'NONE', *, *, #2097, .F. ) ;
#5505 = EDGE_CURVE ( 'NONE', #4884, #1562, #5876, .T. ) ;
#5506 = CARTESIAN_POINT ( 'NONE',  ( 119.6599899097277699, 5.421254829011269649, 0.4146276768712702232 ) ) ;
#5507 = CARTESIAN_POINT ( 'NONE',  ( -1.692798680601247829, 4.380108489198691224, -6.729563127874977901 ) ) ;
#5508 = CARTESIAN_POINT ( 'NONE',  ( 4.681776998430034809, -5.369541956664392934, 15.16591072082519354 ) ) ;
#5509 = ORIENTED_EDGE ( 'NONE', *, *, #3782, .F. ) ;
#5510 = CARTESIAN_POINT ( 'NONE',  ( -28.51016623795052141, -1.638695864213525422, -17.28461349120076918 ) ) ;
#5511 = CARTESIAN_POINT ( 'NONE',  ( -10.55186621222518539, 6.763564499988963696, 6.354692999451380331 ) ) ;
#5512 = CARTESIAN_POINT ( 'NONE',  ( -1.935856218981065302, 5.115507125595893712, -6.403353233648675591 ) ) ;
#5513 = CARTESIAN_POINT ( 'NONE',  ( 66.97297252700440140, 1.139409496416797118, 13.92682823378743961 ) ) ;
#5514 = CARTESIAN_POINT ( 'NONE',  ( 50.64182536560665682, 0.4802499908990014998, 14.56935829857144959 ) ) ;
#5515 = CARTESIAN_POINT ( 'NONE',  ( 4.616915276934848045, 3.315042248502817479, 4.281509380916914687 ) ) ;
#5516 = CARTESIAN_POINT ( 'NONE',  ( 34.87155736136207906, 7.623819039081516813, -8.706779479980472303 ) ) ;
#5517 = DIRECTION ( 'NONE',  ( 0.8567643732919170141, -0.2946891598830296832, 0.4232175654496667105 ) ) ;
#5518 = CARTESIAN_POINT ( 'NONE',  ( 122.7001631649862361, 3.619583097011519701, 8.330799216044034949 ) ) ;
#5519 = CARTESIAN_POINT ( 'NONE',  ( 1.941102829232092652, 3.917173416775063810, 6.014264994549616716 ) ) ;
#5520 = CARTESIAN_POINT ( 'NONE',  ( 59.26165264720087578, 7.156972230723629202, -7.435170419267530306 ) ) ;
#5521 = CARTESIAN_POINT ( 'NONE',  ( -40.20203444395183112, 8.631780188275687493, 9.298097616423840250 ) ) ;
#5522 = CARTESIAN_POINT ( 'NONE',  ( -9.473913374102624019, 4.453986233019500141, -8.336843768656491349 ) ) ;
#5523 = B_SPLINE_CURVE_WITH_KNOTS ( 'NONE', 3,
 ( #6352, #3672, #524, #1109, #3217, #556, #3025, #2669, #4763, #5121, #1145, #47, #4252, #2152, #593, #6672, #4730, #3706, #3736, #1623, #6793, #6158 ),
 .UNSPECIFIED., .F., .F.,
 ( 4, 2, 2, 2, 2, 2, 2, 2, 2, 2, 4 ),
 ( 0.1268553004639843551, 0.1278390502112757010, 0.1288227999585670192, 0.1298065497058583651, 0.1302984245795040241, 0.1307902994531496832, 0.1312821743267953423, 0.1317740492004410291, 0.1327577989477323472, 0.1337415486950236931, 0.1347252984423150113 ),
 .UNSPECIFIED. ) ;
#5524 = ORIENTED_EDGE ( 'NONE', *, *, #3498, .F. ) ;
#5525 = CARTESIAN_POINT ( 'NONE',  ( -13.99014186859130859, 5.959750087438554722, 8.578598022460937500 ) ) ;
#5526 = DIRECTION ( 'NONE',  ( 0.000000000000000000, 0.000000000000000000, -1.000000000000000000 ) ) ;
#5527 = CIRCLE ( 'NONE', #2553, 0.2499999999999998057 ) ;
#5528 = CARTESIAN_POINT ( 'NONE',  ( -3.383113986256104155, 6.712868065433900355, 6.216196052946803441 ) ) ;
#5529 = CARTESIAN_POINT ( 'NONE',  ( 4.767277875031162182, 6.816123614211227810, -6.267345294644604436 ) ) ;
#5530 = CARTESIAN_POINT ( 'NONE',  ( -25.67869810388447149, -0.3755905021785624354, -16.52230337449328701 ) ) ;
#5531 = CARTESIAN_POINT ( 'NONE',  ( 4.991891394765155532, 8.464178459563942880, -3.827913239035876103 ) ) ;
#5532 = CARTESIAN_POINT ( 'NONE',  ( -101.8081359863281250, 7.800554008661332972, 12.92763328552246627 ) ) ;
#5533 = AXIS2_PLACEMENT_3D ( 'NONE', #3392, #4930, #1694 ) ;
#5534 = DIRECTION ( 'NONE',  ( 0.9987949721267180836, -0.001452612437922894389, 0.04905602482359963656 ) ) ;
#5535 = EDGE_LOOP ( 'NONE', ( #5277, #1003 ) ) ;
#5536 = AXIS2_PLACEMENT_3D ( 'NONE', #1866, #1349, #1450 ) ;
#5537 = CARTESIAN_POINT ( 'NONE',  ( 103.5931252468912049, 6.339348788955851965, -5.315629903151457114 ) ) ;
#5538 = CARTESIAN_POINT ( 'NONE',  ( -4.243387083403422189, 5.329612374021200694, 4.251621162770530482 ) ) ;
#5539 = CARTESIAN_POINT ( 'NONE',  ( -105.3837169658735604, 5.121032957445373235, -5.828823344322228373 ) ) ;
#5540 = CARTESIAN_POINT ( 'NONE',  ( 18.94330959562598338, 1.452759033094843000, 12.79737408773798890 ) ) ;
#5541 = AXIS2_PLACEMENT_3D ( 'NONE', #3926, #1928, #980 ) ;
#5542 = CARTESIAN_POINT ( 'NONE',  ( -119.5672887215291951, 5.687404519879980747, 2.406153490470063883 ) ) ;
#5543 = CARTESIAN_POINT ( 'NONE',  ( -9.677712061495699184E-14, 5.622649730810398871, 3.000000000000000000 ) ) ;
#5544 = CARTESIAN_POINT ( 'NONE',  ( 119.6372728351996528, 4.984708905183117267, 1.599440255912997433 ) ) ;
#5545 = CARTESIAN_POINT ( 'NONE',  ( 14.14011370673336287, 3.496488882890923744, 10.37599979078481205 ) ) ;
#5546 = ORIENTED_EDGE ( 'NONE', *, *, #4369, .F. ) ;
#5547 = CIRCLE ( 'NONE', #3472, 5.500000000000000000 ) ;
#5548 = CARTESIAN_POINT ( 'NONE',  ( 97.82004135754026208, -8.337064196350260303, 16.73817634582517400 ) ) ;
#5549 = ORIENTED_EDGE ( 'NONE', *, *, #6202, .F. ) ;
#5550 = CARTESIAN_POINT ( 'NONE',  ( -29.99717899892468864, -1.997054823054021488, -17.70031685593649584 ) ) ;
#5551 = CARTESIAN_POINT ( 'NONE',  ( -9.215113339122206426, 6.846635291328004413, 6.306828390702125198 ) ) ;
#5552 = CARTESIAN_POINT ( 'NONE',  ( -15.29716791417245147, 7.337228446355141820, 7.184411237346111534 ) ) ;
#5553 = ADVANCED_FACE ( 'NONE', ( #1287 ), #769, .T. ) ;
#5554 = EDGE_CURVE ( 'NONE', #3417, #2760, #2024, .T. ) ;
#5555 = CARTESIAN_POINT ( 'NONE',  ( 66.05905264037761526, 2.140086367853161864, 11.96505456439021309 ) ) ;
#5556 = DIRECTION ( 'NONE',  ( 0.000000000000000000, 0.000000000000000000, -1.000000000000000000 ) ) ;
#5557 = CARTESIAN_POINT ( 'NONE',  ( 3.624681777543828698, 4.703180388187307770, 6.912736206751184831 ) ) ;
#5558 = CARTESIAN_POINT ( 'NONE',  ( 54.50071103652051363, -2.787014054810985630, 20.72436141967772016 ) ) ;
#5559 = CARTESIAN_POINT ( 'NONE',  ( -2.555373850527150381, 6.475032130601257485, 6.002003839226409454 ) ) ;
#5560 = CARTESIAN_POINT ( 'NONE',  ( 119.6514037789550287, 5.404487774606342221, 2.014034762338825502 ) ) ;
#5561 = CARTESIAN_POINT ( 'NONE',  ( 1.884852526925490102, 3.907262839665697207, 5.974458620729547143 ) ) ;
#5562 = CARTESIAN_POINT ( 'NONE',  ( 69.82193930985772568, 7.128765379899165922, -6.953968957890821478 ) ) ;
#5563 = CARTESIAN_POINT ( 'NONE',  ( -19.72916899506057931, 7.969627212972684838, 7.964579228704852909 ) ) ;
#5564 = CARTESIAN_POINT ( 'NONE',  ( -119.0435135962188298, 6.176676394175947493, 3.093728452282277441 ) ) ;
#5565 = ORIENTED_EDGE ( 'NONE', *, *, #655, .F. ) ;
#5566 = CARTESIAN_POINT ( 'NONE',  ( -77.24084472656251421, 8.370612414060630613, 1.753104329109196335 ) ) ;
#5567 = CARTESIAN_POINT ( 'NONE',  ( -5.120704251571372545, 4.682829943444003717, 3.140946794821825261 ) ) ;
#5568 = CARTESIAN_POINT ( 'NONE',  ( -12.23093861822558814, 3.248068879710062085, -9.147925673978813066 ) ) ;
#5569 = CARTESIAN_POINT ( 'NONE',  ( 36.63790241525740043, 6.317748302123345816, -9.587637940719513807 ) ) ;
#5570 = CARTESIAN_POINT ( 'NONE',  ( -94.01930549291478201, 4.631261217213991088, -7.796111513858692277 ) ) ;
#5571 = CARTESIAN_POINT ( 'NONE',  ( 1.974993088180876599, 7.136359214640497051, -5.671048341492991973 ) ) ;
#5572 = CARTESIAN_POINT ( 'NONE',  ( -120.6966857910156250, 3.815164120374764156, -6.377313613891594457 ) ) ;
#5573 = DIRECTION ( 'NONE',  ( 0.9999868659906038237, 0.005027295257446590289, -0.0009970700499684884057 ) ) ;
#5574 = ORIENTED_EDGE ( 'NONE', *, *, #335, .T. ) ;
#5575 = CARTESIAN_POINT ( 'NONE',  ( 88.79734112687621916, 6.848366531199844509, -5.938848704568147951 ) ) ;
#5576 = CARTESIAN_POINT ( 'NONE',  ( 5.361713524047364565, 6.588223476034327675, -6.208438935232882372 ) ) ;
#5577 = CARTESIAN_POINT ( 'NONE',  ( -110.0264706320849513, 4.800089647424188755, -4.887886199777162766 ) ) ;
#5578 = CARTESIAN_POINT ( 'NONE',  ( 114.6293242918966513, 4.966503415789419229, 4.067693836552920494 ) ) ;
#5579 = AXIS2_PLACEMENT_3D ( 'NONE', #5847, #5393, #5915 ) ;
#5580 = DIRECTION ( 'NONE',  ( -0.000000000000000000, -1.000000000000000000, -0.000000000000000000 ) ) ;
#5581 = DIRECTION ( 'NONE',  ( -0.0006681045294776316460, -0.1447668887774173907, 0.9894655635998882426 ) ) ;
#5582 = CARTESIAN_POINT ( 'NONE',  ( -4.791149215302721309, 6.570777829286380545, 6.303329484568584995 ) ) ;
#5583 = CARTESIAN_POINT ( 'NONE',  ( 118.1742031287979273, -14.41863965115126867, 17.89937019348142400 ) ) ;
#5584 = EDGE_LOOP ( 'NONE', ( #5490, #1773 ) ) ;
#5585 = CARTESIAN_POINT ( 'NONE',  ( -31.00747066955589659, -2.182603704080246398, -17.91053653887523467 ) ) ;
#5586 = CARTESIAN_POINT ( 'NONE',  ( -8.433465697145216211, 6.761663563838080648, 6.215563420326650323 ) ) ;
#5587 = CARTESIAN_POINT ( 'NONE',  ( -10.60455364437123471, 6.981928999195481822, 6.482197987260975403 ) ) ;
#5588 = CARTESIAN_POINT ( 'NONE',  ( 71.77990389230559742, 1.403521614607211365, 13.43778482127112639 ) ) ;
#5589 = DIRECTION ( 'NONE',  ( -0.000000000000000000, -1.000000000000000000, -0.000000000000000000 ) ) ;
#5590 = CARTESIAN_POINT ( 'NONE',  ( -9.714451465470119729E-14, 6.488675134594886984, -3.500000000000023981 ) ) ;
#5591 = CARTESIAN_POINT ( 'NONE',  ( 55.96725110743389564, 7.222634659832464443, -7.627748489379891694 ) ) ;
#5592 = CARTESIAN_POINT ( 'NONE',  ( -119.1848866348008471, 6.777576911354402434, 2.412327921257005237 ) ) ;
#5593 = CARTESIAN_POINT ( 'NONE',  ( 119.3937833997623841, 5.571421023954052920, 1.397881140118694354 ) ) ;
#5594 = CARTESIAN_POINT ( 'NONE',  ( 119.6773917601996970, 5.846234779054780617, -1.286984847837633783 ) ) ;
#5595 = CARTESIAN_POINT ( 'NONE',  ( 105.6928161711142167, 5.904876247258441069, -5.238908898272376824 ) ) ;
#5596 = CARTESIAN_POINT ( 'NONE',  ( -8.829661969055004889, 7.529945251102340364, 6.188858336279052352 ) ) ;
#5597 = VERTEX_POINT ( 'NONE', #3437 ) ;
#5598 = CARTESIAN_POINT ( 'NONE',  ( -38.36864089965820313, 6.215862901388166328, -5.523239135742185724 ) ) ;
#5599 = CARTESIAN_POINT ( 'NONE',  ( 2.550699330132438547, 6.018345226586156116, -5.874762450655394375 ) ) ;
#5600 = EDGE_CURVE ( 'NONE', #2440, #5153, #5327, .T. ) ;
#5601 = B_SPLINE_CURVE_WITH_KNOTS ( 'NONE', 3,
 ( #5661, #6689, #933, #3042, #2459, #4558, #869, #4524, #1973, #5138, #415, #6621, #2521, #5592, #2391, #1347, #3976, #4013, #4619, #6111, #6716, #6206, #5688, #4491 ),
 .UNSPECIFIED., .F., .F.,
 ( 4, 2, 2, 2, 2, 2, 2, 2, 2, 2, 2, 4 ),
 ( 0.1283069065314355606, 0.1293033353065335955, 0.1302997640816316027, 0.1312961928567296377, 0.1317944072442786552, 0.1322926216318276726, 0.1327908360193766901, 0.1332890504069257076, 0.1342854791820237426, 0.1352819079571218053, 0.1357801223446707950, 0.1362783367322198125 ),
 .UNSPECIFIED. ) ;
#5602 = CARTESIAN_POINT ( 'NONE',  ( -2.818401059278542231, 6.661875925853869340, 6.199117261013323166 ) ) ;
#5603 = CARTESIAN_POINT ( 'NONE',  ( 60.33656866310015943, 6.249926960423580979, -7.365970807624793615 ) ) ;
#5604 = CARTESIAN_POINT ( 'NONE',  ( -11.07527756647293060, 4.309411506424496885, -8.831724247536467232 ) ) ;
#5605 = CARTESIAN_POINT ( 'NONE',  ( -21.22861213570185157, 0.7349493471873039807, -14.15044052955255083 ) ) ;
#5606 = CARTESIAN_POINT ( 'NONE',  ( 1.680134827547574261, 4.372325424387626391, 6.729563127874977013 ) ) ;
#5607 = APPLICATION_PROTOCOL_DEFINITION ( 'international standard', 'config_control_design', 1994, #265 ) ;
#5608 = EDGE_LOOP ( 'NONE', ( #4571, #4377, #2191, #6580 ) ) ;
#5609 = B_SPLINE_CURVE_WITH_KNOTS ( 'NONE', 3,
 ( #5613, #6675, #1534, #1961, #5740, #1021, #3029, #5190, #4063, #1436, #6226, #1502, #4675, #3649, #3614, #2998, #3129, #888, #3553, #465, #376, #5125 ),
 .UNSPECIFIED., .F., .F.,
 ( 4, 2, 2, 2, 2, 2, 2, 2, 2, 2, 4 ),
 ( 0.1120913560469730397, 0.1130311603600852588, 0.1139709646731974779, 0.1149107689863096832, 0.1153806711428657927, 0.1158505732994219023, 0.1163204754559780119, 0.1167903776125341214, 0.1177301819256463405, 0.1186699862387585597, 0.1196097905518707788 ),
 .UNSPECIFIED. ) ;
#5610 = CARTESIAN_POINT ( 'NONE',  ( 59.18383094684474344, 7.643697501248762904, -7.623332948870898740 ) ) ;
#5611 = CARTESIAN_POINT ( 'NONE',  ( 27.78400976727934335, 8.177029424117483458, -9.271044515155592691 ) ) ;
#5612 = CARTESIAN_POINT ( 'NONE',  ( -114.8758074558715805, 5.517217214331449071, -3.983928897134355829 ) ) ;
#5613 = CARTESIAN_POINT ( 'NONE',  ( 116.7838902796599996, 5.497828520807003905, -4.368713801186914658 ) ) ;
#5614 = VERTEX_POINT ( 'NONE', #185 ) ;
#5615 = CARTESIAN_POINT ( 'NONE',  ( -52.84005974848454912, 8.064740205499317582, 8.062189020205670076 ) ) ;
#5616 = EDGE_CURVE ( 'NONE', #5183, #3257, #4543, .T. ) ;
#5617 = CARTESIAN_POINT ( 'NONE',  ( 4.850414793605745345, -9.948500655585986507, 19.08078193664550426 ) ) ;
#5618 = ORIENTED_EDGE ( 'NONE', *, *, #5675, .F. ) ;
#5619 = CARTESIAN_POINT ( 'NONE',  ( -27.18965257694936710, -2.489584014773512877, -18.73898603806440732 ) ) ;
#5620 = CARTESIAN_POINT ( 'NONE',  ( -13.13875066468594177, 7.028557836565503258, 6.840610517952669056 ) ) ;
#5621 = CARTESIAN_POINT ( 'NONE',  ( 1.715756186599493471, 5.382833893641524092, 5.865866943383426957 ) ) ;
#5622 = CARTESIAN_POINT ( 'NONE',  ( 66.57682615697694928, 2.179033011456024571, 11.88728665999066259 ) ) ;
#5623 = CARTESIAN_POINT ( 'NONE',  ( -9.665465593504225669E-14, -42.18829223128360439, 4.000000000000020428 ) ) ;
#5624 = CARTESIAN_POINT ( 'NONE',  ( 56.31269565661359167, 8.949586642134017112, -12.84433937072754617 ) ) ;
#5625 = FACE_OUTER_BOUND ( 'NONE', #6221, .T. ) ;
#5626 = CARTESIAN_POINT ( 'NONE',  ( 119.4087961517223988, 5.412142230904872342, 2.023398177668682241 ) ) ;
#5627 = CARTESIAN_POINT ( 'NONE',  ( 118.0409500215818355, 5.906783162624509309, -3.998461289271396879 ) ) ;
#5628 = CARTESIAN_POINT ( 'NONE',  ( 1.718072182551859228, 5.334397358566066671, 5.815595811549689742 ) ) ;
#5629 = CARTESIAN_POINT ( 'NONE',  ( -9.871161173851520587, 7.571894287038848148, 6.314879737877266308 ) ) ;
#5630 = ORIENTED_EDGE ( 'NONE', *, *, #3813, .T. ) ;
#5631 = DIRECTION ( 'NONE',  ( -0.000000000000000000, -1.000000000000000000, -0.000000000000000000 ) ) ;
#5632 = CARTESIAN_POINT ( 'NONE',  ( -9.714451465470119729E-14, -0.5000000000000177636, -4.500000000000000888 ) ) ;
#5633 = CARTESIAN_POINT ( 'NONE',  ( 21.77271006485361227, 0.2143060381855621255, 14.87123838051253699 ) ) ;
#5634 = CARTESIAN_POINT ( 'NONE',  ( 1.951713932961397946, 5.517576504912564239, 5.996547681570816302 ) ) ;
#5635 = CARTESIAN_POINT ( 'NONE',  ( 9.008393941061155985, 3.900884179776562100, 8.175573503118190644 ) ) ;
#5636 = CARTESIAN_POINT ( 'NONE',  ( -15.63731024776313738, 2.726418303142496669, -11.18707561216970703 ) ) ;
#5637 = CARTESIAN_POINT ( 'NONE',  ( -105.6889760478541547, 6.361757449158876199, 5.026480571736949621 ) ) ;
#5638 = ADVANCED_FACE ( 'NONE', ( #1769 ), #2846, .T. ) ;
#5639 = PERSON_AND_ORGANIZATION ( #4636, #854 ) ;
#5640 = AXIS2_PLACEMENT_3D ( 'NONE', #309, #4409, #1816 ) ;
#5641 = ORIENTED_EDGE ( 'NONE', *, *, #1755, .F. ) ;
#5642 = DIRECTION ( 'NONE',  ( -0.000000000000000000, -1.000000000000000000, -0.000000000000000000 ) ) ;
#5643 = CARTESIAN_POINT ( 'NONE',  ( 10.08161920678505830, 6.887776676471000670, -6.413898249661980522 ) ) ;
#5644 = AXIS2_PLACEMENT_3D ( 'NONE', #5764, #2596, #1519 ) ;
#5645 = CARTESIAN_POINT ( 'NONE',  ( -114.8631178621230333, 5.043945851178029294, -3.823628370764585060 ) ) ;
#5646 = CARTESIAN_POINT ( 'NONE',  ( 1.909695385371227516, 4.812850254091243229, 6.676271772984664565 ) ) ;
#5647 = CIRCLE ( 'NONE', #575, 0.2500000000000000555 ) ;
#5648 = CARTESIAN_POINT ( 'NONE',  ( 8.817456953860942303E-16, 12.99999999999999822, 6.500000000000000888 ) ) ;
#5649 = CARTESIAN_POINT ( 'NONE',  ( -31.75480894957514266, 8.889740455624956184, 9.522408774986825364 ) ) ;
#5650 = CARTESIAN_POINT ( 'NONE',  ( -5.205974143316529634, 7.332466859302686935, -3.596382279311650887 ) ) ;
#5651 = VERTEX_POINT ( 'NONE', #6084 ) ;
#5652 = CARTESIAN_POINT ( 'NONE',  ( -49.02842066599178850, -1.057534692733343995, -17.34907704326166922 ) ) ;
#5653 = CARTESIAN_POINT ( 'NONE',  ( -105.6889760478888292, 6.361757449157888544, 5.026480571735270075 ) ) ;
#5654 = CARTESIAN_POINT ( 'NONE',  ( -9.714451465470119729E-14, -3.816391647148975608E-14, 0.000000000000000000 ) ) ;
#5655 = AXIS2_PLACEMENT_3D ( 'NONE', #1028, #3135, #3621 ) ;
#5656 = B_SPLINE_CURVE_WITH_KNOTS ( 'NONE', 3,
 ( #1742, #670, #2750, #4811, #1160, #2233 ),
 .UNSPECIFIED., .F., .F.,
 ( 4, 2, 4 ),
 ( 1.245653460271121909E-18, 0.0002063138836035203366, 0.0004126277672070394263 ),
 .UNSPECIFIED. ) ;
#5657 = CARTESIAN_POINT ( 'NONE',  ( 75.32855839015071808, 2.896112588580739278, 10.31808038073910438 ) ) ;
#5658 = DIRECTION ( 'NONE',  ( 0.9950932921315859270, -0.08949399289939929947, -0.04219200385907800888 ) ) ;
#5659 = CARTESIAN_POINT ( 'NONE',  ( 126.2125418461934032, 6.356699053290387980, -11.85340023040773438 ) ) ;
#5660 = AXIS2_PLACEMENT_3D ( 'NONE', #3345, #2207, #5440 ) ;
#5661 = CARTESIAN_POINT ( 'NONE',  ( -119.4154075572111680, 5.963230549557800408, -2.023398177648725316 ) ) ;
#5662 = CARTESIAN_POINT ( 'NONE',  ( 117.5246975593211261, 5.236454290542749135, 2.931542286095329519 ) ) ;
#5663 = DIRECTION ( 'NONE',  ( 0.000000000000000000, 0.000000000000000000, -1.000000000000000000 ) ) ;
#5664 = CARTESIAN_POINT ( 'NONE',  ( 65.60335656918975644, 7.229867463280371886, -7.190922576374313202 ) ) ;
#5665 = CARTESIAN_POINT ( 'NONE',  ( -12.98823350195323201, 7.636772592215521627, 6.822028775582887228 ) ) ;
#5666 = ORIENTED_EDGE ( 'NONE', *, *, #697, .F. ) ;
#5667 = CARTESIAN_POINT ( 'NONE',  ( -21.12324142456054332, 8.509648711858728731, -0.2431351542472826865 ) ) ;
#5668 = CARTESIAN_POINT ( 'NONE',  ( -9.714451465470119729E-14, -0.5000000000000177636, -6.499999999999999112 ) ) ;
#5669 = CARTESIAN_POINT ( 'NONE',  ( 16.35453296915514088, 2.121627959975547206, 11.61886856175738814 ) ) ;
#5670 = CARTESIAN_POINT ( 'NONE',  ( 1.922371283902251093, 4.422577457488477748, 6.693559900492492609 ) ) ;
#5671 = CARTESIAN_POINT ( 'NONE',  ( 10.76664637707937366, 3.671304824461901539, 8.830376351431604931 ) ) ;
#5672 = CARTESIAN_POINT ( 'NONE',  ( -20.45360531690499784, 1.022476919948450691, -13.68917432046098881 ) ) ;
#5673 = APPROVAL_DATE_TIME ( #1466, #3225 ) ;
#5674 = EDGE_LOOP ( 'NONE', ( #5016, #6116, #2408, #3927 ) ) ;
#5675 = EDGE_CURVE ( 'NONE', #750, #676, #5547, .T. ) ;
#5676 = CARTESIAN_POINT ( 'NONE',  ( -33.91082659987634429, 8.703077342267039995, 9.629637669910740883 ) ) ;
#5677 = CARTESIAN_POINT ( 'NONE',  ( -4.768630754101158331, 6.838127782011626188, 6.267345294644604436 ) ) ;
#5678 = CARTESIAN_POINT ( 'NONE',  ( -4.791149215302721309, 6.799845193000496835, 6.295153951849506768 ) ) ;
#5679 = CARTESIAN_POINT ( 'NONE',  ( 1.927921422607937307, 4.002773042883312371, 6.251761327870811513 ) ) ;
#5680 = CARTESIAN_POINT ( 'NONE',  ( -25.49963162918488635, 8.522851425904413247, 8.884769486702376540 ) ) ;
#5681 = CARTESIAN_POINT ( 'NONE',  ( -6.267488896180111624, 8.553901265543343513, 0.2253814198824922455 ) ) ;
#5682 = CARTESIAN_POINT ( 'NONE',  ( -44.67900735711550908, -2.085740717595796490, -18.44464054342877901 ) ) ;
#5683 = CARTESIAN_POINT ( 'NONE',  ( -88.81637464732048670, 7.034068414564861094, 5.936316493137797856 ) ) ;
#5684 = CARTESIAN_POINT ( 'NONE',  ( -1.726295681438987595, 5.342345258592504642, -5.815595811549690630 ) ) ;
#5685 = CARTESIAN_POINT ( 'NONE',  ( 104.5646784068001978, 2.595777719664935201, 10.11830095248407169 ) ) ;
#5686 = CARTESIAN_POINT ( 'NONE',  ( -119.6559583873839330, 6.692535650948548742, 1.636143259308778575 ) ) ;
#5687 = CARTESIAN_POINT ( 'NONE',  ( 34.64547238813324270, 5.958087096272800309, -1.013434767723089269 ) ) ;
#5688 = CARTESIAN_POINT ( 'NONE',  ( -116.9605185193640580, 6.523218690972731437, 4.409809897860262673 ) ) ;
#5689 = ORIENTED_EDGE ( 'NONE', *, *, #108, .T. ) ;
#5690 = CARTESIAN_POINT ( 'NONE',  ( 37.03012648499738191, 8.579872866956167243, -9.518568914176217532 ) ) ;
#5691 = CARTESIAN_POINT ( 'NONE',  ( 5.751250251586480289, 3.671120068441329209, 1.685365113851953645 ) ) ;
#5692 = CARTESIAN_POINT ( 'NONE',  ( -119.6563301418436396, 5.721801137857741359, -1.952177918416394320 ) ) ;
#5693 = CARTESIAN_POINT ( 'NONE',  ( -6.021263808692961739, 7.171886943333445785, 6.130251483213076114 ) ) ;
#5694 = ORIENTED_EDGE ( 'NONE', *, *, #536, .T. ) ;
#5695 = CARTESIAN_POINT ( 'NONE',  ( -29.23705101013183238, 8.543197305379855777, -0.7020531296730023740 ) ) ;
#5696 = CARTESIAN_POINT ( 'NONE',  ( 119.4360014583479455, 5.305934136822528124, -1.027906051637924367 ) ) ;
#5697 = EDGE_CURVE ( 'NONE', #4842, #1423, #506, .T. ) ;
#5698 = EDGE_LOOP ( 'NONE', ( #291, #168, #561, #5144 ) ) ;
#5699 = CARTESIAN_POINT ( 'NONE',  ( 20.23220416135914235, 0.8165678240882118244, 13.96226250058635365 ) ) ;
#5700 = CARTESIAN_POINT ( 'NONE',  ( 4.213299009931197325, 8.766820514732485137, -6.501315360041436620 ) ) ;
#5701 = DIRECTION ( 'NONE',  ( -0.000000000000000000, -1.000000000000000000, -0.000000000000000000 ) ) ;
#5702 = CARTESIAN_POINT ( 'NONE',  ( 119.3046814512164673, 6.205506530128340970, -2.115795530890059339 ) ) ;
#5703 = FACE_OUTER_BOUND ( 'NONE', #5938, .T. ) ;
#5704 = PERSON_AND_ORGANIZATION ( #4636, #854 ) ;
#5705 = VERTEX_POINT ( 'NONE', #331 ) ;
#5706 = DIRECTION ( 'NONE',  ( 0.000000000000000000, 0.000000000000000000, -1.000000000000000000 ) ) ;
#5707 = CARTESIAN_POINT ( 'NONE',  ( -76.09825932123938230, 7.386146190223313646, 6.632993387554503073 ) ) ;
#5708 = CARTESIAN_POINT ( 'NONE',  ( -113.8827013853684065, 5.439729392248898066, -4.285432714386311126 ) ) ;
#5709 = CARTESIAN_POINT ( 'NONE',  ( 7.964079740447361999, 4.659571523628235568, 7.758530609469384665 ) ) ;
#5710 = CARTESIAN_POINT ( 'NONE',  ( -55.73962577367974092, 1.489391752364112476, -13.52421108463727784 ) ) ;
#5711 = CARTESIAN_POINT ( 'NONE',  ( -2.258458586539235924, 4.094683506515985449, -5.595229721892602370 ) ) ;
#5712 = CARTESIAN_POINT ( 'NONE',  ( -57.06214498802947332, 8.003605614093951104, 7.701983407162552808 ) ) ;
#5713 = CARTESIAN_POINT ( 'NONE',  ( -3.832942138466791437, 8.092816537320931758, 4.628285847075114035 ) ) ;
#5714 = CARTESIAN_POINT ( 'NONE',  ( -36.21921249285933442, -1.948156921265102426, -18.40165365454252822 ) ) ;
#5715 = CARTESIAN_POINT ( 'NONE',  ( -101.4764608236306884, 6.502484270001073874, 5.372983075854875779 ) ) ;
#5716 = CARTESIAN_POINT ( 'NONE',  ( -1.729911533185074290, 5.233647523226588660, -5.745194696212706731 ) ) ;
#5717 = CARTESIAN_POINT ( 'NONE',  ( 103.3051421892152177, 4.571332176260957780, 6.179241156661413825 ) ) ;
#5718 = CARTESIAN_POINT ( 'NONE',  ( -119.7023734197731102, 6.507919610625887863, 0.4926706746395325687 ) ) ;
#5719 = CARTESIAN_POINT ( 'NONE',  ( 118.8911320211385885, -2.900449954563104171, 21.02942657470700638 ) ) ;
#5720 = CARTESIAN_POINT ( 'NONE',  ( 50.37794807641579808, 8.652922082092315392, -7.015694618225105650 ) ) ;
#5721 = CARTESIAN_POINT ( 'NONE',  ( 12.99282213543629538, 7.467265137699758526, -6.821683644170826177 ) ) ;
#5722 = CARTESIAN_POINT ( 'NONE',  ( -117.3743270714390405, 6.003105392248993866, 4.132565017534042262 ) ) ;
#5723 = FACE_OUTER_BOUND ( 'NONE', #5698, .T. ) ;
#5724 = CARTESIAN_POINT ( 'NONE',  ( 111.5564007698983033, 4.335497097303909086, 4.627660212339306689 ) ) ;
#5725 = CARTESIAN_POINT ( 'NONE',  ( -2.555757551263489802, 6.030128407240852972, 5.874762450655395263 ) ) ;
#5726 = EDGE_LOOP ( 'NONE', ( #2382, #86, #3600, #4127, #346 ) ) ;
#5727 = CARTESIAN_POINT ( 'NONE',  ( -1.213391229894950740, 3.236029348821911622, -3.857901573181151900 ) ) ;
#5728 = CARTESIAN_POINT ( 'NONE',  ( 8.823042866245602411, 3.686824484151803638, 8.116593763300542719 ) ) ;
#5729 = CARTESIAN_POINT ( 'NONE',  ( -4.835050722485120467, 6.992094230206157057, -3.565193167421216724 ) ) ;
#5730 = SPHERICAL_SURFACE ( 'NONE', #5749, 0.2500000000000000000 ) ;
#5731 = CARTESIAN_POINT ( 'NONE',  ( -13.97647867779191344, 2.820565732231709255, -10.28687766756496202 ) ) ;
#5732 = CARTESIAN_POINT ( 'NONE',  ( -6.261189644486563566, 4.646057439272802903, -7.386651592858461512 ) ) ;
#5733 = EDGE_LOOP ( 'NONE', ( #2158, #6439, #1441 ) ) ;
#5734 = CARTESIAN_POINT ( 'NONE',  ( 0.000000000000000000, -16.44246573510923426, 0.000000000000000000 ) ) ;
#5735 = CARTESIAN_POINT ( 'NONE',  ( 5.834942189125757572, 3.442616844811833499, 1.362457636898249058 ) ) ;
#5736 = CARTESIAN_POINT ( 'NONE',  ( -12.08692051784089472, 7.484368289659918183, 6.687396137645217564 ) ) ;
#5737 = CARTESIAN_POINT ( 'NONE',  ( -1.951336035593025375, 3.954707433956376139, -6.093419778309198342 ) ) ;
#5738 = CARTESIAN_POINT ( 'NONE',  ( 119.6036738095142340, 5.928199018583993229, -1.926195572374277187 ) ) ;
#5739 = CARTESIAN_POINT ( 'NONE',  ( -115.4550397385252865, 2.272702797357279980, -12.15126856715539105 ) ) ;
#5740 = CARTESIAN_POINT ( 'NONE',  ( 118.1524683919132173, 5.409774162258128349, -3.619773771856285016 ) ) ;
#5741 = CARTESIAN_POINT ( 'NONE',  ( 15.25482652985676069, 7.040198872424814347, -7.039605362329035110 ) ) ;
#5742 = CARTESIAN_POINT ( 'NONE',  ( -27.57785565637787073, 8.701117078515114400, 9.165264566908572164 ) ) ;
#5743 = CIRCLE ( 'NONE', #3216, 0.2499999999999995559 ) ;
#5744 = CARTESIAN_POINT ( 'NONE',  ( -2.277129099834090731, 6.827180875872959298, 5.996122392287806413 ) ) ;
#5745 = CARTESIAN_POINT ( 'NONE',  ( -44.73193362024490227, -0.5795111717407975815, -16.14311207191643760 ) ) ;
#5746 = CARTESIAN_POINT ( 'NONE',  ( -103.5893970782876607, 6.449698960682914262, 5.313367652264039620 ) ) ;
#5747 = CARTESIAN_POINT ( 'NONE',  ( -1.726295681438987595, 5.342345258592504642, -5.815595811549690630 ) ) ;
#5748 = CARTESIAN_POINT ( 'NONE',  ( 94.00553019888185702, 4.197336993149223261, 7.796314090178050549 ) ) ;
#5749 = AXIS2_PLACEMENT_3D ( 'NONE', #4666, #2082, #3152 ) ;
#5750 = CARTESIAN_POINT ( 'NONE',  ( -119.6475683768525329, 6.255083383163034583, -0.7776878782316143379 ) ) ;
#5751 = CARTESIAN_POINT ( 'NONE',  ( -2.529215123913075569, 6.786021555800967775, 6.063938358248111449 ) ) ;
#5752 = CIRCLE ( 'NONE', #1793, 4.000000000000000000 ) ;
#5754 = EDGE_CURVE ( 'NONE', #459, #3963, #264, .T. ) ;
#5753 = CARTESIAN_POINT ( 'NONE',  ( 4.322781440187537960, 0.09552901965280066743, -12.46649932861327947 ) ) ;
#5755 = EDGE_CURVE ( 'NONE', #1217, #6680, #6749, .T. ) ;
#5756 = CARTESIAN_POINT ( 'NONE',  ( 22.33131393118271646, 8.154189023638057421, -8.370021760002517297 ) ) ;
#5757 = CARTESIAN_POINT ( 'NONE',  ( 5.541643446839059628, 3.595729933912823029, 2.282603360295923256 ) ) ;
#5758 = CARTESIAN_POINT ( 'NONE',  ( -119.6554057223514036, 6.445427888461502164, 1.614390939826049864 ) ) ;
#5759 = CARTESIAN_POINT ( 'NONE',  ( 81.50693373823762045, 3.304489038257460987, 9.234395436986316597 ) ) ;
#5760 = CONICAL_SURFACE ( 'NONE', #5871, 2.000000000000024869, 1.047197551196602294 ) ;
#5761 = CARTESIAN_POINT ( 'NONE',  ( -18.09841116416953710, 2.146513180134017151, -12.64312458375344406 ) ) ;
#5762 = EDGE_LOOP ( 'NONE', ( #3507, #5405, #4018 ) ) ;
#5763 = CARTESIAN_POINT ( 'NONE',  ( 3.952400835380808886, -3.363347866924719654, 22.83184432983398082 ) ) ;
#5764 = CARTESIAN_POINT ( 'NONE',  ( -9.714451465470119729E-14, -1.000000000000018208, 0.000000000000000000 ) ) ;
#5765 = DIRECTION ( 'NONE',  ( 0.000000000000000000, 0.000000000000000000, -1.000000000000000000 ) ) ;
#5766 = B_SPLINE_CURVE_WITH_KNOTS ( 'NONE', 3,
 ( #595, #83, #2217, #2190, #1696, #1047 ),
 .UNSPECIFIED., .F., .F.,
 ( 4, 2, 4 ),
 ( 3.906617392026804883E-16, 0.0001948590796938707236, 0.0003897181593873507550 ),
 .UNSPECIFIED. ) ;
#5767 = CARTESIAN_POINT ( 'NONE',  ( 6.157958652064690064, 3.874696828395336912, 7.165086114244071602 ) ) ;
#5768 = CARTESIAN_POINT ( 'NONE',  ( -5.006727090876885278, 7.121564925018837755, -3.320253086081051297 ) ) ;
#5769 = CARTESIAN_POINT ( 'NONE',  ( 8.186446530004470645, 6.564506375169036900, -6.187383055091761896 ) ) ;
#5770 = CARTESIAN_POINT ( 'NONE',  ( -97.24201952092205659, 7.124961717828546703, 5.431469399008355126 ) ) ;
#5771 = DIRECTION ( 'NONE',  ( -0.000000000000000000, -1.000000000000000000, -0.000000000000000000 ) ) ;
#5772 = CALENDAR_DATE ( 2022, 12, 7 ) ;
#5773 = ORIENTED_EDGE ( 'NONE', *, *, #3739, .F. ) ;
#5774 = DIRECTION ( 'NONE',  ( -0.9999893508874444503, 0.004614987725603184390, 0.000000000000000000 ) ) ;
#5775 = CARTESIAN_POINT ( 'NONE',  ( 3.432395701545637223, 5.675483028900881521, -5.399857451765491589 ) ) ;
#5776 = CARTESIAN_POINT ( 'NONE',  ( -7.652272775178643016, 7.289624001468992809, 6.143036898949852720 ) ) ;
#5777 = CARTESIAN_POINT ( 'NONE',  ( 71.86219530618384965, 7.369440837181034709, -6.754632735601645344 ) ) ;
#5778 = CARTESIAN_POINT ( 'NONE',  ( 119.0384601289673157, 5.993632831678548101, -3.097296230856049437 ) ) ;
#5779 = CARTESIAN_POINT ( 'NONE',  ( 4.616537682395299491, 6.897358073801676426, 4.354163146463389644 ) ) ;
#5780 = CARTESIAN_POINT ( 'NONE',  ( -4.813670635223390448, 2.944608242689096045, -4.603000164031982422 ) ) ;
#5781 = CARTESIAN_POINT ( 'NONE',  ( -29.99959589882498889, -1.997533408565591584, -17.70086133864551670 ) ) ;
#5782 = CARTESIAN_POINT ( 'NONE',  ( 119.6529574575285153, 6.027481504446890348, 1.989319150081679144 ) ) ;
#5783 = CARTESIAN_POINT ( 'NONE',  ( -5.906367826455604764, 8.276267426106002745, -1.106275979865710246 ) ) ;
#5784 = CARTESIAN_POINT ( 'NONE',  ( -40.77904258724121433, -1.181144397012939606, -17.57030268900959769 ) ) ;
#5785 = CARTESIAN_POINT ( 'NONE',  ( -84.57976521463557162, 6.896455723907494395, 5.978292368956688918 ) ) ;
#5786 = CARTESIAN_POINT ( 'NONE',  ( 107.5558677231048108, 6.265437024800292853, -5.040772036683888402 ) ) ;
#5787 = CARTESIAN_POINT ( 'NONE',  ( 105.3733682538855732, 4.634709687306116876, 5.828823344316124810 ) ) ;
#5788 = CARTESIAN_POINT ( 'NONE',  ( -119.4058598263736997, 6.045417391125729623, -1.711536830400191889 ) ) ;
#5789 = CARTESIAN_POINT ( 'NONE',  ( -4.929537464415954418, 4.793863205187562926, 4.022358874608939594 ) ) ;
#5790 = CARTESIAN_POINT ( 'NONE',  ( 0.000000000000000000, 0.000000000000000000, 0.000000000000000000 ) ) ;
#5791 = CARTESIAN_POINT ( 'NONE',  ( 37.02577002614193447, 8.655624112491507205, -9.422145292214620937 ) ) ;
#5792 = DIRECTION ( 'NONE',  ( 1.000000000000000000, -7.996734198290766312E-16, 0.000000000000000000 ) ) ;
#5793 = CARTESIAN_POINT ( 'NONE',  ( 27.66560050281811556, -2.781202393802551853, 18.91571325039241458 ) ) ;
#5794 = CARTESIAN_POINT ( 'NONE',  ( 74.29440194486167570, 2.808572043144265784, 10.52455963702209019 ) ) ;
#5795 = ADVANCED_FACE ( 'NONE', ( #4567 ), #6402, .T. ) ;
#5796 = CARTESIAN_POINT ( 'NONE',  ( -119.6501450488202920, 5.932508886830421879, -0.7256431862551936396 ) ) ;
#5797 = AXIS2_PLACEMENT_3D ( 'NONE', #1156, #3265, #5364 ) ;
#5798 = VERTEX_POINT ( 'NONE', #6152 ) ;
#5799 = CARTESIAN_POINT ( 'NONE',  ( 1.719962143832991952, 4.835660432111523299, 5.745021322864142910 ) ) ;
#5800 = DIRECTION ( 'NONE',  ( 0.000000000000000000, -0.000000000000000000, 1.000000000000000000 ) ) ;
#5801 = CARTESIAN_POINT ( 'NONE',  ( 119.6842579896978265, 5.562014109686132635, -1.137933154961910054 ) ) ;
#5802 = CARTESIAN_POINT ( 'NONE',  ( 8.446106928423779081, 6.591899205953400731, -6.216349805118531080 ) ) ;
#5803 = CARTESIAN_POINT ( 'NONE',  ( -101.4699285160277640, 6.776437533541087355, 5.375018732177350600 ) ) ;
#5804 = SPHERICAL_SURFACE ( 'NONE', #6637, 6.915440399266786109 ) ;
#5805 = VERTEX_POINT ( 'NONE', #6216 ) ;
#5806 = ADVANCED_FACE ( 'NONE', ( #5050 ), #6772, .T. ) ;
#5807 = ORIENTED_EDGE ( 'NONE', *, *, #196, .F. ) ;
#5808 = DIRECTION ( 'NONE',  ( 0.004462585334541463791, 0.9669663447216421126, 0.2548650103639142350 ) ) ;
#5809 = CARTESIAN_POINT ( 'NONE',  ( 5.109400950161075095, 4.659223912783296839, -3.140946794821802168 ) ) ;
#5810 = CARTESIAN_POINT ( 'NONE',  ( -46.53482251426459726, 8.128928453489210781, 8.725708164903904773 ) ) ;
#5811 = DIRECTION ( 'NONE',  ( -1.734723475976806700E-15, -0.6500609159137241688, -0.7598820998032591589 ) ) ;
#5812 = CARTESIAN_POINT ( 'NONE',  ( 118.4457065474581867, 5.957008274636779177, -3.687051861859759860 ) ) ;
#5813 = CARTESIAN_POINT ( 'NONE',  ( 1.686994385940986385, 5.299856645352242879, 6.188472735219156640 ) ) ;
#5814 = CARTESIAN_POINT ( 'NONE',  ( -15.29584598541259410, 8.262849481283160102, 9.120211601257324219 ) ) ;
#5815 = CARTESIAN_POINT ( 'NONE',  ( 18.37726056672444486, 7.267396145989403422, -7.565308234085799555 ) ) ;
#5816 = CARTESIAN_POINT ( 'NONE',  ( 1.573546269243909945, 3.862548786607927553, 5.786166388716361908 ) ) ;
#5817 = CARTESIAN_POINT ( 'NONE',  ( -4.539985489811788177, 8.435678936904251302, 3.927518904766674535 ) ) ;
#5818 = CARTESIAN_POINT ( 'NONE',  ( -89.85266017116275350, 4.012699654748723255, -8.169759694745177825 ) ) ;
#5819 = CARTESIAN_POINT ( 'NONE',  ( -1.693811841614722535, 4.371002829719551563, -6.505738971482651678 ) ) ;
#5820 = CARTESIAN_POINT ( 'NONE',  ( 107.5352536089236395, 5.812441878191832778, -4.933914714731170825 ) ) ;
#5821 = CARTESIAN_POINT ( 'NONE',  ( 106.4084363433456843, 4.662913224091658648, 5.658970383477995192 ) ) ;
#5822 = ORIENTED_EDGE ( 'NONE', *, *, #696, .F. ) ;
#5823 = B_SPLINE_CURVE_WITH_KNOTS ( 'NONE', 3,
 ( #2775, #5328, #184, #3331, #2715, #4328, #4363, #3194, #5426, #2681, #5941, #5911, #3226, #1632, #3743, #6426, #89, #1117, #1220, #701, #2813, #601, #1701, #3808, #118, #4804, #1185, #1666, #5294, #6360, #2194, #6490, #1768, #6392, #4905, #5841, #3293, #2294, #2259, #4398, #3880, #4871, #1087, #565, #4775, #4295, #2743, #4835, #57, #3773, #2161, #4260, #3261, #5360 ),
 .UNSPECIFIED., .F., .F.,
 ( 4, 2, 2, 2, 2, 2, 2, 2, 2, 2, 2, 2, 2, 2, 2, 2, 2, 2, 2, 2, 2, 2, 2, 2, 2, 2, 4 ),
 ( 0.0002281808145116363340, 0.001014124760548876193, 0.001800068706586116160, 0.002586012652623355910, 0.003371956598660595661, 0.004157900544697831074, 0.004943844490735066488, 0.006515732382809535581, 0.009659508166958468561, 0.01280328395110740328, 0.01437517184318187584, 0.01594705973525634493, 0.01909083551940530046, 0.02223461130355425253, 0.02537838708770320806, 0.03166593865600111218, 0.03480971444015007465, 0.03795349022429902325, 0.04424104179259692737, 0.05052859336089483844, 0.05681614492919274256, 0.06310369649749067444, 0.06939124806578861326, 0.07567879963408653821, 0.08825390277068244360, 0.09454145433898038242, 0.1008290059072782935 ),
 .UNSPECIFIED. ) ;
#5824 = EDGE_CURVE ( 'NONE', #1217, #1297, #817, .T. ) ;
#5825 = CARTESIAN_POINT ( 'NONE',  ( -119.5087320849473116, 6.509770535258986079, 2.267417459761947196 ) ) ;
#5826 = CARTESIAN_POINT ( 'NONE',  ( -3.637205807577872374, 5.594775654609327020, 5.263437750509044832 ) ) ;
#5827 = CARTESIAN_POINT ( 'NONE',  ( 50.50223016620075356, 3.068865918866053200, -13.48834323883057351 ) ) ;
#5828 = EDGE_LOOP ( 'NONE', ( #1818, #3770, #4380, #5807, #6178 ) ) ;
#5829 = CARTESIAN_POINT ( 'NONE',  ( 37.02334283467413201, 8.457359661884080282, -9.518018847932937732 ) ) ;
#5830 = CARTESIAN_POINT ( 'NONE',  ( -4.560374964739970949, 8.787300299369810830, 6.403674715596723743 ) ) ;
#5831 = CARTESIAN_POINT ( 'NONE',  ( -119.5694928119016112, 6.496953449090127286, 2.099659554142992768 ) ) ;
#5832 = CARTESIAN_POINT ( 'NONE',  ( -119.6514115684748845, 5.891184250733318528, 1.678761781950819376 ) ) ;
#5833 = CARTESIAN_POINT ( 'NONE',  ( -109.4101029231359661, 6.708992278765248507, 4.943915975618707215 ) ) ;
#5834 = CARTESIAN_POINT ( 'NONE',  ( 9.995776513030666166, 6.879991414526344329, -6.402911229604577592 ) ) ;
#5835 = CARTESIAN_POINT ( 'NONE',  ( -1.559329602305906226, 4.389170119881490528, -6.721628531518627270 ) ) ;
#5836 = DIRECTION ( 'NONE',  ( 0.03590852244035982327, -0.6597309659043760766, -0.7506434777196356878 ) ) ;
#5837 = EDGE_CURVE ( 'NONE', #3992, #1490, #1170, .T. ) ;
#5838 = EDGE_LOOP ( 'NONE', ( #1331, #1857, #4290, #449 ) ) ;
#5839 = FACE_OUTER_BOUND ( 'NONE', #5584, .T. ) ;
#5840 = CARTESIAN_POINT ( 'NONE',  ( 5.968278516721595039, 3.667376617256180804, -0.5420679589717106728 ) ) ;
#5841 = CARTESIAN_POINT ( 'NONE',  ( 44.43298348986249380, 8.077028562482823304, -8.920784681689339024 ) ) ;
#5842 = SPHERICAL_SURFACE ( 'NONE', #1801, 0.2500000000000000000 ) ;
#5843 = EDGE_CURVE ( 'NONE', #2535, #2326, #3862, .T. ) ;
#5844 = CARTESIAN_POINT ( 'NONE',  ( 119.4456947776779714, 6.076944560232352188, -1.127914493625466363 ) ) ;
#5845 = SPHERICAL_SURFACE ( 'NONE', #4476, 0.2500000000000000000 ) ;
#5846 = CARTESIAN_POINT ( 'NONE',  ( -15.78984642028807883, 9.620970518766377211, 11.53512859344482600 ) ) ;
#5847 = CARTESIAN_POINT ( 'NONE',  ( -9.714451465470119729E-14, 10.63921286096972096, 0.000000000000000000 ) ) ;
#5848 = B_SPLINE_CURVE_WITH_KNOTS ( 'NONE', 3,
 ( #4455, #3284, #4895, #6032, #6414, #1176, #3867, #6550, #2213, #1692, #5962, #1276, #758, #2734, #4824, #5483, #3939, #5380, #6449, #3799, #2250, #2283, #653, #1791, #2765, #2319, #1308, #723, #687, #4928, #107, #4418, #174, #5900, #6513, #5999, #3425, #4354, #621, #1725, #4388, #2869, #4960, #242, #3319, #2354, #3836, #5412 ),
 .UNSPECIFIED., .F., .F.,
 ( 4, 2, 2, 2, 2, 2, 2, 2, 2, 2, 2, 2, 2, 2, 2, 2, 2, 2, 2, 2, 2, 2, 2, 4 ),
 ( 1.328850268574726584E-15, 0.0007890290255092761258, 0.001578058051017223453, 0.002367087076525170673, 0.003156116102033118109, 0.003945145127541065111, 0.004734174153049012547, 0.006312232204064913491, 0.009468348306096711908, 0.01262446440812851206, 0.01578058051016030874, 0.01893669661219210890, 0.02209281271422390905, 0.02524892881625571267, 0.03156116102031931298, 0.03471727712235112007, 0.03787339322438292022, 0.05049785763251010001, 0.05681008983657367256, 0.06312232204063725205, 0.07574678644876441103, 0.08837125085689157000, 0.09468348306095515643, 0.1009957152650187290 ),
 .UNSPECIFIED. ) ;
#5849 = ORIENTED_EDGE ( 'NONE', *, *, #2696, .T. ) ;
#5850 = CARTESIAN_POINT ( 'NONE',  ( 118.6407862573236400, 5.992935428163657541, -3.697752287497020784 ) ) ;
#5851 =( BOUNDED_SURFACE ( )  B_SPLINE_SURFACE ( 3, 2, ( 
 ( #2335, #2441, #3518 ),
 ( #6638, #5537, #819 ),
 ( #4944, #5017, #5467 ),
 ( #6051, #4436, #338 ),
 ( #1774, #1922, #6534 ),
 ( #6092, #5575, #3993 ),
 ( #1366, #5983, #2410 ),
 ( #4028, #1810, #5056 ),
 ( #4572, #3372, #6127 ),
 ( #302, #3484, #4509 ),
 ( #741, #2884, #1847 ),
 ( #2851, #3922, #885 ),
 ( #372, #2477, #266 ),
 ( #1401, #5610, #2962 ),
 ( #1262, #6605, #855 ),
 ( #3887, #2995, #3408 ),
 ( #3444, #6017, #776 ),
 ( #5086, #4981, #1292 ),
 ( #5499, #2374, #4472 ),
 ( #6572, #3958, #1326 ),
 ( #88, #6785, #2003 ),
 ( #4, #4110, #6344 ),
 ( #5829, #5690, #5791 ),
 ( #3140, #3177, #2069 ),
 ( #4622, #1483, #1547 ),
 ( #1616, #2588, #3597 ),
 ( #3626, #5139, #3698 ),
 ( #481, #4654, #2522 ),
 ( #1070, #966, #4686 ),
 ( #6208, #3071, #3662 ),
 ( #6717, #5278, #5169 ),
 ( #4175, #4723, #5756 ),
 ( #445, #6238, #5206 ),
 ( #6273, #1034, #2551 ),
 ( #6751, #2107, #2145 ),
 ( #5241, #550, #2662 ),
 ( #2036, #4141, #517 ),
 ( #4246, #416, #3730 ),
 ( #2625, #4209, #1512 ),
 ( #5721, #1103, #997 ),
 ( #3105, #6309, #1584 ),
 ( #4755, #39, #203 ),
 ( #5928, #5311, #718 ),
 ( #5345, #4890, #75 ),
 ( #2797, #3902, #1206 ),
 ( #6508, #3795, #3863 ),
 ( #5995, #4791, #2209 ),
 ( #5958, #2180, #6376 ),
 ( #2245, #616, #1720 ),
 ( #586, #1650, #4279 ),
 ( #3832, #6408, #135 ),
 ( #6476, #3314, #3759 ),
 ( #2830, #5376, #1137 ),
 ( #170, #2730, #5860 ) ),
 .UNSPECIFIED., .F., .F., .F. ) 
 B_SPLINE_SURFACE_WITH_KNOTS ( ( 4, 2, 2, 2, 2, 2, 2, 2, 2, 2, 2, 2, 2, 2, 2, 2, 2, 2, 2, 2, 2, 2, 2, 2, 2, 2, 4 ),
 ( 3, 3 ),
 ( 0.1552645755687874496, 0.1616816903153061036, 0.1680988050618247853, 0.1809330345548620933, 0.1873501493013807750, 0.1937672640478994290, 0.2001843787944180830, 0.2066014935409367648, 0.2130186082874554188, 0.2194357230339740727, 0.2226442804072334136, 0.2258528377804927545, 0.2290613951537520676, 0.2322699525270114085, 0.2354785099002707494, 0.2386870672735300625, 0.2418956246467894033, 0.2434999033334190877, 0.2451041820200487442, 0.2483127393933080851, 0.2515212967665674260, 0.2531255754531970825, 0.2539277147965118830, 0.2547298541398267391, 0.2563341328264563956, 0.2571362721697711962, 0.2579384115130860522 ),
 ( 0.000000000000000000, 1.000000000000000000 ),
 .UNSPECIFIED. ) 
 GEOMETRIC_REPRESENTATION_ITEM ( )  RATIONAL_B_SPLINE_SURFACE ( (
 ( 1.000000000000000000, 0.8863874983790772655, 1.000000000000000000),
 ( 1.000000000000000000, 0.8883746234616525239, 1.000000000000000000),
 ( 1.000000000000000000, 0.8887468093110172385, 1.000000000000000000),
 ( 1.000000000000000000, 0.8906242631765267648, 1.000000000000000000),
 ( 1.000000000000000000, 0.8920121482376529576, 1.000000000000000000),
 ( 1.000000000000000000, 0.8967345750589497122, 1.000000000000000000),
 ( 1.000000000000000000, 0.8999657879000776406, 1.000000000000000000),
 ( 1.000000000000000000, 0.9005350996191896495, 1.000000000000000000),
 ( 1.000000000000000000, 0.9000319502439685371, 1.000000000000000000),
 ( 1.000000000000000000, 0.8986482500397873219, 1.000000000000000000),
 ( 1.000000000000000000, 0.8977704071105175876, 1.000000000000000000),
 ( 1.000000000000000000, 0.8974472907326526139, 1.000000000000000000),
 ( 1.000000000000000000, 0.8981321251786809068, 1.000000000000000000),
 ( 1.000000000000000000, 0.9022978092502815795, 1.000000000000000000),
 ( 1.000000000000000000, 0.9050590054652809524, 1.000000000000000000),
 ( 1.000000000000000000, 0.9060444158706999485, 1.000000000000000000),
 ( 1.000000000000000000, 0.9049832525779315517, 1.000000000000000000),
 ( 1.000000000000000000, 0.8989162997827420121, 1.000000000000000000),
 ( 1.000000000000000000, 0.8941669054409596695, 1.000000000000000000),
 ( 1.000000000000000000, 0.8928473436123801621, 1.000000000000000000),
 ( 1.000000000000000000, 0.8933518534246503995, 1.000000000000000000),
 ( 1.000000000000000000, 0.8958160783121257298, 1.000000000000000000),
 ( 1.000000000000000000, 0.8977740472150805839, 1.000000000000000000),
 ( 1.000000000000000000, 0.9016241121416990190, 1.000000000000000000),
 ( 1.000000000000000000, 0.9035008757952707192, 1.000000000000000000),
 ( 1.000000000000000000, 0.9067337106811952374, 1.000000000000000000),
 ( 1.000000000000000000, 0.9080868055489026425, 1.000000000000000000),
 ( 1.000000000000000000, 0.9110424910272416632, 1.000000000000000000),
 ( 1.000000000000000000, 0.9119512345737403880, 1.000000000000000000),
 ( 1.000000000000000000, 0.9137374028391209713, 1.000000000000000000),
 ( 1.000000000000000000, 0.9189781470727457213, 1.000000000000000000),
 ( 1.000000000000000000, 0.9295261609139597869, 1.000000000000000000),
 ( 1.000000000000000000, 0.9300525324038457775, 1.000000000000000000),
 ( 1.000000000000000000, 0.9244641440163536839, 1.000000000000000000),
 ( 1.000000000000000000, 0.9199726054965152722, 1.000000000000000000),
 ( 1.000000000000000000, 0.9139136474408797728, 1.000000000000000000),
 ( 1.000000000000000000, 0.9119798781346033500, 1.000000000000000000),
 ( 1.000000000000000000, 0.9092179162206406318, 1.000000000000000000),
 ( 1.000000000000000000, 0.9111212428998241020, 1.000000000000000000),
 ( 1.000000000000000000, 0.9159640032550331323, 1.000000000000000000),
 ( 1.000000000000000000, 0.9188072523208228315, 1.000000000000000000),
 ( 1.000000000000000000, 0.9206715955601918466, 1.000000000000000000),
 ( 1.000000000000000000, 0.9209161536581766949, 1.000000000000000000),
 ( 1.000000000000000000, 0.9205623055779585950, 1.000000000000000000),
 ( 1.000000000000000000, 0.9203051719327595137, 1.000000000000000000),
 ( 1.000000000000000000, 0.9196412319065021546, 1.000000000000000000),
 ( 1.000000000000000000, 0.9193311850155787557, 1.000000000000000000),
 ( 1.000000000000000000, 0.9189604478268439403, 1.000000000000000000),
 ( 1.000000000000000000, 0.9195805563261777449, 1.000000000000000000),
 ( 1.000000000000000000, 0.9215510029681344140, 1.000000000000000000),
 ( 1.000000000000000000, 0.9223478595879456288, 1.000000000000000000),
 ( 1.000000000000000000, 0.9239319056377990336, 1.000000000000000000),
 ( 1.000000000000000000, 0.9245744700648917958, 1.000000000000000000),
 ( 1.000000000000000000, 0.9260605339281220427, 1.000000000000000000) ) ) 
 REPRESENTATION_ITEM ( '' )  SURFACE ( )  );
#5852 = LINE ( 'NONE', #1710, #5313 ) ;
#5853 = CARTESIAN_POINT ( 'NONE',  ( -75.99279858019271217, 2.009284078113185767, -12.95297267882244441 ) ) ;
#5854 = CARTESIAN_POINT ( 'NONE',  ( -43.72597076085520484, -0.4468734069311526835, -16.74735660876552856 ) ) ;
#5855 = CARTESIAN_POINT ( 'NONE',  ( 34.59160247738594052, -2.204675891015827283, 18.50398900105084721 ) ) ;
#5856 = CARTESIAN_POINT ( 'NONE',  ( 114.2725947150154013, 1.852595254093831079, 11.76792928899464563 ) ) ;
#5857 = CARTESIAN_POINT ( 'NONE',  ( -118.3017674538586732, 6.749568428328593939, 3.546361191719369810 ) ) ;
#5858 = CARTESIAN_POINT ( 'NONE',  ( -2.293453513233530305, 7.051346776207365608, 5.782508798546618145 ) ) ;
#5859 = CARTESIAN_POINT ( 'NONE',  ( 12.50716161699495999, 7.970593265855645981, -0.3769603073596974885 ) ) ;
#5860 = CARTESIAN_POINT ( 'NONE',  ( 4.767277875010914379, 6.816123614202612480, -6.267345294649583565 ) ) ;
#5861 = CARTESIAN_POINT ( 'NONE',  ( 114.9579294591877527, 6.019658500549397218, -4.614585860426752895 ) ) ;
#5862 = CARTESIAN_POINT ( 'NONE',  ( 34.07374159528136914, -2.209307333763390613, 18.51072385871901105 ) ) ;
#5863 = CARTESIAN_POINT ( 'NONE',  ( 4.054817646050459246, 6.399653505186604363, -6.205307311514907553 ) ) ;
#5864 = DIRECTION ( 'NONE',  ( 0.000000000000000000, 0.000000000000000000, -1.000000000000000000 ) ) ;
#5865 = CARTESIAN_POINT ( 'NONE',  ( 1.672673523993450040, 4.423366664880444610, 6.681295894286598092 ) ) ;
#5866 = AXIS2_PLACEMENT_3D ( 'NONE', #225, #5470, #1329 ) ;
#5867 = CARTESIAN_POINT ( 'NONE',  ( 2.288961003569880415, 5.907390478011159907, -5.770948338387600351 ) ) ;
#5868 = CARTESIAN_POINT ( 'NONE',  ( -20.49383942279239079, 1.461231647918291410, -13.99076675658857027 ) ) ;
#5869 = CARTESIAN_POINT ( 'NONE',  ( -3.402815355589358770, 4.278276952571514968, -6.885316423118877260 ) ) ;
#5870 = CARTESIAN_POINT ( 'NONE',  ( -3.482769991012279576, 4.820772077648883602, -6.891848293896900124 ) ) ;
#5871 = AXIS2_PLACEMENT_3D ( 'NONE', #4032, #3611, #5706 ) ;
#5872 = ORIENTED_EDGE ( 'NONE', *, *, #2562, .T. ) ;
#5873 = ORIENTED_EDGE ( 'NONE', *, *, #2642, .T. ) ;
#5874 = CARTESIAN_POINT ( 'NONE',  ( -15.22278499603271662, 2.389316590009662455, 12.57690525054931641 ) ) ;
#5875 = CARTESIAN_POINT ( 'NONE',  ( 5.784737005023169232, 4.094036057318115596, -2.518893900722028345 ) ) ;
#5876 = CIRCLE ( 'NONE', #2364, 7.900000000000000355 ) ;
#5877 = CARTESIAN_POINT ( 'NONE',  ( -9.714451465470119729E-14, 5.622649730810398871, -3.000000000000000000 ) ) ;
#5878 = CARTESIAN_POINT ( 'NONE',  ( -1.923743750261293517, 4.127323681570394420, -6.576783346763551030 ) ) ;
#5879 = CARTESIAN_POINT ( 'NONE',  ( 2.771915928041712274, 5.669194621702851933, 5.326389135782740425 ) ) ;
#5880 = DIRECTION ( 'NONE',  ( 0.000000000000000000, 0.000000000000000000, -1.000000000000000000 ) ) ;
#5881 = CARTESIAN_POINT ( 'NONE',  ( 38.22051904116592169, 7.952058460585584854, -9.300232734584172434 ) ) ;
#5882 = EDGE_CURVE ( 'NONE', #420, #3443, #4342, .T. ) ;
#5883 = EDGE_CURVE ( 'NONE', #4370, #1995, #2984, .T. ) ;
#5884 = ORIENTED_EDGE ( 'NONE', *, *, #2902, .T. ) ;
#5885 = CARTESIAN_POINT ( 'NONE',  ( 119.6155779964807664, 5.155165627373469839, 0.5425888500002415960 ) ) ;
#5886 = CARTESIAN_POINT ( 'NONE',  ( 2.280535811514215805, 6.692538205141714158, -5.548884199849538845 ) ) ;
#5887 = CARTESIAN_POINT ( 'NONE',  ( -83.98847165166858986, 2.653162046905336968, -11.60063312290621340 ) ) ;
#5888 = CARTESIAN_POINT ( 'NONE',  ( -36.20387497039508418, -1.949604568799078841, -18.40319928178715969 ) ) ;
#5889 = CARTESIAN_POINT ( 'NONE',  ( 114.9579151664714942, 6.019658920581739459, -4.614587028491451193 ) ) ;
#5890 = CARTESIAN_POINT ( 'NONE',  ( -118.0380257611085852, 6.640012163016050017, 4.004678976192625584 ) ) ;
#5891 = ORIENTED_EDGE ( 'NONE', *, *, #2304, .T. ) ;
#5892 = CARTESIAN_POINT ( 'NONE',  ( 119.6444651569682520, 5.339007543696749458, -1.678761781949460019 ) ) ;
#5893 = CARTESIAN_POINT ( 'NONE',  ( 1.609033653943153785, 4.624201067028970158, 6.723631270677521421 ) ) ;
#5894 = CARTESIAN_POINT ( 'NONE',  ( 29.24330643902212046, 8.408253520955680571, 0.7020531296729990434 ) ) ;
#5895 = B_SPLINE_CURVE_WITH_KNOTS ( 'NONE', 3,
 ( #3760, #5861, #1138, #2210, #3248, #1688 ),
 .UNSPECIFIED., .F., .F.,
 ( 4, 2, 4 ),
 ( 0.000000000000000000, 0.005563702187348085193, 0.01112740437469617039 ),
 .UNSPECIFIED. ) ;
#5896 = CARTESIAN_POINT ( 'NONE',  ( -5.838636981494206957, 6.391280627732191633, 6.046064778311648347 ) ) ;
#5897 = CARTESIAN_POINT ( 'NONE',  ( -101.4804428328060339, 6.715091522860555884, 5.374287979233598911 ) ) ;
#5898 = CARTESIAN_POINT ( 'NONE',  ( 47.66157914256410777, -0.1027352860715245730, 15.31551411473645885 ) ) ;
#5899 = CARTESIAN_POINT ( 'NONE',  ( 23.79704922161052494, -0.2789427411952798419, 15.44751078198089544 ) ) ;
#5900 = CARTESIAN_POINT ( 'NONE',  ( -46.63285288420788532, 7.801186306460954789, 8.558618023287298371 ) ) ;
#5901 = CARTESIAN_POINT ( 'NONE',  ( 8.447969754334318182, 10.94221314176068205, -13.84894084930419922 ) ) ;
#5902 = CARTESIAN_POINT ( 'NONE',  ( -5.730338090368894299, 7.755351093461621659, -2.636372906366837743 ) ) ;
#5903 = CARTESIAN_POINT ( 'NONE',  ( 10.55010763819720232, 6.714871565567899658, -6.354692999451499347 ) ) ;
#5904 = CARTESIAN_POINT ( 'NONE',  ( -97.24630954343392375, 7.049377336694663043, 5.534288094108541500 ) ) ;
#5905 = CARTESIAN_POINT ( 'NONE',  ( -118.3243555719110560, 5.960275762654439369, 3.799259600762554090 ) ) ;
#5906 = AXIS2_PLACEMENT_3D ( 'NONE', #635, #4808, #1121 ) ;
#5907 = ORIENTED_EDGE ( 'NONE', *, *, #1955, .F. ) ;
#5908 = FACE_OUTER_BOUND ( 'NONE', #785, .T. ) ;
#5909 = ADVANCED_FACE ( 'NONE', ( #862 ), #4959, .T. ) ;
#5910 = CARTESIAN_POINT ( 'NONE',  ( -6.289378471710007190, 3.697139199275436106, 0.2176909518832175761 ) ) ;
#5911 = CARTESIAN_POINT ( 'NONE',  ( 8.959969519729124698, 7.313547938718677699, -6.279912800135456052 ) ) ;
#5912 = CARTESIAN_POINT ( 'NONE',  ( 6.010407321920809842, 7.218997259003477218, -6.055715887567997946 ) ) ;
#5913 = DIRECTION ( 'NONE',  ( -0.9956378612556164853, 0.08983298102920907191, 0.02520485575732476363 ) ) ;
#5914 = CARTESIAN_POINT ( 'NONE',  ( -11.93229293823242010, 8.394514472661940729, 9.141432762145997870 ) ) ;
#5915 = DIRECTION ( 'NONE',  ( -1.000000000000000000, 0.000000000000000000, 1.224646799147353207E-16 ) ) ;
#5916 = CARTESIAN_POINT ( 'NONE',  ( 4.305744324483984364, 3.600799018422519815, 4.173702536238249827 ) ) ;
#5917 = DIRECTION ( 'NONE',  ( -0.9968549673411556400, 0.07139003393281191656, 0.03440402799579574122 ) ) ;
#5918 = CARTESIAN_POINT ( 'NONE',  ( -90.89222746188184487, 4.052580386314384775, -8.031573119218069934 ) ) ;
#5919 = CARTESIAN_POINT ( 'NONE',  ( -41.75422805089574751, -0.9439026872788457423, -17.30788840452994037 ) ) ;
#5920 = CARTESIAN_POINT ( 'NONE',  ( 116.8490461252159349, 5.576885987640544329, -5.172276993804281631 ) ) ;
#5921 = CARTESIAN_POINT ( 'NONE',  ( -117.4933884147639844, 6.366915141947270484, 4.334820364310522756 ) ) ;
#5922 = ORIENTED_EDGE ( 'NONE', *, *, #1537, .T. ) ;
#5923 = CARTESIAN_POINT ( 'NONE',  ( 119.6888741638314571, 5.554424608621641113, -1.019364676408806680 ) ) ;
#5924 = CARTESIAN_POINT ( 'NONE',  ( -1.716107982210280491, 4.313962535870238035, -6.722947946190648061 ) ) ;
#5925 = ORIENTED_EDGE ( 'NONE', *, *, #4584, .F. ) ;
#5926 = CARTESIAN_POINT ( 'NONE',  ( 62.98893144046066794, 8.506961499527298187, -5.268535137176523442 ) ) ;
#5927 = CARTESIAN_POINT ( 'NONE',  ( 119.6325948573078222, 5.290709633025834080, 1.307321968615013708 ) ) ;
#5928 = CARTESIAN_POINT ( 'NONE',  ( 9.870035564116117044, 7.346507953087018095, -6.389923599365987528 ) ) ;
#5929 = CARTESIAN_POINT ( 'NONE',  ( -1.920323777126776266, 4.821688046860451493, -6.676271772984665454 ) ) ;
#5930 = ADVANCED_FACE ( 'NONE', ( #6259 ), #1364, .T. ) ;
#5931 = CARTESIAN_POINT ( 'NONE',  ( 52.67453430222311539, 0.8112745377465923058, 14.12166646326111774 ) ) ;
#5932 = CARTESIAN_POINT ( 'NONE',  ( -74.31350922307193230, 3.151485711991250493, -10.52455963702209019 ) ) ;
#5933 = CARTESIAN_POINT ( 'NONE',  ( -5.502056910141377877, 4.689250662377324907, -7.219137705899875357 ) ) ;
#5934 = CARTESIAN_POINT ( 'NONE',  ( 9.159540134110191190, -0.7879756006522455891, 18.84527206420898082 ) ) ;
#5935 = CARTESIAN_POINT ( 'NONE',  ( 18.36593559671518605, 7.266626454125637125, -7.563324742208102691 ) ) ;
#5936 = CARTESIAN_POINT ( 'NONE',  ( -41.25582612287815465, 8.584016890063853822, 9.204050256555641241 ) ) ;
#5937 = CARTESIAN_POINT ( 'NONE',  ( -9.061688322292777542, 4.582516239694927052, -8.097760415202376549 ) ) ;
#5938 = EDGE_LOOP ( 'NONE', ( #2206, #731, #679, #6389 ) ) ;
#5939 = CARTESIAN_POINT ( 'NONE',  ( -0.3016478717327077952, 9.766450436292606341, 1.228441119194030984 ) ) ;
#5940 = CARTESIAN_POINT ( 'NONE',  ( -4.925339238543492648, 3.555572596206544755, -3.430296587002611641 ) ) ;
#5941 = CARTESIAN_POINT ( 'NONE',  ( 8.437619683481322852, 7.293882715493991142, -6.219822984850051029 ) ) ;
#5942 = CARTESIAN_POINT ( 'NONE',  ( 1.678619210389729277, 4.465483545333141180, 6.728830203641298802 ) ) ;
#5943 = CARTESIAN_POINT ( 'NONE',  ( 5.945247934944062784, 8.378400858373753479, -0.9122698011219187997 ) ) ;
#5944 = CARTESIAN_POINT ( 'NONE',  ( -100.2961959838867330, 6.382994980989518119, 4.375714302062993610 ) ) ;
#5945 = CARTESIAN_POINT ( 'NONE',  ( 40.32348048598974088, 7.863763714874305144, -9.135937961269247509 ) ) ;
#5946 = VERTEX_POINT ( 'NONE', #3585 ) ;
#5947 = DIRECTION ( 'NONE',  ( 0.04920411682263212128, -0.0002270788133744431800, -0.9987887180594889891 ) ) ;
#5948 = CARTESIAN_POINT ( 'NONE',  ( -102.2825392304262522, 5.008921410256710338, -6.358260767076346909 ) ) ;
#5949 = CARTESIAN_POINT ( 'NONE',  ( 84.64099764581068541, 3.878249634451750971, 9.036268001837802544 ) ) ;
#5950 = CARTESIAN_POINT ( 'NONE',  ( 2.014675334533297058, 5.285968835952498779, 5.656902869730715544 ) ) ;
#5951 = ORIENTED_EDGE ( 'NONE', *, *, #3699, .T. ) ;
#5952 = CARTESIAN_POINT ( 'NONE',  ( 119.6486019769727847, 5.169603535434371011, 1.952177918473926299 ) ) ;
#5953 = CARTESIAN_POINT ( 'NONE',  ( 5.349946321305431240, 4.854213560501338343, 7.107885484578928548 ) ) ;
#5954 = VERTEX_POINT ( 'NONE', #5677 ) ;
#5955 = CARTESIAN_POINT ( 'NONE',  ( 28.27612728577263113, 2.633280823876053223, 12.05518627166747336 ) ) ;
#5956 = EDGE_LOOP ( 'NONE', ( #2256, #326, #6006 ) ) ;
#5957 = CARTESIAN_POINT ( 'NONE',  ( -2.840825029182970862, 5.716550919803640163, -5.293157384441996349 ) ) ;
#5958 = CARTESIAN_POINT ( 'NONE',  ( 7.284039096055441753, 7.230629160372492592, -6.112853231465731341 ) ) ;
#5959 = CARTESIAN_POINT ( 'NONE',  ( -105.6379967796176658, 8.908735160644880580, 5.258037799610646879 ) ) ;
#5960 = CARTESIAN_POINT ( 'NONE',  ( 34.60632910206550861, -2.204370935071422011, 18.50360992899399193 ) ) ;
#5961 = CARTESIAN_POINT ( 'NONE',  ( -78.42305619982985831, 3.490562737020738826, -9.734138410251791385 ) ) ;
#5962 = CARTESIAN_POINT ( 'NONE',  ( -8.470146897138146613, 6.557738184873322496, 6.109054573331770932 ) ) ;
#5963 = CARTESIAN_POINT ( 'NONE',  ( 3.580906883654618511, 8.581998471564270758, -9.252750396728513849 ) ) ;
#5964 = EDGE_CURVE ( 'NONE', #3856, #4809, #14, .T. ) ;
#5965 = ADVANCED_FACE ( 'NONE', ( #5391 ), #5845, .T. ) ;
#5966 = AXIS2_PLACEMENT_3D ( 'NONE', #1958, #1555, #2632 ) ;
#5967 = CARTESIAN_POINT ( 'NONE',  ( -6.052495394560223119, 8.078202573337012637, -1.723417125123976268 ) ) ;
#5968 = CARTESIAN_POINT ( 'NONE',  ( 118.6482740233779367, 6.238551473165565575, -3.198964688837531156 ) ) ;
#5969 = CARTESIAN_POINT ( 'NONE',  ( 25.65167283807680931, 7.828808972060102178, -8.848767068530753122 ) ) ;
#5970 = CARTESIAN_POINT ( 'NONE',  ( -27.52586599078084717, 8.509924124059827122, 9.242539377646970422 ) ) ;
#5971 = CARTESIAN_POINT ( 'NONE',  ( -116.7901341968444484, 6.036802018593856900, 4.368713801202929403 ) ) ;
#5972 = CIRCLE ( 'NONE', #4544, 0.2499999999999995837 ) ;
#5973 = ORIENTED_EDGE ( 'NONE', *, *, #74, .F. ) ;
#5974 = CARTESIAN_POINT ( 'NONE',  ( -22.57990455627441051, 5.780509741483669472, 10.70037269592285334 ) ) ;
#5975 = CARTESIAN_POINT ( 'NONE',  ( -4.923158585993436809, 3.289461187759991745, -3.433659408026025428 ) ) ;
#5976 = CARTESIAN_POINT ( 'NONE',  ( -16.52492122230545846, 2.488983045958208518, -11.70334416181739279 ) ) ;
#5977 = CARTESIAN_POINT ( 'NONE',  ( 22.39298917476563133, 8.157057481625463069, -8.380853703714972625 ) ) ;
#5978 = CARTESIAN_POINT ( 'NONE',  ( 6.274038329168306838, 8.524961614349791716, -0.2253814198821604275 ) ) ;
#5979 = CARTESIAN_POINT ( 'NONE',  ( -72.74777984619140625, 6.287608416257891797, -0.8968986272811850791 ) ) ;
#5980 = FACE_OUTER_BOUND ( 'NONE', #3914, .T. ) ;
#5981 = ORIENTED_EDGE ( 'NONE', *, *, #656, .F. ) ;
#5982 = VERTEX_POINT ( 'NONE', #665 ) ;
#5983 = CARTESIAN_POINT ( 'NONE',  ( 84.55387893062653859, 6.930029657285385447, -6.183218779549086719 ) ) ;
#5984 = CARTESIAN_POINT ( 'NONE',  ( 103.5889124629176479, 6.185249073609478287, -5.314711610084740023 ) ) ;
#5985 = CARTESIAN_POINT ( 'NONE',  ( -111.5773701731977638, 4.852236977399266848, -4.621992093904113474 ) ) ;
#5986 = CARTESIAN_POINT ( 'NONE',  ( 109.5221261310963428, 4.742543562207634622, 5.157136211335998865 ) ) ;
#5987 = CARTESIAN_POINT ( 'NONE',  ( 2.834316616080710283, 5.703455495559336619, 5.293157384441995461 ) ) ;
#5988 = ORIENTED_EDGE ( 'NONE', *, *, #697, .T. ) ;
#5989 = CARTESIAN_POINT ( 'NONE',  ( 2.519673228330277404, 6.956945942659646498, -5.889756391797206447 ) ) ;
#5990 = CARTESIAN_POINT ( 'NONE',  ( 9.461507603962580504, 4.410292632674135405, 8.336843768655661790 ) ) ;
#5991 = ORIENTED_EDGE ( 'NONE', *, *, #3144, .T. ) ;
#5992 = CARTESIAN_POINT ( 'NONE',  ( 76.29206232204130345, 1.141893739453437417, 14.73312282562254616 ) ) ;
#5993 = EDGE_LOOP ( 'NONE', ( #5666, #5951, #2925, #2220 ) ) ;
#5994 = CARTESIAN_POINT ( 'NONE',  ( -24.98358098395897642, -0.5451785992604167852, -15.93431796771808351 ) ) ;
#5995 = CARTESIAN_POINT ( 'NONE',  ( 8.051890228375075509, 7.277678661554930706, -6.178269434486839629 ) ) ;
#5996 = CARTESIAN_POINT ( 'NONE',  ( -9.038508720932806995, 6.827966157935885683, 6.285680578057898593 ) ) ;
#5997 = CARTESIAN_POINT ( 'NONE',  ( 55.73026227194422688, 1.631111059643940431, 13.81600120584294977 ) ) ;
#5998 = CARTESIAN_POINT ( 'NONE',  ( -117.5203725772198879, 5.296897606924174440, -2.799263395635740448 ) ) ;
#5999 = CARTESIAN_POINT ( 'NONE',  ( -57.15698980684526731, 7.483908056183715019, 7.604475103992115237 ) ) ;
#6000 = CARTESIAN_POINT ( 'NONE',  ( 35.03385112366719767, 10.87552272434832723, -15.36818313598633168 ) ) ;
#6001 = DIRECTION ( 'NONE',  ( -8.673617379884042375E-16, -0.6655442720176802940, 0.7463583736948732339 ) ) ;
#6002 = CYLINDRICAL_SURFACE ( 'NONE', #3221, 2.500000000000020428 ) ;
#6003 = CARTESIAN_POINT ( 'NONE',  ( 19.36424878440308106, 7.561618173017881084, -7.895597587226790282 ) ) ;
#6004 = CARTESIAN_POINT ( 'NONE',  ( -41.25001557603489744, 8.458043391266240718, 9.203726284508080724 ) ) ;
#6005 = CARTESIAN_POINT ( 'NONE',  ( -20.46145424247329458, 1.474061568197751360, -13.97138504932825676 ) ) ;
#6006 = ORIENTED_EDGE ( 'NONE', *, *, #3657, .F. ) ;
#6007 = CARTESIAN_POINT ( 'NONE',  ( -117.6635742187500000, 5.292825372396548822, 6.447814464569098902 ) ) ;
#6008 = CARTESIAN_POINT ( 'NONE',  ( -5.900404515862124555, 4.074145589376721333, 1.134010296974194532 ) ) ;
#6009 = CARTESIAN_POINT ( 'NONE',  ( -10.51723183707716380, 3.517107956313290984, -8.457626118006638549 ) ) ;
#6010 = CARTESIAN_POINT ( 'NONE',  ( 10.44538202245652236, 7.546734839766463310, -6.388295987620711713 ) ) ;
#6011 = CARTESIAN_POINT ( 'NONE',  ( 119.4225671862181173, 5.785663083898708869, 0.4388420071855870241 ) ) ;
#6012 = CARTESIAN_POINT ( 'NONE',  ( -73.18600463867187500, 9.121957810102495401, 13.94976520538330611 ) ) ;
#6013 = CIRCLE ( 'NONE', #5466, 6.499999999999999112 ) ;
#6014 = EDGE_CURVE ( 'NONE', #2347, #2041, #6676, .T. ) ;
#6015 = CARTESIAN_POINT ( 'NONE',  ( 4.537011385147094344, 6.838999271173485717, 4.472248272168030780 ) ) ;
#6016 = AXIS2_PLACEMENT_3D ( 'NONE', #814, #2298, #6494 ) ;
#6017 = CARTESIAN_POINT ( 'NONE',  ( 50.73360386963553026, 7.806945697744999357, -8.342504507611680609 ) ) ;
#6018 = CARTESIAN_POINT ( 'NONE',  ( -5.205436178883058318, 3.563268285403009550, -2.988020498266178659 ) ) ;
#6019 = CARTESIAN_POINT ( 'NONE',  ( -110.5127684394217340, 2.774941216499825281, -10.67593529887898995 ) ) ;
#6020 = CARTESIAN_POINT ( 'NONE',  ( 2.844635304116793328, 4.051446334838002095, 6.635346003426642270 ) ) ;
#6021 = CARTESIAN_POINT ( 'NONE',  ( 4.530991439230465545, 8.092459834357704551, -3.941441941309618446 ) ) ;
#6022 = ORIENTED_EDGE ( 'NONE', *, *, #4041, .F. ) ;
#6023 = CARTESIAN_POINT ( 'NONE',  ( 5.004014836544520776E-15, 11.19160870801735186, 3.174953878581104329E-16 ) ) ;
#6024 = DIRECTION ( 'NONE',  ( 8.673617379884042375E-16, 0.9460765176045266012, 0.3239432401475481060 ) ) ;
#6025 = ORIENTED_EDGE ( 'NONE', *, *, #3449, .F. ) ;
#6026 = CARTESIAN_POINT ( 'NONE',  ( -2.880781377674394239, 5.870217276653308502, -5.712401959963973042 ) ) ;
#6027 = CARTESIAN_POINT ( 'NONE',  ( -24.98803791860144230, -0.1484210006859858211, -16.23174024104548607 ) ) ;
#6028 = CARTESIAN_POINT ( 'NONE',  ( -8.954487192190956790, 6.818980627817752271, 6.275726791299751639 ) ) ;
#6029 = CARTESIAN_POINT ( 'NONE',  ( -1.943848390079615296, 5.259030043490062312, -6.263377540641652530 ) ) ;
#6030 = CARTESIAN_POINT ( 'NONE',  ( 90.25433543686351356, 2.463489655578853466, 10.91877654862397762 ) ) ;
#6031 = CARTESIAN_POINT ( 'NONE',  ( -84.63808652767060892, 3.827526874560614800, -8.805923833956505575 ) ) ;
#6032 = CARTESIAN_POINT ( 'NONE',  ( -5.837170165946028888, 6.391328719053144702, 6.046231185566558253 ) ) ;
#6033 = CARTESIAN_POINT ( 'NONE',  ( 34.94733798393447444, 10.02359152277776033, -13.53500938415527699 ) ) ;
#6034 = CARTESIAN_POINT ( 'NONE',  ( -5.581715441087403029, 8.694596050779002994, 2.851002924390658944 ) ) ;
#6035 = CARTESIAN_POINT ( 'NONE',  ( 116.3238664499462374, 5.120932206640341988, 3.431743531161731031 ) ) ;
#6036 = CARTESIAN_POINT ( 'NONE',  ( 119.5117376632775148, 5.958318406833122083, -2.259403602580685178 ) ) ;
#6037 = CARTESIAN_POINT ( 'NONE',  ( 34.02207468707923965, 8.143202003008168433, -9.626103977371279541 ) ) ;
#6038 = CARTESIAN_POINT ( 'NONE',  ( -59.16963523500253075, 7.992567390524122573, 7.531446140647774179 ) ) ;
#6039 = CARTESIAN_POINT ( 'NONE',  ( -117.3780835688150148, 6.002869476745353872, 4.130877703766521414 ) ) ;
#6040 = ORIENTED_EDGE ( 'NONE', *, *, #238, .F. ) ;
#6041 = CARTESIAN_POINT ( 'NONE',  ( -117.6951751708984375, 6.723402829347690179, 4.153035163879401637 ) ) ;
#6042 = CARTESIAN_POINT ( 'NONE',  ( -3.821593149983550486, 3.424837052678368465, -4.637237558813416705 ) ) ;
#6043 = DIRECTION ( 'NONE',  ( 0.000000000000000000, 0.000000000000000000, -1.000000000000000000 ) ) ;
#6044 = CARTESIAN_POINT ( 'NONE',  ( 5.249520681420698942, 7.007908707401514725, -6.157397774423991166 ) ) ;
#6045 = CARTESIAN_POINT ( 'NONE',  ( -90.90612670825809971, 4.497290243385869246, -8.256091971771947868 ) ) ;
#6046 = CARTESIAN_POINT ( 'NONE',  ( 5.604450954337306889, 8.452040602876108366, -2.184256634957746801 ) ) ;
#6047 = CARTESIAN_POINT ( 'NONE',  ( -23.39563179016112926, 11.43835595387075443, 15.50873851776123225 ) ) ;
#6048 = FACE_OUTER_BOUND ( 'NONE', #948, .T. ) ;
#6049 = ORIENTED_EDGE ( 'NONE', *, *, #4659, .T. ) ;
#6050 = EDGE_CURVE ( 'NONE', #3014, #1197, #3817, .T. ) ;
#6052 = ADVANCED_FACE ( 'NONE', ( #3775 ), #651, .T. ) ;
#6051 = CARTESIAN_POINT ( 'NONE',  ( 97.23822872247141902, 6.473106557290626561, -5.533690076497375543 ) ) ;
#6053 = CARTESIAN_POINT ( 'NONE',  ( 10.60380225875371352, 6.932990587533567783, -6.482197987260971850 ) ) ;
#6054 = CARTESIAN_POINT ( 'NONE',  ( -99.35890596479200099, 3.017340235915353386, -10.38450514198123997 ) ) ;
#6055 = CARTESIAN_POINT ( 'NONE',  ( 115.6072484873470358, 5.051015392487816058, 3.723721179747226273 ) ) ;
#6056 =( BOUNDED_SURFACE ( )  B_SPLINE_SURFACE ( 3, 2, ( 
 ( #2508, #3149, #5319 ),
 ( #11, #2116, #4218 ),
 ( #6317, #81, #2188 ),
 ( #4285, #5867, #6384 ) ),
 .UNSPECIFIED., .F., .F., .T. ) 
 B_SPLINE_SURFACE_WITH_KNOTS ( ( 4, 4 ),
 ( 3, 3 ),
 ( -1.493596912816030908E-15, 0.0005498648310891285666 ),
 ( 0.000000000000000000, 1.000000000000000000 ),
 .UNSPECIFIED. ) 
 GEOMETRIC_REPRESENTATION_ITEM ( )  RATIONAL_B_SPLINE_SURFACE ( (
 ( 1.000000000000000000, 0.7008175440456769767, 1.000000000000000000),
 ( 1.000000000000000000, 0.6998045478400740649, 1.000000000000000000),
 ( 1.000000000000000000, 0.6987457106417021002, 1.000000000000000000),
 ( 1.000000000000000000, 0.6976437465950603434, 1.000000000000000000) ) ) 
 REPRESENTATION_ITEM ( '' )  SURFACE ( )  );
#6057 = B_SPLINE_SURFACE_WITH_KNOTS ( 'NONE', 3, 1, ( 
 ( #3720, #5332 ),
 ( #2648, #2780 ),
 ( #26, #4876 ),
 ( #92, #4299 ),
 ( #3777, #6332 ) ),
 .UNSPECIFIED., .F., .F., .F.,
 ( 4, 1, 4 ),
 ( 2, 2 ),
 ( 0.8854027712279348705, 0.9381018029729439878, 1.000000000000000000 ),
 ( 0.000000000000000000, 1.000000000000000000 ),
 .UNSPECIFIED. ) ;
#6058 = CARTESIAN_POINT ( 'NONE',  ( -119.7619356282329051, 5.699246560549795504, 0.6702196378047295955 ) ) ;
#6059 = ORIENTED_EDGE ( 'NONE', *, *, #4481, .F. ) ;
#6060 = CARTESIAN_POINT ( 'NONE',  ( -22.01586202398502934, 4.822968504978837778, -14.96479530143888148 ) ) ;
#6061 = CARTESIAN_POINT ( 'NONE',  ( 18.06097341710854209, 2.192820897028424643, 12.63326061965216951 ) ) ;
#6062 = EDGE_LOOP ( 'NONE', ( #1302, #6540, #6506 ) ) ;
#6063 = CARTESIAN_POINT ( 'NONE',  ( -5.021734756770963592, 7.198137261855315217, -3.859332959411759134 ) ) ;
#6064 = ORIENTED_EDGE ( 'NONE', *, *, #3657, .T. ) ;
#6065 = CARTESIAN_POINT ( 'NONE',  ( 116.8698188226743468, 5.744646923934322302, -4.580598064394607150 ) ) ;
#6066 = CARTESIAN_POINT ( 'NONE',  ( -9.229391724168662492, 6.712912381042563936, 6.307627408643540434 ) ) ;
#6067 = DIRECTION ( 'NONE',  ( -0.03530638939058800690, 0.000000000000000000, 0.9993765350798469171 ) ) ;
#6068 = CARTESIAN_POINT ( 'NONE',  ( 65.02279819414488315, 2.062463920998787614, 12.11719586897345557 ) ) ;
#6069 = CARTESIAN_POINT ( 'NONE',  ( -34.64059586222752074, -2.417855462888452767, -18.17572765587009087 ) ) ;
#6070 = CARTESIAN_POINT ( 'NONE',  ( 5.929596861124821316, 3.984511226012926066, -2.126725683747201057 ) ) ;
#6071 = CARTESIAN_POINT ( 'NONE',  ( 54.52146418056553046, 1.903261085579795786, 13.65749263763426669 ) ) ;
#6072 = CARTESIAN_POINT ( 'NONE',  ( -1.696975248213350218, 4.104254125087424931, -6.449229865198879530 ) ) ;
#6073 =( BOUNDED_SURFACE ( )  B_SPLINE_SURFACE ( 3, 2, ( 
 ( #6240, #483, #5171 ),
 ( #6753, #3108, #588 ),
 ( #77, #2182, #2071 ),
 ( #4143, #3701, #5314 ),
 ( #4794, #3212, #1586 ),
 ( #2038, #1514, #5208 ),
 ( #4688, #5243, #6 ),
 ( #4281, #968, #2590 ),
 ( #447, #4248, #4177 ),
 ( #6275, #6312, #1036 ),
 ( #3142, #5793, #6346 ),
 ( #519, #2627, #4725 ),
 ( #4211, #1072, #3179 ),
 ( #5280, #552, #2148 ),
 ( #2664, #4758, #1105 ),
 ( #1208, #1756, #3761 ),
 ( #1242, #205, #4822 ),
 ( #3865, #2352, #5862 ),
 ( #5447, #2799, #5960 ),
 ( #2247, #5347, #650 ),
 ( #2867, #685, #3317 ),
 ( #1689, #4957, #239 ),
 ( #2317, #2211, #3353 ),
 ( #720, #3904, #6378 ),
 ( #4312, #1652, #105 ),
 ( #5410, #4892, #619 ),
 ( #1139, #3249, #5378 ),
 ( #6411, #2732, #1174 ),
 ( #3797, #5481, #2763 ),
 ( #5898, #1274, #3282 ),
 ( #4352, #4855, #2833 ),
 ( #1789, #138, #4416 ),
 ( #6447, #1723, #3834 ),
 ( #5931, #172, #2281 ),
 ( #4386, #6478, #6510 ),
 ( #4926, #756, #5997 ),
 ( #3386, #4042, #279 ),
 ( #4996, #1341, #1936 ),
 ( #2975, #5067, #6138 ),
 ( #3462, #4453, #2904 ),
 ( #6068, #317, #3423 ),
 ( #5555, #1899, #1824 ),
 ( #5622, #5513, #832 ),
 ( #896, #6548, #6686 ),
 ( #5101, #2453, #6585 ),
 ( #2387, #5588, #2940 ),
 ( #5033, #4487, #1861 ),
 ( #385, #3496, #1306 ),
 ( #5657, #6617, #2490 ),
 ( #350, #4554, #6652 ),
 ( #3972, #2421, #3005 ),
 ( #3562, #4520, #791 ),
 ( #4008, #6106, #1413 ),
 ( #1380, #930, #3529 ),
 ( #4071, #4583, #865 ),
 ( #3038, #3937, #1969 ),
 ( #6169, #1445, #5134 ),
 ( #411, #6030, #4752 ),
 ( #4682, #2031, #6713 ),
 ( #5273, #5165, #6781 ),
 ( #6201, #3066, #5748 ),
 ( #5306, #1999, #2064 ),
 ( #1030, #2103, #3136 ),
 ( #1479, #3622, #2584 ),
 ( #3658, #4170, #439 ),
 ( #2546, #4203, #6339 ),
 ( #4647, #4719, #1610 ),
 ( #6303, #3171, #961 ),
 ( #6815, #2518, #4103 ),
 ( #1578, #5237, #3695 ),
 ( #5199, #3593, #5717 ),
 ( #6746, #5685, #4137 ),
 ( #6233, #1098, #3206 ),
 ( #545, #1509, #5787 ),
 ( #1064, #33, #5821 ),
 ( #993, #4615, #3098 ),
 ( #2657, #476, #512 ),
 ( #2141, #6269, #1542 ),
 ( #2621, #4240, #3726 ),
 ( #580, #2695, #4786 ),
 ( #6372, #69, #2174 ),
 ( #3755, #3242, #4274 ),
 ( #1644, #5856, #1130 ),
 ( #2392, #798, #2910 ),
 ( #1348, #322, #3977 ),
 ( #5002, #3467, #900 ),
 ( #3942, #6173, #1449 ),
 ( #3009, #1385, #2980 ),
 ( #870, #6657, #4492 ),
 ( #1419, #3534, #5072 ),
 ( #389, #4589, #2426 ),
 ( #6112, #3428, #355 ),
 ( #5107, #1975, #2460 ),
 ( #286, #4525, #3568 ),
 ( #2493, #4559, #6035 ),
 ( #1311, #6690, #3503 ),
 ( #4076, #6590, #6622 ),
 ( #4459, #6144, #5662 ),
 ( #1906, #934, #246 ),
 ( #1942, #5518, #839 ) ),
 .UNSPECIFIED., .F., .F., .T. ) 
 B_SPLINE_SURFACE_WITH_KNOTS ( ( 4, 2, 2, 2, 2, 2, 2, 2, 2, 2, 2, 2, 2, 2, 2, 2, 2, 2, 2, 2, 2, 2, 2, 2, 2, 2, 2, 2, 2, 2, 2, 2, 2, 2, 2, 2, 2, 2, 2, 2, 2, 2, 2, 2, 2, 2, 2, 2, 2, 4 ),
 ( 3, 3 ),
 ( 0.03875688872177002198, 0.04186767322797070590, 0.04264536935452088035, 0.04342306548107105479, 0.04497845773417139675, 0.04653384998727173871, 0.04808924224037208761, 0.04964463449347242957, 0.05120002674657277153, 0.05275541899967311349, 0.05431081125277345545, 0.05742159575897414631, 0.06053238026517483716, 0.06364316477137552108, 0.06519855702447585610, 0.06675394927757620500, 0.06986473378377688892, 0.07297551828997757284, 0.07608630279617825676, 0.08230787180857962460, 0.08386326406167997349, 0.08541865631478032239, 0.08852944082098100631, 0.09164022532718169023, 0.09475100983338238803, 0.09786179433958307194, 0.1009725788457837559, 0.1040833633519844398, 0.1071941478581851237, 0.1103049323643858076, 0.1134157168705864915, 0.1165265013767871755, 0.1180818936298875244, 0.1196372858829878594, 0.1211926781360881944, 0.1219703742626383758, 0.1227480703891885433, 0.1258588548953892272, 0.1274142471484895900, 0.1289696394015899250, 0.1305250316546902600, 0.1313027277812404414, 0.1320804239077906228, 0.1328581200343407764, 0.1336358161608909578, 0.1344135122874411392, 0.1348023603507162160, 0.1349967843823537406, 0.1351912084139912928, 0.1383019929201919906 ),
 ( 0.000000000000000000, 1.000000000000000000 ),
 .UNSPECIFIED. ) 
 GEOMETRIC_REPRESENTATION_ITEM ( )  RATIONAL_B_SPLINE_SURFACE ( (
 ( 1.000000000000000000, 0.1540276276898862595, 1.000000000000000000),
 ( 1.000000000000000000, 0.1433190552948576113, 1.000000000000000000),
 ( 1.000000000000000000, 0.1348629054743732958, 1.000000000000000000),
 ( 1.000000000000000000, 0.1281547023882872449, 1.000000000000000000),
 ( 1.000000000000000000, 0.1270075044562917199, 1.000000000000000000),
 ( 1.000000000000000000, 0.1251350346785250478, 1.000000000000000000),
 ( 1.000000000000000000, 0.1244354158315533476, 1.000000000000000000),
 ( 1.000000000000000000, 0.1224846485407595081, 1.000000000000000000),
 ( 1.000000000000000000, 0.1215148138298757508, 1.000000000000000000),
 ( 1.000000000000000000, 0.1199452675982838334, 1.000000000000000000),
 ( 1.000000000000000000, 0.1193461964784603702, 1.000000000000000000),
 ( 1.000000000000000000, 0.1182725611959274392, 1.000000000000000000),
 ( 1.000000000000000000, 0.1177968521702121990, 1.000000000000000000),
 ( 1.000000000000000000, 0.1167870577495407486, 1.000000000000000000),
 ( 1.000000000000000000, 0.1162371585063381729, 1.000000000000000000),
 ( 1.000000000000000000, 0.1151081664883668032, 1.000000000000000000),
 ( 1.000000000000000000, 0.1145118545582608921, 1.000000000000000000),
 ( 1.000000000000000000, 0.1132048325102133074, 1.000000000000000000),
 ( 1.000000000000000000, 0.1124912125122897455, 1.000000000000000000),
 ( 1.000000000000000000, 0.1109988305822522670, 1.000000000000000000),
 ( 1.000000000000000000, 0.1102206120029182446, 1.000000000000000000),
 ( 1.000000000000000000, 0.1078055720539736057, 1.000000000000000000),
 ( 1.000000000000000000, 0.1061765381935904362, 1.000000000000000000),
 ( 1.000000000000000000, 0.1027988108559364788, 1.000000000000000000),
 ( 1.000000000000000000, 0.1010406447552899961, 1.000000000000000000),
 ( 1.000000000000000000, 0.09779805668195323820, 1.000000000000000000),
 ( 1.000000000000000000, 0.09633188839192548258, 1.000000000000000000),
 ( 1.000000000000000000, 0.09478249927633836114, 1.000000000000000000),
 ( 1.000000000000000000, 0.09436574928455147837, 1.000000000000000000),
 ( 1.000000000000000000, 0.09394533942922204950, 1.000000000000000000),
 ( 1.000000000000000000, 0.09389206590041056233, 1.000000000000000000),
 ( 1.000000000000000000, 0.09416866153574804388, 1.000000000000000000),
 ( 1.000000000000000000, 0.09494186287900142907, 1.000000000000000000),
 ( 1.000000000000000000, 0.09730356853703402142, 1.000000000000000000),
 ( 1.000000000000000000, 0.09888898157123851562, 1.000000000000000000),
 ( 1.000000000000000000, 0.1023293995426861058, 1.000000000000000000),
 ( 1.000000000000000000, 0.1041816653164351902, 1.000000000000000000),
 ( 1.000000000000000000, 0.1091951374584248097, 1.000000000000000000),
 ( 1.000000000000000000, 0.1120125523716700294, 1.000000000000000000),
 ( 1.000000000000000000, 0.1105584114898723186, 1.000000000000000000),
 ( 1.000000000000000000, 0.1100077354824720161, 1.000000000000000000),
 ( 1.000000000000000000, 0.1082221001344739614, 1.000000000000000000),
 ( 1.000000000000000000, 0.1069907023204178659, 1.000000000000000000),
 ( 1.000000000000000000, 0.1031612002820197910, 1.000000000000000000),
 ( 1.000000000000000000, 0.1001343842808511825, 1.000000000000000000),
 ( 1.000000000000000000, 0.09395792399141554563, 1.000000000000000000),
 ( 1.000000000000000000, 0.09082256657230360075, 1.000000000000000000),
 ( 1.000000000000000000, 0.08562227084775536623, 1.000000000000000000),
 ( 1.000000000000000000, 0.08359117419623206258, 1.000000000000000000),
 ( 1.000000000000000000, 0.08140892364447385732, 1.000000000000000000),
 ( 1.000000000000000000, 0.08128659503069378400, 1.000000000000000000),
 ( 1.000000000000000000, 0.08242583560901560469, 1.000000000000000000),
 ( 1.000000000000000000, 0.08361086001922195254, 1.000000000000000000),
 ( 1.000000000000000000, 0.08569343904720751193, 1.000000000000000000),
 ( 1.000000000000000000, 0.08658348286651351700, 1.000000000000000000),
 ( 1.000000000000000000, 0.08673249081156594875, 1.000000000000000000),
 ( 1.000000000000000000, 0.08596554249556949412, 1.000000000000000000),
 ( 1.000000000000000000, 0.08296656101642803371, 1.000000000000000000),
 ( 1.000000000000000000, 0.08094336275582852958, 1.000000000000000000),
 ( 1.000000000000000000, 0.07640194454077817166, 1.000000000000000000),
 ( 1.000000000000000000, 0.07389441802408890092, 1.000000000000000000),
 ( 1.000000000000000000, 0.06909301552048623118, 1.000000000000000000),
 ( 1.000000000000000000, 0.06682078668122144738, 1.000000000000000000),
 ( 1.000000000000000000, 0.06384066992631738657, 1.000000000000000000),
 ( 1.000000000000000000, 0.06291333570138298026, 1.000000000000000000),
 ( 1.000000000000000000, 0.06114950265347327690, 1.000000000000000000),
 ( 1.000000000000000000, 0.06031325255935266610, 1.000000000000000000),
 ( 1.000000000000000000, 0.05861446612192989375, 1.000000000000000000),
 ( 1.000000000000000000, 0.05775575789531374460, 1.000000000000000000),
 ( 1.000000000000000000, 0.05634725761065360189, 1.000000000000000000),
 ( 1.000000000000000000, 0.05585724495272643975, 1.000000000000000000),
 ( 1.000000000000000000, 0.05481335132114124181, 1.000000000000000000),
 ( 1.000000000000000000, 0.05424863530354096658, 1.000000000000000000),
 ( 1.000000000000000000, 0.05138267092348716703, 1.000000000000000000),
 ( 1.000000000000000000, 0.04893095975273474563, 1.000000000000000000),
 ( 1.000000000000000000, 0.04496175826370955170, 1.000000000000000000),
 ( 1.000000000000000000, 0.04358943647156846013, 1.000000000000000000),
 ( 1.000000000000000000, 0.04074287449103954767, 1.000000000000000000),
 ( 1.000000000000000000, 0.03928097024916406971, 1.000000000000000000),
 ( 1.000000000000000000, 0.03624947140447060817, 1.000000000000000000),
 ( 1.000000000000000000, 0.03466249173786842275, 1.000000000000000000),
 ( 1.000000000000000000, 0.03223990339604676514, 1.000000000000000000),
 ( 1.000000000000000000, 0.03142709820499506312, 1.000000000000000000),
 ( 1.000000000000000000, 0.02983688182508255002, 1.000000000000000000),
 ( 1.000000000000000000, 0.02905912270915990067, 1.000000000000000000),
 ( 1.000000000000000000, 0.02762279060502082287, 1.000000000000000000),
 ( 1.000000000000000000, 0.02696448571654480250, 1.000000000000000000),
 ( 1.000000000000000000, 0.02589351245042714050, 1.000000000000000000),
 ( 1.000000000000000000, 0.02548261823683681954, 1.000000000000000000),
 ( 1.000000000000000000, 0.02504793635171925770, 1.000000000000000000),
 ( 1.000000000000000000, 0.02502269578982831144, 1.000000000000000000),
 ( 1.000000000000000000, 0.02535564919273934278, 1.000000000000000000),
 ( 1.000000000000000000, 0.02552776055935196062, 1.000000000000000000),
 ( 1.000000000000000000, 0.02587501649152996672, 1.000000000000000000),
 ( 1.000000000000000000, 0.02600401404721670862, 1.000000000000000000),
 ( 1.000000000000000000, 0.02625729570173797323, 1.000000000000000000),
 ( 1.000000000000000000, 0.02638576080649621472, 1.000000000000000000),
 ( 1.000000000000000000, 0.02860009195858254083, 1.000000000000000000),
 ( 1.000000000000000000, 0.03113925578875875039, 1.000000000000000000),
 ( 1.000000000000000000, 0.03405470804336411389, 1.000000000000000000) ) ) 
 REPRESENTATION_ITEM ( '' )  SURFACE ( )  );
#6074 = CARTESIAN_POINT ( 'NONE',  ( 119.6486019769724862, 5.169603535435303598, 1.952177918465077822 ) ) ;
#6075 = CARTESIAN_POINT ( 'NONE',  ( 3.098743196970463298, 6.673040013725063169, -6.207227047689109156 ) ) ;
#6076 = CARTESIAN_POINT ( 'NONE',  ( 69.80623888740480254, 6.888019808913209197, -6.765226824667801786 ) ) ;
#6077 = CARTESIAN_POINT ( 'NONE',  ( -12.99108240962313765, 7.527223157222748817, 6.821683644171153915 ) ) ;
#6078 = CARTESIAN_POINT ( 'NONE',  ( -119.2714824158900768, 5.911077697660062746, 2.185157613440134483 ) ) ;
#6079 = ORIENTED_EDGE ( 'NONE', *, *, #920, .F. ) ;
#6080 = CARTESIAN_POINT ( 'NONE',  ( -98.08560180664062500, 7.583556206403791577, 4.585349559783940876 ) ) ;
#6081 = CARTESIAN_POINT ( 'NONE',  ( -9.714451465470119729E-14, 13.42264973081045554, 0.000000000000000000 ) ) ;
#6082 = AXIS2_PLACEMENT_3D ( 'NONE', #2932, #4064, #5581 ) ;
#6083 = CARTESIAN_POINT ( 'NONE',  ( -2.535993521747601509, 6.636571297630075250, 6.191818223223073403 ) ) ;
#6084 = CARTESIAN_POINT ( 'NONE',  ( 1.941102829232092652, 3.917173416775063810, 6.014264994549616716 ) ) ;
#6085 = CARTESIAN_POINT ( 'NONE',  ( -22.02895240702555668, 0.6611015828451262122, -14.70960416548961369 ) ) ;
#6086 = CARTESIAN_POINT ( 'NONE',  ( 5.964518650267455868, 8.333161670768323148, 0.7785106393290756044 ) ) ;
#6087 = CARTESIAN_POINT ( 'NONE',  ( -22.73472976684569957, 7.373576702056865884, 8.056432723999026990 ) ) ;
#6088 = TOROIDAL_SURFACE ( 'NONE', #6515, -21.91068183522258295, 30.00000000000000000 ) ;
#6089 = CARTESIAN_POINT ( 'NONE',  ( -9.714451465470119729E-14, 6.777350269189689413, -3.000000000000021316 ) ) ;
#6090 = ORIENTED_EDGE ( 'NONE', *, *, #1795, .F. ) ;
#6091 = CIRCLE ( 'NONE', #142, 5.500000000000000000 ) ;
#6092 = CARTESIAN_POINT ( 'NONE',  ( 88.77958139998658282, 6.725429603835150871, -5.938889461502632194 ) ) ;
#6093 = CARTESIAN_POINT ( 'NONE',  ( -5.986756546625949582, 3.982218028441379509, 0.5073277469438008946 ) ) ;
#6094 = CARTESIAN_POINT ( 'NONE',  ( -100.2177033851286723, 4.922025684417082658, -6.725796868702644815 ) ) ;
#6095 = CARTESIAN_POINT ( 'NONE',  ( 118.4752451126658741, 5.328232289387298870, 2.491374962029254014 ) ) ;
#6096 = CIRCLE ( 'NONE', #5432, 0.2499999999999997780 ) ;
#6097 = EDGE_CURVE ( 'NONE', #4842, #1682, #2175, .T. ) ;
#6098 = FACE_OUTER_BOUND ( 'NONE', #2558, .T. ) ;
#6099 = FACE_OUTER_BOUND ( 'NONE', #2230, .T. ) ;
#6100 = DIRECTION ( 'NONE',  ( -0.000000000000000000, -1.000000000000000000, -0.000000000000000000 ) ) ;
#6101 = CARTESIAN_POINT ( 'NONE',  ( -4.396031136485996527, 6.772529541585274870, -4.587374496064200891 ) ) ;
#6102 = VERTEX_POINT ( 'NONE', #297 ) ;
#6103 = CARTESIAN_POINT ( 'NONE',  ( -32.90313382722621327, -3.630781116436706313, -19.93036632261545549 ) ) ;
#6104 = CARTESIAN_POINT ( 'NONE',  ( -12.11456200946897610, 6.889511147997740892, 6.561791612691632913 ) ) ;
#6105 = CARTESIAN_POINT ( 'NONE',  ( -105.6942510740076955, 6.609068768386705095, 4.990296521647916705 ) ) ;
#6106 = CARTESIAN_POINT ( 'NONE',  ( 81.95162373092750840, 2.132685570451924750, 11.93756166539521324 ) ) ;
#6107 = CARTESIAN_POINT ( 'NONE',  ( -61.92648708579997674, 2.112162294771867455, -12.56298293993514825 ) ) ;
#6108 = CARTESIAN_POINT ( 'NONE',  ( -4.791149215326564459, 6.677386727423622936, 6.077200002107892907 ) ) ;
#6109 = CARTESIAN_POINT ( 'NONE',  ( 120.6801474408458006, 3.258185593406117242, 6.377313613891581134 ) ) ;
#6110 = B_SPLINE_CURVE_WITH_KNOTS ( 'NONE', 3,
 ( #36, #6306, #995, #547 ),
 .UNSPECIFIED., .F., .F.,
 ( 4, 4 ),
 ( 1.939479807224432123E-18, 0.0001660743248402055117 ),
 .UNSPECIFIED. ) ;
#6111 = CARTESIAN_POINT ( 'NONE',  ( -117.5336942436570524, 6.620340105872604575, 4.127361141182873894 ) ) ;
#6112 = CARTESIAN_POINT ( 'NONE',  ( 115.9483619908242815, 4.609500972300039301, 3.428464994780529018 ) ) ;
#6113 = CARTESIAN_POINT ( 'NONE',  ( 118.6733481751442412, 5.976304573394005892, -3.478173050254614207 ) ) ;
#6114 = CARTESIAN_POINT ( 'NONE',  ( 101.4748036170092860, 6.246844161367074655, -5.374376618191366362 ) ) ;
#6115 = CARTESIAN_POINT ( 'NONE',  ( -9.090044544096658186, 7.540355991129565005, 6.219837844293103046 ) ) ;
#6116 = ORIENTED_EDGE ( 'NONE', *, *, #6765, .T. ) ;
#6117 = CARTESIAN_POINT ( 'NONE',  ( 0.6612845063209553675, 7.732716889558749251, -4.128954410552978516 ) ) ;
#6118 = CARTESIAN_POINT ( 'NONE',  ( -2.306925488989337136, 6.103993760284523340, 5.979715182823188258 ) ) ;
#6119 = CARTESIAN_POINT ( 'NONE',  ( -15.73984309978727580, 2.699724381682893526, -11.24570935844148956 ) ) ;
#6120 = CARTESIAN_POINT ( 'NONE',  ( 1.694818761861450307, 5.212907535209791554, 6.281222319694570899 ) ) ;
#6121 = DIRECTION ( 'NONE',  ( 0.8162594180344857620, 0.3373550425051327628, 0.4689479051732322046 ) ) ;
#6122 = CARTESIAN_POINT ( 'NONE',  ( -21.12045698040432029, 0.9598531547912281248, -14.47614376671486092 ) ) ;
#6123 = CARTESIAN_POINT ( 'NONE',  ( -114.8349990844726705, -2.295687167467037160, -20.95277023315428977 ) ) ;
#6124 = CARTESIAN_POINT ( 'NONE',  ( 3.338300287824422341, 6.113024425009418117, 5.439360034295066981 ) ) ;
#6125 = EDGE_CURVE ( 'NONE', #904, #407, #3483, .T. ) ;
#6126 = ORIENTED_EDGE ( 'NONE', *, *, #3197, .T. ) ;
#6127 = CARTESIAN_POINT ( 'NONE',  ( 76.08836743302360617, 7.231995479961433659, -6.539773822004653070 ) ) ;
#6128 = CARTESIAN_POINT ( 'NONE',  ( -5.959967849216972091, 3.828202990955844154, -0.7597757581670236959 ) ) ;
#6129 = CARTESIAN_POINT ( 'NONE',  ( -3.313221859740861586, 6.352391767609999462, 6.183029874815353821 ) ) ;
#6130 = CARTESIAN_POINT ( 'NONE',  ( 11.90859064605687045, 4.106720578791795084, 9.191452864809926737 ) ) ;
#6131 = CARTESIAN_POINT ( 'NONE',  ( 1.941102829232092652, 3.917173416775063810, 6.014264994549616716 ) ) ;
#6132 = DIRECTION ( 'NONE',  ( -1.224646799147402511E-16, 0.000000000000000000, -1.000000000000000000 ) ) ;
#6133 = CARTESIAN_POINT ( 'NONE',  ( 28.07581115317928422, -1.503476387627805888, 20.25674629211425071 ) ) ;
#6134 = ORIENTED_EDGE ( 'NONE', *, *, #1795, .T. ) ;
#6135 = CARTESIAN_POINT ( 'NONE',  ( -25.91148895967694799, -0.8462909709534115477, -16.31691673540415977 ) ) ;
#6136 = CARTESIAN_POINT ( 'NONE',  ( -21.45100400601910806, 7.652885932538055158, 8.275693849782168598 ) ) ;
#6137 = DIRECTION ( 'NONE',  ( -1.000000000000000000, 0.000000000000000000, 0.000000000000000000 ) ) ;
#6138 = CARTESIAN_POINT ( 'NONE',  ( 61.91870933457607151, 2.238758821281672695, 12.83991694028073915 ) ) ;
#6139 = CARTESIAN_POINT ( 'NONE',  ( 10.55803201064572328, 6.715522576126272902, -6.355702710661519816 ) ) ;
#6140 = CARTESIAN_POINT ( 'NONE',  ( 4.789054278461015279, 6.655280348950653568, -6.077200002107892907 ) ) ;
#6141 = CARTESIAN_POINT ( 'NONE',  ( 99.71287469690605576, 5.474919981856593232, 2.224943161010725312 ) ) ;
#6142 = CARTESIAN_POINT ( 'NONE',  ( 1.909695385371227516, 4.812850254091243229, 6.676271772984664565 ) ) ;
#6143 = EDGE_CURVE ( 'NONE', #1715, #853, #1734, .T. ) ;
#6144 = CARTESIAN_POINT ( 'NONE',  ( 121.0324779324481028, 2.784020418815577269, 10.55228290070124331 ) ) ;
#6145 = CARTESIAN_POINT ( 'NONE',  ( 116.8698188226743468, 5.744646923934322302, -4.580598064394607150 ) ) ;
#6146 = CARTESIAN_POINT ( 'NONE',  ( 59.28266114331251657, 7.208914241172415416, -7.612835976401500560 ) ) ;
#6147 = CARTESIAN_POINT ( 'NONE',  ( -8.309085198198008726, 7.327114742128132185, 6.205712720932925919 ) ) ;
#6148 = ORIENTED_EDGE ( 'NONE', *, *, #2944, .F. ) ;
#6149 = CARTESIAN_POINT ( 'NONE',  ( -97.57672119140625000, 6.017544658361495102, -4.705341815948481887 ) ) ;
#6150 = CARTESIAN_POINT ( 'NONE',  ( -2.894266506084120838, 5.919795408121506952, 5.719887968397354250 ) ) ;
#6151 = CARTESIAN_POINT ( 'NONE',  ( 18.09689502498154923, 1.732680302172594944, 12.28308533577971495 ) ) ;
#6152 = CARTESIAN_POINT ( 'NONE',  ( -21.90482472585338414, 0.6624148257664613793, -14.92660783863790286 ) ) ;
#6153 = CARTESIAN_POINT ( 'NONE',  ( -114.1417286730763152, 5.456541683858775471, -4.217874708442648668 ) ) ;
#6154 = CARTESIAN_POINT ( 'NONE',  ( 119.4216761460162246, 6.131273800061692647, -1.481492713274879858 ) ) ;
#6155 = DIRECTION ( 'NONE',  ( 0.000000000000000000, 0.000000000000000000, -1.000000000000000000 ) ) ;
#6156 = DATE_AND_TIME ( #4634, #3935 ) ;
#6157 = VERTEX_POINT ( 'NONE', #3580 ) ;
#6158 = CARTESIAN_POINT ( 'NONE',  ( -116.8749227609419137, 6.284014352493013433, 4.580598064394594715 ) ) ;
#6159 = CARTESIAN_POINT ( 'NONE',  ( -2.283107464193438130, 6.266784807924369538, 5.548628326630665519 ) ) ;
#6160 = CARTESIAN_POINT ( 'NONE',  ( -116.2898343838189987, 2.220258788492315283, -12.39130552617884540 ) ) ;
#6161 = CARTESIAN_POINT ( 'NONE',  ( -2.555757551263489802, 6.030128407240852972, 5.874762450655395263 ) ) ;
#6162 = CARTESIAN_POINT ( 'NONE',  ( 1.831163441290139637, 4.148651542226270195, 6.642680180984863014 ) ) ;
#6163 = CARTESIAN_POINT ( 'NONE',  ( -4.768630754101158331, 6.838127782011626188, 6.267345294644604436 ) ) ;
#6164 = CARTESIAN_POINT ( 'NONE',  ( 77.87022871497526921, -7.753487079457517694, 16.75580024719236505 ) ) ;
#6165 = EDGE_LOOP ( 'NONE', ( #3859, #1784, #252, #782 ) ) ;
#6166 = CARTESIAN_POINT ( 'NONE',  ( -64.89361690361113233, 1.305758811118400864, -14.16267734847193438 ) ) ;
#6167 = CARTESIAN_POINT ( 'NONE',  ( -40.33433252057654528, 8.277109356223879999, 9.284476607301686002 ) ) ;
#6168 = CARTESIAN_POINT ( 'NONE',  ( 1.944917403163803238, 5.408597388629512004, 6.106718297155746988 ) ) ;
#6169 = CARTESIAN_POINT ( 'NONE',  ( 87.75581460930689559, 3.530900222594584470, 8.434145982277613030 ) ) ;
#6170 = LINE ( 'NONE', #5623, #1916 ) ;
#6171 = CARTESIAN_POINT ( 'NONE',  ( 72.95614196504061510, 6.488110286493964374, -2.703608751297008617 ) ) ;
#6172 = CARTESIAN_POINT ( 'NONE',  ( -9.714451465470119729E-14, -0.5000000000000177636, 0.000000000000000000 ) ) ;
#6173 = CARTESIAN_POINT ( 'NONE',  ( 116.6996906667053793, 1.664679630684708922, 12.49873406494513617 ) ) ;
#6174 = DIRECTION ( 'NONE',  ( 1.060575238724917638E-16, -0.4999999999999849565, 0.8660254037844474784 ) ) ;
#6175 = CARTESIAN_POINT ( 'NONE',  ( 76.15362893592225646, 6.975638121761838839, -6.629803929720951672 ) ) ;
#6176 = CARTESIAN_POINT ( 'NONE',  ( -9.868886386131315192, 7.392055636867160828, 6.389923599365980422 ) ) ;
#6177 = ADVANCED_FACE ( 'NONE', ( #1918 ), #2853, .T. ) ;
#6178 = ORIENTED_EDGE ( 'NONE', *, *, #108, .F. ) ;
#6179 = CARTESIAN_POINT ( 'NONE',  ( -124.0944595336914205, 2.507159741102307215, -7.040417194366448861 ) ) ;
#6180 = CARTESIAN_POINT ( 'NONE',  ( 2.320242262992425530, 6.008853297430046148, -5.711018636903395951 ) ) ;
#6181 = CARTESIAN_POINT ( 'NONE',  ( 3.381586537066282983, 4.076494997731955117, 6.885573419277701390 ) ) ;
#6182 = CARTESIAN_POINT ( 'NONE',  ( 1.710606776637880966, 5.512569888698273246, 5.979058727150534658 ) ) ;
#6183 = CARTESIAN_POINT ( 'NONE',  ( 12.05109609256231806, 3.455862567647045136, 9.372784686191875991 ) ) ;
#6184 = CARTESIAN_POINT ( 'NONE',  ( 119.4080631516975046, 6.153246422331431376, -1.642060091489383256 ) ) ;
#6185 = CARTESIAN_POINT ( 'NONE',  ( -126.3573303222656250, 3.753883392988294876, -6.584117889404290658 ) ) ;
#6186 = DIRECTION ( 'NONE',  ( 1.000000000000000000, 0.000000000000000000, 0.000000000000000000 ) ) ;
#6187 = ORIENTED_EDGE ( 'NONE', *, *, #1537, .F. ) ;
#6188 = CARTESIAN_POINT ( 'NONE',  ( -17.79517488302305139, 7.842791352013891881, 7.616507956267791535 ) ) ;
#6189 = VECTOR ( 'NONE', #1279, 1000.000000000000000 ) ;
#6190 = CARTESIAN_POINT ( 'NONE',  ( -3.280453841751745703, 6.703277348927334955, 6.211059366732597731 ) ) ;
#6191 = CARTESIAN_POINT ( 'NONE',  ( -2.282692837728582891, 6.557636978355353641, 5.548798920395384471 ) ) ;
#6192 = AXIS2_PLACEMENT_3D ( 'NONE', #4311, #2280, #4891 ) ;
#6193 = CARTESIAN_POINT ( 'NONE',  ( 1.751314616560083248, 4.210109779013688325, 6.701905978788648355 ) ) ;
#6194 = CARTESIAN_POINT ( 'NONE',  ( 2.550699330132438547, 6.018345226586156116, -5.874762450655394375 ) ) ;
#6195 = CARTESIAN_POINT ( 'NONE',  ( -3.039686915772063625, 7.669244475038560438, 5.222647081214502940 ) ) ;
#6196 = ORIENTED_EDGE ( 'NONE', *, *, #6388, .F. ) ;
#6197 = CARTESIAN_POINT ( 'NONE',  ( -56.78012467556028042, 2.011309075274147595, -13.63727466433047475 ) ) ;
#6198 = CARTESIAN_POINT ( 'NONE',  ( -78.24926158796399989, 7.040241524751210456, 6.325509986896377335 ) ) ;
#6199 = DIRECTION ( 'NONE',  ( -0.3196645685324426833, 0.001475263770336225459, 0.9475296234006487239 ) ) ;
#6200 = AXIS2_PLACEMENT_3D ( 'NONE', #5734, #781, #2891 ) ;
#6201 = CARTESIAN_POINT ( 'NONE',  ( 93.98930214678750872, 3.749522222164916041, 7.577582895331182122 ) ) ;
#6202 = EDGE_CURVE ( 'NONE', #1715, #1979, #5766, .T. ) ;
#6203 = CARTESIAN_POINT ( 'NONE',  ( 6.273003000590051670, 3.668537053705819062, -0.2210740606253119300 ) ) ;
#6204 = CARTESIAN_POINT ( 'NONE',  ( 126.5816559340272818, 5.553265482476345660, -7.251729965209980477 ) ) ;
#6205 = AXIS2_PLACEMENT_3D ( 'NONE', #6491, #3294, #702 ) ;
#6206 = CARTESIAN_POINT ( 'NONE',  ( -117.1095927069875700, 6.545764985423974558, 4.347328150369321520 ) ) ;
#6207 = ORIENTED_EDGE ( 'NONE', *, *, #114, .F. ) ;
#6208 = CARTESIAN_POINT ( 'NONE',  ( 25.44550667459190763, 8.213728843988791439, -8.958108976603005758 ) ) ;
#6209 = CARTESIAN_POINT ( 'NONE',  ( 5.944711517498443953, 3.800732870112313311, 0.7597757581670245841 ) ) ;
#6210 = CARTESIAN_POINT ( 'NONE',  ( -119.1148943347330800, 6.539767594503271830, 2.981266678181871299 ) ) ;
#6211 = CARTESIAN_POINT ( 'NONE',  ( -19.20317368341614994, 8.046306030410249832, 7.869389620950280495 ) ) ;
#6212 = ORIENTED_EDGE ( 'NONE', *, *, #1794, .T. ) ;
#6213 = CARTESIAN_POINT ( 'NONE',  ( -4.536040782928465021, 7.480746628223381656, -4.257534503936767578 ) ) ;
#6214 = CARTESIAN_POINT ( 'NONE',  ( 119.6599614916825658, 5.582329185441927244, -1.504930727962600967 ) ) ;
#6215 = CARTESIAN_POINT ( 'NONE',  ( 1.546708989893845532, 4.382002916730182385, 6.721628531518623717 ) ) ;
#6216 = CARTESIAN_POINT ( 'NONE',  ( 2.550699330132438547, 6.018345226586156116, -5.874762450655394375 ) ) ;
#6217 = CARTESIAN_POINT ( 'NONE',  ( -109.5319330104844795, 5.248012150694647104, -5.157136211336067255 ) ) ;
#6218 = CARTESIAN_POINT ( 'NONE',  ( -11.48826704757855666, 3.611916717015779987, -9.120492623129559107 ) ) ;
#6219 = CARTESIAN_POINT ( 'NONE',  ( -118.1664199829101705, 3.066486866651616960, -9.284583091735832738 ) ) ;
#6220 = APPROVAL_ROLE ( '' ) ;
#6221 = EDGE_LOOP ( 'NONE', ( #5028, #3558, #6790, #5324, #3382 ) ) ;
#6222 = DIRECTION ( 'NONE',  ( 0.000000000000000000, 0.000000000000000000, -1.000000000000000000 ) ) ;
#6223 = CARTESIAN_POINT ( 'NONE',  ( -41.26855611467505014, 8.457109836812175985, 9.202096589698660623 ) ) ;
#6224 = ADVANCED_FACE ( 'NONE', ( #4187 ), #1559, .F. ) ;
#6225 = CARTESIAN_POINT ( 'NONE',  ( -119.9650085055191084, 2.715624346114785759, -11.88417008450267964 ) ) ;
#6226 = CARTESIAN_POINT ( 'NONE',  ( 119.3336867369498719, 5.354534545400960965, -1.987551804219214846 ) ) ;
#6227 = ORIENTED_EDGE ( 'NONE', *, *, #2729, .T. ) ;
#6228 = CARTESIAN_POINT ( 'NONE',  ( -44.40984587257359806, 8.483955444200848461, 8.823122852936560179 ) ) ;
#6229 = CARTESIAN_POINT ( 'NONE',  ( -6.230099482521127996, 8.337982826338715014, -0.8023585166692011050 ) ) ;
#6230 = CARTESIAN_POINT ( 'NONE',  ( -41.76939345477541110, -0.9401689375560586814, -17.30372821186983145 ) ) ;
#6231 = CARTESIAN_POINT ( 'NONE',  ( -88.82803786404312518, 6.827032728124033945, 5.934404597820851279 ) ) ;
#6232 = CARTESIAN_POINT ( 'NONE',  ( 116.7838902796599996, 5.497828520807003905, -4.368713801186914658 ) ) ;
#6233 = CARTESIAN_POINT ( 'NONE',  ( 104.0619905436604427, 4.135475644527852879, 5.854323521115299300 ) ) ;
#6234 = CIRCLE ( 'NONE', #513, 0.2500000000000002776 ) ;
#6235 = CARTESIAN_POINT ( 'NONE',  ( -119.3300165759599167, 6.774479491531178788, 2.655111229704089304 ) ) ;
#6236 = CARTESIAN_POINT ( 'NONE',  ( -2.292834572912281654, 6.759090141324359813, 5.761252895575343480 ) ) ;
#6237 = CARTESIAN_POINT ( 'NONE',  ( 30.00779018893106809, 7.702920322099952699, -11.24919700622558949 ) ) ;
#6238 = CARTESIAN_POINT ( 'NONE',  ( 21.28019260384012767, 8.047390875322232517, -8.247233120877242030 ) ) ;
#6239 = CARTESIAN_POINT ( 'NONE',  ( 5.270821250297964333, 4.528014363150640875, -2.860609220612857051 ) ) ;
#6240 = CARTESIAN_POINT ( 'NONE',  ( 21.97910397946061067, 0.3379773857785229318, 14.59544467883332963 ) ) ;
#6241 = DIRECTION ( 'NONE',  ( 0.4980217025006417053, -4.336808689942012806E-16, -0.8671645656035319449 ) ) ;
#6242 = CARTESIAN_POINT ( 'NONE',  ( -119.2980404786338937, 5.908956987448870990, 2.111969778432985834 ) ) ;
#6243 = ORIENTED_EDGE ( 'NONE', *, *, #5600, .T. ) ;
#6244 = CARTESIAN_POINT ( 'NONE',  ( -98.09722900390627842, -12.54082915049927927, -18.85605430603026988 ) ) ;
#6245 = CARTESIAN_POINT ( 'NONE',  ( 119.5819171601515762, 5.601947862602008499, -2.015416999557935629 ) ) ;
#6246 = CARTESIAN_POINT ( 'NONE',  ( 8.825031962307908984, 3.919799979594328132, 8.114650339947408142 ) ) ;
#6247 = CARTESIAN_POINT ( 'NONE',  ( -5.965631881762781141, 8.094691506895681954, -0.7161457092694855087 ) ) ;
#6248 = CARTESIAN_POINT ( 'NONE',  ( 5.337126570766715261, 6.470112152490046675, -6.212018773874339317 ) ) ;
#6249 = CARTESIAN_POINT ( 'NONE',  ( -10.17259252129069580, 3.804217208356988067, -8.594146949749186248 ) ) ;
#6250 = DIRECTION ( 'NONE',  ( -1.000000000000000000, 0.000000000000000000, 0.000000000000000000 ) ) ;
#6251 = VERTEX_POINT ( 'NONE', #4222 ) ;
#6252 = CARTESIAN_POINT ( 'NONE',  ( -9.714451465470119729E-14, 7.643375672974086932, -3.500000000000000000 ) ) ;
#6253 = CARTESIAN_POINT ( 'NONE',  ( 4.777216184383104469, 4.919152721845307497, -3.628869374494008149 ) ) ;
#6254 = ADVANCED_FACE ( 'NONE', ( #5353 ), #4704, .T. ) ;
#6255 = B_SPLINE_CURVE_WITH_KNOTS ( 'NONE', 3,
 ( #906, #2011, #4499, #3016, #329, #3575 ),
 .UNSPECIFIED., .F., .F.,
 ( 4, 2, 4 ),
 ( 2.149237679036746691E-17, 0.0002088560246953229560, 0.0004177120493906243907 ),
 .UNSPECIFIED. ) ;
#6256 = EDGE_CURVE ( 'NONE', #5597, #3992, #1619, .T. ) ;
#6257 = CARTESIAN_POINT ( 'NONE',  ( -71.86957186765654626, 7.503134178371380081, 6.849185989006609354 ) ) ;
#6258 = CARTESIAN_POINT ( 'NONE',  ( 119.6980090602804552, 5.720449752908521646, -0.5348203169115739453 ) ) ;
#6259 = FACE_OUTER_BOUND ( 'NONE', #1050, .T. ) ;
#6260 = CARTESIAN_POINT ( 'NONE',  ( -4.801962602247484391, 6.483133899092854868, 6.234199713409527277 ) ) ;
#6261 = CARTESIAN_POINT ( 'NONE',  ( 12.12534521699167200, 6.834415155731902836, -6.563459608605930029 ) ) ;
#6262 = ADVANCED_FACE ( 'NONE', ( #2183 ), #734, .T. ) ;
#6263 = EDGE_CURVE ( 'NONE', #5798, #4817, #6234, .T. ) ;
#6264 = CARTESIAN_POINT ( 'NONE',  ( -71.86028013173384466, 7.701081333039243582, 6.754632735601633797 ) ) ;
#6265 = CARTESIAN_POINT ( 'NONE',  ( -5.709417692504870523, 8.475563584362260983, 1.873609026030986335 ) ) ;
#6266 = CARTESIAN_POINT ( 'NONE',  ( -40.78643240773732970, -1.563913790957155658, -17.25280702463289018 ) ) ;
#6267 = CARTESIAN_POINT ( 'NONE',  ( -84.59704563294273783, 7.140087779509638466, 6.179564426941831279 ) ) ;
#6268 = DIRECTION ( 'NONE',  ( -0.000000000000000000, -1.000000000000000000, -0.000000000000000000 ) ) ;
#6269 = CARTESIAN_POINT ( 'NONE',  ( 110.4915379254619694, 2.264972420656814034, 10.67593529835669841 ) ) ;
#6270 = CARTESIAN_POINT ( 'NONE',  ( -119.6663187481078836, 6.089335624533046776, -0.4159477688111865024 ) ) ;
#6271 = DIRECTION ( 'NONE',  ( -0.000000000000000000, -1.000000000000000000, -0.000000000000000000 ) ) ;
#6272 = CARTESIAN_POINT ( 'NONE',  ( 117.6491483538451774, 3.367490952640131763, -8.606581687927263857 ) ) ;
#6273 = CARTESIAN_POINT ( 'NONE',  ( 19.73287865552181941, 7.878568295353574058, -7.964579228705092717 ) ) ;
#6274 = CYLINDRICAL_SURFACE ( 'NONE', #3572, 5.999987999999999211 ) ;
#6275 = CARTESIAN_POINT ( 'NONE',  ( 27.98834292765595322, -1.632675221327888115, 17.12420058464275030 ) ) ;
#6276 = CARTESIAN_POINT ( 'NONE',  ( -5.321534335023793361, 6.865061319599082168, 6.218231683191954851 ) ) ;
#6277 = CARTESIAN_POINT ( 'NONE',  ( -21.14021642744189577, 0.9772784808876233686, -14.48734086131205068 ) ) ;
#6278 = ORIENTED_EDGE ( 'NONE', *, *, #1543, .F. ) ;
#6279 = DIRECTION ( 'NONE',  ( -0.9999893508874444503, 0.004614987725603184390, 0.000000000000000000 ) ) ;
#6280 = CARTESIAN_POINT ( 'NONE',  ( 118.8379903956796255, 5.379100642159894363, -2.938317509833521246 ) ) ;
#6281 = DIRECTION ( 'NONE',  ( 0.9971738158507372773, 0.06678880025382141761, -0.03440402799578990561 ) ) ;
#6282 = CARTESIAN_POINT ( 'NONE',  ( 11.43889263558747338, 3.295738747856062911, 9.108617124160721445 ) ) ;
#6283 = CARTESIAN_POINT ( 'NONE',  ( 119.6486019769710794, 5.169603535448085374, 1.952177918416380775 ) ) ;
#6284 = CARTESIAN_POINT ( 'NONE',  ( -3.861098751729688860, 4.255689820485126340, -6.947501781605637028 ) ) ;
#6285 = CARTESIAN_POINT ( 'NONE',  ( -7.652873335926114073, 4.648850626571338296, -7.758179078350197599 ) ) ;
#6286 = ORIENTED_EDGE ( 'NONE', *, *, #412, .T. ) ;
#6287 = LINE ( 'NONE', #5387, #4878 ) ;
#6288 = CARTESIAN_POINT ( 'NONE',  ( 6.256268141729697696, 3.590795351919825240, 0.4522537903374064805 ) ) ;
#6289 = B_SPLINE_SURFACE_WITH_KNOTS ( 'NONE', 3, 1, ( 
 ( #5300, #4747 ),
 ( #1638, #6367 ),
 ( #5850, #1093 ),
 ( #2748, #4235 ),
 ( #93, #27 ),
 ( #1674, #5885 ),
 ( #2098, #3750 ),
 ( #5782, #1708 ) ),
 .UNSPECIFIED., .F., .F., .F.,
 ( 4, 1, 1, 1, 1, 4 ),
 ( 2, 2 ),
 ( 0.4201105210271566803, 0.4277330559931312726, 0.4342273154739053620, 0.4361202672898381039, 0.4466625741524582471, 0.4508205412262605294 ),
 ( 0.000000000000000000, 1.000000000000000000 ),
 .UNSPECIFIED. ) ;
#6290 = CARTESIAN_POINT ( 'NONE',  ( -22.46039939405552133, 8.092225809927665381, 8.461803973836232728 ) ) ;
#6291 = CARTESIAN_POINT ( 'NONE',  ( -2.286122357308306707, 6.890450844486344373, 5.628479988899228736 ) ) ;
#6292 = CARTESIAN_POINT ( 'NONE',  ( 119.5046419609548991, 5.958245704896253159, -2.267417459776092326 ) ) ;
#6293 = CARTESIAN_POINT ( 'NONE',  ( 1.728683405264727524, 5.737418728366433740, 5.754705720436009919 ) ) ;
#6294 = CARTESIAN_POINT ( 'NONE',  ( -9.493431091308602632, -4.035463778795271850, -22.98249626159667969 ) ) ;
#6295 = CARTESIAN_POINT ( 'NONE',  ( -41.75776313746371926, -1.330191436686264383, -16.99442739735656005 ) ) ;
#6296 = CARTESIAN_POINT ( 'NONE',  ( -5.500000000000000000, 3.575857766892257316E-15, 0.000000000000000000 ) ) ;
#6297 = VECTOR ( 'NONE', #6100, 1000.000000000000000 ) ;
#6298 = CARTESIAN_POINT ( 'NONE',  ( -5.321346219013198819, 8.437478900762309664, 2.791881189485221793 ) ) ;
#6299 = CARTESIAN_POINT ( 'NONE',  ( -55.75500120974538021, 1.888363990671261261, -13.81600120585161484 ) ) ;
#6300 = CARTESIAN_POINT ( 'NONE',  ( -97.25518378813767129, 6.610131963464506377, 5.531026005008572000 ) ) ;
#6301 = CARTESIAN_POINT ( 'NONE',  ( 32.48813969883472197, -2.160693445815962122, 18.46274728434211099 ) ) ;
#6302 = EDGE_CURVE ( 'NONE', #970, #3582, #2649, .T. ) ;
#6303 = CARTESIAN_POINT ( 'NONE',  ( 101.7368111112726297, 4.060623663978462083, 6.251545125665854741 ) ) ;
#6304 = AXIS2_PLACEMENT_3D ( 'NONE', #2701, #1239, #1786 ) ;
#6305 = CARTESIAN_POINT ( 'NONE',  ( -119.6580479261101999, 5.956695805989094872, -2.014034762338863249 ) ) ;
#6306 = CARTESIAN_POINT ( 'NONE',  ( -2.284204327209105934, 6.155685065397356048, 5.567670970234100736 ) ) ;
#6307 = CIRCLE ( 'NONE', #2133, 6.915440399266786109 ) ;
#6308 = CARTESIAN_POINT ( 'NONE',  ( 22.57348110866952595, 5.676318026402420003, -10.70037269592285334 ) ) ;
#6309 = CARTESIAN_POINT ( 'NONE',  ( 11.94934106046329880, 7.530442249624430318, -6.668007510411675831 ) ) ;
#6310 = CARTESIAN_POINT ( 'NONE',  ( 4.800670277500779903, 4.901122512883699933, -3.597233189263375319 ) ) ;
#6311 = EDGE_CURVE ( 'NONE', #1197, #4817, #3878, .T. ) ;
#6312 = CARTESIAN_POINT ( 'NONE',  ( 27.14501365827588231, -2.614961591091298665, 18.73898603790629380 ) ) ;
#6313 = CARTESIAN_POINT ( 'NONE',  ( -5.800704560867924187, 7.010361674102563612, 6.150237113577088799 ) ) ;
#6314 = CIRCLE ( 'NONE', #4447, 2.500000000000015099 ) ;
#6315 = CARTESIAN_POINT ( 'NONE',  ( -15.78593675484719938, 2.951205157251606703, -11.27059662972361131 ) ) ;
#6316 = CARTESIAN_POINT ( 'NONE',  ( 1.668296330470951938, 4.203871880210851231, 6.756291657926464467 ) ) ;
#6317 = CARTESIAN_POINT ( 'NONE',  ( 2.551476151027132655, 6.033195644330035634, -5.891683887300366074 ) ) ;
#6318 = FACE_BOUND ( 'NONE', #6474, .T. ) ;
#6319 = CARTESIAN_POINT ( 'NONE',  ( -5.918700424662960202, 8.008465482751493170, -1.033702747381817888 ) ) ;
#6320 = CARTESIAN_POINT ( 'NONE',  ( 8.953001373583679978, 6.777658987834236370, -6.275726791299826246 ) ) ;
#6321 = CARTESIAN_POINT ( 'NONE',  ( -84.55385647825528395, 7.320246796604887862, 6.183218779557556388 ) ) ;
#6322 = CARTESIAN_POINT ( 'NONE',  ( -2.555373850527150381, 6.407496397091777318, 6.242708896712407807 ) ) ;
#6323 = ORIENTED_EDGE ( 'NONE', *, *, #5837, .F. ) ;
#6324 = CARTESIAN_POINT ( 'NONE',  ( -63.24808883666992188, 3.031028301893257559, 12.96321487426758345 ) ) ;
#6325 = CARTESIAN_POINT ( 'NONE',  ( -9.647095891517015397E-14, 12.99999999999993605, 5.500000000000000000 ) ) ;
#6326 = CARTESIAN_POINT ( 'NONE',  ( -37.06007225561521778, 8.626741941356785404, 9.515667031283317812 ) ) ;
#6327 = CARTESIAN_POINT ( 'NONE',  ( -1.955864424136558588, 3.926165692675636087, -6.014264994549617604 ) ) ;
#6328 = CARTESIAN_POINT ( 'NONE',  ( 118.1766693604347864, 6.187199907823306866, -3.656896910944206880 ) ) ;
#6329 = CARTESIAN_POINT ( 'NONE',  ( 5.934924386572736132, 7.918443043829478611, 2.122268682628069669 ) ) ;
#6330 = EDGE_CURVE ( 'NONE', #1995, #5007, #1954, .T. ) ;
#6331 = CARTESIAN_POINT ( 'NONE',  ( -16.13355636596679332, 10.75504902142140473, 13.77723312377929865 ) ) ;
#6332 = CARTESIAN_POINT ( 'NONE',  ( 1.656840887997204304, 0.5524150360007437088, 6.754550105607908250 ) ) ;
#6333 = CARTESIAN_POINT ( 'NONE',  ( 4.485836997996289099, 3.353453879463529130, 4.390005313846848445 ) ) ;
#6334 = CARTESIAN_POINT ( 'NONE',  ( -5.879896853770111065, 8.440293431581460837, 1.238819663605955634 ) ) ;
#6335 = B_SPLINE_CURVE_WITH_KNOTS ( 'NONE', 3,
 ( #5099, #4646, #6744, #990, #2517, #6232 ),
 .UNSPECIFIED., .F., .F.,
 ( 4, 2, 4 ),
 ( 0.000000000000000000, 0.005562687421701567082, 0.01112537484340313416 ),
 .UNSPECIFIED. ) ;
#6336 = CARTESIAN_POINT ( 'NONE',  ( -87.77144499971853975, 3.935930453498644788, -8.434145982289134480 ) ) ;
#6337 = CARTESIAN_POINT ( 'NONE',  ( -59.85709304274383413, 2.345875738565089463, -13.13357154211636058 ) ) ;
#6338 = CARTESIAN_POINT ( 'NONE',  ( 115.1145612338200834, 5.634323864560900397, -5.247974302444722738 ) ) ;
#6339 = CARTESIAN_POINT ( 'NONE',  ( 100.2064912704758655, 4.459545622795499042, 6.725796868694516206 ) ) ;
#6340 = CARTESIAN_POINT ( 'NONE',  ( -119.6897883479634572, 6.619736409653453002, 1.141589159914333962 ) ) ;
#6341 = CARTESIAN_POINT ( 'NONE',  ( -2.305675107495473330, 6.474668977491778499, 6.014267845432308413 ) ) ;
#6342 = DIRECTION ( 'NONE',  ( 0.000000000000000000, 0.000000000000000000, -1.000000000000000000 ) ) ;
#6343 = ORIENTED_EDGE ( 'NONE', *, *, #1202, .T. ) ;
#6344 = CARTESIAN_POINT ( 'NONE',  ( 38.08710894023328564, 8.613779374190922766, -9.358257237975761811 ) ) ;
#6345 = CARTESIAN_POINT ( 'NONE',  ( -119.3405648010492257, 5.905276848492172270, 1.987551804219295448 ) ) ;
#6346 = CARTESIAN_POINT ( 'NONE',  ( 28.47400651293373031, -1.386856550342796535, 17.60003603886400469 ) ) ;
#6347 = CARTESIAN_POINT ( 'NONE',  ( 112.5911244526781445, 4.370353042504403263, 4.439438078504353236 ) ) ;
#6348 = CARTESIAN_POINT ( 'NONE',  ( -119.6519819574320849, 5.681817011876400869, -0.6905373559532884675 ) ) ;
#6349 = B_SPLINE_SURFACE_WITH_KNOTS ( 'NONE', 3, 1, ( 
 ( #1207, #3731 ),
 ( #5830, #1172 ),
 ( #3833, #171 ),
 ( #3316, #104 ),
 ( #4385, #4247 ),
 ( #4280, #2181 ),
 ( #1104, #5409 ),
 ( #4854, #683 ),
 ( #5346, #6377 ),
 ( #2246, #2798 ),
 ( #4821, #3864 ),
 ( #3211, #6446 ),
 ( #5959, #5312 ),
 ( #4351, #6409 ) ),
 .UNSPECIFIED., .F., .F., .F.,
 ( 4, 1, 1, 1, 1, 1, 1, 1, 1, 1, 1, 4 ),
 ( 2, 2 ),
 ( 0.006489833283474746688, 0.01017045952205819503, 0.02289352323264970401, 0.06043658925195560805, 0.1007688157169651655, 0.1330686246183228061, 0.1445473382258741779, 0.2155559517924789947, 0.2798269580304022508, 0.3606587566024119784, 0.3743936008364175949, 0.3817703460881577415 ),
 ( 0.000000000000000000, 1.000000000000000000 ),
 .UNSPECIFIED. ) ;
#6350 = CARTESIAN_POINT ( 'NONE',  ( 1.697708217627525551, 3.982556780886851389, 6.143217453308359666 ) ) ;
#6351 = AXIS2_PLACEMENT_3D ( 'NONE', #4506, #5573, #5054 ) ;
#6352 = CARTESIAN_POINT ( 'NONE',  ( -119.6563301418436396, 5.721801137857741359, -1.952177918416394320 ) ) ;
#6353 = DIRECTION ( 'NONE',  ( -0.003071478646207200479, -0.6655371845618158755, -0.7463583736948741221 ) ) ;
#6354 = CARTESIAN_POINT ( 'NONE',  ( -15.93591903184194614, 3.118434824949650519, -11.24901757867416130 ) ) ;
#6355 = CARTESIAN_POINT ( 'NONE',  ( -2.475271074217523903, 4.147830259581555268, -6.785635356287867737 ) ) ;
#6356 = CARTESIAN_POINT ( 'NONE',  ( -2.555373850527153490, 6.475032130601258373, 6.002003839226409454 ) ) ;
#6357 = ORIENTED_EDGE ( 'NONE', *, *, #2219, .F. ) ;
#6358 = CARTESIAN_POINT ( 'NONE',  ( -63.18926620483399148, 4.621993334470771764, 11.13518047332764027 ) ) ;
#6359 = CARTESIAN_POINT ( 'NONE',  ( 5.803843202843423477, 3.806100298079522659, -1.497702184854885044 ) ) ;
#6360 = CARTESIAN_POINT ( 'NONE',  ( 31.82404046130178088, 8.551826001904897723, -9.611887394796553963 ) ) ;
#6361 = CARTESIAN_POINT ( 'NONE',  ( 41.25540717198996532, 8.469250239291509885, -9.103366571959277564 ) ) ;
#6362 = CARTESIAN_POINT ( 'NONE',  ( 119.6862037870501467, 6.067374835819276946, -1.141589159924517816 ) ) ;
#6363 = CARTESIAN_POINT ( 'NONE',  ( 3.671505147986623196, 6.305870153666208289, 5.209462096224580563 ) ) ;
#6364 = CARTESIAN_POINT ( 'NONE',  ( -0.9964106082916278639, 2.968893082319219445, -4.381004810333251953 ) ) ;
#6365 = CARTESIAN_POINT ( 'NONE',  ( 46.63549869159375305, 7.585969011669519091, -8.558618023287285936 ) ) ;
#6366 = ORIENTED_EDGE ( 'NONE', *, *, #5422, .T. ) ;
#6367 = CARTESIAN_POINT ( 'NONE',  ( 117.4923223990975742, 5.129662284696078878, -4.372984897823577022 ) ) ;
#6368 = CARTESIAN_POINT ( 'NONE',  ( 41.40991630365613929, 8.042767451559534209, -9.188649241237369480 ) ) ;
#6369 = CARTESIAN_POINT ( 'NONE',  ( -66.08877505719976853, 2.860880566860238172, -12.23719884469512564 ) ) ;
#6370 = DIRECTION ( 'NONE',  ( -0.000000000000000000, -1.000000000000000000, -0.000000000000000000 ) ) ;
#6371 = CARTESIAN_POINT ( 'NONE',  ( 25.18085314988922008, -0.3394828392054756172, 16.32872296293757586 ) ) ;
#6372 = CARTESIAN_POINT ( 'NONE',  ( 111.5657150141277469, 4.337332936172923148, 4.621992093889355502 ) ) ;
#6373 = CARTESIAN_POINT ( 'NONE',  ( 5.098175384500432727, 4.635475624690658769, -3.779513424609156402 ) ) ;
#6374 = CARTESIAN_POINT ( 'NONE',  ( -9.647095891517015397E-14, -6.591949208711866959E-14, 5.500000000000000000 ) ) ;
#6375 = CARTESIAN_POINT ( 'NONE',  ( 63.05941102533757459, 7.896611245674638013, -6.927866458892832036 ) ) ;
#6376 = CARTESIAN_POINT ( 'NONE',  ( 7.273235140404803900, 7.411741559905414611, -6.035387112644155394 ) ) ;
#6377 = CARTESIAN_POINT ( 'NONE',  ( -60.33994276914542354, 6.528388752623345503, 7.365970807624785621 ) ) ;
#6378 = CARTESIAN_POINT ( 'NONE',  ( 40.74029738656052757, -1.369250775277748078, 17.57030268900254910 ) ) ;
#6379 = CARTESIAN_POINT ( 'NONE',  ( -1.730487287387599604, 4.843622365392578288, -5.745021322864143798 ) ) ;
#6380 =( BOUNDED_SURFACE ( )  B_SPLINE_SURFACE ( 3, 2, ( 
 ( #378, #6677, #3091 ),
 ( #5711, #5192, #468 ),
 ( #3615, #985, #4870 ),
 ( #662, #1767, #3844 ),
 ( #4466, #6042, #2222 ),
 ( #6457, #183, #3877 ),
 ( #4969, #2367, #149 ),
 ( #3260, #1733, #6563 ),
 ( #5940, #5975, #6525 ),
 ( #5459, #2293, #5358 ),
 ( #4397, #2742, #6424 ),
 ( #630, #5388, #1700 ),
 ( #1219, #4834, #1804 ),
 ( #4326, #733, #217 ),
 ( #4904, #2844, #4427 ),
 ( #1256, #767, #3807 ),
 ( #4937, #117, #6489 ),
 ( #3330, #2774, #5910 ),
 ( #2328, #3292, #2258 ),
 ( #6008, #4362, #3365 ),
 ( #3916, #1184, #1285 ),
 ( #3399, #5425, #5492 ),
 ( #1837, #700, #2877 ),
 ( #254, #3949, #2811 ),
 ( #5567, #2468, #4565 ),
 ( #846, #6663, #1913 ),
 ( #2528, #4117, #293 ),
 ( #4530, #5078, #1948 ),
 ( #3049, #422, #2955 ),
 ( #1319, #6629, #4628 ),
 ( #4020, #4053, #4595 ),
 ( #2987, #5114, #6150 ),
 ( #1391, #6724, #3509 ),
 ( #4082, #5009, #6118 ) ),
 .UNSPECIFIED., .F., .F., .T. ) 
 B_SPLINE_SURFACE_WITH_KNOTS ( ( 4, 2, 2, 2, 2, 2, 2, 2, 2, 2, 2, 2, 2, 2, 2, 2, 4 ),
 ( 3, 3 ),
 ( 0.003746139107541798709, 0.005737748477620567208, 0.006733553162659951241, 0.007729357847699336141, 0.008227260190219028158, 0.008725162532738721041, 0.009720967217778105074, 0.01071677190281748911, 0.01171257658785687314, 0.01270838127289625891, 0.01370418595793564294, 0.01469999064297502697, 0.01569579532801441274, 0.01669160001305379504, 0.01768740469809318080, 0.01868320938313256657, 0.01967901406817194887 ),
 ( 0.000000000000000000, 1.000000000000000000 ),
 .UNSPECIFIED. ) 
 GEOMETRIC_REPRESENTATION_ITEM ( )  RATIONAL_B_SPLINE_SURFACE ( (
 ( 1.000000000000000000, 0.5877449327255844791, 1.000000000000000000),
 ( 1.000000000000000000, 0.6003371341042184062, 1.000000000000000000),
 ( 1.000000000000000000, 0.6143987441999622101, 1.000000000000000000),
 ( 1.000000000000000000, 0.6384400640040893693, 1.000000000000000000),
 ( 1.000000000000000000, 0.6468496074342181545, 1.000000000000000000),
 ( 1.000000000000000000, 0.6634589761088051096, 1.000000000000000000),
 ( 1.000000000000000000, 0.6723982544217155244, 1.000000000000000000),
 ( 1.000000000000000000, 0.6822527694792815955, 1.000000000000000000),
 ( 1.000000000000000000, 0.6847225301350131632, 1.000000000000000000),
 ( 1.000000000000000000, 0.6880427219070316402, 1.000000000000000000),
 ( 1.000000000000000000, 0.6889054682036741539, 1.000000000000000000),
 ( 1.000000000000000000, 0.6895736869741780906, 1.000000000000000000),
 ( 1.000000000000000000, 0.6874628324319967954, 1.000000000000000000),
 ( 1.000000000000000000, 0.6807705007831298394, 1.000000000000000000),
 ( 1.000000000000000000, 0.6762048322962962432, 1.000000000000000000),
 ( 1.000000000000000000, 0.6675207129228023506, 1.000000000000000000),
 ( 1.000000000000000000, 0.6636540256899906565, 1.000000000000000000),
 ( 1.000000000000000000, 0.6570217305134170571, 1.000000000000000000),
 ( 1.000000000000000000, 0.6538611395932567572, 1.000000000000000000),
 ( 1.000000000000000000, 0.6450608381424893789, 1.000000000000000000),
 ( 1.000000000000000000, 0.6394059370741584925, 1.000000000000000000),
 ( 1.000000000000000000, 0.6229443848783189353, 1.000000000000000000),
 ( 1.000000000000000000, 0.6113135967137361959, 1.000000000000000000),
 ( 1.000000000000000000, 0.5849746809109742651, 1.000000000000000000),
 ( 1.000000000000000000, 0.5715752672555957092, 1.000000000000000000),
 ( 1.000000000000000000, 0.5450253703948627626, 1.000000000000000000),
 ( 1.000000000000000000, 0.5317933002942988319, 1.000000000000000000),
 ( 1.000000000000000000, 0.5065511210598753200, 1.000000000000000000),
 ( 1.000000000000000000, 0.4944697040951658851, 1.000000000000000000),
 ( 1.000000000000000000, 0.4717436254637493720, 1.000000000000000000),
 ( 1.000000000000000000, 0.4610351776643291655, 1.000000000000000000),
 ( 1.000000000000000000, 0.4419655111569309458, 1.000000000000000000),
 ( 1.000000000000000000, 0.4335591032384228383, 1.000000000000000000),
 ( 1.000000000000000000, 0.4263426273163239411, 1.000000000000000000) ) ) 
 REPRESENTATION_ITEM ( '' )  SURFACE ( )  );
#6381 = FACE_OUTER_BOUND ( 'NONE', #4902, .T. ) ;
#6382 = CARTESIAN_POINT ( 'NONE',  ( -9.714451465470119729E-14, 6.488675134594886984, 0.000000000000000000 ) ) ;
#6383 = APPROVAL ( #2505, 'UNSPECIFIED' ) ;
#6384 = CARTESIAN_POINT ( 'NONE',  ( 2.281244443156039470, 6.100058893225046575, -5.601439031875487196 ) ) ;
#6385 = CARTESIAN_POINT ( 'NONE',  ( 4.789054278439383694, 6.655280348953574787, -6.077200002112877364 ) ) ;
#6386 = CARTESIAN_POINT ( 'NONE',  ( -103.5956260283290931, 6.817438106619092331, 5.315629903144107438 ) ) ;
#6387 = CARTESIAN_POINT ( 'NONE',  ( -2.087837457416950482, 4.668303979379521351, -6.750951627273262368 ) ) ;
#6388 = EDGE_CURVE ( 'NONE', #628, #5946, #4149, .T. ) ;
#6389 = ORIENTED_EDGE ( 'NONE', *, *, #6803, .F. ) ;
#6390 = CARTESIAN_POINT ( 'NONE',  ( -4.858165740966801316, -1.526285617174186315, 14.22724914550781250 ) ) ;
#6391 = CARTESIAN_POINT ( 'NONE',  ( 3.375017885799425521, 5.310960495034374063, -4.967470939824243814 ) ) ;
#6392 = CARTESIAN_POINT ( 'NONE',  ( 40.22149768055201946, 8.319691725494276824, -9.296044015703909480 ) ) ;
#6393 = CARTESIAN_POINT ( 'NONE',  ( 18.79742814903069004, 1.792115033503084653, 13.08646250606949479 ) ) ;
#6394 = CARTESIAN_POINT ( 'NONE',  ( -119.4064522260076444, 5.721572179638111599, -1.959986551815654732 ) ) ;
#6395 = CARTESIAN_POINT ( 'NONE',  ( 1.195452570915221280, 3.230470926938966425, 3.857901573181151900 ) ) ;
#6396 = CARTESIAN_POINT ( 'NONE',  ( 57.15805930628192044, 7.220125377403530109, -7.604475103992119678 ) ) ;
#6397 = CARTESIAN_POINT ( 'NONE',  ( 4.500730142837261916, 3.289603232424366919, 3.961813593133126421 ) ) ;
#6398 = FACE_OUTER_BOUND ( 'NONE', #1731, .T. ) ;
#6399 = CARTESIAN_POINT ( 'NONE',  ( -74.33258245113181317, 3.582890566292066925, -10.77311054660476763 ) ) ;
#6400 = DIRECTION ( 'NONE',  ( 0.000000000000000000, 0.000000000000000000, -1.000000000000000000 ) ) ;
#6401 = CARTESIAN_POINT ( 'NONE',  ( 21.97899702065181771, 0.7433058826890638349, 14.87789409134661689 ) ) ;
#6402 = B_SPLINE_SURFACE_WITH_KNOTS ( 'NONE', 3, 1, ( 
 ( #5700, #1393 ),
 ( #1358, #453 ),
 ( #4022, #3577 ),
 ( #3080, #6698 ),
 ( #909, #5149 ),
 ( #974, #4055 ),
 ( #3477, #5569 ),
 ( #4119, #2564 ),
 ( #879, #5603 ),
 ( #848, #3605 ),
 ( #2956, #6632 ),
 ( #2501, #2470 ),
 ( #397, #1983 ),
 ( #6666, #3051 ) ),
 .UNSPECIFIED., .F., .F., .F.,
 ( 4, 1, 1, 1, 1, 1, 1, 1, 1, 1, 1, 4 ),
 ( 2, 2 ),
 ( 0.006489833283474745820, 0.01017045952205819503, 0.02289352323264970401, 0.06043658925195560805, 0.1007688157169651655, 0.1330686246183228061, 0.1445473382258741779, 0.2155559517924789947, 0.2798269580304022508, 0.3606587566024119784, 0.3743936008364175949, 0.3817703460881578525 ),
 ( 0.000000000000000000, 1.000000000000000000 ),
 .UNSPECIFIED. ) ;
#6403 = CARTESIAN_POINT ( 'NONE',  ( 5.316433503489300882, 7.345824571648747359, 2.799750030314086313 ) ) ;
#6404 = EDGE_LOOP ( 'NONE', ( #2790, #1709, #4840, #6636, #4395, #3363 ) ) ;
#6405 = CARTESIAN_POINT ( 'NONE',  ( 118.3258577899957515, 5.656962792319911948, -3.795046893517374009 ) ) ;
#6406 = CARTESIAN_POINT ( 'NONE',  ( 6.249704493273399386, 4.617188474121443953, 7.386651592861080751 ) ) ;
#6407 = CARTESIAN_POINT ( 'NONE',  ( 50.00945723534186982, 7.617508520053007715, 1.910133600234976914 ) ) ;
#6408 = CARTESIAN_POINT ( 'NONE',  ( 5.775363650424004014, 7.085370843543218555, -6.153568242149885847 ) ) ;
#6409 = CARTESIAN_POINT ( 'NONE',  ( -106.3039582658760906, 6.594499116075094314, 5.218675300413471163 ) ) ;
#6410 = TOROIDAL_SURFACE ( 'NONE', #1017, 5.999999999999998224, 0.5000000000000004441 ) ;
#6411 = CARTESIAN_POINT ( 'NONE',  ( 46.17582027948567003, -0.4338672239532436747, 15.72146782646695407 ) ) ;
#6412 = CARTESIAN_POINT ( 'NONE',  ( 40.72646599827471903, -1.756376930664341085, 17.25766809713120864 ) ) ;
#6413 = EDGE_CURVE ( 'NONE', #676, #750, #6454, .T. ) ;
#6414 = CARTESIAN_POINT ( 'NONE',  ( -6.099204172834411963, 6.387742735499478464, 6.022695524281562740 ) ) ;
#6415 = CARTESIAN_POINT ( 'NONE',  ( -0.6886048276039085092, 6.337443114685642698, -6.216837406158446377 ) ) ;
#6416 = CIRCLE ( 'NONE', #4435, 6.499999999999999112 ) ;
#6417 = CARTESIAN_POINT ( 'NONE',  ( -2.307630542707394650, 6.161968734194078756, 6.044821617372075018 ) ) ;
#6418 = CARTESIAN_POINT ( 'NONE',  ( 24.57223763073140788, 7.972422019459794562, -8.818429824562773689 ) ) ;
#6419 = CARTESIAN_POINT ( 'NONE',  ( -101.4771262311126350, 6.905210751790126444, 5.375629053982474481 ) ) ;
#6420 = CARTESIAN_POINT ( 'NONE',  ( -117.0888515301190012, 6.020851531303844872, 4.266190544207874247 ) ) ;
#6421 = CIRCLE ( 'NONE', #3232, 2.500000000000026201 ) ;
#6422 = EDGE_LOOP ( 'NONE', ( #1203, #6442, #147, #5981, #643, #774 ) ) ;
#6423 = CARTESIAN_POINT ( 'NONE',  ( -9.714451465470119729E-14, 7.643375672974132229, 0.000000000000000000 ) ) ;
#6424 = CARTESIAN_POINT ( 'NONE',  ( -5.416895452947786183, 3.312092060595557719, -3.147636262359327031 ) ) ;
#6425 = VECTOR ( 'NONE', #2118, 1000.000000000000000 ) ;
#6426 = CARTESIAN_POINT ( 'NONE',  ( 12.08847209749006701, 7.428583422539543513, -6.687396137645215788 ) ) ;
#6427 = CARTESIAN_POINT ( 'NONE',  ( -2.282384965033024127, 6.773602493085645548, 5.548925561165577669 ) ) ;
#6428 = CARTESIAN_POINT ( 'NONE',  ( 5.448154343828432999, 7.459411336788196678, 2.536439545761584036 ) ) ;
#6429 = CARTESIAN_POINT ( 'NONE',  ( -0.2871473729610412029, 7.983286411939578997, 8.345177650451660156 ) ) ;
#6430 = CARTESIAN_POINT ( 'NONE',  ( 71.91751434094800288, 6.836934065529714388, -6.644706024773016750 ) ) ;
#6431 = ORIENTED_EDGE ( 'NONE', *, *, #2097, .T. ) ;
#6432 = CARTESIAN_POINT ( 'NONE',  ( 5.172396980859272020, 3.274817896531346140, 3.014902946518982052 ) ) ;
#6433 = EDGE_CURVE ( 'NONE', #4992, #3001, #2577, .T. ) ;
#6434 = CARTESIAN_POINT ( 'NONE',  ( 37.20508894167431180, 8.214075939353319811, -9.506839028853862672 ) ) ;
#6435 = CARTESIAN_POINT ( 'NONE',  ( -94.00385721823104745, 4.183317593421755909, -7.577582895319169509 ) ) ;
#6436 = CARTESIAN_POINT ( 'NONE',  ( -35.68444912437808370, -1.993592604972155957, -18.45006699846231157 ) ) ;
#6437 = CARTESIAN_POINT ( 'NONE',  ( 38.72025215009682597, -1.778738537630494720, 18.02800999812779281 ) ) ;
#6438 = DIRECTION ( 'NONE',  ( -0.9999530161120075977, 0.009642168833528955499, 0.0009970700499504316690 ) ) ;
#6439 = ORIENTED_EDGE ( 'NONE', *, *, #114, .T. ) ;
#6440 = CARTESIAN_POINT ( 'NONE',  ( 119.5283457509191294, 5.356984455572926684, -2.191824395070388842 ) ) ;
#6441 = CARTESIAN_POINT ( 'NONE',  ( 9.500665572138689896, 4.484126794212157208, 8.251583952611811767 ) ) ;
#6442 = ORIENTED_EDGE ( 'NONE', *, *, #991, .T. ) ;
#6443 = CARTESIAN_POINT ( 'NONE',  ( -0.6584510438613878636, 7.735762187456173500, 4.128954410552977627 ) ) ;
#6444 = ORIENTED_EDGE ( 'NONE', *, *, #5164, .T. ) ;
#6445 = CARTESIAN_POINT ( 'NONE',  ( -6.627911802381712292, 6.398065989268418186, 5.999231418146504069 ) ) ;
#6446 = CARTESIAN_POINT ( 'NONE',  ( -103.7360654805625302, 6.591007245418320615, 5.308537370895842322 ) ) ;
#6447 = CARTESIAN_POINT ( 'NONE',  ( 50.65705208508769175, 0.4829035622694541341, 14.56583904927581052 ) ) ;
#6448 = CARTESIAN_POINT ( 'NONE',  ( -75.33933975127858673, 3.243109800795194175, -10.31964204334163959 ) ) ;
#6449 = CARTESIAN_POINT ( 'NONE',  ( -16.29531637752457485, 7.195440176949229993, 7.210439394015723202 ) ) ;
#6450 = CARTESIAN_POINT ( 'NONE',  ( 4.466371607277212163, 9.914288254717245508, -11.63392925262451172 ) ) ;
#6451 = CARTESIAN_POINT ( 'NONE',  ( 31.91499692283060341, 8.088534841720194990, -9.476377611936381840 ) ) ;
#6452 = CARTESIAN_POINT ( 'NONE',  ( -44.41225818232919664, 8.283138179447428584, 8.922236343645574053 ) ) ;
#6453 = CARTESIAN_POINT ( 'NONE',  ( -118.8179168829583148, 5.933993751493708224, 3.344681122086221592 ) ) ;
#6454 = CIRCLE ( 'NONE', #5022, 5.500000000000000000 ) ;
#6455 = ORIENTED_EDGE ( 'NONE', *, *, #283, .T. ) ;
#6456 = CARTESIAN_POINT ( 'NONE',  ( -126.9317321777343750, 5.335521371542066404, 6.109177589416511012 ) ) ;
#6457 = CARTESIAN_POINT ( 'NONE',  ( -4.321940802020383998, 3.620707454905343958, -4.173702536237996696 ) ) ;
#6458 = CARTESIAN_POINT ( 'NONE',  ( 2.279608137212751018, 6.401681429935285550, -5.548713629322336693 ) ) ;
#6459 = CARTESIAN_POINT ( 'NONE',  ( 0.000000000000000000, 6.938893903907228378E-15, 0.000000000000000000 ) ) ;
#6460 = CARTESIAN_POINT ( 'NONE',  ( 5.715611541018221331, 8.449200259149957759, -1.873609026030849112 ) ) ;
#6461 = CARTESIAN_POINT ( 'NONE',  ( -22.27062797546387074, -1.652750460924165665, -19.22858238220214844 ) ) ;
#6462 = CARTESIAN_POINT ( 'NONE',  ( 105.6843500134289826, 5.874012199485304286, -5.026480571736583691 ) ) ;
#6463 = CARTESIAN_POINT ( 'NONE',  ( -105.6889760478540978, 6.361757449158819355, 5.026480571736573921 ) ) ;
#6464 = CARTESIAN_POINT ( 'NONE',  ( -68.60669052254496592, 1.547165427260487336, -13.76103888668573205 ) ) ;
#6465 = CARTESIAN_POINT ( 'NONE',  ( -9.714451465470119729E-14, 7.643375672974086932, 0.000000000000000000 ) ) ;
#6466 = CARTESIAN_POINT ( 'NONE',  ( 11.79108940639955172, 3.267363958462882856, 8.967724024014055217 ) ) ;
#6467 = EDGE_CURVE ( 'NONE', #4146, #4027, #6526, .T. ) ;
#6468 = EDGE_CURVE ( 'NONE', #2041, #2347, #1722, .T. ) ;
#6469 = CARTESIAN_POINT ( 'NONE',  ( -118.8608362081920546, 6.793354158870945625, 2.952531750325143811 ) ) ;
#6470 = ORIENTED_EDGE ( 'NONE', *, *, #6560, .F. ) ;
#6471 = CARTESIAN_POINT ( 'NONE',  ( -1.923743750261293517, 4.127323681570394420, -6.576783346763551030 ) ) ;
#6472 = CARTESIAN_POINT ( 'NONE',  ( 5.335479388019224167, 4.780550901102609274, 7.186692439657447196 ) ) ;
#6473 = CARTESIAN_POINT ( 'NONE',  ( 127.6684733856264558, 4.258529874933098647, 5.754672050476052014 ) ) ;
#6474 = EDGE_LOOP ( 'NONE', ( #5130, #393 ) ) ;
#6475 = CARTESIAN_POINT ( 'NONE',  ( 117.1794673360030714, 5.727744532676266154, -4.475785761127810680 ) ) ;
#6476 = CARTESIAN_POINT ( 'NONE',  ( 5.320299865967280439, 6.840505221741822517, -6.218231683191876691 ) ) ;
#6477 = CARTESIAN_POINT ( 'NONE',  ( -9.714451465470119729E-14, 13.00000000000006040, 0.000000000000000000 ) ) ;
#6478 = CARTESIAN_POINT ( 'NONE',  ( 54.26294517446315524, -0.2397190518351721145, 16.05236807443828795 ) ) ;
#6479 = CARTESIAN_POINT ( 'NONE',  ( 25.18267554253010942, -0.7381941661458482073, 16.03359075646868703 ) ) ;
#6480 = CARTESIAN_POINT ( 'NONE',  ( 119.3987256654739610, 5.170527763178877301, 1.959986551824222545 ) ) ;
#6481 = CARTESIAN_POINT ( 'NONE',  ( 14.05296306588048516, 4.470617612225428417, 1.387419342994687277 ) ) ;
#6482 = CARTESIAN_POINT ( 'NONE',  ( -1.934800644836688566, 4.431477905432757325, -6.693559900492492609 ) ) ;
#6483 = CARTESIAN_POINT ( 'NONE',  ( 119.1177079152183751, 6.233797158601314337, -2.534752840749660230 ) ) ;
#6484 = CARTESIAN_POINT ( 'NONE',  ( 15.20594369512208743, 7.259728008613549832, -7.169222369475833467 ) ) ;
#6485 = CARTESIAN_POINT ( 'NONE',  ( -78.20595139696357023, 7.453038558810679781, 6.526054521220493676 ) ) ;
#6486 = CARTESIAN_POINT ( 'NONE',  ( -15.72404337623646953, 2.971288648023349133, -11.23517677234227641 ) ) ;
#6487 = ORIENTED_EDGE ( 'NONE', *, *, #2461, .F. ) ;
#6488 = CARTESIAN_POINT ( 'NONE',  ( -117.6652145385742188, 3.910480292020877879, 8.606581687927253199 ) ) ;
#6489 = CARTESIAN_POINT ( 'NONE',  ( -6.272490014716109563, 3.619705538408266587, -0.4522537903373068935 ) ) ;
#6490 = CARTESIAN_POINT ( 'NONE',  ( 37.06662993374131787, 8.455694120231330047, -9.515667031283321364 ) ) ;
#6491 = CARTESIAN_POINT ( 'NONE',  ( -9.714451465470119729E-14, -6.591949208711866959E-14, 0.000000000000000000 ) ) ;
#6492 = CARTESIAN_POINT ( 'NONE',  ( 5.960076900287128332, 8.698132005101324893, -1.948394633416137722 ) ) ;
#6493 = CARTESIAN_POINT ( 'NONE',  ( -34.24699020385742188, 4.039793522535318537, -6.075063228607175958 ) ) ;
#6494 = DIRECTION ( 'NONE',  ( 0.000000000000000000, 0.000000000000000000, -1.000000000000000000 ) ) ;
#6495 = EDGE_LOOP ( 'NONE', ( #5333, #2971, #2019, #2514 ) ) ;
#6496 = CARTESIAN_POINT ( 'NONE',  ( 34.05634355358318999, 8.296287633517913207, -9.626922919673491563 ) ) ;
#6497 = CARTESIAN_POINT ( 'NONE',  ( -110.0419699298607696, 5.265207241479340716, -5.069661026516477875 ) ) ;
#6498 = CARTESIAN_POINT ( 'NONE',  ( 86.72848329196676787, 3.939125523694272601, 8.795957277234089489 ) ) ;
#6499 = B_SPLINE_CURVE_WITH_KNOTS ( 'NONE', 3,
 ( #3065, #5198, #5163, #474, #2583, #2102, #4681 ),
 .UNSPECIFIED., .F., .F.,
 ( 4, 3, 4 ),
 ( 1.797911921779545127E-05, 0.0004377540318055220801, 0.0009950657002320041633 ),
 .UNSPECIFIED. ) ;
#6500 = CARTESIAN_POINT ( 'NONE',  ( -116.8598311842329593, 6.434080957516121302, 4.586648056835663567 ) ) ;
#6501 = ORIENTED_EDGE ( 'NONE', *, *, #5883, .F. ) ;
#6502 = DIRECTION ( 'NONE',  ( -7.996734198290765326E-16, -1.000000000000000000, -8.969231130003377358E-17 ) ) ;
#6503 = CARTESIAN_POINT ( 'NONE',  ( 2.541514647741086375, 4.852074784535217233, 6.720079637764833969 ) ) ;
#6505 = EDGE_CURVE ( 'NONE', #5614, #4080, #1397, .T. ) ;
#6504 = CARTESIAN_POINT ( 'NONE',  ( 97.88020431811256117, 7.200483914155487497, -1.043814897537247655 ) ) ;
#6506 = ORIENTED_EDGE ( 'NONE', *, *, #6755, .F. ) ;
#6507 = CARTESIAN_POINT ( 'NONE',  ( -27.08180258711002963, -0.8307387035743243331, -17.08936175845839145 ) ) ;
#6508 = CARTESIAN_POINT ( 'NONE',  ( 8.309951285249079334, 7.288766213247836134, -6.205712720932927695 ) ) ;
#6509 = CARTESIAN_POINT ( 'NONE',  ( -76.16378762012115544, 7.326875672586395716, 6.629280625225365320 ) ) ;
#6510 = CARTESIAN_POINT ( 'NONE',  ( 53.68896663970917160, 1.365150831239162255, 14.20198003292211730 ) ) ;
#6511 = CARTESIAN_POINT ( 'NONE',  ( -118.4697878751674409, 5.390264164794828616, -2.370054715625122377 ) ) ;
#6512 = AXIS2_PLACEMENT_3D ( 'NONE', #2708, #4060, #4798 ) ;
#6513 = CARTESIAN_POINT ( 'NONE',  ( -50.84062688354443083, 7.661286132233617430, 8.148218810540090118 ) ) ;
#6514 = CARTESIAN_POINT ( 'NONE',  ( 14.55631607076834300, 6.211880653928185225, -5.784553050994874823 ) ) ;
#6515 = AXIS2_PLACEMENT_3D ( 'NONE', #1838, #3950, #6043 ) ;
#6516 = CARTESIAN_POINT ( 'NONE',  ( -2.538937025178956031, 5.692521036550252767, -5.881057746221213911 ) ) ;
#6517 = ADVANCED_FACE ( 'NONE', ( #1706 ), #6057, .T. ) ;
#6518 = CARTESIAN_POINT ( 'NONE',  ( 6.735557395310442023E-16, 12.99999999999999822, 5.500000000000000000 ) ) ;
#6519 = CARTESIAN_POINT ( 'NONE',  ( 38.23110632340537052, 8.177296365774177289, -9.444743187397465434 ) ) ;
#6520 = CARTESIAN_POINT ( 'NONE',  ( -59.18078509455210678, 7.916824580628132324, 7.623332948869347092 ) ) ;
#6521 = CARTESIAN_POINT ( 'NONE',  ( -18.15048630570618471, 2.347299651983616897, -12.56624123429635453 ) ) ;
#6522 = AXIS2_PLACEMENT_3D ( 'NONE', #6085, #6121, #1984 ) ;
#6523 = ORIENTED_EDGE ( 'NONE', *, *, #5755, .T. ) ;
#6524 = CARTESIAN_POINT ( 'NONE',  ( -13.47419548034667791, 7.179015276460380512, 7.491260051727295810 ) ) ;
#6525 = CARTESIAN_POINT ( 'NONE',  ( -5.141518664956060469, 3.306042604383737427, -3.584962342585229500 ) ) ;
#6526 = B_SPLINE_CURVE_WITH_KNOTS ( 'NONE', 3,
 ( #2422, #1414, #4676, #6653, #4521, #1900, #4009, #5068, #2454, #4555, #1937, #4043, #6775, #1535, #6139, #6261, #3650, #5741, #539, #5815, #1189, #3231, #5267, #3297, #2264, #605, #62, #121, #4334, #4266, #5881, #5945, #2198, #6365, #2167, #6396, #2719, #1637, #2229, #6430, #3748, #4743, #667, #1224, #1672, #2132, #4367, #6462 ),
 .UNSPECIFIED., .F., .F.,
 ( 4, 2, 2, 2, 2, 2, 2, 2, 2, 2, 2, 2, 2, 2, 2, 2, 2, 2, 2, 2, 2, 2, 2, 4 ),
 ( 1.329062271401582316E-15, 0.0007890290255092851247, 0.001578058051017241234, 0.002367087076525197561, 0.003156116102033153670, 0.003945145127541106744, 0.004734174153049059385, 0.006312232204064962063, 0.009468348306096770889, 0.01262446440812857798, 0.01578058051016038854, 0.01893669661219219563, 0.02209281271422400272, 0.02524892881625580981, 0.03156116102031943094, 0.03471727712235122415, 0.03787339322438302430, 0.05049785763251021797, 0.05681008983657381134, 0.06312232204063739083, 0.07574678644876454980, 0.08837125085689169490, 0.09468348306095525357, 0.1009957152650188122 ),
 .UNSPECIFIED. ) ;
#6527 = CARTESIAN_POINT ( 'NONE',  ( -21.24637628550958723, 0.7282336451107687125, -14.16055509745549834 ) ) ;
#6528 = CARTESIAN_POINT ( 'NONE',  ( 19.28298112535131992, 8.035183170118088469, -7.805926184054524875 ) ) ;
#6529 = AXIS2_PLACEMENT_3D ( 'NONE', #236, #719, #1273 ) ;
#6530 = CARTESIAN_POINT ( 'NONE',  ( 5.951427016937119063, 8.633403620202559026, -0.8817475924708154666 ) ) ;
#6531 = CARTESIAN_POINT ( 'NONE',  ( -75.36135864257815342, -4.581447093309361840, -24.41950035095214488 ) ) ;
#6532 = DIRECTION ( 'NONE',  ( 0.9966175632519490568, 0.02670693268799146161, 0.07771854581852818966 ) ) ;
#6533 = TOROIDAL_SURFACE ( 'NONE', #2139, 1.500000000000000000, 1.000000000000014877 ) ;
#6534 = CARTESIAN_POINT ( 'NONE',  ( 95.12539307115665110, 6.744950378379317435, -5.527180720759299781 ) ) ;
#6535 = ADVANCED_FACE ( 'NONE', ( #155 ), #4234, .T. ) ;
#6536 = CARTESIAN_POINT ( 'NONE',  ( 7.466966884421295525, 6.623425555148912736, -6.124967182480873795 ) ) ;
#6537 = CARTESIAN_POINT ( 'NONE',  ( -115.0557330117184449, 2.307015769312353193, -12.02099734727191382 ) ) ;
#6538 = CARTESIAN_POINT ( 'NONE',  ( 10.50049127477507049, 3.468609430989490594, 8.457626118006610128 ) ) ;
#6539 = CARTESIAN_POINT ( 'NONE',  ( -119.6461900883551692, 6.577490118161947841, -1.662518860559830669 ) ) ;
#6540 = ORIENTED_EDGE ( 'NONE', *, *, #5754, .T. ) ;
#6541 = FACE_OUTER_BOUND ( 'NONE', #17, .T. ) ;
#6542 = CARTESIAN_POINT ( 'NONE',  ( 2.071936905858264844, 4.755770292537762955, 6.750012710742966604 ) ) ;
#6543 = CARTESIAN_POINT ( 'NONE',  ( 117.7228483682600455, 6.344707528496481785, -3.599927186965961479 ) ) ;
#6544 = ORIENTED_EDGE ( 'NONE', *, *, #6256, .T. ) ;
#6545 = CARTESIAN_POINT ( 'NONE',  ( -23.83193883264597446, 0.2324151643976966330, -15.73790720585366643 ) ) ;
#6546 = CARTESIAN_POINT ( 'NONE',  ( -28.75215376602768202, 8.353635067561269167, 9.377479845654761448 ) ) ;
#6547 = CARTESIAN_POINT ( 'NONE',  ( -19.45629455460147739, 7.657839264088150522, 7.912849042013603729 ) ) ;
#6548 = CARTESIAN_POINT ( 'NONE',  ( 68.58024009932219656, 1.230605741321285862, 13.76103888651033280 ) ) ;
#6549 = CARTESIAN_POINT ( 'NONE',  ( -89.84475252839396830, 4.012401264809901669, -8.170792940183458697 ) ) ;
#6550 = CARTESIAN_POINT ( 'NONE',  ( -7.421620860219757532, 6.450666629984151967, 6.017555641828403523 ) ) ;
#6551 = CARTESIAN_POINT ( 'NONE',  ( 11.93804647799116125, 8.339433517674354590, -9.141432762145997870 ) ) ;
#6552 = EDGE_CURVE ( 'NONE', #1423, #1649, #2089, .T. ) ;
#6553 = CARTESIAN_POINT ( 'NONE',  ( -3.561682694222445988, 7.646001030972348289, 5.308953758495537301 ) ) ;
#6554 = CARTESIAN_POINT ( 'NONE',  ( 119.6333717917027855, 5.327637680674366827, 1.337559184113028099 ) ) ;
#6555 = CARTESIAN_POINT ( 'NONE',  ( 117.1811751286614083, 5.776927899062148875, -4.475595756918178125 ) ) ;
#6556 = CARTESIAN_POINT ( 'NONE',  ( 13.15713826257815278, 6.896842414266874499, -6.713953388864294602 ) ) ;
#6557 = CARTESIAN_POINT ( 'NONE',  ( -76.08704156221436676, 7.583141171982591189, 6.539773822005300552 ) ) ;
#6558 = CARTESIAN_POINT ( 'NONE',  ( -117.4850541600493727, 6.018601141846485092, 4.336868504598910157 ) ) ;
#6559 = EDGE_CURVE ( 'NONE', #6570, #4920, #1828, .T. ) ;
#6560 = EDGE_CURVE ( 'NONE', #313, #3001, #5137, .T. ) ;
#6561 = ORIENTED_EDGE ( 'NONE', *, *, #6433, .T. ) ;
#6562 = CARTESIAN_POINT ( 'NONE',  ( -127.9233398437500142, 6.183499248205276189, 3.036043167114264474 ) ) ;
#6563 = CARTESIAN_POINT ( 'NONE',  ( -5.041300925938503319, 3.310053238815663157, -3.727382320399204918 ) ) ;
#6564 = CARTESIAN_POINT ( 'NONE',  ( -3.845034245264271178, 6.754624197795359386, 6.230869737084522519 ) ) ;
#6565 = CARTESIAN_POINT ( 'NONE',  ( 21.35518595333068603, 8.122426449937472981, -8.192685919085866075 ) ) ;
#6566 = CARTESIAN_POINT ( 'NONE',  ( 3.956308994209915220, 7.759879166115160487, -4.523149727801457409 ) ) ;
#6567 = CARTESIAN_POINT ( 'NONE',  ( -16.31826210021973722, -5.165952174486182713, -23.12770080566406250 ) ) ;
#6568 = AXIS2_PLACEMENT_3D ( 'NONE', #537, #5362, #4297 ) ;
#6569 = FACE_OUTER_BOUND ( 'NONE', #1283, .T. ) ;
#6570 = VERTEX_POINT ( 'NONE', #1772 ) ;
#6571 = CC_DESIGN_APPROVAL ( #2595, ( #5143 ) ) ;
#6572 = CARTESIAN_POINT ( 'NONE',  ( 41.25575009324489173, 8.267660829640687936, -9.203726284508157107 ) ) ;
#6573 = CARTESIAN_POINT ( 'NONE',  ( -5.900988194919361440, 4.073549955237909082, 1.130032616701864834 ) ) ;
#6574 = CARTESIAN_POINT ( 'NONE',  ( -113.3655990109794089, 4.937566360853343106, -4.245850215642466452 ) ) ;
#6575 = CARTESIAN_POINT ( 'NONE',  ( 111.5908088085283083, 4.802665852164315297, 4.802562412682187976 ) ) ;
#6576 = CARTESIAN_POINT ( 'NONE',  ( -119.5663177238561730, 6.550119707839127337, 2.411929808866883018 ) ) ;
#6577 = EDGE_LOOP ( 'NONE', ( #6090, #979, #4305 ) ) ;
#6578 = CARTESIAN_POINT ( 'NONE',  ( -1.687133828665974500, 0.5601312782223888398, -6.754550105607910915 ) ) ;
#6579 = CARTESIAN_POINT ( 'NONE',  ( 14.11493997890050345, 3.379792478476757900, 10.36389352060212943 ) ) ;
#6580 = ORIENTED_EDGE ( 'NONE', *, *, #5335, .F. ) ;
#6581 = CARTESIAN_POINT ( 'NONE',  ( -2.003628030285560246, 5.434405861694308726, -6.097881627823000805 ) ) ;
#6582 = CARTESIAN_POINT ( 'NONE',  ( -21.19559291353088071, -0.1379384401109461367, -15.85041674641067111 ) ) ;
#6583 = CARTESIAN_POINT ( 'NONE',  ( -31.91018854059454668, 8.235811849653483563, 9.476377611935511425 ) ) ;
#6584 = DIRECTION ( 'NONE',  ( 0.9990262932568956256, 0.02647258625256383377, 0.03529401590196292599 ) ) ;
#6585 = CARTESIAN_POINT ( 'NONE',  ( 69.17156973868770820, 2.799532781279848503, 11.74202646964059582 ) ) ;
#6586 = CARTESIAN_POINT ( 'NONE',  ( -40.76699792869531791, -1.568330261529294223, -17.25766809713121575 ) ) ;
#6587 = CARTESIAN_POINT ( 'NONE',  ( 5.807127856947420952, 3.349717567702257703, 2.328438369914023198 ) ) ;
#6588 = CARTESIAN_POINT ( 'NONE',  ( 12.96979870828897852, 10.79070450539405179, -13.80774021148681641 ) ) ;
#6589 = CARTESIAN_POINT ( 'NONE',  ( 0.000000000000000000, 12.99999999999999822, 0.000000000000000000 ) ) ;
#6590 = CARTESIAN_POINT ( 'NONE',  ( 120.1628951988218574, 2.289191424214397141, 11.61602013421761548 ) ) ;
#6591 = CARTESIAN_POINT ( 'NONE',  ( 119.6486019769710794, 5.169603535448085374, 1.952177918416380775 ) ) ;
#6592 = CARTESIAN_POINT ( 'NONE',  ( 76.13765597600217916, 6.733530167848862824, -6.435290790465819200 ) ) ;
#6593 = CARTESIAN_POINT ( 'NONE',  ( -65.51181508821795774, 7.877087843414436463, 7.101076212709754643 ) ) ;
#6594 = CARTESIAN_POINT ( 'NONE',  ( -119.4076042443008419, 6.166136163810779003, 2.508460793799441202 ) ) ;
#6595 = ORIENTED_EDGE ( 'NONE', *, *, #2186, .F. ) ;
#6596 = CARTESIAN_POINT ( 'NONE',  ( -38.89918518066406250, 9.713872225461956944, 3.831459045410158915 ) ) ;
#6597 = CARTESIAN_POINT ( 'NONE',  ( -3.784124127726772091, 4.018468367606677027, -6.743712911307103930 ) ) ;
#6598 = DIRECTION ( 'NONE',  ( 0.9960335187805617885, 0.08430088963330373275, 0.02847085303684747035 ) ) ;
#6599 = ADVANCED_FACE ( 'NONE', ( #6048 ), #5431, .T. ) ;
#6600 = CARTESIAN_POINT ( 'NONE',  ( -97.12390845581326460, 4.776622261094713551, -7.286748613732930480 ) ) ;
#6601 = CARTESIAN_POINT ( 'NONE',  ( 119.3995407305883703, 5.495153348251166747, 1.708574514453502502 ) ) ;
#6602 = CARTESIAN_POINT ( 'NONE',  ( -72.85035705566406250, 7.211709843455347269, 6.745057106018070847 ) ) ;
#6603 = CYLINDRICAL_SURFACE ( 'NONE', #6016, 6.499999999999999112 ) ;
#6604 = ORIENTED_EDGE ( 'NONE', *, *, #196, .T. ) ;
#6605 = CARTESIAN_POINT ( 'NONE',  ( 57.06843506320321069, 7.664699615073329753, -7.791964567227063654 ) ) ;
#6606 = CARTESIAN_POINT ( 'NONE',  ( -5.655624520325950755, 4.263283503747349990, 2.027208748038726416 ) ) ;
#6607 = CARTESIAN_POINT ( 'NONE',  ( -103.2993494246912576, 4.588506476178239701, -5.985042759283724756 ) ) ;
#6608 = CARTESIAN_POINT ( 'NONE',  ( 114.1328350646911929, 4.929796724316829248, 4.217874708442705511 ) ) ;
#6609 = FACE_OUTER_BOUND ( 'NONE', #1629, .T. ) ;
#6610 = CARTESIAN_POINT ( 'NONE',  ( 2.288480206143347573, 6.223005955602259220, -5.740848866639834291 ) ) ;
#6611 = CARTESIAN_POINT ( 'NONE',  ( -19.04348243542178309, 0.6234755106349753051, -13.29765501541011297 ) ) ;
#6612 = CARTESIAN_POINT ( 'NONE',  ( -5.536833654548007466, 7.590221030498202737, -3.037820489402160540 ) ) ;
#6613 = ORIENTED_EDGE ( 'NONE', *, *, #1020, .F. ) ;
#6614 = CARTESIAN_POINT ( 'NONE',  ( -25.68349877954093685, -0.3766783876809502440, -16.52296382914640915 ) ) ;
#6615 = CARTESIAN_POINT ( 'NONE',  ( -21.48626686232912419, 7.586935428357242550, 8.135403613391408939 ) ) ;
#6616 = CARTESIAN_POINT ( 'NONE',  ( -9.714451465470119729E-14, -0.5000000000000177636, -4.000000000000000000 ) ) ;
#6617 = CARTESIAN_POINT ( 'NONE',  ( 75.96840217139715890, 1.658632672758227233, 12.95297267922251550 ) ) ;
#6618 = CARTESIAN_POINT ( 'NONE',  ( -36.20854848136805515, -2.323783780654585129, -18.07618863528752229 ) ) ;
#6619 = CARTESIAN_POINT ( 'NONE',  ( 5.100682224669314202, 3.283206366150029698, 3.618231982149012982 ) ) ;
#6620 = CARTESIAN_POINT ( 'NONE',  ( 72.85000324325577026, 6.875505366117869777, -6.745057106018077953 ) ) ;
#6621 = CARTESIAN_POINT ( 'NONE',  ( -119.3538458783963705, 6.741420055386108778, 1.962100353650344298 ) ) ;
#6622 = CARTESIAN_POINT ( 'NONE',  ( 116.5041804395000185, 5.138282030459561334, 3.357309249953924546 ) ) ;
#6623 = EDGE_CURVE ( 'NONE', #6251, #6570, #5249, .T. ) ;
#6624 = SPHERICAL_SURFACE ( 'NONE', #3671, 0.2500000000000000000 ) ;
#6625 = CARTESIAN_POINT ( 'NONE',  ( 71.91671483085235650, 6.837903957319494630, -6.654667339041862029 ) ) ;
#6626 = CARTESIAN_POINT ( 'NONE',  ( -15.06392277782348366, 7.760836119443127679, 7.149038806411082803 ) ) ;
#6627 = ORIENTED_EDGE ( 'NONE', *, *, #1755, .T. ) ;
#6628 = CARTESIAN_POINT ( 'NONE',  ( -49.73125076293945313, 6.041997344671259818, -6.074058055877682882 ) ) ;
#6629 = CARTESIAN_POINT ( 'NONE',  ( -3.383331900522411395, 5.326555428725018970, 4.967470939824758958 ) ) ;
#6630 = CLOSED_SHELL ( 'NONE', ( #4621, #5965, #6517, #739, #5258, #2397, #6535, #1332, #5044, #5795, #1204, #2668, #5806, #1938, #6052, #6262, #3861, #4909, #953, #742, #4912, #4746, #1885, #1499, #2358, #4322, #440, #3538, #3321, #190, #2263, #2538 ) ) ;
#6631 = CARTESIAN_POINT ( 'NONE',  ( -20.48852451850951084, 1.009529655486423705, -13.70995421686724569 ) ) ;
#6632 = CARTESIAN_POINT ( 'NONE',  ( 94.33141749835999690, 6.143190188430330601, -5.590398402255815746 ) ) ;
#6633 = CARTESIAN_POINT ( 'NONE',  ( -6.603100962931546469, 4.812076542342314411, -7.380592071113707853 ) ) ;
#6634 = CARTESIAN_POINT ( 'NONE',  ( -107.5401440791393384, 6.308729680908865767, 4.933914714728363293 ) ) ;
#6635 = CARTESIAN_POINT ( 'NONE',  ( 6.272610504806472420, 8.527560723399094655, -0.2425033471831992971 ) ) ;
#6636 = ORIENTED_EDGE ( 'NONE', *, *, #1202, .F. ) ;
#6637 = AXIS2_PLACEMENT_3D ( 'NONE', #596, #3220, #6250 ) ;
#6638 = CARTESIAN_POINT ( 'NONE',  ( 103.5824581110173028, 6.210443723904028879, -5.315110072752756487 ) ) ;
#6639 = CARTESIAN_POINT ( 'NONE',  ( 24.65902564639047512, 7.979217688819557175, -8.832386343406275486 ) ) ;
#6640 = CARTESIAN_POINT ( 'NONE',  ( -112.9204231158818317, 2.527989555431874091, -11.31207724173405182 ) ) ;
#6641 = CARTESIAN_POINT ( 'NONE',  ( 5.669369833913783019, 4.839151258991940985, 7.172394938696971423 ) ) ;
#6642 = CIRCLE ( 'NONE', #3019, 0.2500000000000002776 ) ;
#6643 = CARTESIAN_POINT ( 'NONE',  ( -2.286058798933924052, 6.113002010928979324, 5.604164654859529193 ) ) ;
#6644 = ORIENTED_EDGE ( 'NONE', *, *, #4415, .T. ) ;
#6645 = EDGE_CURVE ( 'NONE', #2535, #1662, #4911, .T. ) ;
#6646 = CARTESIAN_POINT ( 'NONE',  ( -50.73058255956902229, 8.116265462310661150, 8.252053764531902758 ) ) ;
#6647 = CARTESIAN_POINT ( 'NONE',  ( 14.64346917131627102, -8.791186628342460452, 20.78794097900389914 ) ) ;
#6648 = ORIENTED_EDGE ( 'NONE', *, *, #5215, .T. ) ;
#6649 = CARTESIAN_POINT ( 'NONE',  ( -24.31041433212499570, -1.446169304413184031, -17.55122581586843822 ) ) ;
#6650 = CARTESIAN_POINT ( 'NONE',  ( -19.40516720712967214, 7.423623918812092271, 7.749874064385621431 ) ) ;
#6651 = CARTESIAN_POINT ( 'NONE',  ( -22.57491221840875184, 7.912903030665338733, 8.480866915619547086 ) ) ;
#6652 = CARTESIAN_POINT ( 'NONE',  ( 77.39699946762102911, 3.492012939878165412, 10.16401222300744500 ) ) ;
#6653 = CARTESIAN_POINT ( 'NONE',  ( 5.833743935688203486, 6.364398012996272058, -6.046231185566561805 ) ) ;
#6654 = CARTESIAN_POINT ( 'NONE',  ( 6.404456644502467100, 4.606129956518395296, 7.423980749434855753 ) ) ;
#6655 = CARTESIAN_POINT ( 'NONE',  ( 128.1023396800102319, 4.784434360363963634, 3.583880662918069060 ) ) ;
#6656 = PLANE ( 'NONE',  #1567 ) ;
#6657 = CARTESIAN_POINT ( 'NONE',  ( 118.0116964102117691, 1.682924608516481957, 12.66727478233897664 ) ) ;
#6658 = CARTESIAN_POINT ( 'NONE',  ( 119.6328247053784679, 5.334389797796315058, 1.311052747495995430 ) ) ;
#6659 = CARTESIAN_POINT ( 'NONE',  ( 63.49625214163656040, 7.092166094691560119, -7.317870043074186093 ) ) ;
#6660 = CARTESIAN_POINT ( 'NONE',  ( -16.09507919294137679, 7.833675534233791815, 7.321455765535761273 ) ) ;
#6661 = VERTEX_POINT ( 'NONE', #6089 ) ;
#6662 = CARTESIAN_POINT ( 'NONE',  ( 0.000000000000000000, -16.44246573510923426, 0.000000000000000000 ) ) ;
#6663 = CARTESIAN_POINT ( 'NONE',  ( -4.689858279351464709, 4.592250842928135235, 3.758658250437282522 ) ) ;
#6664 = B_SPLINE_CURVE_WITH_KNOTS ( 'NONE', 3,
 ( #4010, #1971, #897, #5035, #1382, #5135, #413, #2977, #3464, #5069, #3006, #352, #3499, #6714, #386, #6654, #2519, #2491, #5557, #4556, #4617, #1939 ),
 .UNSPECIFIED., .F., .F.,
 ( 4, 2, 2, 2, 2, 2, 2, 2, 2, 2, 4 ),
 ( 0.2216213346719952404, 0.2243872798814309788, 0.2271532250908667172, 0.2299191703003024556, 0.2326851155097381940, 0.2340680881144560910, 0.2354510607191739602, 0.2382170059286096986, 0.2409829511380454370, 0.2423659237427633062, 0.2437488963474811754 ),
 .UNSPECIFIED. ) ;
#6665 = CARTESIAN_POINT ( 'NONE',  ( -12.06787896891699852, 3.511517250914982124, -9.372784686191881320 ) ) ;
#6666 = CARTESIAN_POINT ( 'NONE',  ( 106.3084784397206164, 8.419043048705447063, -5.234176360285255569 ) ) ;
#6667 = CARTESIAN_POINT ( 'NONE',  ( -11.92237133823553208, 4.161710670113056842, -9.191452864809930290 ) ) ;
#6668 = CARTESIAN_POINT ( 'NONE',  ( -18.71545151796477313, 1.464109662174176041, -13.02423928873517234 ) ) ;
#6669 = DIRECTION ( 'NONE',  ( -0.04920464080837583937, 0.000000000000000000, 0.9987887180594896552 ) ) ;
#6670 = CARTESIAN_POINT ( 'NONE',  ( 0.000000000000000000, 0.000000000000000000, 0.000000000000000000 ) ) ;
#6671 = ORIENTED_EDGE ( 'NONE', *, *, #6125, .F. ) ;
#6672 = CARTESIAN_POINT ( 'NONE',  ( -119.0176738912194025, 6.177316438409995669, 3.123067901197615459 ) ) ;
#6673 = CARTESIAN_POINT ( 'NONE',  ( -6.005442897563285420, 3.943909991148492722, 0.1870259228240409022 ) ) ;
#6674 = CARTESIAN_POINT ( 'NONE',  ( -116.3318546378851153, 5.657786713708109261, -3.431743531162655181 ) ) ;
#6675 = CARTESIAN_POINT ( 'NONE',  ( 117.0798086805479130, 5.480657581083621999, -4.267125052857947409 ) ) ;
#6676 = CIRCLE ( 'NONE', #6568, 4.000000000000039968 ) ;
#6677 = CARTESIAN_POINT ( 'NONE',  ( -1.588563870297291958, 3.869845375199528537, -5.786166388716364573 ) ) ;
#6678 = CARTESIAN_POINT ( 'NONE',  ( -97.24361475248294084, 7.124912367775259270, 5.431402969751416343 ) ) ;
#6679 = CARTESIAN_POINT ( 'NONE',  ( 98.00544860971032790, -12.99333728497679985, 18.85605430603025212 ) ) ;
#6680 = VERTEX_POINT ( 'NONE', #1880 ) ;
#6681 = CARTESIAN_POINT ( 'NONE',  ( -56.77942637824037320, 1.602092873034813625, -13.35473117833198664 ) ) ;
#6682 = CARTESIAN_POINT ( 'NONE',  ( -16.24401020585428412, 7.416776883035538503, 7.343782940308892115 ) ) ;
#6683 = FACE_OUTER_BOUND ( 'NONE', #6422, .T. ) ;
#6684 = CC_DESIGN_APPROVAL ( #3225, ( #3273 ) ) ;
#6685 = ADVANCED_FACE ( 'NONE', ( #2372 ), #6603, .T. ) ;
#6686 = CARTESIAN_POINT ( 'NONE',  ( 68.13909455687441152, 2.716500864512652047, 11.91454162149692309 ) ) ;
#6687 = CARTESIAN_POINT ( 'NONE',  ( 5.676940377307991170, 3.318530853266913105, 2.626649768950749753 ) ) ;
#6688 = CARTESIAN_POINT ( 'NONE',  ( 121.4052665823743240, 5.359050349671711011, -4.626738548278828134 ) ) ;
#6689 = CARTESIAN_POINT ( 'NONE',  ( -119.4057691393519889, 6.046198069249241414, -1.708574514453516047 ) ) ;
#6690 = CARTESIAN_POINT ( 'NONE',  ( 120.1078422683935116, 2.257723324628600814, 11.68299968292394198 ) ) ;
#6691 = CARTESIAN_POINT ( 'NONE',  ( 4.342906785312277584, 3.594038566208924035, 4.134587685422896008 ) ) ;
#6692 = CARTESIAN_POINT ( 'NONE',  ( 63.47736094196737611, 7.042135416823295024, -7.136418405398230469 ) ) ;
#6693 = CARTESIAN_POINT ( 'NONE',  ( -22.32366346157778025, 8.184948264251493910, 8.438096870941341976 ) ) ;
#6694 = ORIENTED_EDGE ( 'NONE', *, *, #6433, .F. ) ;
#6695 = CARTESIAN_POINT ( 'NONE',  ( -50.00662994384765625, 7.848296256242762503, -1.910133600234982687 ) ) ;
#6696 = CARTESIAN_POINT ( 'NONE',  ( 2.281385910519039495, 6.102462604175560301, -5.604164654859528305 ) ) ;
#6697 = CARTESIAN_POINT ( 'NONE',  ( 10.21487173839140894, 3.507270899257570740, 8.352843742624729728 ) ) ;
#6698 = CARTESIAN_POINT ( 'NONE',  ( 10.89616481607225040, 6.428641528495149693, -6.441173418016068020 ) ) ;
#6699 = CARTESIAN_POINT ( 'NONE',  ( 21.87478852203508950, 0.5613930989852325970, 14.92660783863789931 ) ) ;
#6700 = CARTESIAN_POINT ( 'NONE',  ( -11.88278688590937016, 3.269608823133193454, -9.292651821561142000 ) ) ;
#6701 = CARTESIAN_POINT ( 'NONE',  ( -121.4121017456054688, 5.919352920232856974, 4.626738548278815699 ) ) ;
#6702 = ORIENTED_EDGE ( 'NONE', *, *, #4183, .F. ) ;
#6703 = CARTESIAN_POINT ( 'NONE',  ( -8.958982143201867032, 7.354896029868974061, 6.279912800135452500 ) ) ;
#6704 = CARTESIAN_POINT ( 'NONE',  ( -113.8692741618764899, 4.969031896800977677, -4.117875598193059261 ) ) ;
#6705 = CARTESIAN_POINT ( 'NONE',  ( -119.6563301418436396, 5.721801137857741359, -1.952177918416394320 ) ) ;
#6706 = CARTESIAN_POINT ( 'NONE',  ( 1.703138618170521479, 4.306072603314058611, 6.722947946190647173 ) ) ;
#6707 = CARTESIAN_POINT ( 'NONE',  ( -6.009887705839726202, 7.246734163695819575, 6.055715887567994393 ) ) ;
#6708 = CARTESIAN_POINT ( 'NONE',  ( -1.452745563372200177, 5.652913727774042663, -5.824927885673532479 ) ) ;
#6709 = ORIENTED_EDGE ( 'NONE', *, *, #2303, .T. ) ;
#6710 = CARTESIAN_POINT ( 'NONE',  ( -65.04544748652988062, 2.362597197728582454, -12.11719586897401690 ) ) ;
#6711 = CARTESIAN_POINT ( 'NONE',  ( -65.60476329121981109, 7.341928788155319907, 7.189523998519287140 ) ) ;
#6712 = DIRECTION ( 'NONE',  ( -0.000000000000000000, -1.000000000000000000, -0.000000000000000000 ) ) ;
#6713 = CARTESIAN_POINT ( 'NONE',  ( 90.89229580657097074, 4.077760888263666672, 8.256195139842615660 ) ) ;
#6714 = CARTESIAN_POINT ( 'NONE',  ( 9.088061881586678936, 4.344394309670451371, 8.199041657921091186 ) ) ;
#6715 = CARTESIAN_POINT ( 'NONE',  ( 101.8101913078673704, 7.330703466330287910, -12.92763328552247692 ) ) ;
#6716 = CARTESIAN_POINT ( 'NONE',  ( -117.3962678979324039, 6.594315010965948964, 4.206169785594122246 ) ) ;
#6717 = CARTESIAN_POINT ( 'NONE',  ( 24.40544919497557430, 8.112149135712694914, -8.792264830995122793 ) ) ;
#6718 = CARTESIAN_POINT ( 'NONE',  ( 4.552375664988097981, 3.559189904892675838, 3.902181372321611885 ) ) ;
#6719 = CARTESIAN_POINT ( 'NONE',  ( 95.12733301184258039, 6.190537425093895152, -5.418806951416232032 ) ) ;
#6720 = CARTESIAN_POINT ( 'NONE',  ( -27.52211976985264741, 8.697085136358683854, 9.158604931675029093 ) ) ;
#6721 = VERTEX_POINT ( 'NONE', #4433 ) ;
#6722 = EDGE_LOOP ( 'NONE', ( #4917, #6523, #5773, #3712 ) ) ;
#6723 = CARTESIAN_POINT ( 'NONE',  ( -98.26667022705078125, -1.485076396287854150, -12.56974220275878373 ) ) ;
#6724 = CARTESIAN_POINT ( 'NONE',  ( -2.350777522858140234, 5.710731760757744802, 5.529830730185643972 ) ) ;
#6725 = ADVANCED_FACE ( 'NONE', ( #5980 ), #1324, .T. ) ;
#6726 = CARTESIAN_POINT ( 'NONE',  ( 10.13304628016338249, 3.510484869064490088, 8.587028737544111223 ) ) ;
#6727 = CARTESIAN_POINT ( 'NONE',  ( 2.519673228330277404, 6.956945942659646498, -5.889756391797206447 ) ) ;
#6728 = CARTESIAN_POINT ( 'NONE',  ( 2.279144312928191862, 6.256257383894238799, -5.548628326630664631 ) ) ;
#6729 = CARTESIAN_POINT ( 'NONE',  ( 119.3508264635020879, 6.190607556102828646, -1.962100353650340745 ) ) ;
#6730 = DIRECTION ( 'NONE',  ( 0.9983832529307629100, 0.02849120764202113867, 0.04918466584706591288 ) ) ;
#6731 =( NAMED_UNIT ( * ) SI_UNIT ( $, .STERADIAN. ) SOLID_ANGLE_UNIT ( ) );
#6732 = AXIS2_PLACEMENT_3D ( 'NONE', #6296, #1123, #3721 ) ;
#6733 = ORIENTED_EDGE ( 'NONE', *, *, #1417, .T. ) ;
#6734 = CARTESIAN_POINT ( 'NONE',  ( -38.11126429822591177, 8.588759944191938445, 9.453795965551531566 ) ) ;
#6735 = AXIS2_PLACEMENT_3D ( 'NONE', #3852, #95, #5947 ) ;
#6736 = CARTESIAN_POINT ( 'NONE',  ( -115.9706263312623662, 5.621361719034483784, -3.578211698051144030 ) ) ;
#6737 = CARTESIAN_POINT ( 'NONE',  ( 18.20466693420971538, 2.235073478500775312, 12.61292117704808646 ) ) ;
#6738 = AXIS2_PLACEMENT_3D ( 'NONE', #3412, #4984, #269 ) ;
#6739 = DIRECTION ( 'NONE',  ( -1.000000000000000000, 0.000000000000000000, 0.000000000000000000 ) ) ;
#6740 = CARTESIAN_POINT ( 'NONE',  ( -38.08385117162502809, 8.789384740285395736, 9.357967246266436945 ) ) ;
#6741 = CARTESIAN_POINT ( 'NONE',  ( -4.985636129018269358, 8.487201665679167562, 3.827913239036535575 ) ) ;
#6742 = CARTESIAN_POINT ( 'NONE',  ( -66.46950222364209537, 1.415882511428479873, -13.98104964536559436 ) ) ;
#6743 = CARTESIAN_POINT ( 'NONE',  ( -50.88295615983624742, 7.717026331156579211, 8.315393235480231127 ) ) ;
#6744 = CARTESIAN_POINT ( 'NONE',  ( 109.3860516753884724, 5.749028910204535769, -4.838290547198758063 ) ) ;
#6745 = AXIS2_PLACEMENT_3D ( 'NONE', #3488, #1296, #823 ) ;
#6746 = CARTESIAN_POINT ( 'NONE',  ( 103.8034746001982995, 4.127722334526501058, 5.897714439575398870 ) ) ;
#6747 = CARTESIAN_POINT ( 'NONE',  ( -119.4080790377296921, 6.526159090398476970, 2.509193872525733671 ) ) ;
#6748 = CARTESIAN_POINT ( 'NONE',  ( -5.433267238568318724, 4.409372075830538584, 3.269422517961397379 ) ) ;
#6749 = CIRCLE ( 'NONE', #3788, 0.2500000000000004441 ) ;
#6750 = CARTESIAN_POINT ( 'NONE',  ( 8.336236755050093095, 2.742391318582198423, -10.54588317871093750 ) ) ;
#6751 = CARTESIAN_POINT ( 'NONE',  ( 19.21494332123184279, 7.851407946982219777, -7.870137124126246775 ) ) ;
#6752 = DIRECTION ( 'NONE',  ( 8.300939484971114073E-17, 0.000000000000000000, 1.000000000000000000 ) ) ;
#6753 = CARTESIAN_POINT ( 'NONE',  ( 22.88028401476099560, 0.03015259236045450195, 15.03644689840044535 ) ) ;
#6754 = CARTESIAN_POINT ( 'NONE',  ( -16.10528445632822070, 7.719638511646198076, 7.322403690999161441 ) ) ;
#6755 = EDGE_CURVE ( 'NONE', #1845, #3963, #4587, .T. ) ;
#6756 = CARTESIAN_POINT ( 'NONE',  ( -119.4422170070065334, 5.794114637209647256, 0.2496713708646133567 ) ) ;
#6757 = EDGE_LOOP ( 'NONE', ( #787, #6148, #3516, #3930 ) ) ;
#6758 = CARTESIAN_POINT ( 'NONE',  ( -48.55498123168946734, -10.19218489390753390, -21.73789215087890625 ) ) ;
#6759 = CARTESIAN_POINT ( 'NONE',  ( 118.8157483555204550, 5.634173301531356870, -3.342031209621592058 ) ) ;
#6760 = CARTESIAN_POINT ( 'NONE',  ( 15.56852374969024488, 2.342238310249420419, 11.16213886605785710 ) ) ;
#6761 = CARTESIAN_POINT ( 'NONE',  ( 119.3701980923624006, 5.616315481890796768, -2.568544960180215941 ) ) ;
#6762 = CARTESIAN_POINT ( 'NONE',  ( -2.555373850527153490, 6.475032130601258373, 6.002003839226409454 ) ) ;
#6763 = CARTESIAN_POINT ( 'NONE',  ( -10.67812367750234692, 3.495347592931514313, -8.517770035784943516 ) ) ;
#6764 = CARTESIAN_POINT ( 'NONE',  ( -105.7071607072599448, 6.813137836307701534, 5.134133779989235258 ) ) ;
#6765 = EDGE_CURVE ( 'NONE', #3001, #313, #6013, .T. ) ;
#6766 = ADVANCED_FACE ( 'NONE', ( #6569 ), #2407, .T. ) ;
#6767 = DIRECTION ( 'NONE',  ( 0.000000000000000000, 0.000000000000000000, 1.000000000000000000 ) ) ;
#6768 = ORIENTED_EDGE ( 'NONE', *, *, #2304, .F. ) ;
#6769 = DIRECTION ( 'NONE',  ( 0.000000000000000000, 0.000000000000000000, -1.000000000000000000 ) ) ;
#6770 = CARTESIAN_POINT ( 'NONE',  ( 3.527148962869484095, 5.739049731656197473, -4.858095788491589850 ) ) ;
#6771 = CARTESIAN_POINT ( 'NONE',  ( -63.41497237283461175, 7.729517838640907357, 7.325310804780143847 ) ) ;
#6772 =( BOUNDED_SURFACE ( )  B_SPLINE_SURFACE ( 3, 2, ( 
 ( #4085, #5116, #1427 ),
 ( #3511, #1950, #1915 ),
 ( #2989, #6120, #3544 ),
 ( #5634, #6182, #1459 ) ),
 .UNSPECIFIED., .F., .F., .T. ) 
 B_SPLINE_SURFACE_WITH_KNOTS ( ( 4, 4 ),
 ( 3, 3 ),
 ( 0.03789534408539281529, 0.03915744439842319680 ),
 ( 0.000000000000000000, 1.000000000000000000 ),
 .UNSPECIFIED. ) 
 GEOMETRIC_REPRESENTATION_ITEM ( )  RATIONAL_B_SPLINE_SURFACE ( (
 ( 1.000000000000000000, 0.7301976788122631623, 1.000000000000000000),
 ( 1.000000000000000000, 0.7266991195617812371, 1.000000000000000000),
 ( 1.000000000000000000, 0.7228167949582003926, 1.000000000000000000),
 ( 1.000000000000000000, 0.7188076225584493217, 1.000000000000000000) ) ) 
 REPRESENTATION_ITEM ( '' )  SURFACE ( )  );
#6773 = CARTESIAN_POINT ( 'NONE',  ( -117.6007346304897823, 2.206097916313170426, -12.63929004697354941 ) ) ;
#6774 = SPHERICAL_SURFACE ( 'NONE', #2465, 0.2500000000000000000 ) ;
#6775 = CARTESIAN_POINT ( 'NONE',  ( 9.251592524363994485, 6.597604409585996699, -6.197031289787728880 ) ) ;
#6776 = CARTESIAN_POINT ( 'NONE',  ( -5.752149741770478997, 7.184643655349082003, 6.081257925666216479 ) ) ;
#6777 = CARTESIAN_POINT ( 'NONE',  ( -5.834287056404648730, 8.728106425597806250, 2.279852546122833168 ) ) ;
#6778 = CARTESIAN_POINT ( 'NONE',  ( -48.19100000164890929, 0.2239949514892769500, -15.18484244643366132 ) ) ;
#6779 = CARTESIAN_POINT ( 'NONE',  ( -69.82115657661903185, 7.450992682361727404, 6.953968957890007907 ) ) ;
#6780 = CARTESIAN_POINT ( 'NONE',  ( 1.886755500593256585, 5.431399420521409560, 6.077962805435732641 ) ) ;
#6781 = CARTESIAN_POINT ( 'NONE',  ( 92.96895639140521439, 4.155486443631525972, 7.956491838498567226 ) ) ;
#6782 = CARTESIAN_POINT ( 'NONE',  ( -119.4555960303513586, 6.601311764223659395, 0.9687986814603689600 ) ) ;
#6783 = CARTESIAN_POINT ( 'NONE',  ( -6.270429166758682449, 3.735595317596448250, 0.5517282390094236932 ) ) ;
#6784 = CARTESIAN_POINT ( 'NONE',  ( 1.678619210389729277, 4.465483545333141180, 6.728830203641298802 ) ) ;
#6785 = CARTESIAN_POINT ( 'NONE',  ( 40.20858191440913743, 8.446232196563084216, -9.298097616421344469 ) ) ;
#6786 = CARTESIAN_POINT ( 'NONE',  ( 4.028154948595736862, 5.446281874060089123, -4.449217411022735824 ) ) ;
#6787 = CARTESIAN_POINT ( 'NONE',  ( -119.7042290227384598, 6.290378548239998757, 0.6328608070068610925 ) ) ;
#6788 = CARTESIAN_POINT ( 'NONE',  ( 4.023294096534404396, 6.752511773976945797, -6.235949540726053009 ) ) ;
#6789 = CARTESIAN_POINT ( 'NONE',  ( -2.325346743423271079, 6.019573022629235659, 5.711018636903399504 ) ) ;
#6790 = ORIENTED_EDGE ( 'NONE', *, *, #1668, .F. ) ;
#6791 = CARTESIAN_POINT ( 'NONE',  ( -2.077370676763695023, 2.949236104431367078, 4.204326152801512784 ) ) ;
#6792 = CARTESIAN_POINT ( 'NONE',  ( 119.2646318583044263, 5.360654147154528815, -2.185157613440415592 ) ) ;
#6793 = CARTESIAN_POINT ( 'NONE',  ( -117.1846459811169154, 6.268541165318677777, 4.475785761127796469 ) ) ;
#6794 = CARTESIAN_POINT ( 'NONE',  ( 20.42524624942856093, 0.9281487185867512979, 13.68917432045730287 ) ) ;
#6795 = CARTESIAN_POINT ( 'NONE',  ( -2.551946365905034320, 6.859523127474792759, 5.438043810644072273 ) ) ;
#6796 = CARTESIAN_POINT ( 'NONE',  ( 6.104896861233489069, 6.555782578194020438, -6.119656160395641642 ) ) ;
#6797 = CARTESIAN_POINT ( 'NONE',  ( -2.023596309055528231, 4.357702995506450350, -6.749221439359946118 ) ) ;
#6798 = CARTESIAN_POINT ( 'NONE',  ( -3.958350232194301377, 4.896445748123138486, -6.882973945669016658 ) ) ;
#6799 = PERSON_AND_ORGANIZATION_ROLE ( 'creator' ) ;
#6800 = ORIENTED_EDGE ( 'NONE', *, *, #6623, .T. ) ;
#6801 = CARTESIAN_POINT ( 'NONE',  ( -30.33986473083496449, 3.212104351697910865, 14.42791557312011896 ) ) ;
#6802 = CARTESIAN_POINT ( 'NONE',  ( 3.691041184589836543, 5.545975483282541418, -5.219322795944409954 ) ) ;
#6803 = EDGE_CURVE ( 'NONE', #1409, #3963, #5454, .T. ) ;
#6804 = CARTESIAN_POINT ( 'NONE',  ( -19.35003197143486631, 7.948531180058834522, 7.895317200231571242 ) ) ;
#6805 = DIRECTION ( 'NONE',  ( 0.000000000000000000, -0.1447684304327277460, -0.9894655635998882426 ) ) ;
#6806 = CARTESIAN_POINT ( 'NONE',  ( 119.5423426962328932, 6.195539197896595240, -2.164805375402739429 ) ) ;
#6807 = CARTESIAN_POINT ( 'NONE',  ( -118.0355329872486578, 2.227605041988372392, -12.66727478191979905 ) ) ;
#6808 = CARTESIAN_POINT ( 'NONE',  ( -4.987934112548821908, 11.07296756046863528, 13.88324165344238281 ) ) ;
#6809 = CARTESIAN_POINT ( 'NONE',  ( -26.61478290057772966, -1.072691905578901705, -16.60019427717702101 ) ) ;
#6810 = CARTESIAN_POINT ( 'NONE',  ( 5.407092043649917024, 3.300039858043263052, 2.584557739775888763 ) ) ;
#6811 = CARTESIAN_POINT ( 'NONE',  ( -6.003561373118340150, 8.307661863751805598, 0.2563251111337426780 ) ) ;
#6812 = CARTESIAN_POINT ( 'NONE',  ( -51.40895118182551471, -0.5424563259860351039, -16.74880199768804090 ) ) ;
#6813 = CARTESIAN_POINT ( 'NONE',  ( -46.62786567524647552, 7.801357617884048246, 8.559101008036282821 ) ) ;
#6814 = CARTESIAN_POINT ( 'NONE',  ( -1.690853155998676360, 4.473258623538309386, -6.728830203641299690 ) ) ;
#6815 = CARTESIAN_POINT ( 'NONE',  ( 102.2531931340646736, 4.078421396440162994, 6.161760747810355099 ) ) ;
ENDSEC;
END-ISO-10303-21;
