ISO-10303-21;
HEADER;
FILE_DESCRIPTION (( 'STEP AP203' ),
    '1' );
FILE_NAME ('Пропеллер 9450 CW.STEP',
    '2022-07-12T16:29:28',
    ( '' ),
    ( '' ),
    'SwSTEP 2.0',
    'SolidWorks 2021',
    '' );
FILE_SCHEMA (( 'CONFIG_CONTROL_DESIGN' ));
ENDSEC;

DATA;
#1 = CARTESIAN_POINT ( 'NONE',  ( -20.48152875885446633, 1.116934993561152556, 13.68917432044077387 ) ) ;
#2 = DIRECTION ( 'NONE',  ( 0.03081553542812061341, -0.1946045557747956845, -0.9803976079366844010 ) ) ;
#3 = CIRCLE ( 'NONE', #2646, 1.000000000000039968 ) ;
#4 = CARTESIAN_POINT ( 'NONE',  ( 1.433377334279321014, 2.618580737126601665, 0.1971036344766612103 ) ) ;
#5 = CARTESIAN_POINT ( 'NONE',  ( 103.2832715524769895, 5.047893116926568169, -6.183390334320679749 ) ) ;
#6 = DIRECTION ( 'NONE',  ( -1.224646799147472769E-16, 0.000000000000000000, -1.000000000000000000 ) ) ;
#7 = ORIENTED_EDGE ( 'NONE', *, *, #6761, .T. ) ;
#8 = CARTESIAN_POINT ( 'NONE',  ( -6.890914905685398217, 6.518032976874652107, -6.099672600533762257 ) ) ;
#9 = CARTESIAN_POINT ( 'NONE',  ( 119.6360730573906608, 6.466851340801370362, 1.792289589240601888 ) ) ;
#10 = CARTESIAN_POINT ( 'NONE',  ( -40.18759341038455091, 8.892885390292466496, -9.197821359698822974 ) ) ;
#11 = FACE_OUTER_BOUND ( 'NONE', #2389, .T. ) ;
#12 = VERTEX_POINT ( 'NONE', #1557 ) ;
#13 = CARTESIAN_POINT ( 'NONE',  ( -68.52796054879469523, 1.857213963316318939, 13.77152120117305678 ) ) ;
#14 = CARTESIAN_POINT ( 'NONE',  ( -4.797328764129943579, 4.963339599812273129, -3.628869374494502420 ) ) ;
#15 = CARTESIAN_POINT ( 'NONE',  ( 76.08820534678024217, 7.507513747660103043, 6.634308609107526067 ) ) ;
#16 = EDGE_CURVE ( 'NONE', #2143, #2401, #6780, .T. ) ;
#17 = CARTESIAN_POINT ( 'NONE',  ( -97.08379719904395699, 5.222188049246469177, 7.295591405744770164 ) ) ;
#18 = CARTESIAN_POINT ( 'NONE',  ( 19.40516720713595333, 7.423623918812820577, 7.749874064387476835 ) ) ;
#19 = CARTESIAN_POINT ( 'NONE',  ( -117.5278967837984965, 5.839407444510617218, 2.788549531555905681 ) ) ;
#20 = CARTESIAN_POINT ( 'NONE',  ( 103.7334620008597454, 8.904155411845358969, 5.324025078188590498 ) ) ;
#21 = CARTESIAN_POINT ( 'NONE',  ( 97.25885854271196251, 6.820812811004791421, 5.532252326774107942 ) ) ;
#22 = CARTESIAN_POINT ( 'NONE',  ( 4.991710985469231865, 7.109949718700225851, -3.343131881249678194 ) ) ;
#23 = CARTESIAN_POINT ( 'NONE',  ( -55.22441449991565321, 5.704533026839585297, 3.880985498428353164 ) ) ;
#24 = CARTESIAN_POINT ( 'NONE',  ( 30.96382691547064070, -2.175540423981165539, -17.90259774292482930 ) ) ;
#25 = ORIENTED_EDGE ( 'NONE', *, *, #3102, .T. ) ;
#26 = CARTESIAN_POINT ( 'NONE',  ( -119.6579179528276597, 7.136974656655448612, 1.989285240158701118 ) ) ;
#27 = CARTESIAN_POINT ( 'NONE',  ( -1.687989127863959604, 4.594660337203896994, 6.855577081615664703 ) ) ;
#28 = CARTESIAN_POINT ( 'NONE',  ( -4.552644539041222238, 8.806334394509610419, -6.403661362995380024 ) ) ;
#29 = CARTESIAN_POINT ( 'NONE',  ( 2.336745239475710889, 3.858858369270687927, -5.909948794118625059 ) ) ;
#30 = CARTESIAN_POINT ( 'NONE',  ( 1.912555941161238948, 4.195560760381181531, -6.773235956049405537 ) ) ;
#31 = CARTESIAN_POINT ( 'NONE',  ( -4.967942450940545207, 3.577959696476946228, 3.392280507198484507 ) ) ;
#32 = DIRECTION ( 'NONE',  ( -0.000000000000000000, -1.000000000000000000, -0.000000000000000000 ) ) ;
#33 = CARTESIAN_POINT ( 'NONE',  ( -18.74135533998552106, 1.550541474353376525, 13.02423928869024117 ) ) ;
#34 = CARTESIAN_POINT ( 'NONE',  ( 1.717692990862537350, 4.199139092742156798, -6.024600915958603586 ) ) ;
#35 = DIRECTION ( 'NONE',  ( -0.000000000000000000, -1.000000000000000000, -0.000000000000000000 ) ) ;
#36 = LINE ( 'NONE', #4810, #3417 ) ;
#37 = CARTESIAN_POINT ( 'NONE',  ( 32.49944176636823556, -2.008215330285478384, -18.46001515609867027 ) ) ;
#38 = CARTESIAN_POINT ( 'NONE',  ( -117.1927376729600923, 6.809110738705815180, -4.473955767039667464 ) ) ;
#39 = ORIENTED_EDGE ( 'NONE', *, *, #2295, .T. ) ;
#40 = CARTESIAN_POINT ( 'NONE',  ( -5.062393557318904946, 6.470682885653815219, -6.172169357582737881 ) ) ;
#41 = CARTESIAN_POINT ( 'NONE',  ( -5.914538399016514347, 8.035770754102516733, 1.033702747382282849 ) ) ;
#42 = CARTESIAN_POINT ( 'NONE',  ( -25.43433033033394963, 8.448541167786219219, -8.958108976605497986 ) ) ;
#43 = CARTESIAN_POINT ( 'NONE',  ( 39.17773437500000000, 5.531752617536460193, 12.36839771270751775 ) ) ;
#44 = VERTEX_POINT ( 'NONE', #453 ) ;
#45 = CARTESIAN_POINT ( 'NONE',  ( -68.06949582706766932, 2.917759152098264419, 11.66304007032862344 ) ) ;
#46 = CARTESIAN_POINT ( 'NONE',  ( -5.816430071842442651, 3.396284474078129278, 2.391137504124803304 ) ) ;
#47 = CARTESIAN_POINT ( 'NONE',  ( 103.5855539013614361, 6.688485185565472335, 5.315110072753186365 ) ) ;
#48 = CARTESIAN_POINT ( 'NONE',  ( 40.24828612877738010, 8.503890942937768926, 9.293286710035582487 ) ) ;
#49 = CARTESIAN_POINT ( 'NONE',  ( 19.36946545315035451, 7.487749409387167709, 7.895833660871055315 ) ) ;
#50 = B_SPLINE_SURFACE_WITH_KNOTS ( 'NONE', 3, 3, ( 
 ( #6458, #3809, #2249, #2110, #6395, #3708, #5300, #4890, #4368, #1145, #5369, #4228 ),
 ( #1731, #3846, #5916, #2666, #3776, #43, #2142, #1112, #628, #2736, #1073, #1590 ),
 ( #5437, #6324, #3226, #3299, #554, #1222, #4818, #5405, #3338, #2215, #4263, #6357 ),
 ( #2632, #1625, #3742, #5847, #5337, #592, #6427, #668, #2772, #80, #4400, #1255 ),
 ( #4923, #181, #3982, #2910, #5502, #4958, #3883, #1316, #1864, #6116, #4437, #3371 ),
 ( #4012, #6593, #769, #799, #1286, #5988, #4501, #2804, #4533, #2420, #2283, #2388 ),
 ( #6528, #5023, #3495, #6624, #1379, #1769, #3915, #6495, #5469, #6084, #1801, #734 ),
 ( #5535, #6561, #3948, #6022, #3402, #1897, #1347, #283, #1832, #216, #2841, #3464 ),
 ( #2322, #5566, #830, #2876, #2943, #249, #6054, #5057, #4990, #701, #2352, #314 ),
 ( #4468, #3436, #6724, #6756, #2518, #3600, #1413, #899, #4184, #345, #6691, #6214 ),
 ( #6149, #3110, #5601, #6655, #411, #6246, #4634, #867, #1513, #3078, #446, #5220 ),
 ( #3532, #1480, #5702, #965, #4149, #5122, #1994, #2059, #4663, #2451, #6791, #930 ) ),
 .UNSPECIFIED., .F., .F., .F.,
 ( 4, 1, 1, 1, 1, 1, 1, 1, 1, 4 ),
 ( 4, 1, 1, 1, 1, 1, 1, 1, 1, 4 ),
 ( 0.000000000000000000, 0.1417127847671508789, 0.1551509052515029907, 0.1657356023788452148, 0.1771409809589385986, 0.2231217920780181885, 0.3333333432674407959, 0.5326879024505615234, 0.6666666865348815918, 1.000000000000000000 ),
 ( 0.000000000000000000, 0.08963161706924438477, 0.1213425919413566589, 0.1563608050346374512, 0.2438607364892959595, 0.3333333432674407959, 0.4686315357685089111, 0.6666666865348815918, 0.8459483385086059570, 1.000000000000000000 ),
 .UNSPECIFIED. ) ;
#51 = CARTESIAN_POINT ( 'NONE',  ( -121.9284948812885574, 4.356240291093184780, 9.404330077297839097 ) ) ;
#52 = CARTESIAN_POINT ( 'NONE',  ( 6.940976177841740480, 6.614778225914823118, 6.101489943885454181 ) ) ;
#53 = ORIENTED_EDGE ( 'NONE', *, *, #4216, .T. ) ;
#54 = CIRCLE ( 'NONE', #3263, 0.2499999999999998612 ) ;
#55 = CARTESIAN_POINT ( 'NONE',  ( 5.400737569650150505, 7.771706962200393143, -2.635955440993213550 ) ) ;
#56 = CARTESIAN_POINT ( 'NONE',  ( -72.88321949506502051, 7.342435051118044953, -5.528933525085436784 ) ) ;
#57 = CARTESIAN_POINT ( 'NONE',  ( 27.15869330769129064, -2.479582067213884855, -18.72809500462710730 ) ) ;
#58 = ORIENTED_EDGE ( 'NONE', *, *, #860, .F. ) ;
#59 = EDGE_CURVE ( 'NONE', #749, #2610, #6737, .T. ) ;
#60 = CARTESIAN_POINT ( 'NONE',  ( -1.734482413292082637, 5.350331025327276002, 5.815595811549686189 ) ) ;
#61 = EDGE_CURVE ( 'NONE', #3053, #2569, #368, .T. ) ;
#62 = CARTESIAN_POINT ( 'NONE',  ( -6.895832764424298489, 6.443738153518396850, -5.999398875071006110 ) ) ;
#63 = CARTESIAN_POINT ( 'NONE',  ( 6.261189644489874695, 4.646057439269456246, -7.386651592859174720 ) ) ;
#64 = FACE_OUTER_BOUND ( 'NONE', #4274, .T. ) ;
#65 = CARTESIAN_POINT ( 'NONE',  ( -2.205100747439360021, 6.300969143861956390, -5.581590373406783101 ) ) ;
#66 = CARTESIAN_POINT ( 'NONE',  ( 114.8653859008099403, 5.044134923873086152, -3.822893939006130726 ) ) ;
#67 = CARTESIAN_POINT ( 'NONE',  ( 2.299083106662742626, 6.353557139084776928, 5.876466507571248776 ) ) ;
#68 = VECTOR ( 'NONE', #1930, 1000.000000000000000 ) ;
#69 = DIRECTION ( 'NONE',  ( 0.000000000000000000, 0.000000000000000000, -1.000000000000000000 ) ) ;
#70 = CARTESIAN_POINT ( 'NONE',  ( -16.45463665054677804, 2.590395409041142294, 11.64960953476230365 ) ) ;
#71 = FACE_OUTER_BOUND ( 'NONE', #291, .T. ) ;
#72 = CARTESIAN_POINT ( 'NONE',  ( -9.686896912489303689E-14, 14.28867513459489835, 2.000000000000024869 ) ) ;
#73 = CARTESIAN_POINT ( 'NONE',  ( 2.608357436285755337, 6.020504305658304744, 5.860186653872669460 ) ) ;
#74 = CARTESIAN_POINT ( 'NONE',  ( 35.64700983452176786, -1.996202326223146972, -18.45283598283232607 ) ) ;
#75 = CARTESIAN_POINT ( 'NONE',  ( -4.793142109194770129, 6.699502538588891554, -6.077200002106759591 ) ) ;
#76 = VERTEX_POINT ( 'NONE', #1661 ) ;
#77 = CARTESIAN_POINT ( 'NONE',  ( -7.412362736576888267, 6.558856780385174723, -6.120341932085084480 ) ) ;
#78 = DIRECTION ( 'NONE',  ( -0.000000000000000000, -1.000000000000000000, -0.000000000000000000 ) ) ;
#79 = CARTESIAN_POINT ( 'NONE',  ( -30.66418708502178703, 8.912627827456340412, -9.527562372039016125 ) ) ;
#80 = CARTESIAN_POINT ( 'NONE',  ( 98.16054534912109375, 7.341377259670112565, 5.141020298004145062 ) ) ;
#81 = ORIENTED_EDGE ( 'NONE', *, *, #560, .F. ) ;
#82 = CARTESIAN_POINT ( 'NONE',  ( -41.72727517771205186, -0.7670510862913756389, 17.32527929508420428 ) ) ;
#83 = CARTESIAN_POINT ( 'NONE',  ( -5.834185389302135150, 3.859810229146701577, -1.497702184856024799 ) ) ;
#84 = CARTESIAN_POINT ( 'NONE',  ( 97.24201952094264811, 7.124961717831501673, 5.431469399002447851 ) ) ;
#85 = CARTESIAN_POINT ( 'NONE',  ( 34.97148644368357395, 8.677495631228900663, 9.591494592336792024 ) ) ;
#86 = EDGE_CURVE ( 'NONE', #3053, #3884, #6520, .T. ) ;
#87 = CARTESIAN_POINT ( 'NONE',  ( 105.6889760478848928, 6.361757449157773969, 5.026480571735399749 ) ) ;
#88 = B_SPLINE_CURVE_WITH_KNOTS ( 'NONE', 3,
 ( #4085, #6187, #833, #286 ),
 .UNSPECIFIED., .F., .F.,
 ( 4, 4 ),
 ( 0.000000000000000000, 0.0002085507655000577113 ),
 .UNSPECIFIED. ) ;
#89 = CARTESIAN_POINT ( 'NONE',  ( -119.8149544091347991, 3.175001578360657550, 12.07454496651320852 ) ) ;
#90 = CARTESIAN_POINT ( 'NONE',  ( 105.6406024905183614, 6.593604629819810548, 5.242536819376047319 ) ) ;
#91 = CARTESIAN_POINT ( 'NONE',  ( 34.05055359132045822, 8.453444717485886883, 9.626922919673448931 ) ) ;
#92 = VERTEX_POINT ( 'NONE', #1184 ) ;
#93 = CARTESIAN_POINT ( 'NONE',  ( 2.028820533410716553, 5.858211542397636862, -5.659168514363636326 ) ) ;
#94 = CARTESIAN_POINT ( 'NONE',  ( -119.2143547962593146, 1.172946071330016826, 15.54623699188234198 ) ) ;
#95 = CARTESIAN_POINT ( 'NONE',  ( 26.58941368316933307, -0.6725429392266649709, -16.89441024148672810 ) ) ;
#96 = VERTEX_POINT ( 'NONE', #3261 ) ;
#97 = FACE_OUTER_BOUND ( 'NONE', #1936, .T. ) ;
#98 = CARTESIAN_POINT ( 'NONE',  ( -10.03924781340928796, 6.763818398007289012, -6.289895460837689356 ) ) ;
#99 = CARTESIAN_POINT ( 'NONE',  ( 10.80398296562320759, 4.272266277545223367, -8.824586783283223212 ) ) ;
#100 = CIRCLE ( 'NONE', #2971, 6.915440399266786109 ) ;
#101 = CARTESIAN_POINT ( 'NONE',  ( 2.258458586539793700, 4.094683506519747773, -5.595229721892455821 ) ) ;
#102 = CARTESIAN_POINT ( 'NONE',  ( -2.311591039162880001, 6.114651015573868698, -5.979715182823529318 ) ) ;
#103 = CARTESIAN_POINT ( 'NONE',  ( 107.2487880262627726, 3.001425331559994358, -10.20281360650918856 ) ) ;
#104 = CARTESIAN_POINT ( 'NONE',  ( 22.02895240704481594, 0.6611015828371221703, -14.70960416550068039 ) ) ;
#105 = CARTESIAN_POINT ( 'NONE',  ( 0.000000000000000000, 12.99999999999999822, 0.000000000000000000 ) ) ;
#106 = CARTESIAN_POINT ( 'NONE',  ( 119.3995910283511535, 6.123100903381985205, -1.395215323790027995 ) ) ;
#107 = CARTESIAN_POINT ( 'NONE',  ( 18.20776954140341886, 1.788896287371488647, -12.33512111372210107 ) ) ;
#108 = CARTESIAN_POINT ( 'NONE',  ( -0.2831615194597263963, 7.984602403215806277, -8.345177650451658380 ) ) ;
#109 = CARTESIAN_POINT ( 'NONE',  ( -24.52634831420137473, 8.531733891412125459, -8.735336270230467548 ) ) ;
#110 = CARTESIAN_POINT ( 'NONE',  ( -119.4470652586343959, 6.345353125026464980, -0.2496713708605409199 ) ) ;
#111 = EDGE_LOOP ( 'NONE', ( #1677, #1748, #3577, #5806 ) ) ;
#112 = CARTESIAN_POINT ( 'NONE',  ( 2.529215123913356678, 6.786021555793623428, 6.063938358254892691 ) ) ;
#113 = CARTESIAN_POINT ( 'NONE',  ( 25.67516037622014125, -0.7701938372845786862, -16.22167804744496777 ) ) ;
#114 = CARTESIAN_POINT ( 'NONE',  ( -22.31851227178793096, 8.287960359270737598, -8.438096870945113182 ) ) ;
#115 = CARTESIAN_POINT ( 'NONE',  ( 2.299429935054944973, 6.618331110876655821, 5.891368335055520156 ) ) ;
#116 = ORIENTED_EDGE ( 'NONE', *, *, #4119, .T. ) ;
#117 = CARTESIAN_POINT ( 'NONE',  ( -25.71875223445885439, -1.847684195259432727, 18.15693415007507028 ) ) ;
#118 = CARTESIAN_POINT ( 'NONE',  ( -19.86208713354093902, 8.068518819966786992, -7.989588855439650139 ) ) ;
#119 = CARTESIAN_POINT ( 'NONE',  ( 118.8213414057914008, 6.182522347444644240, 3.342031209606543207 ) ) ;
#120 = CARTESIAN_POINT ( 'NONE',  ( 65.51258685479659505, 7.678567472573912589, 7.197183618121766102 ) ) ;
#121 = CARTESIAN_POINT ( 'NONE',  ( 31.81811731561442969, 8.680691073330777385, 9.576400946327083830 ) ) ;
#122 = EDGE_CURVE ( 'NONE', #5400, #6541, #6301, .T. ) ;
#123 = CARTESIAN_POINT ( 'NONE',  ( 76.15586379672313910, 7.128442225496856466, 6.628363076349019778 ) ) ;
#124 = CARTESIAN_POINT ( 'NONE',  ( -100.9114020676651649, 3.515380024528043990, 10.28281165973720590 ) ) ;
#125 = CARTESIAN_POINT ( 'NONE',  ( 1.716107982211564131, 4.313962535868965276, -6.722947946195138691 ) ) ;
#126 = CARTESIAN_POINT ( 'NONE',  ( -1.738992852168564029, 5.177134779849146717, 5.745166017006866355 ) ) ;
#127 = ORIENTED_EDGE ( 'NONE', *, *, #6232, .T. ) ;
#128 = CARTESIAN_POINT ( 'NONE',  ( 5.684370293529370954, 7.714576346942664031, -2.739635161435636679 ) ) ;
#129 = FACE_OUTER_BOUND ( 'NONE', #6222, .T. ) ;
#130 = CARTESIAN_POINT ( 'NONE',  ( 41.49565414157049048, -2.832421851847835015, -19.18599709229408035 ) ) ;
#131 = EDGE_LOOP ( 'NONE', ( #3096, #5074, #6733, #572 ) ) ;
#132 = CARTESIAN_POINT ( 'NONE',  ( 21.80434915824307396, 0.3148603703086371719, -14.87123838051305746 ) ) ;
#133 = CARTESIAN_POINT ( 'NONE',  ( -119.4194756264691790, 6.514343511152302035, 2.023398177674170295 ) ) ;
#134 = CARTESIAN_POINT ( 'NONE',  ( 13.39881839689159193, 3.845667609881530336, -9.880496127581228194 ) ) ;
#135 = CARTESIAN_POINT ( 'NONE',  ( 119.4051709218307593, 5.476351854498174632, -1.911351683690770686 ) ) ;
#136 = CARTESIAN_POINT ( 'NONE',  ( 1.681737720632668687, 4.211602104385020695, -6.756291657929481609 ) ) ;
#137 = CARTESIAN_POINT ( 'NONE',  ( 102.4651365688148417, 3.077420836571728824, -10.18433914133700924 ) ) ;
#138 = DIRECTION ( 'NONE',  ( -0.09445688917403267937, -0.9955289529127542281, 0.000000000000000000 ) ) ;
#139 = CARTESIAN_POINT ( 'NONE',  ( 118.7983539388461480, 6.183329543590271093, 3.365842983346535089 ) ) ;
#140 = CARTESIAN_POINT ( 'NONE',  ( -21.93439439578689232, 0.7635740934665464774, 14.92660783863975738 ) ) ;
#141 = CARTESIAN_POINT ( 'NONE',  ( 1.934800644837082029, 4.431477905442071652, -6.693559900484183700 ) ) ;
#142 = CARTESIAN_POINT ( 'NONE',  ( -9.232142136761275708, -0.7030973088404971483, 18.84527206420898082 ) ) ;
#143 = CARTESIAN_POINT ( 'NONE',  ( -1.710876067686539326, 4.112117762954411226, 6.449229865201140832 ) ) ;
#144 = CARTESIAN_POINT ( 'NONE',  ( -1.603547637759630051, 3.877211192133465545, 5.786166388716396547 ) ) ;
#145 = CARTESIAN_POINT ( 'NONE',  ( -6.104088494502376783, 6.415903235563018114, -6.022580848036338530 ) ) ;
#146 = CARTESIAN_POINT ( 'NONE',  ( 41.70570357294161568, -1.342806819942394592, -17.00844810919552685 ) ) ;
#147 = CARTESIAN_POINT ( 'NONE',  ( -11.95103845839322254, 7.715077738932018647, -6.590741023667494147 ) ) ;
#148 = DIRECTION ( 'NONE',  ( -0.09416923893324291583, -0.9955562035559488709, 0.000000000000000000 ) ) ;
#149 = VERTEX_POINT ( 'NONE', #5882 ) ;
#150 = CARTESIAN_POINT ( 'NONE',  ( -28.81042705746463639, -2.816334387718061993, 19.22933252022052031 ) ) ;
#151 = ADVANCED_FACE ( 'NONE', ( #11 ), #50, .F. ) ;
#152 = CARTESIAN_POINT ( 'NONE',  ( -9.999204981343396526, 7.443490106442828491, -6.406611489746922850 ) ) ;
#153 = EDGE_CURVE ( 'NONE', #422, #1425, #1449, .T. ) ;
#154 = CARTESIAN_POINT ( 'NONE',  ( 119.6404061941068022, 5.837338643824513618, -1.337738858488638494 ) ) ;
#155 = CARTESIAN_POINT ( 'NONE',  ( 40.19511929415441642, 8.506203224225457049, 9.297833324592062354 ) ) ;
#156 = CARTESIAN_POINT ( 'NONE',  ( 88.79254699837838416, 7.134908534148582504, 5.938244278427863954 ) ) ;
#157 = CARTESIAN_POINT ( 'NONE',  ( 95.13061070912253570, 6.629558800173390054, 5.418806951419034235 ) ) ;
#158 = CARTESIAN_POINT ( 'NONE',  ( -111.0649948667513911, 5.811901356058690737, 4.895713910850596484 ) ) ;
#159 = CARTESIAN_POINT ( 'NONE',  ( -5.021321937806625613, 7.221311676935016521, 3.859332959412227648 ) ) ;
#160 = DIRECTION ( 'NONE',  ( 0.000000000000000000, 0.000000000000000000, -1.000000000000000000 ) ) ;
#161 = CARTESIAN_POINT ( 'NONE',  ( -121.4163510465624540, 6.479681068263017707, -4.626738548278788166 ) ) ;
#162 = CARTESIAN_POINT ( 'NONE',  ( 27.99961824849346570, -1.495126152010846976, -17.11429114413273922 ) ) ;
#163 = ORIENTED_EDGE ( 'NONE', *, *, #1992, .T. ) ;
#164 = CARTESIAN_POINT ( 'NONE',  ( -9.714451465470119729E-14, 14.28867513459489835, -2.000000000000024869 ) ) ;
#165 = CARTESIAN_POINT ( 'NONE',  ( -119.5457858246323184, 7.298939726591120447, -2.164805375384446062 ) ) ;
#166 = CARTESIAN_POINT ( 'NONE',  ( 8.103478766735269900, 4.489629818674683470, -7.890977990673104792 ) ) ;
#167 = CARTESIAN_POINT ( 'NONE',  ( 5.102617960771193673, 3.556735452413690268, -3.160568182456006792 ) ) ;
#168 = CARTESIAN_POINT ( 'NONE',  ( -1.454137325286867233, 2.625243694959600305, -0.1971036344766620707 ) ) ;
#169 = CARTESIAN_POINT ( 'NONE',  ( 105.3361156574309945, 4.658631452071873014, -5.643718937698626981 ) ) ;
#170 = CARTESIAN_POINT ( 'NONE',  ( -14.31226841194257560, 2.899047395518988601, 10.11739730323956543 ) ) ;
#171 = ADVANCED_FACE ( 'NONE', ( #4115 ), #6037, .T. ) ;
#172 = CARTESIAN_POINT ( 'NONE',  ( -2.259053686683368145, 5.560329311883789316, 6.004565829309448155 ) ) ;
#173 = CARTESIAN_POINT ( 'NONE',  ( -5.248003803626105856, 4.015833406293397800, 7.170024191103130384 ) ) ;
#174 = CARTESIAN_POINT ( 'NONE',  ( 2.318034554544432524, 6.963890683860925357, 5.734236491347348696 ) ) ;
#175 = CARTESIAN_POINT ( 'NONE',  ( -38.88680151093862492, 9.893363868078106194, -3.831459045410149145 ) ) ;
#176 = CARTESIAN_POINT ( 'NONE',  ( -52.88249149626904710, 8.307844804667675831, -8.058007397765308610 ) ) ;
#177 = CARTESIAN_POINT ( 'NONE',  ( -2.771059133933761132, 3.661449694385161546, 5.370688060141324272 ) ) ;
#178 = CARTESIAN_POINT ( 'NONE',  ( -8.955782296116186814, 6.860308684797014500, -6.275726791299903518 ) ) ;
#179 = CARTESIAN_POINT ( 'NONE',  ( 47.58950665353120968, 0.09915349648018917383, -15.33930795795832758 ) ) ;
#180 = CARTESIAN_POINT ( 'NONE',  ( -8.827677309267775385, 7.570689670067205945, -6.188858336281587214 ) ) ;
#181 = CARTESIAN_POINT ( 'NONE',  ( 7.183837413787842685, 4.937567265211054490, 8.174040794372560370 ) ) ;
#182 = ORIENTED_EDGE ( 'NONE', *, *, #698, .T. ) ;
#183 = CARTESIAN_POINT ( 'NONE',  ( -28.52165868301916518, -1.115673704095436314, 17.59041753483910142 ) ) ;
#184 = CARTESIAN_POINT ( 'NONE',  ( -9.215625253093797653, 7.408009558654101490, -6.310579322740183628 ) ) ;
#185 = CARTESIAN_POINT ( 'NONE',  ( 119.6948259553119271, 6.106803968675563965, 1.019364676401965930 ) ) ;
#186 = CARTESIAN_POINT ( 'NONE',  ( 69.74084259458885526, 7.565594589739911058, 6.958965923485005867 ) ) ;
#187 = AXIS2_PLACEMENT_3D ( 'NONE', #2416, #2479, #5629 ) ;
#188 = CARTESIAN_POINT ( 'NONE',  ( -43.68457094478506519, -0.2649165266573097477, 16.76965423798890242 ) ) ;
#189 = CARTESIAN_POINT ( 'NONE',  ( 88.79907349862571664, 6.789943428133471848, 5.732341571092693933 ) ) ;
#190 = CARTESIAN_POINT ( 'NONE',  ( -103.7917847253073944, 5.084738444599369522, 5.903329220016376944 ) ) ;
#191 = CARTESIAN_POINT ( 'NONE',  ( -5.873742360663881001, 8.467415026344344398, -1.238819663606077093 ) ) ;
#192 = CARTESIAN_POINT ( 'NONE',  ( -26.64254436445992269, -0.9467128452802516803, 16.59633959396923686 ) ) ;
#193 = CARTESIAN_POINT ( 'NONE',  ( -1.937535689131979710, 4.136233607620750874, 6.576783346763546589 ) ) ;
#194 = CARTESIAN_POINT ( 'NONE',  ( 22.00819258946475188, 0.8448065932071738837, -14.87789409133993068 ) ) ;
#195 = ORIENTED_EDGE ( 'NONE', *, *, #4111, .F. ) ;
#196 = CONICAL_SURFACE ( 'NONE', #1072, 2.000000000000024869, 1.047197551196602294 ) ;
#197 = CARTESIAN_POINT ( 'NONE',  ( -4.339064947478862955, 5.222004729082192931, -4.687324146539645575 ) ) ;
#198 = CARTESIAN_POINT ( 'NONE',  ( -118.6513582377157974, 7.333698025680033261, -3.198964688825220115 ) ) ;
#199 = CARTESIAN_POINT ( 'NONE',  ( -10.79802131225678963, 3.770826561012408540, 8.830376351323700135 ) ) ;
#200 = CARTESIAN_POINT ( 'NONE',  ( 5.416895452947812828, 3.312092060595549725, -3.147636262359154724 ) ) ;
#201 = CIRCLE ( 'NONE', #4721, 0.5000000000000004441 ) ;
#202 = CARTESIAN_POINT ( 'NONE',  ( 11.65315628051757990, 7.858597011743490235, 8.098406791687011719 ) ) ;
#203 = CARTESIAN_POINT ( 'NONE',  ( 112.3487558469149832, 5.352447201765657248, -4.648515609526227443 ) ) ;
#204 = CARTESIAN_POINT ( 'NONE',  ( 5.087433223403329485, 6.521305260289515182, 6.262435572924530902 ) ) ;
#205 = AXIS2_PLACEMENT_3D ( 'NONE', #1658, #2245, #5297 ) ;
#206 = CARTESIAN_POINT ( 'NONE',  ( 0.000000000000000000, 12.99999999999999822, 0.000000000000000000 ) ) ;
#207 = CARTESIAN_POINT ( 'NONE',  ( -15.65742131029197814, 2.798631088695089364, 11.18707561208096379 ) ) ;
#208 = CARTESIAN_POINT ( 'NONE',  ( 2.462338319792706454, 6.986004968526073000, 5.866430901879487791 ) ) ;
#209 = CARTESIAN_POINT ( 'NONE',  ( -117.8130850378160943, 7.514988292009738835, -2.502082347869853063 ) ) ;
#210 = CARTESIAN_POINT ( 'NONE',  ( -78.22680453503819820, 7.889115591873514077, -6.430660170899541228 ) ) ;
#211 = CARTESIAN_POINT ( 'NONE',  ( -119.6990252167687743, 6.408295764083734802, -1.036302014710987152 ) ) ;
#212 = CARTESIAN_POINT ( 'NONE',  ( -28.75341671722043912, 8.333621223874047246, -9.377046460356497803 ) ) ;
#213 = CARTESIAN_POINT ( 'NONE',  ( 37.71661256067977774, -2.155911593610602583, -17.89641814966569200 ) ) ;
#214 = CARTESIAN_POINT ( 'NONE',  ( -6.149510002857315527, 6.612287970220492639, -6.116755337374499391 ) ) ;
#215 = CIRCLE ( 'NONE', #3192, 0.2500000000000001665 ) ;
#216 = CARTESIAN_POINT ( 'NONE',  ( 97.57672119140625000, 6.017544658361291710, -4.705341815948491657 ) ) ;
#217 = ORIENTED_EDGE ( 'NONE', *, *, #6615, .T. ) ;
#218 = CARTESIAN_POINT ( 'NONE',  ( -34.64093720055625880, -1.885970660778951036, 18.50480164097557179 ) ) ;
#219 = CARTESIAN_POINT ( 'NONE',  ( 1.934800644837096018, 4.431477905442386067, -6.693559900483905700 ) ) ;
#220 = CARTESIAN_POINT ( 'NONE',  ( 119.3890844020135518, 5.590456091599599553, -1.298638227542658230 ) ) ;
#221 = CARTESIAN_POINT ( 'NONE',  ( 50.73307756192096463, 7.923231051685627691, 8.341433651903843227 ) ) ;
#222 = CARTESIAN_POINT ( 'NONE',  ( 7.386311322888664321, 7.273408855387047289, 6.118846338391739081 ) ) ;
#223 = FACE_OUTER_BOUND ( 'NONE', #1866, .T. ) ;
#224 = CARTESIAN_POINT ( 'NONE',  ( -106.1938900255012470, 3.534039757522276837, 10.14172041091241816 ) ) ;
#225 = CARTESIAN_POINT ( 'NONE',  ( -4.846945381726709634, 8.583371259541845433, -3.532005703278314090 ) ) ;
#226 = CIRCLE ( 'NONE', #2986, 0.2500000000000000000 ) ;
#227 = EDGE_CURVE ( 'NONE', #1770, #2526, #4331, .T. ) ;
#228 = CARTESIAN_POINT ( 'NONE',  ( 2.283187628434073968, 6.210551107547815697, 5.548595341257454905 ) ) ;
#229 = ORIENTED_EDGE ( 'NONE', *, *, #3178, .T. ) ;
#230 = CARTESIAN_POINT ( 'NONE',  ( -5.356847465641623174, 4.829896383776045354, 7.186692439657326403 ) ) ;
#231 = CARTESIAN_POINT ( 'NONE',  ( 8.885396015299948047, 7.532145280000978715, 6.195480522245002675 ) ) ;
#232 = EDGE_CURVE ( 'NONE', #76, #5722, #4102, .T. ) ;
#233 = CARTESIAN_POINT ( 'NONE',  ( -119.6566581608936701, 7.244750985230470341, -1.636143259302446751 ) ) ;
#234 = CARTESIAN_POINT ( 'NONE',  ( 20.46145424248160083, 1.474061568195762062, -13.97138504933184500 ) ) ;
#235 = CARTESIAN_POINT ( 'NONE',  ( 4.535583840431904434, 3.584617331711459354, -3.940909944066471216 ) ) ;
#236 =( BOUNDED_CURVE ( )  B_SPLINE_CURVE ( 3, ( #5817, #4165, #1154, #2150 ),
 .UNSPECIFIED., .F., .F. ) 
 B_SPLINE_CURVE_WITH_KNOTS ( ( 4, 4 ),
 ( 1.228982067163009839, 1.229232980878274706 ),
 .UNSPECIFIED. ) 
 CURVE ( )  GEOMETRIC_REPRESENTATION_ITEM ( )  RATIONAL_B_SPLINE_CURVE ( ( 1.000000000000000000, 0.9999999947535256339, 0.9999999947535256339, 1.000000000000000000 ) ) 
 REPRESENTATION_ITEM ( '' )  );
#237 = CARTESIAN_POINT ( 'NONE',  ( 11.93229293823242720, 8.394514472661915860, 9.141432762145997870 ) ) ;
#238 = CARTESIAN_POINT ( 'NONE',  ( 87.71064501312346806, 4.375803530400333763, -8.671608404973182971 ) ) ;
#239 = CARTESIAN_POINT ( 'NONE',  ( -2.872839027858681504, 4.077832689693818402, 6.635346003425675043 ) ) ;
#240 = CARTESIAN_POINT ( 'NONE',  ( 2.551946365905050751, 6.859523127474790094, 5.438043810644063392 ) ) ;
#241 = AXIS2_PLACEMENT_3D ( 'NONE', #6282, #5189, #2549 ) ;
#242 = CARTESIAN_POINT ( 'NONE',  ( 119.5383050089118484, 6.503342673459731493, 2.184720568996269652 ) ) ;
#243 = CARTESIAN_POINT ( 'NONE',  ( -77.01360818215076165, 7.404361771041364726, 2.592465639114392317 ) ) ;
#244 = CARTESIAN_POINT ( 'NONE',  ( -1.961949793353917393, 3.987709154602815609, 6.160713835077340050 ) ) ;
#245 = CARTESIAN_POINT ( 'NONE',  ( -119.4114860393010673, 6.027422758976809902, 1.911351683701598692 ) ) ;
#246 = CARTESIAN_POINT ( 'NONE',  ( -25.64404047503784057, 8.065540580357151157, -8.848767068529600266 ) ) ;
#247 = CARTESIAN_POINT ( 'NONE',  ( 109.4843328269310661, 4.782493575467436031, -4.979182932013217489 ) ) ;
#248 = DIRECTION ( 'NONE',  ( -1.000000000000000000, 0.000000000000000000, 0.000000000000000000 ) ) ;
#249 = CARTESIAN_POINT ( 'NONE',  ( 38.36864089965820313, 6.215862901388086392, -5.523239135742189276 ) ) ;
#250 = VERTEX_POINT ( 'NONE', #6184 ) ;
#251 = CARTESIAN_POINT ( 'NONE',  ( -24.33148261297603909, -1.326786613164677942, 17.54262688054960861 ) ) ;
#252 = CARTESIAN_POINT ( 'NONE',  ( -25.55860374922213296, 8.461171210823897226, -8.976812932160793679 ) ) ;
#253 = CARTESIAN_POINT ( 'NONE',  ( 119.1045269069596344, 5.919360418259081769, 2.539425263067347949 ) ) ;
#254 = CARTESIAN_POINT ( 'NONE',  ( 52.83832886977484122, 8.064784822495115080, 8.062346687214583696 ) ) ;
#255 = CARTESIAN_POINT ( 'NONE',  ( 5.752320742448908675, 8.090736634525548254, -1.739642806719649437 ) ) ;
#256 = CARTESIAN_POINT ( 'NONE',  ( 24.52864393181749847, 8.236007671927263019, 8.813062866112890248 ) ) ;
#257 = CARTESIAN_POINT ( 'NONE',  ( -116.8583140709820611, 6.655454072123454523, -5.172276993805926537 ) ) ;
#258 = EDGE_CURVE ( 'NONE', #5825, #3610, #613, .T. ) ;
#259 = ORIENTED_EDGE ( 'NONE', *, *, #2404, .F. ) ;
#260 = CARTESIAN_POINT ( 'NONE',  ( -100.7004454933922517, 5.407581473982403963, 6.640715070208831783 ) ) ;
#261 = CARTESIAN_POINT ( 'NONE',  ( -4.397589155114044246, 6.792820874482231375, 4.587374496064265728 ) ) ;
#262 = CARTESIAN_POINT ( 'NONE',  ( 5.385268262929528760, 3.310003776220379113, -3.201496626053727645 ) ) ;
#263 = B_SPLINE_CURVE_WITH_KNOTS ( 'NONE', 3,
 ( #3946, #3434, #5533, #375 ),
 .UNSPECIFIED., .F., .F.,
 ( 4, 4 ),
 ( 1.852685484479510593E-18, 7.043978356073003386E-05 ),
 .UNSPECIFIED. ) ;
#264 = VERTEX_POINT ( 'NONE', #3288 ) ;
#265 = CARTESIAN_POINT ( 'NONE',  ( 2.023596309053830922, 4.357702995506044452, -6.749221439359844865 ) ) ;
#266 = CARTESIAN_POINT ( 'NONE',  ( -3.124945383914170094, 5.845615941043122987, -5.596353545856598721 ) ) ;
#267 = CARTESIAN_POINT ( 'NONE',  ( -119.3577995831932412, 7.288170054770907846, -1.930489497176292035 ) ) ;
#268 = CARTESIAN_POINT ( 'NONE',  ( 5.650844613339407019, 4.266884099245490169, 2.041045534348004953 ) ) ;
#269 = CARTESIAN_POINT ( 'NONE',  ( 33.77997589111327414, 1.634396584211272874, -12.04385662078857600 ) ) ;
#270 = CARTESIAN_POINT ( 'NONE',  ( 91.28453132399421577, 2.895011263988742201, -10.85154042427793541 ) ) ;
#271 = CARTESIAN_POINT ( 'NONE',  ( -1.937535689131979710, 4.136233607620750874, 6.576783346763546589 ) ) ;
#272 = EDGE_CURVE ( 'NONE', #3704, #4483, #3508, .T. ) ;
#273 = CARTESIAN_POINT ( 'NONE',  ( 5.337883572858071801, 8.441108832559224950, 2.759790367332912275 ) ) ;
#274 = CARTESIAN_POINT ( 'NONE',  ( 119.4149488337507989, 6.699983859138560760, 1.608726730847577002 ) ) ;
#275 = CARTESIAN_POINT ( 'NONE',  ( -97.93095122230009508, 8.251135030355555955, -3.464468240737898164 ) ) ;
#276 =( BOUNDED_SURFACE ( )  B_SPLINE_SURFACE ( 3, 2, ( 
 ( #807, #839, #2917 ),
 ( #2950, #5065, #290 ),
 ( #1872, #4020, #2395 ),
 ( #5099, #6125, #2459 ),
 ( #1387, #518, #6253 ),
 ( #452, #2557, #4157 ),
 ( #973, #6159, #2109 ),
 ( #2491, #5775, #6798 ),
 ( #2072, #5262, #4090 ),
 ( #4641, #4607, #2525 ),
 ( #1521, #5643, #386 ),
 ( #3085, #1423, #2631 ),
 ( #3542, #1969, #6731 ),
 ( #5196, #3674, #6700 ),
 ( #4670, #5130, #907 ),
 ( #4743, #4192, #6291 ),
 ( #6192, #4122, #2002 ),
 ( #6764, #5675, #6221 ),
 ( #3016, #1457, #2033 ),
 ( #3576, #3149, #1555 ),
 ( #10, #939, #3117 ),
 ( #3641, #1037, #3052 ),
 ( #5743, #5164, #5227 ),
 ( #1487, #420, #1004 ),
 ( #3608, #5709, #483 ),
 ( #2592, #4705, #6323 ),
 ( #5881, #79, #2735 ),
 ( #667, #5846, #1144 ),
 ( #2665, #591, #2214 ),
 ( #2248, #1111, #42 ),
 ( #2699, #5809, #3260 ),
 ( #4851, #114, #5403 ),
 ( #3225, #5952, #1183 ),
 ( #4817, #5915, #5436 ),
 ( #4262, #4330, #1660 ),
 ( #3298, #5368, #4227 ),
 ( #2141, #553, #3844 ),
 ( #3775, #4889, #3336 ),
 ( #627, #2178, #4779 ),
 ( #2771, #6426, #3707 ),
 ( #147, #1623, #4367 ),
 ( #1220, #1695, #6457 ),
 ( #3186, #6356, #3808 ),
 ( #700, #1730, #2803 ),
 ( #180, #3741, #5336 ),
 ( #4922, #1589, #1071 ),
 ( #4296, #5299, #6394 ),
 ( #5534, #3463, #2977 ),
 ( #1285, #282, #4398 ),
 ( #3914, #6115, #5022 ),
 ( #3370, #829, #2386 ),
 ( #1378, #6623, #5091 ),
 ( #2875, #4500, #6053 ),
 ( #733, #863, #1315 ) ),
 .UNSPECIFIED., .F., .F., .T. ) 
 B_SPLINE_SURFACE_WITH_KNOTS ( ( 4, 2, 2, 2, 2, 2, 2, 2, 2, 2, 2, 2, 2, 2, 2, 2, 2, 2, 2, 2, 2, 2, 2, 2, 2, 2, 4 ),
 ( 3, 3 ),
 ( 0.1552645755691843543, 0.1616816903157022867, 0.1680988050622202468, 0.1809330345552561670, 0.1873501493017741271, 0.1937672640482920872, 0.2001843787948100473, 0.2066014935413280074, 0.2130186082878459675, 0.2194357230343639276, 0.2226442804076229076, 0.2258528377808818877, 0.2290613951541408677, 0.2322699525273998478, 0.2354785099006588278, 0.2386870672739178079, 0.2418956246471767879, 0.2434999033338062779, 0.2451041820204357680, 0.2483127393936947480, 0.2515212967669537281, 0.2531255754535832181, 0.2539277147968979631, 0.2547298541402127081, 0.2563341328268421981, 0.2571362721701569432, 0.2579384115134716882 ),
 ( 0.000000000000000000, 1.000000000000000000 ),
 .UNSPECIFIED. ) 
 GEOMETRIC_REPRESENTATION_ITEM ( )  RATIONAL_B_SPLINE_SURFACE ( (
 ( 1.000000000000000000, 0.8863874983790543949, 1.000000000000000000),
 ( 1.000000000000000000, 0.8883746234614786630, 1.000000000000000000),
 ( 1.000000000000000000, 0.8887468093112407264, 1.000000000000000000),
 ( 1.000000000000000000, 0.8906242631762795181, 1.000000000000000000),
 ( 1.000000000000000000, 0.8920121482423432058, 1.000000000000000000),
 ( 1.000000000000000000, 0.8967345750495251400, 1.000000000000000000),
 ( 1.000000000000000000, 0.8999657878991341731, 1.000000000000000000),
 ( 1.000000000000000000, 0.9005350996196577196, 1.000000000000000000),
 ( 1.000000000000000000, 0.9000319502395055515, 1.000000000000000000),
 ( 1.000000000000000000, 0.8986482500442645183, 1.000000000000000000),
 ( 1.000000000000000000, 0.8977704071095778948, 1.000000000000000000),
 ( 1.000000000000000000, 0.8974472907335949712, 1.000000000000000000),
 ( 1.000000000000000000, 0.8981321251844275322, 1.000000000000000000),
 ( 1.000000000000000000, 0.9022978092444985387, 1.000000000000000000),
 ( 1.000000000000000000, 0.9050590054651572736, 1.000000000000000000),
 ( 1.000000000000000000, 0.9060444158708114148, 1.000000000000000000),
 ( 1.000000000000000000, 0.9049832525767826930, 1.000000000000000000),
 ( 1.000000000000000000, 0.8989162997839463820, 1.000000000000000000),
 ( 1.000000000000000000, 0.8941669054443777132, 1.000000000000000000),
 ( 1.000000000000000000, 0.8928473436106812988, 1.000000000000000000),
 ( 1.000000000000000000, 0.8933518534186859483, 1.000000000000000000),
 ( 1.000000000000000000, 0.8958160783180404430, 1.000000000000000000),
 ( 1.000000000000000000, 0.8977740472147512918, 1.000000000000000000),
 ( 1.000000000000000000, 0.9016241121419561466, 1.000000000000000000),
 ( 1.000000000000000000, 0.9035008757909246402, 1.000000000000000000),
 ( 1.000000000000000000, 0.9067337106854853612, 1.000000000000000000),
 ( 1.000000000000000000, 0.9080868055474171641, 1.000000000000000000),
 ( 1.000000000000000000, 0.9110424910286678557, 1.000000000000000000),
 ( 1.000000000000000000, 0.9119512345685838461, 1.000000000000000000),
 ( 1.000000000000000000, 0.9137374028442473151, 1.000000000000000000),
 ( 1.000000000000000000, 0.9189781470747481196, 1.000000000000000000),
 ( 1.000000000000000000, 0.9295261609117461132, 1.000000000000000000),
 ( 1.000000000000000000, 0.9300525324020437745, 1.000000000000000000),
 ( 1.000000000000000000, 0.9244641440173632096, 1.000000000000000000),
 ( 1.000000000000000000, 0.9199726054972187095, 1.000000000000000000),
 ( 1.000000000000000000, 0.9139136474404127020, 1.000000000000000000),
 ( 1.000000000000000000, 0.9119798781361628803, 1.000000000000000000),
 ( 1.000000000000000000, 0.9092179162176329266, 1.000000000000000000),
 ( 1.000000000000000000, 0.9111212428963216814, 1.000000000000000000),
 ( 1.000000000000000000, 0.9159640032584389635, 1.000000000000000000),
 ( 1.000000000000000000, 0.9188072523193355767, 1.000000000000000000),
 ( 1.000000000000000000, 0.9206715955608970603, 1.000000000000000000),
 ( 1.000000000000000000, 0.9209161536596438546, 1.000000000000000000),
 ( 1.000000000000000000, 0.9205623055772371721, 1.000000000000000000),
 ( 1.000000000000000000, 0.9203051719330935798, 1.000000000000000000),
 ( 1.000000000000000000, 0.9196412319062242657, 1.000000000000000000),
 ( 1.000000000000000000, 0.9193311850161242083, 1.000000000000000000),
 ( 1.000000000000000000, 0.9189604478257820119, 1.000000000000000000),
 ( 1.000000000000000000, 0.9195805563253843795, 1.000000000000000000),
 ( 1.000000000000000000, 0.9215510029684564897, 1.000000000000000000),
 ( 1.000000000000000000, 0.9223478595877951935, 1.000000000000000000),
 ( 1.000000000000000000, 0.9239319056378219042, 1.000000000000000000),
 ( 1.000000000000000000, 0.9245744700647414716, 1.000000000000000000),
 ( 1.000000000000000000, 0.9260605339280082449, 1.000000000000000000) ) ) 
 REPRESENTATION_ITEM ( '' )  SURFACE ( )  );
#277 = CARTESIAN_POINT ( 'NONE',  ( -118.1818089275735986, 7.278222105415577126, -3.655490960309915049 ) ) ;
#278 = CARTESIAN_POINT ( 'NONE',  ( -5.159066539470071433, 3.329811268083787912, 3.584962342585058526 ) ) ;
#279 = CARTESIAN_POINT ( 'NONE',  ( -12.09799790776944484, 7.017142867115759408, -6.685278660393561445 ) ) ;
#280 = AXIS2_PLACEMENT_3D ( 'NONE', #105, #1211, #3213 ) ;
#281 = CARTESIAN_POINT ( 'NONE',  ( 65.99141214823256973, 2.437270640834654056, -11.98087739243458927 ) ) ;
#282 = CARTESIAN_POINT ( 'NONE',  ( -6.766169361981930308, 7.349561473359593755, -6.093028648104049871 ) ) ;
#283 = CARTESIAN_POINT ( 'NONE',  ( 62.59032821655273438, 7.706804306684386319, -2.349545001983646131 ) ) ;
#284 = ORIENTED_EDGE ( 'NONE', *, *, #5473, .T. ) ;
#285 = CARTESIAN_POINT ( 'NONE',  ( 34.01542222139218552, 8.231750441935901108, 9.488902530869937735 ) ) ;
#286 = CARTESIAN_POINT ( 'NONE',  ( -2.284386610247953531, 6.713605490434369827, -5.548884199849538845 ) ) ;
#287 = CARTESIAN_POINT ( 'NONE',  ( 119.4424288191690806, 5.858470117843907587, 1.047417093460797366 ) ) ;
#288 = CARTESIAN_POINT ( 'NONE',  ( 11.95365620634058423, 7.659917508995154556, 6.590741023669392185 ) ) ;
#289 = CARTESIAN_POINT ( 'NONE',  ( 3.039686915770833497, 7.669244475039371345, 5.222647081213874110 ) ) ;
#290 = CARTESIAN_POINT ( 'NONE',  ( -103.5864435032745234, 7.166535843564505015, -5.315110072752923465 ) ) ;
#291 = EDGE_LOOP ( 'NONE', ( #5512, #883, #6353, #217 ) ) ;
#292 = CARTESIAN_POINT ( 'NONE',  ( -81.46903582164770796, 4.492084587606334445, 9.480244582066232439 ) ) ;
#293 = CARTESIAN_POINT ( 'NONE',  ( -5.703102243528324955, 8.501898044293511703, -1.873609026030836233 ) ) ;
#294 = ADVANCED_FACE ( 'NONE', ( #4733 ), #3655, .T. ) ;
#295 = FACE_OUTER_BOUND ( 'NONE', #1326, .T. ) ;
#296 = VERTEX_POINT ( 'NONE', #4982 ) ;
#297 = CARTESIAN_POINT ( 'NONE',  ( 10.67812367714321731, 3.495347592981470353, -8.517770035647965088 ) ) ;
#298 = DIRECTION ( 'NONE',  ( -0.9000748280852511884, 0.3808744537961503696, 0.2116599969120043223 ) ) ;
#299 = CARTESIAN_POINT ( 'NONE',  ( -2.515612133048008570, 7.081432206001356811, -5.789568162378090577 ) ) ;
#300 = PERSON_AND_ORGANIZATION ( #1100, #5694 ) ;
#301 = CARTESIAN_POINT ( 'NONE',  ( 6.270470595711937989, 3.736261812682644567, 0.5587909514598485838 ) ) ;
#302 = CARTESIAN_POINT ( 'NONE',  ( 14.34790611267089844, 5.285462052999439386, 2.349538326263426846 ) ) ;
#303 = CARTESIAN_POINT ( 'NONE',  ( 75.25390155239689705, 3.235661540006755654, -10.33651997952395085 ) ) ;
#304 = CARTESIAN_POINT ( 'NONE',  ( 6.893867159504388553, 6.411999308332152481, 5.999421864457945119 ) ) ;
#305 = CARTESIAN_POINT ( 'NONE',  ( -7.958714113691784497, 3.850428335036680139, 7.836267461379909705 ) ) ;
#306 = CARTESIAN_POINT ( 'NONE',  ( 119.6475683768480138, 6.255083383159336208, -0.7776878782360745479 ) ) ;
#307 = CARTESIAN_POINT ( 'NONE',  ( -126.9386170749566247, 5.921328763554239316, -6.109177589416481702 ) ) ;
#308 = CARTESIAN_POINT ( 'NONE',  ( -4.769882069799885826, 6.860137959007452046, -6.267345294644599107 ) ) ;
#309 = CARTESIAN_POINT ( 'NONE',  ( -16.24246886044574367, 7.491739633248881702, -7.343782940308668294 ) ) ;
#310 = CARTESIAN_POINT ( 'NONE',  ( 1.730006773736293413, 5.169130041880634963, -5.745166017006867243 ) ) ;
#311 = DIRECTION ( 'NONE',  ( 0.000000000000000000, 0.000000000000000000, -1.000000000000000000 ) ) ;
#312 = AXIS2_PLACEMENT_3D ( 'NONE', #3861, #713, #5384 ) ;
#313 = CIRCLE ( 'NONE', #6811, 0.2500000000000011102 ) ;
#314 = CARTESIAN_POINT ( 'NONE',  ( 124.0944595336914205, 2.507159741102047867, -7.040417194366462184 ) ) ;
#315 = EDGE_LOOP ( 'NONE', ( #3505, #3203, #4642, #4706, #847, #2175 ) ) ;
#316 = CARTESIAN_POINT ( 'NONE',  ( -1.715447988128365964, 4.316828316148781042, 6.330849053117606928 ) ) ;
#317 = CARTESIAN_POINT ( 'NONE',  ( 6.235233586500753766, 8.350183644400040350, -0.7515896475788141906 ) ) ;
#318 = CARTESIAN_POINT ( 'NONE',  ( 114.1413966905932114, 5.456488503961565151, -4.218059773044785743 ) ) ;
#319 = CARTESIAN_POINT ( 'NONE',  ( 18.16668383972421097, 7.981668390769610433, 7.683192500943580860 ) ) ;
#320 = DIRECTION ( 'NONE',  ( 0.9960335187805726687, -0.08430088963318228823, -0.02847085303682717408 ) ) ;
#321 = AXIS2_PLACEMENT_3D ( 'NONE', #5855, #5784, #3683 ) ;
#322 = CARTESIAN_POINT ( 'NONE',  ( -13.45472245789963672, 3.688043469015292342, 10.00705535858826956 ) ) ;
#323 = CARTESIAN_POINT ( 'NONE',  ( -1.744940764036020830, 4.200672366725727080, 5.744731753733193891 ) ) ;
#324 = ORIENTED_EDGE ( 'NONE', *, *, #1092, .F. ) ;
#325 = CARTESIAN_POINT ( 'NONE',  ( -84.58218298574131211, 4.207796737326626513, 8.826880940041156975 ) ) ;
#326 = CARTESIAN_POINT ( 'NONE',  ( -3.037121049848927168, 7.683266746787719370, -5.222647081213904308 ) ) ;
#327 = EDGE_CURVE ( 'NONE', #296, #2143, #707, .T. ) ;
#328 = CARTESIAN_POINT ( 'NONE',  ( 4.306877234007469468, 6.796499658842874325, 6.247851620781926130 ) ) ;
#329 = CARTESIAN_POINT ( 'NONE',  ( 20.49286900985261894, 1.461619194829087087, -13.99018774206775539 ) ) ;
#330 = AXIS2_PLACEMENT_3D ( 'NONE', #4797, #609, #541 ) ;
#331 = EDGE_LOOP ( 'NONE', ( #1906, #3578 ) ) ;
#332 = CARTESIAN_POINT ( 'NONE',  ( -3.958992452613443902, 4.841852027847039608, 6.956386809406833294 ) ) ;
#333 = CARTESIAN_POINT ( 'NONE',  ( 52.88740897330016111, 8.063780108928744639, 8.058007397765313939 ) ) ;
#334 = CARTESIAN_POINT ( 'NONE',  ( 4.848890328953475937, 6.675823129892112462, 6.320435523690989044 ) ) ;
#335 = CARTESIAN_POINT ( 'NONE',  ( 3.853259095014415880, 5.093626650372941711, 4.611616347719864173 ) ) ;
#336 = CARTESIAN_POINT ( 'NONE',  ( 34.86886215209960938, 7.784745485959926548, 8.706779479980466974 ) ) ;
#337 = CARTESIAN_POINT ( 'NONE',  ( 72.18288191366660556, 3.386136005154601669, -11.19608984716030342 ) ) ;
#338 = CARTESIAN_POINT ( 'NONE',  ( 13.13875066468553143, 7.028557836569941486, 6.840610517954735847 ) ) ;
#339 = CARTESIAN_POINT ( 'NONE',  ( -9.714451465470119729E-14, 5.622649730810450386, -4.000000000000039968 ) ) ;
#340 = CARTESIAN_POINT ( 'NONE',  ( 119.6563301418452596, 5.721801137843244511, -1.952177918470652918 ) ) ;
#341 = CARTESIAN_POINT ( 'NONE',  ( -98.18692010123611169, -12.08790226943937895, 18.85605430603028765 ) ) ;
#342 = CARTESIAN_POINT ( 'NONE',  ( 1.935856218981063970, 5.115507125595890159, -6.403353233648674703 ) ) ;
#343 = CARTESIAN_POINT ( 'NONE',  ( -37.16487242850513439, 8.558116641507423239, -9.508403992374725888 ) ) ;
#344 = DIRECTION ( 'NONE',  ( -0.000000000000000000, -1.000000000000000000, -0.000000000000000000 ) ) ;
#345 = CARTESIAN_POINT ( 'NONE',  ( 98.26667022705078125, -1.485076396288060652, -12.56974220275879439 ) ) ;
#346 = ORIENTED_EDGE ( 'NONE', *, *, #1020, .T. ) ;
#347 = CARTESIAN_POINT ( 'NONE',  ( 71.91805608964220653, 7.168835528778219945, 6.644706024771586783 ) ) ;
#348 = CARTESIAN_POINT ( 'NONE',  ( 4.879698068043174075, 8.441251068329263418, 3.980112729206141786 ) ) ;
#349 = PLANE ( 'NONE',  #1173 ) ;
#350 = CARTESIAN_POINT ( 'NONE',  ( 5.289900276389301936, 6.963498940435086659, 6.224389607772367050 ) ) ;
#351 = FACE_OUTER_BOUND ( 'NONE', #931, .T. ) ;
#352 = CARTESIAN_POINT ( 'NONE',  ( 3.256258462592211522, 7.324009933744333622, 5.074204118809003461 ) ) ;
#353 = CARTESIAN_POINT ( 'NONE',  ( 6.865368894521502341, 7.224509716966211137, 6.092648440493082518 ) ) ;
#354 = EDGE_CURVE ( 'NONE', #96, #3990, #4443, .T. ) ;
#355 = ADVANCED_FACE ( 'NONE', ( #5692 ), #666, .F. ) ;
#356 = ORIENTED_EDGE ( 'NONE', *, *, #1792, .F. ) ;
#357 = CARTESIAN_POINT ( 'NONE',  ( -97.06615859328717022, 4.771814900602234566, 7.075690665463649331 ) ) ;
#358 = CARTESIAN_POINT ( 'NONE',  ( -3.255283543547689895, 7.339035356964238588, -5.074204118808738784 ) ) ;
#359 = CARTESIAN_POINT ( 'NONE',  ( 2.535993521747614832, 6.636571297630074362, 6.191818223223069850 ) ) ;
#360 = CARTESIAN_POINT ( 'NONE',  ( -2.287158639227286905, 6.901003718508086138, -5.628479988899227848 ) ) ;
#361 = VERTEX_POINT ( 'NONE', #3592 ) ;
#362 = CARTESIAN_POINT ( 'NONE',  ( -6.272541443486641555, 4.674979100826299749, 7.386651592859243110 ) ) ;
#363 = CARTESIAN_POINT ( 'NONE',  ( 37.08929163477449009, 8.824216651142128498, 9.418264979799982228 ) ) ;
#364 = CARTESIAN_POINT ( 'NONE',  ( -117.1102746263210577, 7.081870059605817502, -4.357458470917123350 ) ) ;
#365 = DIRECTION ( 'NONE',  ( 1.000000000000000000, 0.000000000000000000, 0.000000000000000000 ) ) ;
#366 = CARTESIAN_POINT ( 'NONE',  ( 127.4597091674804830, 5.904469640432181698, 3.077728986740105643 ) ) ;
#367 = CARTESIAN_POINT ( 'NONE',  ( 101.4191718006784129, 3.060553804119271692, -10.24725597253726406 ) ) ;
#368 = B_SPLINE_CURVE_WITH_KNOTS ( 'NONE', 3,
 ( #2179, #115, #4744, #4297 ),
 .UNSPECIFIED., .F., .F.,
 ( 4, 4 ),
 ( 0.0002544695322625958205, 0.0008218759173625005392 ),
 .UNSPECIFIED. ) ;
#369 = CARTESIAN_POINT ( 'NONE',  ( 12.09739312985706228, 6.961311853513528547, 6.685278660392223848 ) ) ;
#370 = CARTESIAN_POINT ( 'NONE',  ( 4.791149215304088216, 6.677386727414639012, 6.077200002112943089 ) ) ;
#371 = CARTESIAN_POINT ( 'NONE',  ( 119.6879769679089236, 6.381831754247230926, 1.180434184082067794 ) ) ;
#372 = CARTESIAN_POINT ( 'NONE',  ( -97.24337879407001139, 7.024708836683767110, -5.323480197104291101 ) ) ;
#373 = CARTESIAN_POINT ( 'NONE',  ( -97.24301115206472446, 7.024716420420592300, -5.323495456618998034 ) ) ;
#374 = EDGE_CURVE ( 'NONE', #1927, #909, #2333, .T. ) ;
#375 = CARTESIAN_POINT ( 'NONE',  ( -1.729040796197209406, 4.321912237860214390, 6.722947946195137803 ) ) ;
#376 = CARTESIAN_POINT ( 'NONE',  ( 116.8549244993293001, 6.116159336961681348, 5.172276993805934531 ) ) ;
#377 = CARTESIAN_POINT ( 'NONE',  ( -4.026517111677063276, 6.789661949508170480, -6.235949540730254093 ) ) ;
#378 = VERTEX_POINT ( 'NONE', #1403 ) ;
#379 = CARTESIAN_POINT ( 'NONE',  ( -1.744648132852122613, 4.112433856437033519, 5.761593645975135125 ) ) ;
#380 = CARTESIAN_POINT ( 'NONE',  ( -119.0183372856056963, 7.091451666135848875, -3.126107474786138596 ) ) ;
#381 = CARTESIAN_POINT ( 'NONE',  ( 113.1284179870300051, 5.390927767641700008, -4.481676523227597464 ) ) ;
#382 = AXIS2_PLACEMENT_3D ( 'NONE', #4879, #1722, #3836 ) ;
#383 = CARTESIAN_POINT ( 'NONE',  ( 9.868886386151661583, 7.392055636866603052, 6.389923599368541041 ) ) ;
#384 = CARTESIAN_POINT ( 'NONE',  ( -111.0475394517829670, 5.345521708860437649, 4.717166068946983870 ) ) ;
#385 = CARTESIAN_POINT ( 'NONE',  ( -5.531857644149023479, 4.713960732291490707, 7.222873614174417867 ) ) ;
#386 = CARTESIAN_POINT ( 'NONE',  ( -69.73804476346397507, 7.887442980012157712, -6.958965923487045124 ) ) ;
#387 = VERTEX_POINT ( 'NONE', #2573 ) ;
#388 = ORIENTED_EDGE ( 'NONE', *, *, #803, .T. ) ;
#389 = CARTESIAN_POINT ( 'NONE',  ( -99.14869795597932978, 5.330793909917959539, 6.918998239361076941 ) ) ;
#390 = CARTESIAN_POINT ( 'NONE',  ( 2.568635359854775313, 6.180952862681706961, 5.431141475566806598 ) ) ;
#391 = SPHERICAL_SURFACE ( 'NONE', #4138, 0.2500000000000000000 ) ;
#392 = CARTESIAN_POINT ( 'NONE',  ( -5.415913631004171336, 8.681153935905795649, -3.151080880212735469 ) ) ;
#393 = ORIENTED_EDGE ( 'NONE', *, *, #1092, .T. ) ;
#394 = CARTESIAN_POINT ( 'NONE',  ( -10.79961878616529525, 4.202597520701605305, 8.818310150025409300 ) ) ;
#395 = CARTESIAN_POINT ( 'NONE',  ( -1.759040339822673715, 5.431792980106146196, 5.927399003457871629 ) ) ;
#396 = CARTESIAN_POINT ( 'NONE',  ( -1.734482413292082637, 5.350331025327276002, 5.815595811549686189 ) ) ;
#397 = APPROVAL_ROLE ( '' ) ;
#398 = CARTESIAN_POINT ( 'NONE',  ( 119.1856384277343750, 0.6228366209848658075, -15.54623699188233132 ) ) ;
#399 = CARTESIAN_POINT ( 'NONE',  ( 56.14457870993071253, 0.3180080263762585235, -15.64126547359420805 ) ) ;
#400 = CARTESIAN_POINT ( 'NONE',  ( 9.229391724169175859, 6.712912381042725585, 6.307627408643627476 ) ) ;
#401 = CARTESIAN_POINT ( 'NONE',  ( -9.714451465470119729E-14, 13.00000000000006040, 0.000000000000000000 ) ) ;
#402 = CARTESIAN_POINT ( 'NONE',  ( 119.0423919062325950, 6.543005861767298370, 3.097296230842375486 ) ) ;
#403 = CARTESIAN_POINT ( 'NONE',  ( -48.67242725794466907, -2.954106366610277590, 20.56069755554199574 ) ) ;
#404 = CARTESIAN_POINT ( 'NONE',  ( 1.731448260212689050, 4.192650577675097523, -5.744731753733194779 ) ) ;
#405 = B_SPLINE_CURVE_WITH_KNOTS ( 'NONE', 3,
 ( #2797, #2314, #5907, #658, #4430, #4915, #4950, #1214, #4391, #5396, #4881, #4288, #2834, #6486, #3875, #4844, #6521, #2728, #2764, #1248, #4360, #2207 ),
 .UNSPECIFIED., .F., .F.,
 ( 4, 2, 2, 2, 2, 2, 2, 2, 2, 2, 4 ),
 ( 0.1121360837023979290, 0.1131179575106026486, 0.1140998313188073543, 0.1150817051270120739, 0.1155726420311144337, 0.1160635789352167935, 0.1165545158393191394, 0.1170454527434214992, 0.1180273265516262049, 0.1190092003598309245, 0.1199910741680356302 ),
 .UNSPECIFIED. ) ;
#406 = CARTESIAN_POINT ( 'NONE',  ( -65.59955057182888538, 7.835373717404822358, -7.190922576375792907 ) ) ;
#407 = CARTESIAN_POINT ( 'NONE',  ( 1.697818469521185980, 4.356777512678122299, -6.730015868773808307 ) ) ;
#408 = EDGE_CURVE ( 'NONE', #5058, #1971, #1601, .T. ) ;
#409 = CARTESIAN_POINT ( 'NONE',  ( -5.222012348138407312, 3.587348501116478072, 2.987643510831204274 ) ) ;
#410 = CARTESIAN_POINT ( 'NONE',  ( -103.5931301237943387, 7.141401839290464792, -5.314711610084065008 ) ) ;
#411 = CARTESIAN_POINT ( 'NONE',  ( 28.11531066894530895, -1.373815028490135148, -20.25674629211425781 ) ) ;
#412 = ORIENTED_EDGE ( 'NONE', *, *, #1873, .T. ) ;
#413 = CARTESIAN_POINT ( 'NONE',  ( 46.63285288423372066, 7.801186306459943154, 8.558618023284800813 ) ) ;
#414 = CARTESIAN_POINT ( 'NONE',  ( 4.085334276364922523, 6.567656522441321698, -4.906670883062862032 ) ) ;
#415 = AXIS2_PLACEMENT_3D ( 'NONE', #4435, #78, #3335 ) ;
#416 = DIRECTION ( 'NONE',  ( -0.9964119594784367484, -0.07970330944005768470, 0.02847085303682687918 ) ) ;
#417 = CARTESIAN_POINT ( 'NONE',  ( 17.65004711800454373, 7.944931086929620356, 7.591702063555382018 ) ) ;
#418 = CARTESIAN_POINT ( 'NONE',  ( -71.17261276005351078, 3.196759155268896535, 11.13013062545768861 ) ) ;
#419 = CARTESIAN_POINT ( 'NONE',  ( 2.277129099834102277, 6.827180875872954857, 5.996122392287807301 ) ) ;
#420 = CARTESIAN_POINT ( 'NONE',  ( -34.89316334730332159, 8.959650703887275469, -9.593815468817403769 ) ) ;
#421 = VERTEX_POINT ( 'NONE', #5084 ) ;
#422 = VERTEX_POINT ( 'NONE', #339 ) ;
#423 = CARTESIAN_POINT ( 'NONE',  ( -90.85045257688328491, 4.913851779281092291, 8.265304969955986181 ) ) ;
#424 = CARTESIAN_POINT ( 'NONE',  ( 2.334253681125927127, 4.077848426322942643, -5.563047657411590130 ) ) ;
#425 = B_SPLINE_CURVE_WITH_KNOTS ( 'NONE', 3,
 ( #334, #2437, #4552, #4585, #6642, #1914, #52, #2152, #533, #5721, #3095, #4683, #984, #2603, #2642, #5207, #2711, #1122, #6405, #6269, #4206, #1048, #1533, #3685, #1085, #463, #5272, #5346, #91, #6814, #2085, #5786, #3197, #3619, #6775, #2568, #2046, #4168, #4273, #6302, #4827, #601, #5311, #1636, #4755, #3652, #21, #6367, #3128, #3751 ),
 .UNSPECIFIED., .F., .F.,
 ( 4, 2, 2, 2, 2, 2, 2, 2, 2, 2, 2, 2, 2, 2, 2, 2, 2, 2, 2, 2, 2, 2, 2, 2, 4 ),
 ( 5.113977311531322605E-15, 0.0007888167787165435230, 0.001577633557427973081, 0.002366450336139402748, 0.003155267114850832198, 0.003944083893562261647, 0.004732900672273691531, 0.006310534229696550430, 0.009465801344542262158, 0.01262106845938797649, 0.01577633557423368735, 0.01893160268907939994, 0.02208686980392511601, 0.02524213691877082860, 0.03155267114846224685, 0.03470793826330794557, 0.03786320537815364429, 0.05048427383753639752, 0.05679480806722777414, 0.06310534229691917851, 0.06941587652661056207, 0.07572641075630195950, 0.08834747921568478213, 0.09465801344537615181, 0.1009685476750675492 ),
 .UNSPECIFIED. ) ;
#426 = CARTESIAN_POINT ( 'NONE',  ( 119.6461843880972538, 6.582554702630520893, -1.662484950617819868 ) ) ;
#427 = CARTESIAN_POINT ( 'NONE',  ( -9.714451465470119729E-14, 14.28867513459489835, 0.000000000000000000 ) ) ;
#428 = ORIENTED_EDGE ( 'NONE', *, *, #2527, .F. ) ;
#429 = EDGE_CURVE ( 'NONE', #1348, #1971, #1845, .T. ) ;
#430 = CARTESIAN_POINT ( 'NONE',  ( 0.000000000000000000, 12.99999999999999822, -5.500000000000000000 ) ) ;
#431 = CARTESIAN_POINT ( 'NONE',  ( 50.77936165718610084, 8.114648986123556895, 8.247660680637409314 ) ) ;
#432 = CARTESIAN_POINT ( 'NONE',  ( -2.558324417422236596, 6.486832020799945475, -6.002003839226405901 ) ) ;
#433 = ORIENTED_EDGE ( 'NONE', *, *, #5516, .F. ) ;
#434 = CARTESIAN_POINT ( 'NONE',  ( 54.54496002197264914, 2.154932530103585986, -13.65749263763428090 ) ) ;
#435 = CARTESIAN_POINT ( 'NONE',  ( -22.80093236214390373, 8.153953845461046512, -9.067157745361322796 ) ) ;
#436 = CARTESIAN_POINT ( 'NONE',  ( 69.09146592177069124, 3.110238807096050717, -11.75901316483552606 ) ) ;
#437 = EDGE_CURVE ( 'NONE', #2988, #2701, #4997, .T. ) ;
#438 = CARTESIAN_POINT ( 'NONE',  ( 105.6942510740034464, 6.609068768386646475, 4.990296521648054373 ) ) ;
#439 = CARTESIAN_POINT ( 'NONE',  ( 119.1965713688055359, 6.776232566639166066, 2.388489599373545325 ) ) ;
#440 = CARTESIAN_POINT ( 'NONE',  ( -124.1144274995574790, 3.079903274229382593, 7.040417194366475506 ) ) ;
#441 = CARTESIAN_POINT ( 'NONE',  ( -6.128349226615469547, 8.818151933494027261, -5.989647241479253204 ) ) ;
#442 = CARTESIAN_POINT ( 'NONE',  ( -88.79965233507985545, 7.199753580091930338, -5.732341571096950972 ) ) ;
#443 = CARTESIAN_POINT ( 'NONE',  ( 2.559874004198079867, 6.115887262307800221, 5.971940612614991650 ) ) ;
#444 = CARTESIAN_POINT ( 'NONE',  ( 116.4556147872123262, 5.670271961603666533, -3.380733085404074245 ) ) ;
#445 = CARTESIAN_POINT ( 'NONE',  ( -31.94870592606678628, 8.604848275754189757, -9.614497543136723223 ) ) ;
#446 = CARTESIAN_POINT ( 'NONE',  ( 112.1306228637695170, -8.873312442125476096, -15.65855407714844461 ) ) ;
#447 = CARTESIAN_POINT ( 'NONE',  ( 2.286122357308312036, 6.890450844486342596, 5.628479988899228736 ) ) ;
#448 = CARTESIAN_POINT ( 'NONE',  ( -5.008658281165139670, 6.964363035269362179, -6.208504527641471427 ) ) ;
#449 = CARTESIAN_POINT ( 'NONE',  ( -116.8673656069452989, 6.596227593184626592, -4.582957219178668495 ) ) ;
#450 = CARTESIAN_POINT ( 'NONE',  ( -40.75817004343975469, -1.391285239431572673, 17.26972764625839218 ) ) ;
#451 = CARTESIAN_POINT ( 'NONE',  ( 119.7043053055102462, 6.292490115204290468, 0.6446945889878400449 ) ) ;
#452 = CARTESIAN_POINT ( 'NONE',  ( -88.77694197004342413, 7.743942547849741231, -5.842201958092609893 ) ) ;
#453 = CARTESIAN_POINT ( 'NONE',  ( 2.286058798933926717, 6.113002010928975771, 5.604164654859530970 ) ) ;
#454 = ORIENTED_EDGE ( 'NONE', *, *, #2374, .T. ) ;
#455 = CARTESIAN_POINT ( 'NONE',  ( -64.96491702034033722, 2.654273113805158957, 12.13192104270223126 ) ) ;
#456 = CARTESIAN_POINT ( 'NONE',  ( -5.548077937224134004, 4.378943122884077610, -2.335021826459644512 ) ) ;
#457 = CARTESIAN_POINT ( 'NONE',  ( -4.490315715674380037, 8.117214875001451446, -3.977478757311171620 ) ) ;
#458 = CARTESIAN_POINT ( 'NONE',  ( -114.6462792989679116, 6.024773600084872172, 4.067101091502790311 ) ) ;
#459 = ADVANCED_FACE ( 'NONE', ( #3001 ), #5113, .T. ) ;
#460 = CARTESIAN_POINT ( 'NONE',  ( 1.690853155999016533, 4.473258623540307788, -6.728830203641305019 ) ) ;
#461 = CARTESIAN_POINT ( 'NONE',  ( -18.87657246761638064, 2.078733160650725331, 13.10481818175095370 ) ) ;
#462 = CARTESIAN_POINT ( 'NONE',  ( 4.024948466236732969, 6.771083143176986674, 6.235949540729998297 ) ) ;
#463 = CARTESIAN_POINT ( 'NONE',  ( 27.77883697497607329, 8.305241034645115761, 9.271044515156022570 ) ) ;
#464 = CARTESIAN_POINT ( 'NONE',  ( 72.99227142333984375, 8.625588805852769880, 11.95975494384765270 ) ) ;
#465 = CARTESIAN_POINT ( 'NONE',  ( -16.11661011185147174, 10.82946647888322289, -13.77723312377929155 ) ) ;
#466 = CARTESIAN_POINT ( 'NONE',  ( 55.64131957139859708, 1.874128865760555041, -13.83641852177214204 ) ) ;
#467 = CARTESIAN_POINT ( 'NONE',  ( 3.095318639484428314, 5.861493557115196928, -5.148242786882143207 ) ) ;
#468 = CARTESIAN_POINT ( 'NONE',  ( -119.6473918264215683, 7.134726101221184003, 1.662484950617815871 ) ) ;
#469 = CARTESIAN_POINT ( 'NONE',  ( -62.19791217229727209, -4.653539615470257296, 19.17499160766602273 ) ) ;
#470 = CARTESIAN_POINT ( 'NONE',  ( -103.7241247367790606, 9.382865068950710707, -5.324025078188578064 ) ) ;
#471 = CARTESIAN_POINT ( 'NONE',  ( -84.59605330508441057, 7.530501895722174766, -6.179564426946965838 ) ) ;
#472 = CARTESIAN_POINT ( 'NONE',  ( -23.21165044472845551, 2.206949409033545528, -14.41592884063720170 ) ) ;
#473 = CARTESIAN_POINT ( 'NONE',  ( 119.7954711079778036, 2.622099048541434829, -12.07454496505239128 ) ) ;
#474 = CARTESIAN_POINT ( 'NONE',  ( -95.14887500991193292, 7.313354103116862959, -5.626369066743187375 ) ) ;
#475 = EDGE_CURVE ( 'NONE', #974, #3786, #2847, .T. ) ;
#476 = CARTESIAN_POINT ( 'NONE',  ( -4.044394148036118075, 6.597850521294253312, -6.399896609440316908 ) ) ;
#477 = CARTESIAN_POINT ( 'NONE',  ( -9.714451465470119729E-14, 6.777350269189689413, -3.000000000000021316 ) ) ;
#478 = DIRECTION ( 'NONE',  ( 0.000000000000000000, 0.000000000000000000, -1.000000000000000000 ) ) ;
#479 = CARTESIAN_POINT ( 'NONE',  ( 90.84221277688430973, 4.494718218145045796, -8.264905241259285162 ) ) ;
#480 = CARTESIAN_POINT ( 'NONE',  ( -119.5098277367123245, 6.462228757113785527, -2.273616919407787762 ) ) ;
#481 = CARTESIAN_POINT ( 'NONE',  ( -115.6039716919302833, 5.641819335040759498, 3.572918591313312575 ) ) ;
#482 = CARTESIAN_POINT ( 'NONE',  ( -4.835590777601215251, 7.014409294934515593, 3.565193167421687903 ) ) ;
#483 = CARTESIAN_POINT ( 'NONE',  ( -33.83138285475167351, 8.846933611251287743, -9.606588657934993947 ) ) ;
#484 = APPLICATION_CONTEXT ( 'configuration controlled 3d designs of mechanical parts and assemblies' ) ;
#485 = ORIENTED_EDGE ( 'NONE', *, *, #4216, .F. ) ;
#486 = EDGE_LOOP ( 'NONE', ( #1164, #39, #3963, #2919, #587 ) ) ;
#487 = CARTESIAN_POINT ( 'NONE',  ( -66.00601645054852895, 3.157212856547976454, 12.25252284873550046 ) ) ;
#488 = CARTESIAN_POINT ( 'NONE',  ( -5.999894101389009471, 3.722610175175303127, -0.5420679589717929403 ) ) ;
#489 = CARTESIAN_POINT ( 'NONE',  ( 1.936106462099510317, 4.050570222114801666, -6.359985248735065433 ) ) ;
#490 = CARTESIAN_POINT ( 'NONE',  ( -111.5892785528950384, 5.833549440298559929, 4.801742749337156724 ) ) ;
#491 = CARTESIAN_POINT ( 'NONE',  ( -115.3642897727949617, 5.619673641281200283, 3.654847726585161993 ) ) ;
#492 = CARTESIAN_POINT ( 'NONE',  ( -22.03691942286645400, 0.9464409600145460288, 14.87789409134778218 ) ) ;
#493 = CARTESIAN_POINT ( 'NONE',  ( 106.3039582525086360, 6.594511010260465156, 5.218675380050394885 ) ) ;
#494 = ADVANCED_FACE ( 'NONE', ( #3068 ), #791, .F. ) ;
#495 = CARTESIAN_POINT ( 'NONE',  ( -9.714451465470119729E-14, 10.63921286096972096, 0.000000000000000000 ) ) ;
#496 = B_SPLINE_CURVE_WITH_KNOTS ( 'NONE', 3,
 ( #3022, #424, #3507, #4645, #4579, #2431, #6636, #1908, #1491, #5648, #911, #6196, #1391, #879, #5579, #6769, #6706, #4127, #5202, #1427, #5135, #3992, #3613, #5102, #1939, #4611, #5168, #6095, #2463, #3474, #6670, #4059, #390, #2495 ),
 .UNSPECIFIED., .F., .F.,
 ( 4, 2, 2, 2, 2, 2, 2, 2, 2, 2, 2, 2, 2, 2, 2, 2, 4 ),
 ( 0.000000000000000000, 0.001919909440279719175, 0.002879864160419578437, 0.003839818880559438350, 0.004319796240629368740, 0.004799773600699299564, 0.005759728320839161211, 0.006719683040979022859, 0.007679637761118883639, 0.008639592481258744419, 0.009599547201398606067, 0.01055950192153846771, 0.01151945664167832763, 0.01247941136181819101, 0.01343936608195804919, 0.01439932080209791083, 0.01535927552223777075 ),
 .UNSPECIFIED. ) ;
#497 = CARTESIAN_POINT ( 'NONE',  ( 120.6907348632812500, 7.122939217109495402, 12.09805393218993430 ) ) ;
#498 = CARTESIAN_POINT ( 'NONE',  ( -15.07201298087548835, 7.773736398491072563, -8.088403701782223010 ) ) ;
#499 = CARTESIAN_POINT ( 'NONE',  ( 53.21939872155013518, -0.1863440077724788091, -16.30694450691044040 ) ) ;
#500 = CARTESIAN_POINT ( 'NONE',  ( 117.1903124412910699, 6.318185394270495081, 4.474183485255708526 ) ) ;
#501 = CIRCLE ( 'NONE', #187, 3.500000000000023981 ) ;
#502 = CARTESIAN_POINT ( 'NONE',  ( -7.424632052409766203, 6.484924449875184571, -6.017555641829577695 ) ) ;
#503 = CARTESIAN_POINT ( 'NONE',  ( -106.2919740613860569, 9.398207696107121478, -5.234163007705699755 ) ) ;
#504 = CARTESIAN_POINT ( 'NONE',  ( -1.717393561483396835, 0.5675125308903664623, 6.754553284076792785 ) ) ;
#505 = CARTESIAN_POINT ( 'NONE',  ( 107.5587605083251930, 6.761812556723760359, 5.040767342004516927 ) ) ;
#506 = CARTESIAN_POINT ( 'NONE',  ( 119.6644048641964986, 2.563528502006521936, -12.18777418845293070 ) ) ;
#507 = CARTESIAN_POINT ( 'NONE',  ( 105.6889760478846085, 6.361757449157781075, 5.026480571735415737 ) ) ;
#508 = CARTESIAN_POINT ( 'NONE',  ( -6.588200818253669766, 4.843964151428709286, 7.374729338092544495 ) ) ;
#509 = CARTESIAN_POINT ( 'NONE',  ( 7.421620860240532025, 6.450666629985946976, 6.017555641829578583 ) ) ;
#510 = CARTESIAN_POINT ( 'NONE',  ( -1.956613443420281762, 4.020700314519244145, 6.251761327870811513 ) ) ;
#511 = EDGE_CURVE ( 'NONE', #1053, #2035, #4507, .T. ) ;
#512 = CARTESIAN_POINT ( 'NONE',  ( -0.6959131178008712837, 8.636903983743799529, -9.310121536254881036 ) ) ;
#513 = CARTESIAN_POINT ( 'NONE',  ( 59.76261182549492190, 2.337050252834717234, -13.14766659435731988 ) ) ;
#514 = CARTESIAN_POINT ( 'NONE',  ( -119.5897888893022980, 6.455590520687850109, -2.023500796040642591 ) ) ;
#515 = ORIENTED_EDGE ( 'NONE', *, *, #5348, .F. ) ;
#516 = CARTESIAN_POINT ( 'NONE',  ( -119.4114860393007689, 6.027422758978943307, 1.911351683690783343 ) ) ;
#517 = CARTESIAN_POINT ( 'NONE',  ( 119.6704508739186821, 6.106210179072410149, -0.3351465893313125832 ) ) ;
#518 = CARTESIAN_POINT ( 'NONE',  ( -95.13154727824024803, 7.547331025811993221, -5.628643011833529108 ) ) ;
#519 = CIRCLE ( 'NONE', #6366, 6.500000000000015987 ) ;
#520 = ORIENTED_EDGE ( 'NONE', *, *, #6558, .F. ) ;
#521 = EDGE_LOOP ( 'NONE', ( #5772, #2361, #3677, #3983 ) ) ;
#522 = CARTESIAN_POINT ( 'NONE',  ( -48.95741925880530943, -0.8559502494144349827, 17.37646835331323558 ) ) ;
#523 = CARTESIAN_POINT ( 'NONE',  ( -3.141175258179975671, 5.450329024259438881, -5.127861135500860534 ) ) ;
#524 = CARTESIAN_POINT ( 'NONE',  ( 84.55002979516055461, 7.199197232610511143, 6.182628385659937109 ) ) ;
#525 = CIRCLE ( 'NONE', #6506, 0.2499999999999998335 ) ;
#526 = CARTESIAN_POINT ( 'NONE',  ( -111.0717951073800549, 5.812175170036470107, 4.894512457806096783 ) ) ;
#527 = CARTESIAN_POINT ( 'NONE',  ( 7.669500250167952338, 6.549179468495556655, 6.139391614221303861 ) ) ;
#528 = CIRCLE ( 'NONE', #5941, 0.2500000000000003886 ) ;
#529 = CARTESIAN_POINT ( 'NONE',  ( -116.3409870235740442, 6.195054666607283878, 3.430256264894002260 ) ) ;
#530 = AXIS2_PLACEMENT_3D ( 'NONE', #6316, #1582, #6726 ) ;
#531 = CARTESIAN_POINT ( 'NONE',  ( 80.04923086264811616, 6.556539543041238538, 6.476445776164601931 ) ) ;
#532 = ADVANCED_FACE ( 'NONE', ( #3886, #3813 ), #4471, .F. ) ;
#533 = CARTESIAN_POINT ( 'NONE',  ( 7.731717575201664694, 6.684574582500720119, 6.145317669848921582 ) ) ;
#534 = ORIENTED_EDGE ( 'NONE', *, *, #1653, .F. ) ;
#535 = CARTESIAN_POINT ( 'NONE',  ( 6.180796655201652001, 8.249244353209213898, -1.142937965252849075 ) ) ;
#536 = CARTESIAN_POINT ( 'NONE',  ( -23.37545474828115388, 11.54628052366519064, -15.50873851776122514 ) ) ;
#537 = AXIS2_PLACEMENT_3D ( 'NONE', #3534, #6151, #869 ) ;
#538 = CARTESIAN_POINT ( 'NONE',  ( 69.57366371935709992, 1.603343953937689248, -13.66467500695334358 ) ) ;
#539 = EDGE_LOOP ( 'NONE', ( #1620, #4159, #3777, #702 ) ) ;
#540 = FACE_OUTER_BOUND ( 'NONE', #3642, .T. ) ;
#541 = DIRECTION ( 'NONE',  ( 0.000000000000000000, 0.000000000000000000, -1.000000000000000000 ) ) ;
#542 = CARTESIAN_POINT ( 'NONE',  ( -60.34203167322797157, 6.806875044907113370, -7.365970887262413669 ) ) ;
#543 = CARTESIAN_POINT ( 'NONE',  ( 1.644645411169595173, 4.209000018959810241, -5.770181753780637912 ) ) ;
#544 = DIRECTION ( 'NONE',  ( 0.000000000000000000, 0.000000000000000000, -1.000000000000000000 ) ) ;
#545 = CARTESIAN_POINT ( 'NONE',  ( -5.446968152799088969, 3.615093702506444906, 2.570385658190894151 ) ) ;
#546 = CARTESIAN_POINT ( 'NONE',  ( 10.55978749590018673, 6.764252074498092959, 6.355702710664225208 ) ) ;
#547 = CIRCLE ( 'NONE', #5630, 0.2499999999999998335 ) ;
#548 = CARTESIAN_POINT ( 'NONE',  ( 2.325346743423272411, 6.019573022629231218, 5.711018636903400392 ) ) ;
#549 = CARTESIAN_POINT ( 'NONE',  ( -10.74396717129101653, 4.706602968726054215, -2.762117147445676490 ) ) ;
#550 = CARTESIAN_POINT ( 'NONE',  ( 81.45560045063533039, 4.116113602136855398, -9.480304509554901671 ) ) ;
#551 = ORIENTED_EDGE ( 'NONE', *, *, #4337, .F. ) ;
#552 = CARTESIAN_POINT ( 'NONE',  ( -5.711570763835457143, 8.501254853722345572, -1.847154012207175677 ) ) ;
#553 = CARTESIAN_POINT ( 'NONE',  ( -17.64605337438215926, 8.026377055859798659, -7.591702063554452984 ) ) ;
#554 = CARTESIAN_POINT ( 'NONE',  ( 30.00478172302246449, 7.841399700818939777, 11.24919700622558416 ) ) ;
#555 = VERTEX_POINT ( 'NONE', #4961 ) ;
#556 = CARTESIAN_POINT ( 'NONE',  ( -47.60603800322178358, 0.7112351208102439815, 15.64317639143231808 ) ) ;
#557 = CARTESIAN_POINT ( 'NONE',  ( -2.613405079285321619, 6.032553554772166926, -5.860186653871878981 ) ) ;
#558 = CARTESIAN_POINT ( 'NONE',  ( 105.7030334661050972, 6.607405845749486417, 5.240136679103327033 ) ) ;
#559 = CARTESIAN_POINT ( 'NONE',  ( -35.68870264789953950, -1.831594731008957311, 18.45283598283231896 ) ) ;
#560 = EDGE_CURVE ( 'NONE', #5058, #4278, #3185, .T. ) ;
#561 = CARTESIAN_POINT ( 'NONE',  ( 25.62320736276787869, 8.015679708623714816, 8.983417569463465924 ) ) ;
#562 = EDGE_CURVE ( 'NONE', #5825, #5968, #1412, .T. ) ;
#563 = AXIS2_PLACEMENT_3D ( 'NONE', #2978, #1960, #4082 ) ;
#564 = CARTESIAN_POINT ( 'NONE',  ( -120.1508702526701882, 3.368419078104881503, 11.67901509581694697 ) ) ;
#565 = B_SPLINE_CURVE_WITH_KNOTS ( 'NONE', 3,
 ( #6686, #1954, #342, #5530, #2905, #4496, #794 ),
 .UNSPECIFIED., .F., .F.,
 ( 4, 3, 4 ),
 ( 1.226634733346699349E-18, 0.0006019161706854860103, 0.0008249696272816825927 ),
 .UNSPECIFIED. ) ;
#566 = CARTESIAN_POINT ( 'NONE',  ( 94.33231869861683094, 8.891687093817539633, 5.605886109548754881 ) ) ;
#567 = DIRECTION ( 'NONE',  ( 0.9998217778835584157, -0.01878466288027206069, 0.001883855152324262179 ) ) ;
#568 = ORIENTED_EDGE ( 'NONE', *, *, #153, .F. ) ;
#569 = CARTESIAN_POINT ( 'NONE',  ( 5.944380560949168668, 8.660853269338284477, 0.8817475924703724877 ) ) ;
#570 = CARTESIAN_POINT ( 'NONE',  ( -33.41303572636697083, -6.757790784843641596, 23.54769134521484730 ) ) ;
#571 = CARTESIAN_POINT ( 'NONE',  ( 40.70312357450303864, -1.198557440485507275, -17.58947302919964883 ) ) ;
#572 = ORIENTED_EDGE ( 'NONE', *, *, #153, .T. ) ;
#573 = DIRECTION ( 'NONE',  ( 1.000000000000000000, 0.000000000000000000, -1.224646799147353207E-16 ) ) ;
#574 = CARTESIAN_POINT ( 'NONE',  ( -1.934991698802543514, 4.923777029421393614, 6.596013931985288181 ) ) ;
#575 = CARTESIAN_POINT ( 'NONE',  ( 6.291364145943060038, 4.831743601865404081, -7.306610638186175954 ) ) ;
#576 = CARTESIAN_POINT ( 'NONE',  ( 1.588563870297160063, 3.869845375199541859, -5.786166388716398323 ) ) ;
#577 = CARTESIAN_POINT ( 'NONE',  ( 1.696975248216472831, 4.104254125089303429, -6.449229865200672762 ) ) ;
#578 = CARTESIAN_POINT ( 'NONE',  ( 115.4469347533444221, 2.273302340416018197, -12.14878488411175184 ) ) ;
#579 = FACE_OUTER_BOUND ( 'NONE', #5406, .T. ) ;
#580 = CARTESIAN_POINT ( 'NONE',  ( 119.5108151685427345, 6.160910006637887015, 2.270985540393088531 ) ) ;
#581 = CARTESIAN_POINT ( 'NONE',  ( 119.4127364558911779, 6.702653318872227928, 1.629126626463601735 ) ) ;
#582 = DIRECTION ( 'NONE',  ( -0.000000000000000000, -1.000000000000000000, -0.000000000000000000 ) ) ;
#583 = FACE_OUTER_BOUND ( 'NONE', #2559, .T. ) ;
#584 = CARTESIAN_POINT ( 'NONE',  ( -8.760365668663920857, 11.93363012193734285, -15.63732814788818004 ) ) ;
#585 = CARTESIAN_POINT ( 'NONE',  ( 102.2473207399370381, 5.008518641472076816, -6.363571147682309359 ) ) ;
#586 = CARTESIAN_POINT ( 'NONE',  ( -119.4091601129682516, 6.467029278749196308, -2.512641100639369629 ) ) ;
#587 = ORIENTED_EDGE ( 'NONE', *, *, #3529, .T. ) ;
#588 = CARTESIAN_POINT ( 'NONE',  ( 2.313773321458329590, 6.619748737400221295, 6.183445843096897931 ) ) ;
#589 = EDGE_CURVE ( 'NONE', #378, #149, #2506, .T. ) ;
#590 = CARTESIAN_POINT ( 'NONE',  ( 2.555373850527152602, 6.407496397227490981, 6.242708896750484904 ) ) ;
#591 = CARTESIAN_POINT ( 'NONE',  ( -27.51134782911671195, 8.749172878958882293, -9.242461832241296804 ) ) ;
#592 = CARTESIAN_POINT ( 'NONE',  ( 39.03581619262696023, 9.533009083448325427, 8.224532127380369317 ) ) ;
#593 = ORIENTED_EDGE ( 'NONE', *, *, #5198, .T. ) ;
#594 = CARTESIAN_POINT ( 'NONE',  ( -46.62021236369756849, 0.4821412781916905033, 15.91378709427450389 ) ) ;
#595 = CARTESIAN_POINT ( 'NONE',  ( -5.979509857386135607, 3.577365604993494319, 0.7379214356758435622 ) ) ;
#596 = CARTESIAN_POINT ( 'NONE',  ( 1.959089574259251121, 5.526600708053971189, -5.996547681570821631 ) ) ;
#597 = CARTESIAN_POINT ( 'NONE',  ( -23.85692435327925054, 0.3446156624406549462, 15.73498671015836159 ) ) ;
#598 = CARTESIAN_POINT ( 'NONE',  ( 57.17720307728580309, 7.536883755864327128, 7.780271252556494765 ) ) ;
#599 = CARTESIAN_POINT ( 'NONE',  ( -116.2808978225642988, 6.188711132197618703, 3.454883577492769309 ) ) ;
#600 = CARTESIAN_POINT ( 'NONE',  ( -3.386917221083904028, 6.509383524682204047, 4.966597428191722230 ) ) ;
#601 = CARTESIAN_POINT ( 'NONE',  ( 76.16378762013530945, 7.326875672585943633, 6.629280625224637014 ) ) ;
#602 = ORIENTED_EDGE ( 'NONE', *, *, #374, .F. ) ;
#603 = TOROIDAL_SURFACE ( 'NONE', #1709, 3.500000000000000000, 0.9999999999999574785 ) ;
#604 = CARTESIAN_POINT ( 'NONE',  ( 3.772173456007677395, 6.270570570550717981, -4.675610650313985595 ) ) ;
#605 = CARTESIAN_POINT ( 'NONE',  ( -118.9785577511765666, -1.802672565615857092, 21.02942657470704901 ) ) ;
#606 = CARTESIAN_POINT ( 'NONE',  ( 29.96026521687523925, -1.989243314290095599, -17.69139781000827583 ) ) ;
#607 = ORIENTED_EDGE ( 'NONE', *, *, #5526, .F. ) ;
#608 = CARTESIAN_POINT ( 'NONE',  ( 11.55672525290307817, 3.363557698022159759, -8.863227151166885420 ) ) ;
#609 = DIRECTION ( 'NONE',  ( -0.000000000000000000, -1.000000000000000000, -0.000000000000000000 ) ) ;
#610 = CARTESIAN_POINT ( 'NONE',  ( 14.13205193968409468, 3.444972586021404659, -10.36389352060585090 ) ) ;
#611 = CARTESIAN_POINT ( 'NONE',  ( 2.825482444697143602, 3.960156950680550292, -5.330736751753354596 ) ) ;
#612 = CARTESIAN_POINT ( 'NONE',  ( -0.2284932285547243702, 7.710977525888401019, -11.07396125793457031 ) ) ;
#613 = B_SPLINE_CURVE_WITH_KNOTS ( 'NONE', 3,
 ( #5155, #1450, #3567, #5667, #3043, #1650, #6419, #3174, #657, #1687, #3800, #3698, #4807, #1136, #3766, #508, #5836, #1175, #5906, #1028 ),
 .UNSPECIFIED., .F., .F.,
 ( 4, 2, 2, 2, 2, 2, 2, 2, 2, 4 ),
 ( 0.2223684044126628401, 0.2251431290224648607, 0.2279178536322669091, 0.2306925782420689297, 0.2334673028518709781, 0.2362420274616730265, 0.2376293897665740507, 0.2390167520714750471, 0.2417914766812770955, 0.2445662012910791439 ),
 .UNSPECIFIED. ) ;
#614 = CARTESIAN_POINT ( 'NONE',  ( 112.6063924360999948, 5.364800285129098789, -4.594332558076403394 ) ) ;
#615 = DIRECTION ( 'NONE',  ( 0.000000000000000000, 0.000000000000000000, 1.000000000000000000 ) ) ;
#616 = CC_DESIGN_APPROVAL ( #2934, ( #4244 ) ) ;
#617 = DIRECTION ( 'NONE',  ( 0.000000000000000000, 0.000000000000000000, -1.000000000000000000 ) ) ;
#618 = CARTESIAN_POINT ( 'NONE',  ( -22.04076750935275442, 0.5411307157848601612, 14.59544467883313601 ) ) ;
#619 = CARTESIAN_POINT ( 'NONE',  ( 5.615909270182752877, 3.928283608058235288, -7.048107194495898398 ) ) ;
#620 = CARTESIAN_POINT ( 'NONE',  ( 0.2312168887745427170, 7.709916741965788134, 11.07396125793456854 ) ) ;
#621 = CARTESIAN_POINT ( 'NONE',  ( -25.56734318541402118, 8.648258687386565668, -8.895947411011590589 ) ) ;
#622 = CARTESIAN_POINT ( 'NONE',  ( -119.6915122749442730, 6.669340920290006025, -1.181039277619289063 ) ) ;
#623 = ORIENTED_EDGE ( 'NONE', *, *, #2705, .T. ) ;
#624 = SPHERICAL_SURFACE ( 'NONE', #205, 0.2500000000000000000 ) ;
#625 = EDGE_CURVE ( 'NONE', #6396, #2035, #2299, .T. ) ;
#626 = CARTESIAN_POINT ( 'NONE',  ( -119.0954216496267435, 6.469426840625364328, -2.562136990252522839 ) ) ;
#627 = CARTESIAN_POINT ( 'NONE',  ( -15.06662864586724027, 7.905324850993283192, -7.064520052520811610 ) ) ;
#628 = CARTESIAN_POINT ( 'NONE',  ( 77.64583587646484375, 4.404720575986738496, 10.30659961700439098 ) ) ;
#629 = ORIENTED_EDGE ( 'NONE', *, *, #1367, .F. ) ;
#630 = CARTESIAN_POINT ( 'NONE',  ( -34.72484046937014313, -3.520222835851394727, 19.98734943154235566 ) ) ;
#631 = DIRECTION ( 'NONE',  ( 0.000000000000000000, -1.000000000000000000, -0.000000000000000000 ) ) ;
#632 = CARTESIAN_POINT ( 'NONE',  ( 116.8749227609650063, 6.284014352495271183, 4.580598064386785850 ) ) ;
#633 = CARTESIAN_POINT ( 'NONE',  ( 84.55385647828173035, 7.320246796604169326, 6.183218779552436040 ) ) ;
#634 = CARTESIAN_POINT ( 'NONE',  ( 52.88174583618874181, 7.871726920460092813, 8.147125134416652870 ) ) ;
#635 = CARTESIAN_POINT ( 'NONE',  ( 46.70457683227669321, 7.858955225428378100, 8.715616890910741432 ) ) ;
#636 = CARTESIAN_POINT ( 'NONE',  ( -119.6841598675527507, 3.115826787653312557, 12.18777418600996931 ) ) ;
#637 = CARTESIAN_POINT ( 'NONE',  ( -1.744940764036020830, 4.200672366725727080, 5.744731753733193891 ) ) ;
#638 = DIRECTION ( 'NONE',  ( -7.996734198290765326E-16, -1.000000000000000000, -8.969231130003377358E-17 ) ) ;
#639 = EDGE_LOOP ( 'NONE', ( #4534, #5685 ) ) ;
#640 = CARTESIAN_POINT ( 'NONE',  ( 3.923678257984758666, 6.473928322495986265, -5.015884543564427034 ) ) ;
#641 = CARTESIAN_POINT ( 'NONE',  ( -120.7730748879391172, 7.332050828008824794, -10.05705070495603159 ) ) ;
#642 = AXIS2_PLACEMENT_3D ( 'NONE', #5381, #1156, #5607 ) ;
#643 = CARTESIAN_POINT ( 'NONE',  ( 29.46401972924846646, -1.878552672285804581, -17.56463314238421347 ) ) ;
#644 = EDGE_CURVE ( 'NONE', #1053, #2701, #1322, .T. ) ;
#645 = EDGE_LOOP ( 'NONE', ( #812, #3019, #1108, #195, #2226 ) ) ;
#646 = CARTESIAN_POINT ( 'NONE',  ( 16.37742749392196018, 2.197157160060083658, -11.61886856167286020 ) ) ;
#647 = CARTESIAN_POINT ( 'NONE',  ( -119.5398791585978842, 7.055017053577069319, -2.184720568997231549 ) ) ;
#648 = CARTESIAN_POINT ( 'NONE',  ( 21.23283082894399598, 1.164946641934795801, -14.43278307657562110 ) ) ;
#649 = TOROIDAL_SURFACE ( 'NONE', #537, 4.500000000000000888, 0.5000000000000004441 ) ;
#650 = FACE_OUTER_BOUND ( 'NONE', #4795, .T. ) ;
#651 = CARTESIAN_POINT ( 'NONE',  ( -2.302597008421625624, 6.364175544247137495, -5.876466507571316278 ) ) ;
#652 = CARTESIAN_POINT ( 'NONE',  ( 108.4492981046849707, 4.753100778118425573, -5.141930138899436287 ) ) ;
#653 = CARTESIAN_POINT ( 'NONE',  ( -9.714451465470119729E-14, 5.622649730810398871, 0.000000000000000000 ) ) ;
#654 = EDGE_CURVE ( 'NONE', #5171, #6093, #88, .T. ) ;
#655 = ADVANCED_FACE ( 'NONE', ( #4049 ), #1929, .T. ) ;
#656 = CARTESIAN_POINT ( 'NONE',  ( 119.6525306702146878, 5.942114771905646187, -0.6581446233484238295 ) ) ;
#657 = CARTESIAN_POINT ( 'NONE',  ( -13.57061090673269987, 3.869783788228191135, 9.958963336361682295 ) ) ;
#658 = CARTESIAN_POINT ( 'NONE',  ( -118.0508584828982777, 6.763505669197158454, -4.005416742015010634 ) ) ;
#659 = CARTESIAN_POINT ( 'NONE',  ( -5.954101395512867434, 6.554609689748965629, -5.945149421691892755 ) ) ;
#660 = CARTESIAN_POINT ( 'NONE',  ( -44.45234187942619997, 8.685813888742719868, -8.818686940159290444 ) ) ;
#661 = CARTESIAN_POINT ( 'NONE',  ( -3.877101695783655266, 3.732935043503208483, 4.603079387894886132 ) ) ;
#662 = ORIENTED_EDGE ( 'NONE', *, *, #5758, .F. ) ;
#663 = CARTESIAN_POINT ( 'NONE',  ( 2.515406093557193579, 7.069823100506487101, 5.789568162378090577 ) ) ;
#664 = B_SPLINE_CURVE_WITH_KNOTS ( 'NONE', 3,
 ( #3217, #1515, #5252, #510, #2622, #2027, #4736 ),
 .UNSPECIFIED., .F., .F.,
 ( 4, 3, 4 ),
 ( 0.000000000000000000, 0.0002527954782259279822, 0.0005982693532876914334 ),
 .UNSPECIFIED. ) ;
#665 = CARTESIAN_POINT ( 'NONE',  ( 36.18064795708500725, -2.326312172703449477, -18.07888767771107652 ) ) ;
#666 = B_SPLINE_SURFACE_WITH_KNOTS ( 'NONE', 3, 1, ( 
 ( #854, #5181 ),
 ( #1919, #5626 ),
 ( #3486, #3101 ),
 ( #6141, #6207 ),
 ( #5659, #2969 ) ),
 .UNSPECIFIED., .F., .F., .F.,
 ( 4, 1, 4 ),
 ( 2, 2 ),
 ( 0.000000000000000000, 0.06189819702705601223, 0.1145972287719286831 ),
 ( 0.000000000000000000, 1.000000000000000000 ),
 .UNSPECIFIED. ) ;
#667 = CARTESIAN_POINT ( 'NONE',  ( -28.56330481907743035, 8.892204636661533712, -9.276826568765065062 ) ) ;
#668 = CARTESIAN_POINT ( 'NONE',  ( 63.05515670776366477, 8.187621386228453702, 6.927866458892818713 ) ) ;
#669 = ORIENTED_EDGE ( 'NONE', *, *, #3822, .F. ) ;
#670 = CARTESIAN_POINT ( 'NONE',  ( -36.51263639975218211, -3.430772052957493212, 19.91668396262230090 ) ) ;
#671 = CARTESIAN_POINT ( 'NONE',  ( -15.20332391009232254, 7.726930806189390211, -7.171617211182974572 ) ) ;
#672 = CARTESIAN_POINT ( 'NONE',  ( 119.4427688332295645, 5.795620541462222164, 0.2647956637026513960 ) ) ;
#673 = CARTESIAN_POINT ( 'NONE',  ( 38.08488105470230067, 8.713838124249157602, 9.456381584912152860 ) ) ;
#674 = CARTESIAN_POINT ( 'NONE',  ( 95.13323344954672223, 6.981530704722891834, 5.627783222603257585 ) ) ;
#675 = CARTESIAN_POINT ( 'NONE',  ( 69.80656735923827227, 7.210177217841099662, 6.765226824669081651 ) ) ;
#676 = CARTESIAN_POINT ( 'NONE',  ( -108.4728148339800526, 5.717472845951394156, 5.326795322914882114 ) ) ;
#677 = CARTESIAN_POINT ( 'NONE',  ( -4.732806908751292951, 7.310838663600043752, 3.701610260422210086 ) ) ;
#678 = DIRECTION ( 'NONE',  ( -0.03043723975840426782, 0.2547469262788686351, 0.9665286224356516298 ) ) ;
#679 = EDGE_CURVE ( 'NONE', #5911, #6257, #3554, .T. ) ;
#680 = CARTESIAN_POINT ( 'NONE',  ( 3.633652276475307641, 6.628514184269232778, -4.788111373206338506 ) ) ;
#681 = CARTESIAN_POINT ( 'NONE',  ( -120.9157629433912717, 6.895265357784072791, -7.501361846923807697 ) ) ;
#682 = CARTESIAN_POINT ( 'NONE',  ( 36.46355462837761507, -3.599165062534137149, -19.91668396266039309 ) ) ;
#683 = ORIENTED_EDGE ( 'NONE', *, *, #562, .F. ) ;
#684 = CARTESIAN_POINT ( 'NONE',  ( 21.03483472028469237, 0.6144606709736083472, -14.42754907097112849 ) ) ;
#685 = CARTESIAN_POINT ( 'NONE',  ( -119.1968897741447222, 7.326326944167180777, -2.388489599374434835 ) ) ;
#686 = DIRECTION ( 'NONE',  ( 0.08986152939381183979, -0.9959542687970192043, 0.000000000000000000 ) ) ;
#687 = CARTESIAN_POINT ( 'NONE',  ( 5.919712939514639949, 4.030087344322534904, 2.199709093360448620 ) ) ;
#688 = CARTESIAN_POINT ( 'NONE',  ( 1.685101901804746172, 4.431114752317055760, -6.681295894292137660 ) ) ;
#689 = CARTESIAN_POINT ( 'NONE',  ( 107.9303047213646494, 4.737753135035676522, -5.224953299293931153 ) ) ;
#690 = DIRECTION ( 'NONE',  ( 0.000000000000000000, 0.000000000000000000, 1.000000000000000000 ) ) ;
#691 = CARTESIAN_POINT ( 'NONE',  ( -9.756796325218401517E-14, 17.55465326023650974, 0.000000000000000000 ) ) ;
#692 = CARTESIAN_POINT ( 'NONE',  ( -2.036323986877437875, 4.367071286554240928, 6.749221439359851971 ) ) ;
#693 = CARTESIAN_POINT ( 'NONE',  ( -9.714451465470119729E-14, 6.488675134594886984, -3.500000000000023981 ) ) ;
#694 = CARTESIAN_POINT ( 'NONE',  ( -77.46634581788073604, 8.173758153245852753, -6.095333576202379255 ) ) ;
#695 = CARTESIAN_POINT ( 'NONE',  ( -63.43403465236161054, 8.219801250053796693, -7.228225005670425141 ) ) ;
#696 = CARTESIAN_POINT ( 'NONE',  ( -4.551852548666690979, 3.605586647060130101, 3.940909944066482318 ) ) ;
#697 = FACE_OUTER_BOUND ( 'NONE', #6117, .T. ) ;
#698 = EDGE_CURVE ( 'NONE', #361, #421, #313, .T. ) ;
#699 = CARTESIAN_POINT ( 'NONE',  ( -119.4014199954822573, 6.088540568751862558, 1.603218328622345368 ) ) ;
#700 = CARTESIAN_POINT ( 'NONE',  ( -9.088009066028860161, 7.582301961617353037, -6.219837844295421192 ) ) ;
#701 = CARTESIAN_POINT ( 'NONE',  ( 97.77136230468750000, 4.552742989240502247, -9.293939590454106892 ) ) ;
#702 = ORIENTED_EDGE ( 'NONE', *, *, #2080, .F. ) ;
#703 = CARTESIAN_POINT ( 'NONE',  ( -33.05936525526916370, -1.870005620000551483, 18.47653343633869127 ) ) ;
#704 = CARTESIAN_POINT ( 'NONE',  ( -38.13204822147503847, 8.763754919257259246, -9.451993064245122866 ) ) ;
#705 = CARTESIAN_POINT ( 'NONE',  ( 119.3243700640603890, 6.168727162909325656, 2.661438479475935370 ) ) ;
#706 = CARTESIAN_POINT ( 'NONE',  ( 34.89710671842268397, 8.678732828698018764, 9.593118835016669621 ) ) ;
#707 = B_SPLINE_CURVE_WITH_KNOTS ( 'NONE', 3,
 ( #3940, #240, #3362, #6047, #5460, #726, #1308, #2833, #4949, #4429, #6519, #5014, #273, #1855, #3974, #1340, #822, #3034, #1889, #3624, #4038, #1372, #5727, #989, #6648, #4626, #5212, #3559, #5593, #4005, #6174, #467, #1440, #2476, #6715, #1983 ),
 .UNSPECIFIED., .F., .F.,
 ( 4, 2, 2, 2, 2, 2, 2, 2, 2, 2, 2, 2, 2, 2, 2, 2, 2, 4 ),
 ( 1.278439417955856344E-17, 0.0009892252030388440278, 0.001978450406077675045, 0.002967675609116506279, 0.003462288210635921896, 0.003956900812155337947, 0.004946126015194167447, 0.005935351218232996946, 0.006924576421271826446, 0.007913801624310655078, 0.008903026827349485445, 0.009892252030388314077, 0.01088147723342714271, 0.01187070243646597308, 0.01285992763950480344, 0.01384915284254363034, 0.01483837804558246071, 0.01582760324862129281 ),
 .UNSPECIFIED. ) ;
#708 = CARTESIAN_POINT ( 'NONE',  ( -22.03691942286645400, 0.9464409600145442525, 14.87789409134778751 ) ) ;
#709 = CARTESIAN_POINT ( 'NONE',  ( 41.38744709299635360, 8.234554300618418310, 9.190212986497483527 ) ) ;
#710 = CARTESIAN_POINT ( 'NONE',  ( -112.3557179274030915, 5.870954156764718768, 4.648515609522633873 ) ) ;
#711 = CARTESIAN_POINT ( 'NONE',  ( -5.945259580058913862, 8.753075571927544374, -1.948394633415960753 ) ) ;
#712 = CARTESIAN_POINT ( 'NONE',  ( -113.1129183673273246, 7.124750594112485125, -4.730736886930568375 ) ) ;
#713 = DIRECTION ( 'NONE',  ( -0.03286348973661772782, 0.6598896577453354784, -0.7506434777196663299 ) ) ;
#714 = CARTESIAN_POINT ( 'NONE',  ( 33.01752317621755850, -2.022478446381921202, -18.47653343634090106 ) ) ;
#715 = EDGE_LOOP ( 'NONE', ( #2633, #1394 ) ) ;
#716 = AXIS2_PLACEMENT_3D ( 'NONE', #427, #5138, #6098 ) ;
#717 = CARTESIAN_POINT ( 'NONE',  ( 20.45360531687047612, 1.022476919960799480, -13.68917432044151283 ) ) ;
#718 = CARTESIAN_POINT ( 'NONE',  ( 5.251005869371656587, 7.032382078612871901, 6.157296472586589964 ) ) ;
#719 = CARTESIAN_POINT ( 'NONE',  ( -119.4156168004161316, 7.251086857967766974, -1.608726730847950703 ) ) ;
#720 = CARTESIAN_POINT ( 'NONE',  ( 15.81576257354298498, 3.157828227073641081, -11.17969664685845821 ) ) ;
#721 = CARTESIAN_POINT ( 'NONE',  ( 5.759917351504554972, 3.694177082375899257, -1.710359410267116909 ) ) ;
#722 = CARTESIAN_POINT ( 'NONE',  ( 22.65065956115721946, -5.845413653673235288, -23.29566383361816406 ) ) ;
#723 = CARTESIAN_POINT ( 'NONE',  ( 111.5752096726218952, 5.318309088833448328, -4.803030869611652598 ) ) ;
#724 = CARTESIAN_POINT ( 'NONE',  ( -3.798398621099648764, 4.035965085478081527, 6.743712911303189728 ) ) ;
#725 = CARTESIAN_POINT ( 'NONE',  ( -9.714451465470119729E-14, -1.000000000000018208, 0.000000000000000000 ) ) ;
#726 = CARTESIAN_POINT ( 'NONE',  ( 3.994638923158309485, 7.804216084587521252, 4.486434406873601510 ) ) ;
#727 = CARTESIAN_POINT ( 'NONE',  ( -2.302636263625141400, 6.364963780482407962, -5.877363146179058084 ) ) ;
#728 = CARTESIAN_POINT ( 'NONE',  ( -12.49878050887679848, 8.085996610776897242, -0.3769603073596933807 ) ) ;
#729 = CARTESIAN_POINT ( 'NONE',  ( -18.28142928311554627, 8.148330068297312323, -7.621744053017832421 ) ) ;
#730 = CARTESIAN_POINT ( 'NONE',  ( -2.945666645422506225, 3.736038007621631962, 5.629960636791849993 ) ) ;
#731 = CARTESIAN_POINT ( 'NONE',  ( -27.72733844710885620, 8.207637399633968656, -9.126489706599334895 ) ) ;
#732 = CARTESIAN_POINT ( 'NONE',  ( -119.4170330877339836, 6.436955923535284896, -1.517543997240891063 ) ) ;
#733 = CARTESIAN_POINT ( 'NONE',  ( -4.769882069799877833, 6.860137959007447606, -6.267345294644613318 ) ) ;
#735 = EDGE_CURVE ( 'NONE', #6287, #5791, #5615, .T. ) ;
#734 = CARTESIAN_POINT ( 'NONE',  ( 128.3660278320312500, 5.969365985570731503, -0.6716856360435558004 ) ) ;
#736 = EDGE_LOOP ( 'NONE', ( #5239, #4781, #2211 ) ) ;
#737 = CARTESIAN_POINT ( 'NONE',  ( -35.92363901131403736, -3.474791961933621387, 19.95418056902594017 ) ) ;
#738 = CARTESIAN_POINT ( 'NONE',  ( -59.20716542570269780, 8.070324881990522670, -7.620224148786072682 ) ) ;
#739 = CARTESIAN_POINT ( 'NONE',  ( 119.2980404786351301, 5.908956987448346965, 2.111969778423349098 ) ) ;
#740 = CARTESIAN_POINT ( 'NONE',  ( 25.43466117353766265, 8.516484487994839370, 8.875086025776630194 ) ) ;
#741 = CARTESIAN_POINT ( 'NONE',  ( 18.31367737126926087, 7.880786543020096957, 7.708627464651044647 ) ) ;
#742 = CARTESIAN_POINT ( 'NONE',  ( 105.6972996781766909, 6.392660239470928651, 5.238908898272491399 ) ) ;
#743 = CARTESIAN_POINT ( 'NONE',  ( -113.3810017062754127, 5.930112476401503407, 4.417589391172881186 ) ) ;
#744 = CARTESIAN_POINT ( 'NONE',  ( -6.001386860454053895, 8.532314814136395142, 0.1221660512298321094 ) ) ;
#745 = B_SPLINE_CURVE_WITH_KNOTS ( 'NONE', 3,
 ( #835, #6659, #5126, #5061, #3603, #2487, #318, #381, #6727, #968, #5192, #2424, #4537, #6628, #1901, #5, #585, #5223, #3113, #5254, #4223, #479, #6285, #3180, #2659, #550, #1000, #1550, #2694, #6794, #4666, #4187, #2173, #4738, #3669, #1618, #5770, #6351, #513, #5804, #4257, #4773, #2103, #4811, #3636, #2624, #5294, #6759, #3733, #6318, #1584, #1032, #2136, #3702, #74, #1655, #1066, #37, #5841, #1516, #1106, #2063, #3769, #3219, #3144, #5331, #4291, #6387, #5876, #1139 ),
 .UNSPECIFIED., .F., .F.,
 ( 4, 2, 2, 2, 2, 2, 2, 2, 2, 2, 2, 2, 2, 2, 2, 2, 2, 2, 2, 2, 2, 2, 2, 2, 2, 2, 2, 2, 2, 2, 2, 2, 2, 2, 4 ),
 ( 3.578547851998701015E-16, 0.003126692628705261823, 0.004690038943057714925, 0.006253385257410166292, 0.007816731571762616793, 0.009380077886115070762, 0.01250677051481997350, 0.01563346314352487623, 0.01876015577222978417, 0.02501354102963958964, 0.02814023365834447676, 0.03126692628704935695, 0.03752031154445912425, 0.04064700417316402525, 0.04377369680186893319, 0.04690038943057383419, 0.05002708205927874213, 0.05315377468798364313, 0.05628046731668855107, 0.06253385257409842246, 0.06566054520280335816, 0.06878723783150827997, 0.07191393046021320179, 0.07504062308891812361, 0.07816731571762305930, 0.08129400834632798112, 0.08442070097503290294, 0.08598404728938537078, 0.08754739360373783863, 0.09067408623244276045, 0.09223743254679522829, 0.09380077886114768226, 0.09536412517550015011, 0.09692747148985261796, 0.1000541641185575398 ),
 .UNSPECIFIED. ) ;
#746 = CARTESIAN_POINT ( 'NONE',  ( -30.02352802849374669, -1.855332674721789310, 17.69659543732246121 ) ) ;
#747 = CARTESIAN_POINT ( 'NONE',  ( -122.0114561530309629, 6.417214317634917897, -0.4458013474941051046 ) ) ;
#748 = CARTESIAN_POINT ( 'NONE',  ( 22.12103172074868240, -0.5391257950735922622, -16.41681550081841579 ) ) ;
#749 = VERTEX_POINT ( 'NONE', #3700 ) ;
#750 = AXIS2_PLACEMENT_3D ( 'NONE', #5247, #4729, #2514 ) ;
#751 = CARTESIAN_POINT ( 'NONE',  ( 2.013937471892803366, 4.178873382881924670, -6.749837205982285759 ) ) ;
#752 = CARTESIAN_POINT ( 'NONE',  ( 8.097627868710334909, 7.498554606065576777, 6.106309126624669403 ) ) ;
#753 = CARTESIAN_POINT ( 'NONE',  ( -119.6931697791937097, 7.000404527243975217, -0.1700315781207960564 ) ) ;
#754 = CARTESIAN_POINT ( 'NONE',  ( 18.92002466995015908, 2.062817763865115950, -13.03782115246487017 ) ) ;
#755 = CARTESIAN_POINT ( 'NONE',  ( 5.624718430081153464, 3.962706316044542820, 2.115536233388771947 ) ) ;
#756 = CARTESIAN_POINT ( 'NONE',  ( 22.73472976684570668, 7.373576702056817922, 8.056432723999023438 ) ) ;
#757 = CARTESIAN_POINT ( 'NONE',  ( 88.08323253095066718, 2.834757904917519333, -11.09345686715147394 ) ) ;
#758 = CARTESIAN_POINT ( 'NONE',  ( -20.51650734006710053, 1.104149018662778703, 13.70995421684677851 ) ) ;
#759 = TOROIDAL_SURFACE ( 'NONE', #864, 5.999999999999998224, 0.5000000000000004441 ) ;
#760 = CARTESIAN_POINT ( 'NONE',  ( -13.29201858481010490, 3.115536316215327783, 9.610813038538053021 ) ) ;
#761 = CARTESIAN_POINT ( 'NONE',  ( 13.48113514460487572, 3.010524669701135636, -9.710780400669507983 ) ) ;
#762 = CARTESIAN_POINT ( 'NONE',  ( -50.00273759989185862, 8.079068486832282403, 1.910133600234993567 ) ) ;
#763 = CARTESIAN_POINT ( 'NONE',  ( -2.330401698095720064, 6.030316190787385011, -5.711018636903399504 ) ) ;
#764 = CARTESIAN_POINT ( 'NONE',  ( -119.6615098392626493, 6.274028525225651798, 1.952177918470931361 ) ) ;
#765 = CARTESIAN_POINT ( 'NONE',  ( -8.175845761512057663, 6.769774496084986382, -6.186747087847557225 ) ) ;
#766 = ADVANCED_FACE ( 'NONE', ( #2657 ), #2134, .F. ) ;
#767 = CARTESIAN_POINT ( 'NONE',  ( -117.0899549730746969, 6.561359674572175393, -4.267125052868388835 ) ) ;
#768 = CARTESIAN_POINT ( 'NONE',  ( -1.231653667943533037E-13, 15.44337567297413649, 0.000000000000000000 ) ) ;
#769 = CARTESIAN_POINT ( 'NONE',  ( 13.47419548034668146, 7.179015276460351203, 7.491260051727294034 ) ) ;
#770 = ORIENTED_EDGE ( 'NONE', *, *, #6702, .F. ) ;
#771 = CARTESIAN_POINT ( 'NONE',  ( -35.68591381712312938, -1.831819316397257147, 18.45306105498723070 ) ) ;
#772 = CARTESIAN_POINT ( 'NONE',  ( -105.7042746988924762, 7.095229509336276053, -5.240136679103315487 ) ) ;
#773 = CARTESIAN_POINT ( 'NONE',  ( 119.6647993751112580, 5.883745818277143158, 1.517443421809212323 ) ) ;
#774 = CARTESIAN_POINT ( 'NONE',  ( 33.83979570149602978, 8.885027355439911290, 9.516063672423316078 ) ) ;
#775 = CARTESIAN_POINT ( 'NONE',  ( 15.81527815030547757, 2.941511210849860447, -11.28754805755313484 ) ) ;
#776 = CARTESIAN_POINT ( 'NONE',  ( -114.9449808399973421, 6.617101598721861322, -4.515817248378708904 ) ) ;
#777 = EDGE_LOOP ( 'NONE', ( #593, #2498, #985, #6185, #1692, #5229 ) ) ;
#778 = CARTESIAN_POINT ( 'NONE',  ( -112.2794674828423638, 3.119338295200111855, 11.11175156107779038 ) ) ;
#779 = CARTESIAN_POINT ( 'NONE',  ( -6.002987646282751832, 8.272682349656095724, 0.06817362325446717219 ) ) ;
#780 = EDGE_CURVE ( 'NONE', #6569, #1770, #4461, .T. ) ;
#781 = CARTESIAN_POINT ( 'NONE',  ( 6.185631969137793007, 3.825936285281950067, 1.195716769788006895 ) ) ;
#782 = ORIENTED_EDGE ( 'NONE', *, *, #3018, .T. ) ;
#783 = CARTESIAN_POINT ( 'NONE',  ( -3.500355438629505045, 4.909339147456353025, 6.820227149515869947 ) ) ;
#784 = CARTESIAN_POINT ( 'NONE',  ( 17.76556021437010102, 8.027431200628482699, 7.527426706230352593 ) ) ;
#785 =( LENGTH_UNIT ( ) NAMED_UNIT ( * ) SI_UNIT ( .MILLI., .METRE. ) );
#786 = CARTESIAN_POINT ( 'NONE',  ( 6.115012184872799850, 3.492378069291251830, -1.430924116544170177 ) ) ;
#787 = CARTESIAN_POINT ( 'NONE',  ( 34.65046691894531250, 6.117987902341764261, 1.013434767723081720 ) ) ;
#788 = CARTESIAN_POINT ( 'NONE',  ( 84.94118808654708630, 2.709489352587885147, -11.45682125892231262 ) ) ;
#789 = CARTESIAN_POINT ( 'NONE',  ( -9.714451465470119729E-14, -42.18829223128360439, 0.000000000000000000 ) ) ;
#790 = CARTESIAN_POINT ( 'NONE',  ( -2.027490549040757539, 4.188199002896486611, 6.749837205984993815 ) ) ;
#791 = TOROIDAL_SURFACE ( 'NONE', #964, 1.500000000000000000, 1.000000000000014877 ) ;
#792 = CARTESIAN_POINT ( 'NONE',  ( 119.6478200237798433, 6.038069699789217815, -1.704322572519265444 ) ) ;
#793 = CARTESIAN_POINT ( 'NONE',  ( -117.6707548551415385, 5.835860783863567214, -6.447814464569071369 ) ) ;
#794 = CARTESIAN_POINT ( 'NONE',  ( 1.952796054122662106, 5.417591386400208542, -6.106718297155747877 ) ) ;
#795 = CARTESIAN_POINT ( 'NONE',  ( -4.847096172522964430, 3.581712778970302491, 3.562255726758655427 ) ) ;
#796 = CARTESIAN_POINT ( 'NONE',  ( -8.191227477309229954, 6.640089944585605863, -6.187383055092152695 ) ) ;
#797 = LINE ( 'NONE', #6590, #3171 ) ;
#798 = CARTESIAN_POINT ( 'NONE',  ( 1.685101901804746172, 4.431114752317055760, -6.681295894292137660 ) ) ;
#799 = CARTESIAN_POINT ( 'NONE',  ( 21.76920318603515980, 9.207356722532205495, 7.415659427642821377 ) ) ;
#800 = ORIENTED_EDGE ( 'NONE', *, *, #1229, .F. ) ;
#801 = DIRECTION ( 'NONE',  ( -1.000000000000000000, 0.000000000000000000, 0.000000000000000000 ) ) ;
#802 = CARTESIAN_POINT ( 'NONE',  ( -119.6922249548176751, 6.926863702621751884, -1.135844593198676922 ) ) ;
#803 = EDGE_CURVE ( 'NONE', #5133, #264, #865, .T. ) ;
#804 = CARTESIAN_POINT ( 'NONE',  ( 119.3993013123236153, 5.685800232399601306, -0.6720666851476055914 ) ) ;
#805 = CARTESIAN_POINT ( 'NONE',  ( 37.01829010870523717, 8.826481236565625110, 9.422145292214983314 ) ) ;
#806 = CARTESIAN_POINT ( 'NONE',  ( 5.369683807056751412, 8.640915423063656675, 3.246720509077839267 ) ) ;
#807 = CARTESIAN_POINT ( 'NONE',  ( -105.7074524455155995, 7.300978356197698638, -5.134133779987664070 ) ) ;
#808 = ORIENTED_EDGE ( 'NONE', *, *, #917, .T. ) ;
#809 = CARTESIAN_POINT ( 'NONE',  ( -113.1260367494398764, 5.914078479259498700, 4.478851935782041771 ) ) ;
#810 = CARTESIAN_POINT ( 'NONE',  ( -5.826804795568133244, 8.755014466753195279, -2.279852546122412171 ) ) ;
#811 = CARTESIAN_POINT ( 'NONE',  ( 2.284200762946548835, 6.155767101489985293, 5.567600830003865298 ) ) ;
#812 = ORIENTED_EDGE ( 'NONE', *, *, #1127, .F. ) ;
#813 = CARTESIAN_POINT ( 'NONE',  ( 3.413001327455712275, 4.037852817412105999, -6.708246751288814202 ) ) ;
#814 = CARTESIAN_POINT ( 'NONE',  ( -3.887191569241773781, 5.484298376888319559, -5.080542217691198736 ) ) ;
#815 = CC_DESIGN_DATE_AND_TIME_ASSIGNMENT ( #5079, #4068, ( #4244 ) ) ;
#816 = CARTESIAN_POINT ( 'NONE',  ( -118.1802476319981849, 7.277995794615355507, -3.656896910929410716 ) ) ;
#817 = PERSON_AND_ORGANIZATION_ROLE ( 'classification_officer' ) ;
#818 = CARTESIAN_POINT ( 'NONE',  ( 6.289378471709868634, 3.697139199275455645, 0.2176909518836578628 ) ) ;
#819 = CARTESIAN_POINT ( 'NONE',  ( 16.13355636596680398, 10.75504902142137098, 13.77723312377929510 ) ) ;
#820 = CARTESIAN_POINT ( 'NONE',  ( 96.01896120100754217, 4.275073847766360124, -7.252188764817695699 ) ) ;
#821 = CARTESIAN_POINT ( 'NONE',  ( 6.627911802382789652, 6.398065989268381770, 5.999231418146405481 ) ) ;
#822 = CARTESIAN_POINT ( 'NONE',  ( 5.942261558411364497, 8.403304335356855503, 0.8922084527094530371 ) ) ;
#823 = LINE ( 'NONE', #2445, #6599 ) ;
#824 = CARTESIAN_POINT ( 'NONE',  ( -127.9263007737382623, 6.773873867212869548, -3.036043167114236052 ) ) ;
#825 = CARTESIAN_POINT ( 'NONE',  ( -119.4492124667309554, 7.182751946376962238, -1.148068169691668361 ) ) ;
#826 = CARTESIAN_POINT ( 'NONE',  ( -13.15864005636985468, 7.018290701514811047, -6.713953388863949989 ) ) ;
#827 = CIRCLE ( 'NONE', #5466, 0.2500000000000002776 ) ;
#828 = CARTESIAN_POINT ( 'NONE',  ( -1.914427929755961655, 3.924796659057657067, 5.974458620726243119 ) ) ;
#829 = CARTESIAN_POINT ( 'NONE',  ( -5.775439785713072816, 7.138678227304982471, -6.153568242147005485 ) ) ;
#830 = CARTESIAN_POINT ( 'NONE',  ( 11.79464530944824396, 6.977588580428069065, -4.177759170532227451 ) ) ;
#831 = ORIENTED_EDGE ( 'NONE', *, *, #4970, .F. ) ;
#832 = CARTESIAN_POINT ( 'NONE',  ( 2.568158131930643240, 6.287192910422105818, 6.166481769391779721 ) ) ;
#833 = CARTESIAN_POINT ( 'NONE',  ( -2.283960974921332099, 6.784067440309325292, -5.548925518989459960 ) ) ;
#834 = EDGE_CURVE ( 'NONE', #5791, #6287, #5945, .T. ) ;
#835 = CARTESIAN_POINT ( 'NONE',  ( 119.4154075572105285, 5.963230549560477378, -2.023398177637661277 ) ) ;
#836 = CARTESIAN_POINT ( 'NONE',  ( 19.72916899508362221, 7.969627212972271835, 7.964579228709040670 ) ) ;
#837 = B_SPLINE_CURVE_WITH_KNOTS ( 'NONE', 3,
 ( #6091, #1353, #3471, #385, #1422, #5572, #838, #1456, #2949, #5064, #4540, #322, #906, #1904, #5129, #6631, #3503, #4019, #6124, #1386 ),
 .UNSPECIFIED., .F., .F.,
 ( 4, 2, 2, 2, 2, 2, 2, 2, 2, 4 ),
 ( 7.146407130157897229E-05, 0.002915233644530283892, 0.005759003217758989178, 0.007180888004373345290, 0.008602772790987704005, 0.01144654236421642143, 0.01429031193744513366, 0.01713408151067384588, 0.01997785108390255984, 0.02282162065713127380 ),
 .UNSPECIFIED. ) ;
#838 = CARTESIAN_POINT ( 'NONE',  ( -8.289389173593267657, 4.510168486836372281, 7.943895488836465901 ) ) ;
#839 = CARTESIAN_POINT ( 'NONE',  ( -105.7086946960428691, 7.225723292659849584, -5.240828553885761742 ) ) ;
#840 = ORIENTED_EDGE ( 'NONE', *, *, #4323, .T. ) ;
#841 = CARTESIAN_POINT ( 'NONE',  ( -92.91942574664862775, 4.564050921019100926, 7.744650259443341511 ) ) ;
#842 = CIRCLE ( 'NONE', #3935, 6.499999999999999112 ) ;
#843 = CARTESIAN_POINT ( 'NONE',  ( -3.950236985376928800, 7.796368167338346034, -4.523149727801490272 ) ) ;
#844 = B_SPLINE_CURVE_WITH_KNOTS ( 'NONE', 3,
 ( #2039, #1150, #1667, #1043 ),
 .UNSPECIFIED., .F., .F.,
 ( 4, 4 ),
 ( 1.657659673902390310E-17, 0.0004491231321178183701 ),
 .UNSPECIFIED. ) ;
#845 = CARTESIAN_POINT ( 'NONE',  ( 5.211350710337383951, 3.305216003964362770, -3.480511755890649095 ) ) ;
#846 = CARTESIAN_POINT ( 'NONE',  ( -105.6954847259482762, 7.096851883633027214, -4.990296521648032169 ) ) ;
#847 = ORIENTED_EDGE ( 'NONE', *, *, #2191, .F. ) ;
#848 = CARTESIAN_POINT ( 'NONE',  ( 6.140168216538800294, 4.149524535693103644, -7.362487844809502135 ) ) ;
#849 = CARTESIAN_POINT ( 'NONE',  ( -2.851080924656029580, 5.951407298917048116, -5.745031672844385540 ) ) ;
#850 = CARTESIAN_POINT ( 'NONE',  ( 4.401683431956795900, 5.155935611333009483, 4.618245582420231976 ) ) ;
#851 = CARTESIAN_POINT ( 'NONE',  ( 12.55237007141113814, 9.702967674909533713, 11.56338596343994141 ) ) ;
#852 = CARTESIAN_POINT ( 'NONE',  ( 100.8936909139319908, 3.049713531601364824, -10.28281165957022836 ) ) ;
#853 = CARTESIAN_POINT ( 'NONE',  ( 16.24401020585324318, 7.416776883035108625, 7.343782940308691387 ) ) ;
#854 = CARTESIAN_POINT ( 'NONE',  ( 1.682334203787881233, 4.824517686063481747, -6.725997862639951919 ) ) ;
#855 = CARTESIAN_POINT ( 'NONE',  ( 119.4555960303480617, 6.601311764222951517, 0.9687986814567985938 ) ) ;
#856 = CARTESIAN_POINT ( 'NONE',  ( -37.17250484840461411, -8.570317055345514135, 22.49291419982910512 ) ) ;
#857 = CARTESIAN_POINT ( 'NONE',  ( -119.4194756264678858, 6.514343511161850842, 2.023398177637674156 ) ) ;
#858 = CIRCLE ( 'NONE', #6479, 6.915440399266786109 ) ;
#859 = CARTESIAN_POINT ( 'NONE',  ( -41.36082334068689192, 8.197376950646212634, -9.039862905718548447 ) ) ;
#860 = EDGE_CURVE ( 'NONE', #44, #1662, #5366, .T. ) ;
#861 = EDGE_CURVE ( 'NONE', #2569, #296, #5121, .T. ) ;
#862 = CARTESIAN_POINT ( 'NONE',  ( 71.15374786598815149, 2.868340202924144933, -11.13013062545770104 ) ) ;
#863 = CARTESIAN_POINT ( 'NONE',  ( -4.813249474756820412, 6.792401630680036995, -6.329874221700593218 ) ) ;
#864 = AXIS2_PLACEMENT_3D ( 'NONE', #2176, #3222, #5912 ) ;
#865 = CIRCLE ( 'NONE', #2071, 5.500000000000000000 ) ;
#866 =( BOUNDED_SURFACE ( )  B_SPLINE_SURFACE ( 3, 2, ( 
 ( #3181, #449, #1656 ),
 ( #3770, #5805, #38 ),
 ( #5877, #1619, #4153 ),
 ( #6250, #1107, #2553 ),
 ( #5295, #1517, #4667 ),
 ( #2660, #3637, #2104 ),
 ( #4188, #1585, #4774 ),
 ( #2137, #3220, #5332 ),
 ( #3114, #586, #2695 ),
 ( #6286, #480, #5771 ),
 ( #6319, #1033, #3145 ),
 ( #5255, #514, #4326 ),
 ( #4986, #4953, #6524 ),
 ( #6455, #4918, #6490 ),
 ( #6422, #1727, #2767 ),
 ( #3841, #1797, #622 ),
 ( #1217, #211, #4465 ),
 ( #1251, #6016, #3292 ),
 ( #110, #1140, #3911 ),
 ( #3366, #1762, #2279 ),
 ( #1282, #5464, #2837 ),
 ( #2317, #3398, #4433 ),
 ( #2210, #1179, #5497 ),
 ( #245, #2872, #764 ) ),
 .UNSPECIFIED., .F., .F., .F. ) 
 B_SPLINE_SURFACE_WITH_KNOTS ( ( 4, 2, 2, 2, 2, 2, 2, 2, 2, 2, 2, 4 ),
 ( 3, 3 ),
 ( 0.1121355139585706734, 0.1130794089598556873, 0.1140233039611406873, 0.1149671989624257012, 0.1154391464630682151, 0.1156751202133894652, 0.1159110939637107152, 0.1163830414643532152, 0.1168549889649957291, 0.1177988839662807430, 0.1187427789675657430, 0.1196866739688507569 ),
 ( 0.000000000000000000, 1.000000000000000000 ),
 .UNSPECIFIED. ) 
 GEOMETRIC_REPRESENTATION_ITEM ( )  RATIONAL_B_SPLINE_SURFACE ( (
 ( 1.000000000000000000, 0.7397351428078787761, 1.000000000000000000),
 ( 1.000000000000000000, 0.7366624650602818791, 1.000000000000000000),
 ( 1.000000000000000000, 0.7327128281097223805, 1.000000000000000000),
 ( 1.000000000000000000, 0.7233445510102888276, 1.000000000000000000),
 ( 1.000000000000000000, 0.7172079881471632445, 1.000000000000000000),
 ( 1.000000000000000000, 0.7091864344969217582, 1.000000000000000000),
 ( 1.000000000000000000, 0.7070406720805135770, 1.000000000000000000),
 ( 1.000000000000000000, 0.7064597965074976837, 1.000000000000000000),
 ( 1.000000000000000000, 0.7067978198685985758, 1.000000000000000000),
 ( 1.000000000000000000, 0.7070364323051017141, 1.000000000000000000),
 ( 1.000000000000000000, 0.7070168869284727542, 1.000000000000000000),
 ( 1.000000000000000000, 0.7067105610556474460, 1.000000000000000000),
 ( 1.000000000000000000, 0.7063786295700990037, 1.000000000000000000),
 ( 1.000000000000000000, 0.7056365035023950405, 1.000000000000000000),
 ( 1.000000000000000000, 0.7054988234723048590, 1.000000000000000000),
 ( 1.000000000000000000, 0.7052555921845481413, 1.000000000000000000),
 ( 1.000000000000000000, 0.7050218941943093842, 1.000000000000000000),
 ( 1.000000000000000000, 0.7041379012076104393, 1.000000000000000000),
 ( 1.000000000000000000, 0.7032874487644084072, 1.000000000000000000),
 ( 1.000000000000000000, 0.7025403894738001531, 1.000000000000000000),
 ( 1.000000000000000000, 0.7027002283826777607, 1.000000000000000000),
 ( 1.000000000000000000, 0.7053083867238454374, 1.000000000000000000),
 ( 1.000000000000000000, 0.7064642502438407412, 1.000000000000000000),
 ( 1.000000000000000000, 0.7071263368314331110, 1.000000000000000000) ) ) 
 REPRESENTATION_ITEM ( '' )  SURFACE ( )  );
#867 = CARTESIAN_POINT ( 'NONE',  ( 62.14291381835936789, -4.940456836046323019, -19.17499160766601918 ) ) ;
#868 = ORIENTED_EDGE ( 'NONE', *, *, #258, .F. ) ;
#869 = DIRECTION ( 'NONE',  ( 0.000000000000000000, 0.000000000000000000, -1.000000000000000000 ) ) ;
#870 = CARTESIAN_POINT ( 'NONE',  ( 3.083791204880950598, 5.981461790379660748, -5.598665990124963798 ) ) ;
#871 = CARTESIAN_POINT ( 'NONE',  ( 117.9086181424743387, 5.970028739865646195, 3.810107055219806860 ) ) ;
#872 = CARTESIAN_POINT ( 'NONE',  ( 8.304095349393838532, 7.433768557933777110, 6.205896832216903469 ) ) ;
#873 = CARTESIAN_POINT ( 'NONE',  ( -2.287021989321961879, 6.277330409741210815, -5.548628326630664631 ) ) ;
#874 = CONICAL_SURFACE ( 'NONE', #1089, 2.000000000000024869, 1.047197551196602294 ) ;
#875 = DIRECTION ( 'NONE',  ( -0.000000000000000000, -1.000000000000000000, -0.000000000000000000 ) ) ;
#876 = FACE_OUTER_BOUND ( 'NONE', #486, .T. ) ;
#877 = ORIENTED_EDGE ( 'NONE', *, *, #5699, .F. ) ;
#878 = CARTESIAN_POINT ( 'NONE',  ( -75.27102760001226045, 3.582998739641686914, 10.33651997952253865 ) ) ;
#879 = CARTESIAN_POINT ( 'NONE',  ( 5.767212324428299119, 3.697749604718989946, -1.685001934945954183 ) ) ;
#880 = CARTESIAN_POINT ( 'NONE',  ( 2.535993521747614832, 6.636571297630074362, 6.191818223223069850 ) ) ;
#881 = DIRECTION ( 'NONE',  ( -0.003071478646208932600, -0.6655371845622212179, -0.7463583736945126335 ) ) ;
#882 = CIRCLE ( 'NONE', #1221, 0.2499999999999995282 ) ;
#883 = ORIENTED_EDGE ( 'NONE', *, *, #5316, .F. ) ;
#884 = CARTESIAN_POINT ( 'NONE',  ( -2.562341581051644557, 4.875629269219801998, 6.720079637763699765 ) ) ;
#885 = DIRECTION ( 'NONE',  ( -0.4423239668213529430, 4.336808689942011820E-16, -0.8968553441750919397 ) ) ;
#886 = EDGE_CURVE ( 'NONE', #3610, #2526, #4787, .T. ) ;
#887 = CARTESIAN_POINT ( 'NONE',  ( -2.301450053958296049, 6.923522618863687583, -5.922235047931652119 ) ) ;
#888 = PERSON_AND_ORGANIZATION_ROLE ( 'creator' ) ;
#889 = CARTESIAN_POINT ( 'NONE',  ( 71.86519622802734375, 4.425154478727224117, -8.386945724487308240 ) ) ;
#890 = CARTESIAN_POINT ( 'NONE',  ( 84.57940461771076457, 4.258484945087897877, -9.058206915959763350 ) ) ;
#891 = CARTESIAN_POINT ( 'NONE',  ( 28.75871010534239147, 8.200911637571262958, 9.377046460352092438 ) ) ;
#892 = CARTESIAN_POINT ( 'NONE',  ( 1.754581733771437779, 4.642116470790712768, -6.731572192124452236 ) ) ;
#893 = CARTESIAN_POINT ( 'NONE',  ( 119.6500124616229073, 6.022796163311622486, -0.7260922270007356127 ) ) ;
#894 = CARTESIAN_POINT ( 'NONE',  ( 1.686145676097186907, 4.411030325664137663, -6.728963085266130406 ) ) ;
#895 = CARTESIAN_POINT ( 'NONE',  ( -119.4560707750695059, 7.155930447699276442, -0.9883101530313924687 ) ) ;
#896 = CARTESIAN_POINT ( 'NONE',  ( -88.82844522523058117, 7.236976155302977887, -5.934404597815666982 ) ) ;
#897 = CARTESIAN_POINT ( 'NONE',  ( 99.12419814458084488, 4.422517614832790933, -6.712428956169895322 ) ) ;
#898 = CARTESIAN_POINT ( 'NONE',  ( 116.8100212925081394, 6.504763850191143781, 4.462925595622176722 ) ) ;
#899 = CARTESIAN_POINT ( 'NONE',  ( 61.71506881713866477, 2.745881588636292836, -14.61188983917236683 ) ) ;
#900 = ORIENTED_EDGE ( 'NONE', *, *, #475, .T. ) ;
#901 = DIRECTION ( 'NONE',  ( -1.000000000000000000, 0.000000000000000000, 1.224646799147353207E-16 ) ) ;
#902 = CARTESIAN_POINT ( 'NONE',  ( -119.6995665070194974, 6.785948476700166765, -0.3169418955811323935 ) ) ;
#903 = CARTESIAN_POINT ( 'NONE',  ( 118.1591041047664277, 5.955064568933625679, 3.619773771872385471 ) ) ;
#904 = CARTESIAN_POINT ( 'NONE',  ( 17.65974608188556161, 8.019953229568743680, 7.508485068750712976 ) ) ;
#905 = CARTESIAN_POINT ( 'NONE',  ( -86.67546630454653211, 4.295078992478621238, 8.574653275732089242 ) ) ;
#906 = CARTESIAN_POINT ( 'NONE',  ( -14.25891756041007952, 3.480348155474444205, 10.42190418880625913 ) ) ;
#907 = CARTESIAN_POINT ( 'NONE',  ( -57.05927309570908079, 8.073948891824059615, -7.791373819165125170 ) ) ;
#908 = ORIENTED_EDGE ( 'NONE', *, *, #1159, .T. ) ;
#909 = VERTEX_POINT ( 'NONE', #5838 ) ;
#910 = CARTESIAN_POINT ( 'NONE',  ( -81.91111388220974732, 2.882374519185773032, 11.95241210912632823 ) ) ;
#911 = CARTESIAN_POINT ( 'NONE',  ( 5.205652334476806864, 3.563286600739048016, -2.987643510831204274 ) ) ;
#912 = CARTESIAN_POINT ( 'NONE',  ( 5.118335923014241118, 3.306786813365085287, -3.618231982149009429 ) ) ;
#913 = CARTESIAN_POINT ( 'NONE',  ( -4.240255113819443089, 8.103939980887146177, -4.699589444892333212 ) ) ;
#914 = ORIENTED_EDGE ( 'NONE', *, *, #6678, .F. ) ;
#915 = CARTESIAN_POINT ( 'NONE',  ( -10.81701142953292027, 4.322156855066699777, 8.824586783285981895 ) ) ;
#916 = CARTESIAN_POINT ( 'NONE',  ( 3.313221859747085052, 6.352391767610118478, 6.183029874815050952 ) ) ;
#917 = EDGE_CURVE ( 'NONE', #5567, #3925, #3854, .T. ) ;
#918 = CARTESIAN_POINT ( 'NONE',  ( -2.294477011384995713, 6.769675391009547738, -5.761252895578014233 ) ) ;
#919 = CARTESIAN_POINT ( 'NONE',  ( 123.3167800903320313, 2.885795147596188936, -9.362627029418952418 ) ) ;
#920 = CARTESIAN_POINT ( 'NONE',  ( 59.76153415879649344, 1.926410803024312113, -12.86763433826271275 ) ) ;
#921 = CARTESIAN_POINT ( 'NONE',  ( 10.03130853024940272, 6.716908333961741917, 6.289139292448069796 ) ) ;
#922 = CARTESIAN_POINT ( 'NONE',  ( -1.858513142762707515, 4.165679535646389375, 6.642680180737841944 ) ) ;
#923 = CARTESIAN_POINT ( 'NONE',  ( 119.3132773937018243, 6.752621805717099690, 2.086476042495041483 ) ) ;
#924 = CARTESIAN_POINT ( 'NONE',  ( -76.13976725733857620, 7.439529290825431573, -6.441178604058590551 ) ) ;
#925 = CARTESIAN_POINT ( 'NONE',  ( -4.308325580248866693, 6.816379292313791360, -6.247851620781923465 ) ) ;
#926 = CARTESIAN_POINT ( 'NONE',  ( -38.20367960140682584, 8.305018283111952115, -9.300751529176455534 ) ) ;
#927 = CARTESIAN_POINT ( 'NONE',  ( -39.18464816963042097, 5.712574297127953393, -12.36839771270751065 ) ) ;
#928 = CARTESIAN_POINT ( 'NONE',  ( -5.782945812861446377, 3.724401665645575399, 1.685001934945954627 ) ) ;
#929 = CARTESIAN_POINT ( 'NONE',  ( -105.7042746988924762, 7.095229509336276053, -5.240136679103315487 ) ) ;
#930 = CARTESIAN_POINT ( 'NONE',  ( 118.2723464965820313, -13.87303778392235820, -17.89937019348145952 ) ) ;
#931 = EDGE_LOOP ( 'NONE', ( #5333, #4083, #877, #81 ) ) ;
#932 = CARTESIAN_POINT ( 'NONE',  ( 63.47905115730171843, 7.335042075805050743, 7.136290019215153713 ) ) ;
#933 = CARTESIAN_POINT ( 'NONE',  ( -119.5665688481697231, 7.050067262442338389, -2.115335827795171486 ) ) ;
#934 = FACE_OUTER_BOUND ( 'NONE', #1067, .T. ) ;
#935 = AXIS2_PLACEMENT_3D ( 'NONE', #5558, #2829, #690 ) ;
#936 = CARTESIAN_POINT ( 'NONE',  ( 5.321534335043832442, 6.865061319607026036, 6.218231683188465198 ) ) ;
#937 = CARTESIAN_POINT ( 'NONE',  ( 1.764726334829113341, 4.218223065136577965, -6.701905978791026008 ) ) ;
#938 = CARTESIAN_POINT ( 'NONE',  ( 5.540124129704365075, 8.686252060418803822, 2.935409327715841954 ) ) ;
#939 = CARTESIAN_POINT ( 'NONE',  ( -40.19463074152077553, 8.817295987568272153, -9.298097616421120648 ) ) ;
#940 = EDGE_CURVE ( 'NONE', #149, #749, #6487, .T. ) ;
#941 = VERTEX_POINT ( 'NONE', #1104 ) ;
#942 = ORIENTED_EDGE ( 'NONE', *, *, #735, .T. ) ;
#943 = CARTESIAN_POINT ( 'NONE',  ( -77.33569325286892138, 4.198812683923005551, 10.18143975913217503 ) ) ;
#944 = CARTESIAN_POINT ( 'NONE',  ( -4.172065753853312131, 7.936596744556269734, -4.319716578640622195 ) ) ;
#945 = CARTESIAN_POINT ( 'NONE',  ( -22.05852681572627461, 0.7628337122481815280, 14.70960416550116001 ) ) ;
#946 = EDGE_CURVE ( 'NONE', #3182, #3786, #664, .T. ) ;
#947 = AXIS2_PLACEMENT_3D ( 'NONE', #3071, #4726, #5245 ) ;
#948 = CARTESIAN_POINT ( 'NONE',  ( 9.731334348166072346, 4.499913805999153915, -8.328850470003120066 ) ) ;
#949 = ORIENTED_EDGE ( 'NONE', *, *, #5053, .T. ) ;
#950 = CARTESIAN_POINT ( 'NONE',  ( -20.38708760722007085, 1.384670602905872405, 14.01953610017844554 ) ) ;
#951 = CARTESIAN_POINT ( 'NONE',  ( -1.937918759893352494, 4.978484281388360522, 6.540885006911393518 ) ) ;
#952 = CARTESIAN_POINT ( 'NONE',  ( -2.523191755658786395, 6.942541297191506366, -5.929966261555465579 ) ) ;
#953 = CARTESIAN_POINT ( 'NONE',  ( 1.646027959043907751, 5.133456572813028806, -5.769787514128205785 ) ) ;
#954 = CARTESIAN_POINT ( 'NONE',  ( -72.36067647929878888, 5.877767265401611319, 4.614047527313243968 ) ) ;
#955 = CARTESIAN_POINT ( 'NONE',  ( 47.57595340935436923, 0.4916020903285162058, -15.64317639143175320 ) ) ;
#956 = CARTESIAN_POINT ( 'NONE',  ( 1.754581733771437779, 4.642116470790712768, -6.731572192124452236 ) ) ;
#957 = DIRECTION ( 'NONE',  ( 0.000000000000000000, -0.000000000000000000, 1.000000000000000000 ) ) ;
#958 = CARTESIAN_POINT ( 'NONE',  ( -4.796857031547158812, -5.325797711123168021, 15.16591072082519354 ) ) ;
#959 = CARTESIAN_POINT ( 'NONE',  ( -94.32313908950396808, 9.327010722752914873, -5.605886109548743335 ) ) ;
#960 = CARTESIAN_POINT ( 'NONE',  ( -69.80540907505691450, 7.532332711970638250, -6.765226824664151373 ) ) ;
#961 = CARTESIAN_POINT ( 'NONE',  ( 109.4101744738146920, 6.708990202218617860, 4.943912282715706930 ) ) ;
#962 = CARTESIAN_POINT ( 'NONE',  ( 116.5156326988759048, 5.676326186147073294, -3.355835177932897206 ) ) ;
#963 = CARTESIAN_POINT ( 'NONE',  ( -8.256965539149174305, 6.779233086639417927, -6.195324079809260809 ) ) ;
#964 = AXIS2_PLACEMENT_3D ( 'NONE', #6781, #2050, #4173 ) ;
#965 = CARTESIAN_POINT ( 'NONE',  ( 21.75058364868162641, -8.953377215684950485, -21.21912574768066406 ) ) ;
#966 = CARTESIAN_POINT ( 'NONE',  ( 9.253906112930604166, 6.640305961488513375, 6.197031289790153608 ) ) ;
#967 = CARTESIAN_POINT ( 'NONE',  ( -1.705426480051245530, 4.387949914653176187, 6.729563127875197281 ) ) ;
#968 = CARTESIAN_POINT ( 'NONE',  ( 111.5821520120068726, 5.318579991933488849, -4.801742749337120308 ) ) ;
#969 = CARTESIAN_POINT ( 'NONE',  ( 16.10632147912285816, 7.909026882691660987, 7.235989420988675036 ) ) ;
#970 = CARTESIAN_POINT ( 'NONE',  ( -89.80206859417069154, 4.424691541723800192, 8.178123573373790478 ) ) ;
#971 = ADVANCED_FACE ( 'NONE', ( #583 ), #4221, .T. ) ;
#972 = CARTESIAN_POINT ( 'NONE',  ( 118.0443902331011543, 6.451984520899825881, 4.009145130201314799 ) ) ;
#973 = CARTESIAN_POINT ( 'NONE',  ( -84.54582260490487045, 7.786157704619872000, -6.088862101245791081 ) ) ;
#974 = VERTEX_POINT ( 'NONE', #5802 ) ;
#975 = ORIENTED_EDGE ( 'NONE', *, *, #679, .F. ) ;
#976 = CARTESIAN_POINT ( 'NONE',  ( -69.59838338220528442, 1.924484308382520048, 13.66467500692806780 ) ) ;
#977 = CARTESIAN_POINT ( 'NONE',  ( -5.775667404769563085, 3.720795515136386289, 1.710359410266799829 ) ) ;
#978 = CARTESIAN_POINT ( 'NONE',  ( -4.661648125464693315, 8.349780077858842020, -4.236070420588442964 ) ) ;
#979 = AXIS2_PLACEMENT_3D ( 'NONE', #5703, #2, #3141 ) ;
#980 = CARTESIAN_POINT ( 'NONE',  ( -80.43085956506699574, 4.429601598560336306, 9.638085239221721778 ) ) ;
#981 = CARTESIAN_POINT ( 'NONE',  ( -5.574390519882448380, 8.720338833885595164, -2.851002924390659388 ) ) ;
#982 = CARTESIAN_POINT ( 'NONE',  ( -13.33584176498750828, 3.716507112583469663, 9.947980314603945828 ) ) ;
#983 = FACE_OUTER_BOUND ( 'NONE', #1846, .T. ) ;
#984 = CARTESIAN_POINT ( 'NONE',  ( 9.299543042900724643, 6.855432017567760994, 6.317036337591285466 ) ) ;
#985 = ORIENTED_EDGE ( 'NONE', *, *, #1203, .F. ) ;
#986 = CARTESIAN_POINT ( 'NONE',  ( 72.95828247070312500, 6.824808718143343889, 2.703608751296993074 ) ) ;
#987 = CARTESIAN_POINT ( 'NONE',  ( -21.45350835314526705, 1.949047435155065289, 11.87713050842285334 ) ) ;
#988 = CARTESIAN_POINT ( 'NONE',  ( 46.59776911909585806, -0.1294819378684329836, -15.61303460998531811 ) ) ;
#989 = CARTESIAN_POINT ( 'NONE',  ( 5.453096033872007808, 7.490556861290479596, -2.521831616803714926 ) ) ;
#990 = CARTESIAN_POINT ( 'NONE',  ( 116.8100212925081109, 6.504763850191144670, 4.462925595622179387 ) ) ;
#991 = CARTESIAN_POINT ( 'NONE',  ( -20.65765143845251828, 6.686139799529086325, 4.538740634918215555 ) ) ;
#992 = CARTESIAN_POINT ( 'NONE',  ( -4.211212091589946915, 6.490544758918994184, -6.485814379771783322 ) ) ;
#993 = CARTESIAN_POINT ( 'NONE',  ( -71.92958195779462471, 7.743060345622006402, -6.845395198091686062 ) ) ;
#994 = DIRECTION ( 'NONE',  ( 0.000000000000000000, 0.000000000000000000, -1.000000000000000000 ) ) ;
#995 = CARTESIAN_POINT ( 'NONE',  ( 116.0830213310231471, 5.156726795140910369, -3.379935099231438755 ) ) ;
#996 = CARTESIAN_POINT ( 'NONE',  ( -40.34745202017573718, 8.462574582533381573, -9.282835066892666021 ) ) ;
#997 = CARTESIAN_POINT ( 'NONE',  ( -4.061296156885187969, 6.437109669639083265, -6.205307311511456092 ) ) ;
#998 = CARTESIAN_POINT ( 'NONE',  ( 1.685101901804746172, 4.431114752317055760, -6.681295894292137660 ) ) ;
#999 = DIRECTION ( 'NONE',  ( 0.000000000000000000, 0.000000000000000000, -1.000000000000000000 ) ) ;
#1000 = CARTESIAN_POINT ( 'NONE',  ( 80.41758563163283213, 4.058442822171890896, -9.638085239221734213 ) ) ;
#1001 = DIRECTION ( 'NONE',  ( -0.004614987725603183523, -0.9999893508874444503, -2.265982540494703959E-17 ) ) ;
#1002 = CARTESIAN_POINT ( 'NONE',  ( -44.67770249405516125, -0.3960659981893093207, 16.16928719458771369 ) ) ;
#1003 = CARTESIAN_POINT ( 'NONE',  ( 116.8749227609650205, 6.284014352495247202, 4.580598064386772528 ) ) ;
#1004 = CARTESIAN_POINT ( 'NONE',  ( -34.88954282289674325, 8.839765951650628395, -9.593118835016586132 ) ) ;
#1006 = EDGE_CURVE ( 'NONE', #6474, #6023, #2890, .T. ) ;
#1005 = ORIENTED_EDGE ( 'NONE', *, *, #1943, .F. ) ;
#1007 = VERTEX_POINT ( 'NONE', #1064 ) ;
#1008 = CARTESIAN_POINT ( 'NONE',  ( -56.69376203798424996, 2.260163259658580781, 13.65597876134296307 ) ) ;
#1009 = CARTESIAN_POINT ( 'NONE',  ( -6.253740290728416085, 3.608441237948847746, 0.7797850173639285787 ) ) ;
#1010 = CARTESIAN_POINT ( 'NONE',  ( 105.7071607072904129, 6.813137836306633943, 5.134133779987688939 ) ) ;
#1011 = FACE_OUTER_BOUND ( 'NONE', #4544, .T. ) ;
#1012 = CARTESIAN_POINT ( 'NONE',  ( -118.4825734462367564, 6.419745693668463815, 2.484829406524815543 ) ) ;
#1013 = CARTESIAN_POINT ( 'NONE',  ( 117.9169418363865276, 5.969516874906044990, 3.804490533124373464 ) ) ;
#1014 = CARTESIAN_POINT ( 'NONE',  ( -2.237989348792095878, 5.406406015361770123, 5.578332674954314285 ) ) ;
#1015 = LINE ( 'NONE', #1566, #4749 ) ;
#1016 = VERTEX_POINT ( 'NONE', #3450 ) ;
#1017 = CARTESIAN_POINT ( 'NONE',  ( 122.0069122314453125, 5.854140432058164478, 0.4458013474941184273 ) ) ;
#1018 = CARTESIAN_POINT ( 'NONE',  ( -56.29341260957701820, 9.469267983755530693, -12.84433937072752840 ) ) ;
#1019 = CARTESIAN_POINT ( 'NONE',  ( 45.57082781305778951, -1.864298460977570127, -18.21894108534510437 ) ) ;
#1020 = EDGE_CURVE ( 'NONE', #2944, #5296, #2292, .T. ) ;
#1021 = CARTESIAN_POINT ( 'NONE',  ( 119.0441601294394047, 6.776117814037560194, 3.096973133585167570 ) ) ;
#1022 = CARTESIAN_POINT ( 'NONE',  ( -12.12746715722002833, 6.946342779081597918, -6.563459608608943618 ) ) ;
#1023 = CARTESIAN_POINT ( 'NONE',  ( 2.082826993207462341, 4.765357435788598828, -6.750012710741236432 ) ) ;
#1024 = CARTESIAN_POINT ( 'NONE',  ( -1.744940764036020830, 4.200672366725727080, 5.744731753733193891 ) ) ;
#1025 = CARTESIAN_POINT ( 'NONE',  ( -30.13926401279364953, 5.119028395316751912, -12.63849639892577592 ) ) ;
#1026 = CARTESIAN_POINT ( 'NONE',  ( 118.4675080383261729, 5.388485147816340692, -2.362518529609765938 ) ) ;
#1027 = CARTESIAN_POINT ( 'NONE',  ( -114.9455780840147980, 6.617088256910907518, -4.515769731199005932 ) ) ;
#1028 = CARTESIAN_POINT ( 'NONE',  ( -1.930911269394232521, 4.830574795412490019, 6.676271772984666342 ) ) ;
#1029 = CARTESIAN_POINT ( 'NONE',  ( -116.7974625797946260, 6.824525614258651451, -4.343771664039914882 ) ) ;
#1030 = CARTESIAN_POINT ( 'NONE',  ( -1.765999711663999605, 4.650240234124979999, 6.731572192124451348 ) ) ;
#1031 = CARTESIAN_POINT ( 'NONE',  ( 2.616617586535066931, 5.628592321087339201, 5.410068382669295239 ) ) ;
#1032 = CARTESIAN_POINT ( 'NONE',  ( 38.70812811637510009, -1.609508954499516031, -18.03833943676630014 ) ) ;
#1033 = CARTESIAN_POINT ( 'NONE',  ( -119.5395292327978183, 6.460291513449955225, -2.191824395059058350 ) ) ;
#1034 = ORIENTED_EDGE ( 'NONE', *, *, #6255, .F. ) ;
#1035 = CARTESIAN_POINT ( 'NONE',  ( -114.1230562802206947, 5.510927137934681141, 4.055833742674781028 ) ) ;
#1036 = CARTESIAN_POINT ( 'NONE',  ( -5.173632991103172429, 8.423557010469627571, -3.045235149243022299 ) ) ;
#1037 = CARTESIAN_POINT ( 'NONE',  ( -38.07712120170481285, 8.889582412791982691, -9.456381584910776184 ) ) ;
#1038 = EDGE_CURVE ( 'NONE', #3237, #3182, #3889, .T. ) ;
#1039 = CARTESIAN_POINT ( 'NONE',  ( 1.728648144117661989, 5.297486606929427744, -5.769027308120471709 ) ) ;
#1040 = ORIENTED_EDGE ( 'NONE', *, *, #4141, .T. ) ;
#1041 = CARTESIAN_POINT ( 'NONE',  ( -43.68604563404603880, -0.2645302579009607413, 16.76922251441574829 ) ) ;
#1042 = CARTESIAN_POINT ( 'NONE',  ( -3.862571009918076115, 5.111430975785562936, -4.611616347719039055 ) ) ;
#1043 = CARTESIAN_POINT ( 'NONE',  ( 2.535993521747614832, 6.636571297630074362, 6.191818223223069850 ) ) ;
#1044 = CARTESIAN_POINT ( 'NONE',  ( -102.2559776178205908, 5.480411259974185434, 6.363571147682334228 ) ) ;
#1045 = CARTESIAN_POINT ( 'NONE',  ( 22.49533316144632167, 7.751997799361633135, 8.465702958387364419 ) ) ;
#1046 = CARTESIAN_POINT ( 'NONE',  ( -116.3315102689803524, 5.717047475047138505, 3.284480251675571782 ) ) ;
#1047 = CARTESIAN_POINT ( 'NONE',  ( 28.95723793191224260, 6.477265541063036203, 9.727769193870839715 ) ) ;
#1048 = CARTESIAN_POINT ( 'NONE',  ( 21.53549907481911418, 7.819253722057415423, 8.292167866819232458 ) ) ;
#1049 = B_SPLINE_CURVE_WITH_KNOTS ( 'NONE', 3,
 ( #4444, #1354, #6535, #323 ),
 .UNSPECIFIED., .F., .F.,
 ( 4, 4 ),
 ( 0.000000000000000000, 8.983564849744440700E-05 ),
 .UNSPECIFIED. ) ;
#1050 = CARTESIAN_POINT ( 'NONE',  ( 4.329048408575228990, 7.031717581002327577, -4.168946770939815138 ) ) ;
#1051 = CARTESIAN_POINT ( 'NONE',  ( -55.55934149993476012, 6.969074634955767955, -3.595116376876821729 ) ) ;
#1052 = CARTESIAN_POINT ( 'NONE',  ( 65.98702407046584995, 2.852638103884109544, -12.25252284873983122 ) ) ;
#1053 = VERTEX_POINT ( 'NONE', #1363 ) ;
#1054 = CARTESIAN_POINT ( 'NONE',  ( 117.1088502760524506, 6.541407988619226010, 4.357458470923181615 ) ) ;
#1055 = AXIS2_PLACEMENT_3D ( 'NONE', #3317, #573, #4872 ) ;
#1056 = CARTESIAN_POINT ( 'NONE',  ( -7.687450657907307416, 6.510862069984209022, -6.035417598865254973 ) ) ;
#1057 = CARTESIAN_POINT ( 'NONE',  ( -36.64374891641461573, 6.655957719346663026, -9.587638020357141855 ) ) ;
#1058 = CARTESIAN_POINT ( 'NONE',  ( -1.930911269394232521, 4.830574795412490019, 6.676271772984666342 ) ) ;
#1059 = CARTESIAN_POINT ( 'NONE',  ( -8.984250542555191288, 1.112796044221643799, -12.52569198608398082 ) ) ;
#1060 = CARTESIAN_POINT ( 'NONE',  ( -3.595492748270032735, 5.741911951177710804, -4.816837383921486193 ) ) ;
#1061 = CARTESIAN_POINT ( 'NONE',  ( -9.714451465470119729E-14, 12.99999999999993605, 0.000000000000000000 ) ) ;
#1062 = CARTESIAN_POINT ( 'NONE',  ( 119.1890338258915421, 6.777119919451460639, 2.403988653553429167 ) ) ;
#1063 = CARTESIAN_POINT ( 'NONE',  ( 1.711162232910817593, 4.246312696675497378, -6.156172180971377195 ) ) ;
#1064 = CARTESIAN_POINT ( 'NONE',  ( -9.714451465470119729E-14, 12.99999999999993605, -5.500000000000000000 ) ) ;
#1065 = CARTESIAN_POINT ( 'NONE',  ( -7.941113781540564354, 9.866686642698288878, -11.60427188873290838 ) ) ;
#1066 = CARTESIAN_POINT ( 'NONE',  ( 34.07169333439840386, -2.051924620126388543, -18.51060831932790052 ) ) ;
#1067 = EDGE_LOOP ( 'NONE', ( #4130, #4469, #5711, #6740 ) ) ;
#1068 = CARTESIAN_POINT ( 'NONE',  ( -5.853443672526378982, 6.492731502126247278, -6.140795900925511752 ) ) ;
#1069 = EDGE_CURVE ( 'NONE', #1586, #149, #2060, .T. ) ;
#1070 = CARTESIAN_POINT ( 'NONE',  ( 119.5649715710365371, 6.498269762445763931, 2.115335827795174151 ) ) ;
#1071 = CARTESIAN_POINT ( 'NONE',  ( -8.308042142399866492, 7.365458865650377440, -6.205712720935090410 ) ) ;
#1072 = AXIS2_PLACEMENT_3D ( 'NONE', #4499, #344, #4565 ) ;
#1073 = CARTESIAN_POINT ( 'NONE',  ( 117.6652145385742188, 3.910480292020632742, 8.606581687927238988 ) ) ;
#1074 = VERTEX_POINT ( 'NONE', #72 ) ;
#1075 = CARTESIAN_POINT ( 'NONE',  ( -52.60585223418873113, 1.684375024846198610, 14.43461570495303903 ) ) ;
#1076 = CARTESIAN_POINT ( 'NONE',  ( -5.933911069362204138, 4.057439654613847146, -2.199709093360463275 ) ) ;
#1077 = DIRECTION ( 'NONE',  ( 0.000000000000000000, -0.000000000000000000, 1.000000000000000000 ) ) ;
#1078 = AXIS2_PLACEMENT_3D ( 'NONE', #2587, #1551, #6 ) ;
#1079 = CARTESIAN_POINT ( 'NONE',  ( -89.81119931561555347, 4.868485837868751887, 8.404493232619675069 ) ) ;
#1080 = CARTESIAN_POINT ( 'NONE',  ( 8.468355305822097279, 6.557541374371489873, 6.108862866513131706 ) ) ;
#1081 = CIRCLE ( 'NONE', #5068, 2.500000000000015099 ) ;
#1082 = DIRECTION ( 'NONE',  ( -0.8924463747165091165, -0.08327715266306964792, -0.4434009292950255587 ) ) ;
#1083 =( BOUNDED_SURFACE ( )  B_SPLINE_SURFACE ( 3, 2, ( 
 ( #953, #3065, #1197 ),
 ( #5349, #2643, #2121 ),
 ( #1674, #93, #1710 ),
 ( #5417, #1124, #3238 ),
 ( #1161, #3787, #4308 ),
 ( #5788, #4346, #3275 ),
 ( #604, #680, #640 ),
 ( #5383, #4998, #4756 ),
 ( #2751, #1050, #2882 ),
 ( #4868, #5893, #6407 ),
 ( #22, #3313, #6439 ),
 ( #3199, #3161, #4238 ),
 ( #6335, #55, #128 ),
 ( #2227, #3824, #5313 ),
 ( #5929, #255, #2713 ),
 ( #5273, #1603, #535 ),
 ( #2359, #5822, #4474 ),
 ( #6567, #3718, #4275 ),
 ( #3686, #3753, #1087 ),
 ( #4829, #569, #2678 ),
 ( #4792, #2154, #6370 ),
 ( #1638, #2192, #5859 ),
 ( #3015, #6191, #2524 ),
 ( #1838, #5541, #938 ),
 ( #6061, #1323, #806 ),
 ( #4640, #5030, #3442 ),
 ( #2985, #2458, #5098 ),
 ( #2490, #6157, #3540 ),
 ( #3575, #5642, #4606 ),
 ( #3051, #2916, #1871 ),
 ( #3955, #5674, #5163 ),
 ( #352, #289, #2427 ),
 ( #2394, #4508, #1968 ),
 ( #6600, #3988, #419 ) ),
 .UNSPECIFIED., .F., .F., .F. ) 
 B_SPLINE_SURFACE_WITH_KNOTS ( ( 4, 2, 2, 2, 2, 2, 2, 2, 2, 2, 2, 2, 2, 2, 2, 2, 4 ),
 ( 3, 3 ),
 ( 0.003985009477891854855, 0.005015505064073081873, 0.006046000650254309758, 0.007076496236435536775, 0.008106991822616763793, 0.009137487408797991678, 0.01016798299497921783, 0.01119847858116044398, 0.01222897416734167186, 0.01325946975352289975, 0.01428996533970412590, 0.01532046092588535205, 0.01635095651206657993, 0.01686620430515719388, 0.01738145209824780435, 0.01841194768442903223, 0.02047293885679148800 ),
 ( 0.000000000000000000, 1.000000000000000000 ),
 .UNSPECIFIED. ) 
 GEOMETRIC_REPRESENTATION_ITEM ( )  RATIONAL_B_SPLINE_SURFACE ( (
 ( 1.000000000000000000, 0.4094872086508998255, 1.000000000000000000),
 ( 1.000000000000000000, 0.4241329444904465285, 1.000000000000000000),
 ( 1.000000000000000000, 0.4398679338525203764, 1.000000000000000000),
 ( 1.000000000000000000, 0.4709663700041011869, 1.000000000000000000),
 ( 1.000000000000000000, 0.4863539508563526348, 1.000000000000000000),
 ( 1.000000000000000000, 0.5159722640710207031, 1.000000000000000000),
 ( 1.000000000000000000, 0.5302023848954089402, 1.000000000000000000),
 ( 1.000000000000000000, 0.5570316764370812912, 1.000000000000000000),
 ( 1.000000000000000000, 0.5694671010543862488, 1.000000000000000000),
 ( 1.000000000000000000, 0.5922376231304770089, 1.000000000000000000),
 ( 1.000000000000000000, 0.6026826853005908813, 1.000000000000000000),
 ( 1.000000000000000000, 0.6221399969130172458, 1.000000000000000000),
 ( 1.000000000000000000, 0.6312172400197594291, 1.000000000000000000),
 ( 1.000000000000000000, 0.6478208700868278713, 1.000000000000000000),
 ( 1.000000000000000000, 0.6553695969393583676, 1.000000000000000000),
 ( 1.000000000000000000, 0.6691497599541359476, 1.000000000000000000),
 ( 1.000000000000000000, 0.6753523894668423955, 1.000000000000000000),
 ( 1.000000000000000000, 0.6860032413112701066, 1.000000000000000000),
 ( 1.000000000000000000, 0.6905132282833115198, 1.000000000000000000),
 ( 1.000000000000000000, 0.6975097555835247931, 1.000000000000000000),
 ( 1.000000000000000000, 0.6999236356470400766, 1.000000000000000000),
 ( 1.000000000000000000, 0.7018838185894636927, 1.000000000000000000),
 ( 1.000000000000000000, 0.7019730333232503394, 1.000000000000000000),
 ( 1.000000000000000000, 0.6936901591001576328, 1.000000000000000000),
 ( 1.000000000000000000, 0.6854892243019066189, 1.000000000000000000),
 ( 1.000000000000000000, 0.6663546871645299463, 1.000000000000000000),
 ( 1.000000000000000000, 0.6588572889599618732, 1.000000000000000000),
 ( 1.000000000000000000, 0.6417768508189559684, 1.000000000000000000),
 ( 1.000000000000000000, 0.6321331133048458950, 1.000000000000000000),
 ( 1.000000000000000000, 0.6012898951689161775, 1.000000000000000000),
 ( 1.000000000000000000, 0.5781339754359481331, 1.000000000000000000),
 ( 1.000000000000000000, 0.5066582748604626651, 1.000000000000000000),
 ( 1.000000000000000000, 0.4561922422490419238, 1.000000000000000000),
 ( 1.000000000000000000, 0.4161888143423555508, 1.000000000000000000) ) ) 
 REPRESENTATION_ITEM ( '' )  SURFACE ( )  );
#1084 = CARTESIAN_POINT ( 'NONE',  ( 105.6379990241959348, 8.906740902061489606, 5.258024447031365511 ) ) ;
#1085 = CARTESIAN_POINT ( 'NONE',  ( 25.69536236451487454, 8.174364554296479568, 8.995167763547547324 ) ) ;
#1086 = ORIENTED_EDGE ( 'NONE', *, *, #1728, .T. ) ;
#1087 = CARTESIAN_POINT ( 'NONE',  ( 6.267488896180370972, 8.553901265543345289, 0.2253814198826923354 ) ) ;
#1088 = CARTESIAN_POINT ( 'NONE',  ( -54.66850650034916015, -5.829361080845112397, 24.72922134399414773 ) ) ;
#1089 = AXIS2_PLACEMENT_3D ( 'NONE', #4548, #1910, #6130 ) ;
#1090 = CARTESIAN_POINT ( 'NONE',  ( 34.59900460070210215, -2.045742252258063942, -18.50480164097475466 ) ) ;
#1091 = EDGE_LOOP ( 'NONE', ( #2892, #2696, #2857, #1268 ) ) ;
#1092 = EDGE_CURVE ( 'NONE', #92, #1016, #5276, .T. ) ;
#1093 = CARTESIAN_POINT ( 'NONE',  ( -118.6510903772649215, 6.225291606361598618, -3.691975766846707696 ) ) ;
#1094 = CARTESIAN_POINT ( 'NONE',  ( -1.699906787777506700, 4.914816946889069449, 6.573371397547181694 ) ) ;
#1095 = CARTESIAN_POINT ( 'NONE',  ( 5.360347186295170374, 4.878927628631126723, -7.107885484578866375 ) ) ;
#1096 = CARTESIAN_POINT ( 'NONE',  ( -5.706403473758822287, 0.5919869178169353541, 6.989805004752547291 ) ) ;
#1097 = CARTESIAN_POINT ( 'NONE',  ( 1.731022089695297250, 4.102435196100585379, -5.756080104061338076 ) ) ;
#1098 = CARTESIAN_POINT ( 'NONE',  ( 115.3684628948102358, 5.562045956320130990, -3.810727606361396624 ) ) ;
#1099 = DIRECTION ( 'NONE',  ( 0.000000000000000000, 0.000000000000000000, -1.000000000000000000 ) ) ;
#1100 = PERSON ( 'UNSPECIFIED', 'UNSPECIFIED', 'UNSPECIFIED', ('UNSPECIFIED'), ('UNSPECIFIED'), ('UNSPECIFIED') ) ;
#1101 = CARTESIAN_POINT ( 'NONE',  ( 119.5642382293010257, 6.156992526076087380, 2.116728223931452657 ) ) ;
#1102 = CARTESIAN_POINT ( 'NONE',  ( -18.03220632473141194, 2.132458369351856398, 12.58938204026129171 ) ) ;
#1103 = DIRECTION ( 'NONE',  ( -0.002113351238702815185, -0.4579272706771083112, 0.8889871475543144053 ) ) ;
#1104 = CARTESIAN_POINT ( 'NONE',  ( -9.680773678493568194E-14, 7.643375672974132229, 2.500000000000026201 ) ) ;
#1105 = CARTESIAN_POINT ( 'NONE',  ( -22.05852681571385077, 0.7628337122532460324, 14.70960416549404393 ) ) ;
#1106 = CARTESIAN_POINT ( 'NONE',  ( 29.47884884301323893, -1.501430279719354166, -17.88748529894549932 ) ) ;
#1107 = CARTESIAN_POINT ( 'NONE',  ( -118.0592727868310732, 6.524168814227831348, -3.999600226658349467 ) ) ;
#1108 = ORIENTED_EDGE ( 'NONE', *, *, #4514, .T. ) ;
#1109 = CARTESIAN_POINT ( 'NONE',  ( -2.560761339294888028, 6.041934806043554040, -5.874762450655394375 ) ) ;
#1110 = CARTESIAN_POINT ( 'NONE',  ( -2.847272937753626110, 5.729676240839513213, 5.293157384442338298 ) ) ;
#1111 = CARTESIAN_POINT ( 'NONE',  ( -25.42413146648786082, 8.559237563062104925, -8.957408169154110311 ) ) ;
#1112 = CARTESIAN_POINT ( 'NONE',  ( 63.18926620483399148, 4.621993334470640313, 11.13518047332763317 ) ) ;
#1113 = ORIENTED_EDGE ( 'NONE', *, *, #3212, .T. ) ;
#1114 = CARTESIAN_POINT ( 'NONE',  ( -44.66028897680153875, -0.005479606745183303665, 16.47728813010534310 ) ) ;
#1115 = CARTESIAN_POINT ( 'NONE',  ( -3.539747242074184008, 5.771663718210541028, -4.858095788492056144 ) ) ;
#1116 = CARTESIAN_POINT ( 'NONE',  ( -9.665465593504225669E-14, 5.622649730810450386, 4.000000000000039968 ) ) ;
#1117 = CARTESIAN_POINT ( 'NONE',  ( -105.6913510947061354, 6.849518853869456692, -5.026480571735397973 ) ) ;
#1118 = CARTESIAN_POINT ( 'NONE',  ( 46.62786567521785486, 7.801357617877104467, 8.559101008019794676 ) ) ;
#1119 = AXIS2_PLACEMENT_3D ( 'NONE', #401, #1951, #4139 ) ;
#1120 = CARTESIAN_POINT ( 'NONE',  ( -9.671588827499962427E-14, 6.488675134594886984, 3.500000000000023981 ) ) ;
#1121 = CARTESIAN_POINT ( 'NONE',  ( -3.540246339283220411, 6.139547081673723206, 4.856642665472790554 ) ) ;
#1122 = CARTESIAN_POINT ( 'NONE',  ( 15.29716791417266286, 7.337228446355127609, 7.184411237346142620 ) ) ;
#1123 = ORIENTED_EDGE ( 'NONE', *, *, #3412, .T. ) ;
#1124 = CARTESIAN_POINT ( 'NONE',  ( 2.592903183687671032, 6.101352218507268610, -5.422501591978942770 ) ) ;
#1125 = CARTESIAN_POINT ( 'NONE',  ( -126.2142133636269818, 7.521657835974747464, -11.85340023040769353 ) ) ;
#1126 = CARTESIAN_POINT ( 'NONE',  ( 25.67709133939921884, -1.966280420295922537, -18.15693415001904754 ) ) ;
#1127 = EDGE_CURVE ( 'NONE', #3262, #3990, #3223, .T. ) ;
#1128 = ORIENTED_EDGE ( 'NONE', *, *, #408, .F. ) ;
#1129 = CARTESIAN_POINT ( 'NONE',  ( -1.709295032081091792, 4.751765654772851732, 6.402376139004580580 ) ) ;
#1130 = CARTESIAN_POINT ( 'NONE',  ( -40.31490053139636842, 8.235912816538700554, -9.135937961267009300 ) ) ;
#1131 = CARTESIAN_POINT ( 'NONE',  ( -3.582283171150890677, 4.285943459160101554, 6.894907515636814033 ) ) ;
#1132 = DIRECTION ( 'NONE',  ( -0.9952126804911599622, 0.09442688089653494821, -0.02520485575741748113 ) ) ;
#1133 = CARTESIAN_POINT ( 'NONE',  ( 112.5921091302257651, 4.896572000768570021, -4.420227611938043033 ) ) ;
#1134 = SPHERICAL_SURFACE ( 'NONE', #2924, 0.2500000000000000000 ) ;
#1135 = CARTESIAN_POINT ( 'NONE',  ( 119.6397642894883830, 5.842832073093108036, -1.307321968667605194 ) ) ;
#1136 = CARTESIAN_POINT ( 'NONE',  ( -8.399290720603103111, 4.694658968606285399, 7.882416647527675124 ) ) ;
#1137 = CARTESIAN_POINT ( 'NONE',  ( 2.282485517326266589, 6.703067404917163685, 5.548884199849538845 ) ) ;
#1138 = CARTESIAN_POINT ( 'NONE',  ( -2.589991290316739914, 12.07917862127895070, -15.69466209411620916 ) ) ;
#1139 = CARTESIAN_POINT ( 'NONE',  ( 22.00819258948016355, 0.8448065932017230217, -14.87789409134778751 ) ) ;
#1140 = CARTESIAN_POINT ( 'NONE',  ( -119.6996144718039545, 6.344135410113135976, -0.2406646987830689810 ) ) ;
#1141 = ORIENTED_EDGE ( 'NONE', *, *, #1685, .T. ) ;
#1142 = CARTESIAN_POINT ( 'NONE',  ( -5.342900135421496444, 6.519400869529205167, -6.212018773874005362 ) ) ;
#1143 = CARTESIAN_POINT ( 'NONE',  ( -119.4046498906065779, 6.236841818265201454, 0.6720666851475545212 ) ) ;
#1144 = CARTESIAN_POINT ( 'NONE',  ( -28.56532471520814909, 8.704050136071421306, -9.361074669334042753 ) ) ;
#1145 = CARTESIAN_POINT ( 'NONE',  ( 98.86351013183593750, 2.667405159650656721, 11.32365798950194780 ) ) ;
#1146 = ORIENTED_EDGE ( 'NONE', *, *, #560, .T. ) ;
#1147 = CARTESIAN_POINT ( 'NONE',  ( -22.15614418354827819, -0.4369559395071624941, 16.41681550090525477 ) ) ;
#1148 = CARTESIAN_POINT ( 'NONE',  ( -5.500000000000000000, 12.99999999999999822, 0.000000000000000000 ) ) ;
#1149 = CARTESIAN_POINT ( 'NONE',  ( 118.3313508839399759, 6.203050756597939142, 3.795046893511106578 ) ) ;
#1150 = CARTESIAN_POINT ( 'NONE',  ( 2.525637679600031937, 6.861081489744038642, 5.993929988312186374 ) ) ;
#1151 = EDGE_CURVE ( 'NONE', #361, #3620, #1194, .T. ) ;
#1152 = CARTESIAN_POINT ( 'NONE',  ( 71.88560147250940702, 7.502674153308908522, 6.848362195601713331 ) ) ;
#1153 = CARTESIAN_POINT ( 'NONE',  ( 50.88295615996590016, 7.717026331159048347, 8.315393235475315947 ) ) ;
#1154 = CARTESIAN_POINT ( 'NONE',  ( 1.730487287387598938, 4.843622365392578288, -5.745021322864142910 ) ) ;
#1155 = CARTESIAN_POINT ( 'NONE',  ( 47.07169237157376074, 6.504595373973828032, 8.690989637005616331 ) ) ;
#1156 = DIRECTION ( 'NONE',  ( -0.000000000000000000, -1.000000000000000000, -0.000000000000000000 ) ) ;
#1157 = ORIENTED_EDGE ( 'NONE', *, *, #475, .F. ) ;
#1158 = CIRCLE ( 'NONE', #5902, 0.2500000000000001110 ) ;
#1159 = EDGE_CURVE ( 'NONE', #3610, #5536, #6028, .T. ) ;
#1160 = PRODUCT_DEFINITION_FORMATION_WITH_SPECIFIED_SOURCE ( 'ANY', '', #2815, .NOT_KNOWN. ) ;
#1161 = CARTESIAN_POINT ( 'NONE',  ( 3.038868110247739285, 5.828954554551720513, -5.182017950275294993 ) ) ;
#1162 = CYLINDRICAL_SURFACE ( 'NONE', #1199, 2.500000000000020428 ) ;
#1163 = CARTESIAN_POINT ( 'NONE',  ( 38.20860986531557302, -3.427895570485246957, -19.75791750820730286 ) ) ;
#1164 = ORIENTED_EDGE ( 'NONE', *, *, #6442, .F. ) ;
#1165 = DIRECTION ( 'NONE',  ( 0.000000000000000000, 0.000000000000000000, -1.000000000000000000 ) ) ;
#1166 = B_SPLINE_CURVE_WITH_KNOTS ( 'NONE', 3,
 ( #4191, #2140, #5335, #4669, #517, #4704, #451, #3116, #6355, #4742, #9, #1070, #3640, #4156, #3740, #2698, #2629, #1486, #972, #2556, #2032, #1003 ),
 .UNSPECIFIED., .F., .F.,
 ( 4, 2, 2, 2, 2, 2, 2, 2, 2, 2, 4 ),
 ( 0.1286965658670525259, 0.1297142053656259453, 0.1307318448641993924, 0.1317494843627728118, 0.1322583041120595493, 0.1327671238613462590, 0.1332759436106329687, 0.1337847633599196784, 0.1348024028584930978, 0.1358200423570664894, 0.1368376818556399088 ),
 .UNSPECIFIED. ) ;
#1167 = CARTESIAN_POINT ( 'NONE',  ( -8.211460397649565479, 6.566819640152476545, -6.081170022721937407 ) ) ;
#1168 = CARTESIAN_POINT ( 'NONE',  ( -11.65967124028498070, 3.639744406591554515, 9.186858036387095083 ) ) ;
#1169 = DIRECTION ( 'NONE',  ( 0.03366453541436827124, -0.9994331888902503458, 6.938893903907218911E-15 ) ) ;
#1170 = CARTESIAN_POINT ( 'NONE',  ( -1.195452570915223278, 3.230470926938969090, 3.857901573181151900 ) ) ;
#1171 = CARTESIAN_POINT ( 'NONE',  ( 113.3743017223520440, 5.406873219363999894, -4.417589391176117708 ) ) ;
#1172 = CARTESIAN_POINT ( 'NONE',  ( 2.562294174095738786, 6.166447838323152020, 6.029042699763130564 ) ) ;
#1173 = AXIS2_PLACEMENT_3D ( 'NONE', #2521, #3012, #1351 ) ;
#1174 = CARTESIAN_POINT ( 'NONE',  ( 119.6540762422959432, 6.140355483156024086, 1.628926312960479184 ) ) ;
#1175 = CARTESIAN_POINT ( 'NONE',  ( -3.818321536340546718, 4.922424465724910547, 6.849877537042220688 ) ) ;
#1176 = CARTESIAN_POINT ( 'NONE',  ( -6.500000000000095923, -5.204170427930421283E-14, 0.000000000000000000 ) ) ;
#1177 = CARTESIAN_POINT ( 'NONE',  ( -6.026571222600020761, 6.135051351602490932, 11.28752994537353516 ) ) ;
#1178 = CARTESIAN_POINT ( 'NONE',  ( -15.15923855189186753, 7.911876104362073114, -7.079530610253253364 ) ) ;
#1179 = CARTESIAN_POINT ( 'NONE',  ( -119.6518877347790237, 6.089037204189421182, 1.599440255907798036 ) ) ;
#1180 = EDGE_LOOP ( 'NONE', ( #4502, #1657, #2717 ) ) ;
#1181 = CARTESIAN_POINT ( 'NONE',  ( -4.060725476512000220, 6.437057332139174193, -6.205285136534697266 ) ) ;
#1182 = CARTESIAN_POINT ( 'NONE',  ( 32.51885520979775634, -2.383003303391023397, -18.13406165418563276 ) ) ;
#1183 = CARTESIAN_POINT ( 'NONE',  ( -21.27952085216713485, 8.145296732020646857, -8.248070414233330538 ) ) ;
#1184 = CARTESIAN_POINT ( 'NONE',  ( -9.714451465470119729E-14, -1.000000000000018208, -4.500000000000000888 ) ) ;
#1185 = EDGE_LOOP ( 'NONE', ( #1458, #2737, #5744 ) ) ;
#1186 = CARTESIAN_POINT ( 'NONE',  ( -23.01146448464112382, -0.8009741603772980723, 16.89319578745278960 ) ) ;
#1187 = DIRECTION ( 'NONE',  ( 0.4981454487392866781, -0.002298959613376575818, 0.8670904374314313268 ) ) ;
#1188 = ADVANCED_FACE ( 'NONE', ( #983 ), #6723, .T. ) ;
#1189 = CARTESIAN_POINT ( 'NONE',  ( 119.4155193803272113, 5.725037722361282277, -0.3712765606628312121 ) ) ;
#1190 = CARTESIAN_POINT ( 'NONE',  ( 65.51181508823853505, 7.877087843406092915, 7.101076212718582248 ) ) ;
#1191 = CARTESIAN_POINT ( 'NONE',  ( -47.60182150054292549, 0.7151543818440424527, 15.64010240534470242 ) ) ;
#1192 = CARTESIAN_POINT ( 'NONE',  ( 65.60215217525332321, 7.532624981520660512, 7.190922576372626551 ) ) ;
#1193 = CARTESIAN_POINT ( 'NONE',  ( -113.1142449871552742, 5.444899164274953129, 4.307065503684605723 ) ) ;
#1194 = CIRCLE ( 'NONE', #4399, 0.2500000000000003331 ) ;
#1195 = CARTESIAN_POINT ( 'NONE',  ( -4.817166848217550701, 7.000594726594835393, 3.590479800629930551 ) ) ;
#1196 = DIRECTION ( 'NONE',  ( 0.9990262932568919618, -0.02647258625262678342, -0.03529401590201851346 ) ) ;
#1197 = CARTESIAN_POINT ( 'NONE',  ( 1.695377620746569614, 5.307661489556720014, -6.188472735219158416 ) ) ;
#1198 = CYLINDRICAL_SURFACE ( 'NONE', #2297, 5.500000000000000000 ) ;
#1199 = AXIS2_PLACEMENT_3D ( 'NONE', #3276, #2752, #4869 ) ;
#1200 = CARTESIAN_POINT ( 'NONE',  ( 25.65866327112697221, -0.7643608941186957884, -16.21360704370102823 ) ) ;
#1201 = ORIENTED_EDGE ( 'NONE', *, *, #6232, .F. ) ;
#1202 = CARTESIAN_POINT ( 'NONE',  ( 11.88278688561075747, 3.269608823190170099, -9.292651821430544246 ) ) ;
#1203 = EDGE_CURVE ( 'NONE', #2626, #5536, #4126, .T. ) ;
#1204 = CARTESIAN_POINT ( 'NONE',  ( -119.3137035195965154, 7.303255031551151077, -2.086476042495048588 ) ) ;
#1205 = CARTESIAN_POINT ( 'NONE',  ( 21.16317698903801769, 1.094920511457213141, -14.50036268475187207 ) ) ;
#1206 = VECTOR ( 'NONE', #2640, 999.9999999999998863 ) ;
#1207 = CARTESIAN_POINT ( 'NONE',  ( 4.830714142597383187, 3.559381172156871997, -3.562255726758662977 ) ) ;
#1208 =( BOUNDED_SURFACE ( )  B_SPLINE_SURFACE ( 3, 2, ( 
 ( #1467, #5654, #5142 ),
 ( #6712, #2013, #2470 ),
 ( #952, #887, #918 ),
 ( #299, #4133, #5174 ) ),
 .UNSPECIFIED., .F., .F., .F. ) 
 B_SPLINE_SURFACE_WITH_KNOTS ( ( 4, 4 ),
 ( 3, 3 ),
 ( 0.01016225818801665300, 0.01073329657713743314 ),
 ( 0.000000000000000000, 1.000000000000000000 ),
 .UNSPECIFIED. ) 
 GEOMETRIC_REPRESENTATION_ITEM ( )  RATIONAL_B_SPLINE_SURFACE ( (
 ( 1.000000000000000000, 0.7462357003964997793, 1.000000000000000000),
 ( 1.000000000000000000, 0.7466108018214319131, 1.000000000000000000),
 ( 1.000000000000000000, 0.7467172987830404951, 1.000000000000000000),
 ( 1.000000000000000000, 0.7465043122595450553, 1.000000000000000000) ) ) 
 REPRESENTATION_ITEM ( '' )  SURFACE ( )  );
#1209 = CARTESIAN_POINT ( 'NONE',  ( 1.947472155966353480, 3.978688139414782832, -6.160713835077285871 ) ) ;
#1210 = CARTESIAN_POINT ( 'NONE',  ( 106.1762087282202600, 3.043994448384386597, -10.14172041206553665 ) ) ;
#1211 = DIRECTION ( 'NONE',  ( -0.000000000000000000, -1.000000000000000000, -0.000000000000000000 ) ) ;
#1212 = CARTESIAN_POINT ( 'NONE',  ( -11.57393937971005116, 3.416931848897883928, 8.863227151167770046 ) ) ;
#1213 = UNCERTAINTY_MEASURE_WITH_UNIT (LENGTH_MEASURE( 1.000000000000000082E-05 ), #785, 'distance_accuracy_value', 'NONE');
#1214 = CARTESIAN_POINT ( 'NONE',  ( -119.2966295879051302, 6.720183476086515562, -2.712981958017617767 ) ) ;
#1215 = CARTESIAN_POINT ( 'NONE',  ( -29.45707198271086824, 9.934853176159654353, -4.336144924163812142 ) ) ;
#1216 = CARTESIAN_POINT ( 'NONE',  ( -41.29185853154332619, 8.847668306216473155, -9.098910129143424896 ) ) ;
#1217 = CARTESIAN_POINT ( 'NONE',  ( -119.4476600619117761, 6.408391042772931812, -1.027906051631589213 ) ) ;
#1218 = CARTESIAN_POINT ( 'NONE',  ( -6.631174198160279865, 6.428661411748433530, -5.999231418146913519 ) ) ;
#1219 = CARTESIAN_POINT ( 'NONE',  ( 2.555373850527168145, 6.475032130601251268, 6.002003839226413895 ) ) ;
#1220 = CARTESIAN_POINT ( 'NONE',  ( -10.38966879109234043, 7.640775906290303787, -6.381614863806960969 ) ) ;
#1221 = AXIS2_PLACEMENT_3D ( 'NONE', #5688, #4620, #1883 ) ;
#1222 = CARTESIAN_POINT ( 'NONE',  ( 39.11288833618164063, 8.274857552228843005, 10.86705780029296697 ) ) ;
#1223 = ORIENTED_EDGE ( 'NONE', *, *, #1243, .T. ) ;
#1224 = CARTESIAN_POINT ( 'NONE',  ( -34.11130959718272493, -2.267512056989833269, 18.18237715688904999 ) ) ;
#1225 = CARTESIAN_POINT ( 'NONE',  ( -7.385525945801569847, 7.307494960720257282, -6.118846338391738193 ) ) ;
#1226 = CARTESIAN_POINT ( 'NONE',  ( 119.3425725486446112, 5.904109506890119263, 1.962287875503668788 ) ) ;
#1227 = CARTESIAN_POINT ( 'NONE',  ( 31.72723039543353352, 8.871080962824221317, 9.485774086422839702 ) ) ;
#1228 = CARTESIAN_POINT ( 'NONE',  ( -44.65863662040957394, -0.005912184997347230860, 16.47777838328999067 ) ) ;
#1229 = EDGE_CURVE ( 'NONE', #3017, #1074, #3845, .T. ) ;
#1230 = CARTESIAN_POINT ( 'NONE',  ( 103.5772546918556856, 6.417912587426355842, 5.102437133017950543 ) ) ;
#1231 = CARTESIAN_POINT ( 'NONE',  ( -110.0289458858244842, 5.772329412854177555, 5.073049185967898111 ) ) ;
#1232 = CARTESIAN_POINT ( 'NONE',  ( -5.204939432922230935, 7.356490106398976714, 3.596382279311987062 ) ) ;
#1233 = CARTESIAN_POINT ( 'NONE',  ( -128.0050027729045610, 6.553143931785457177, -0.1534056216478135726 ) ) ;
#1234 = CARTESIAN_POINT ( 'NONE',  ( 40.71043714387840851, -1.581151554846315310, -17.27177537507813909 ) ) ;
#1235 = B_SPLINE_CURVE_WITH_KNOTS ( 'NONE', 3,
 ( #5094, #5124, #316, #6118, #1318, #1962, #379 ),
 .UNSPECIFIED., .F., .F.,
 ( 4, 3, 4 ),
 ( 8.031333264196850154E-15, 0.0005573023011880861612, 0.0009770701582450156374 ),
 .UNSPECIFIED. ) ;
#1236 = ORIENTED_EDGE ( 'NONE', *, *, #59, .T. ) ;
#1237 = CYLINDRICAL_SURFACE ( 'NONE', #1493, 2.500000000000020428 ) ;
#1238 = CARTESIAN_POINT ( 'NONE',  ( -2.290682998353894551, 6.123562870769736932, -5.604164654859530081 ) ) ;
#1239 = CARTESIAN_POINT ( 'NONE',  ( -119.3303416506467300, 7.325189735722758222, -2.655111229699219422 ) ) ;
#1240 = DIRECTION ( 'NONE',  ( 0.9956378612556133767, 0.08983298102921961903, 0.02520485575741761297 ) ) ;
#1241 = CARTESIAN_POINT ( 'NONE',  ( 5.520341583368169935, 4.339440291528431359, 3.113892469652911110 ) ) ;
#1242 = CARTESIAN_POINT ( 'NONE',  ( 1.715727122887872769, 4.213034209472070302, -6.064215108844345004 ) ) ;
#1243 = EDGE_CURVE ( 'NONE', #3496, #5199, #3882, .T. ) ;
#1244 = CARTESIAN_POINT ( 'NONE',  ( 103.2632168894585050, 4.587450761919633635, -5.990859027938093107 ) ) ;
#1245 = CARTESIAN_POINT ( 'NONE',  ( 6.107868658896045133, 6.462207370005180529, 6.118751097737411548 ) ) ;
#1246 = DIRECTION ( 'NONE',  ( 1.000000000000000000, -7.996734198290766312E-16, -2.057314067616221352E-16 ) ) ;
#1247 = CARTESIAN_POINT ( 'NONE',  ( -10.18778774928935249, 3.851198911076415321, 8.594146949614064113 ) ) ;
#1248 = CARTESIAN_POINT ( 'NONE',  ( -119.6443856070366536, 6.394981720397026059, 1.307321968667617851 ) ) ;
#1249 = CARTESIAN_POINT ( 'NONE',  ( -29.76167524690750810, 9.871563122644410271, -8.876574516296381390 ) ) ;
#1250 = CARTESIAN_POINT ( 'NONE',  ( -17.76118450362517720, 8.109409382528028232, -7.527426706230344600 ) ) ;
#1251 = CARTESIAN_POINT ( 'NONE',  ( -119.4564640545166867, 6.373950376237104365, -0.5607332671657918599 ) ) ;
#1252 = CARTESIAN_POINT ( 'NONE',  ( -21.44831757038518916, 7.751876380877835260, -8.275693849786680545 ) ) ;
#1253 = CARTESIAN_POINT ( 'NONE',  ( 31.49183830906792636, -2.272405177375552920, -18.01233371618572221 ) ) ;
#1254 = CARTESIAN_POINT ( 'NONE',  ( 10.34456067960000425, 3.781750209569049836, -8.659389711710808513 ) ) ;
#1255 = CARTESIAN_POINT ( 'NONE',  ( 127.7715148925781250, 6.064779312787833554, 3.576096057891839042 ) ) ;
#1256 = ORIENTED_EDGE ( 'NONE', *, *, #1006, .T. ) ;
#1257 = CARTESIAN_POINT ( 'NONE',  ( -30.00245813304765363, -1.472389521584638761, 18.01276632103475706 ) ) ;
#1258 = CARTESIAN_POINT ( 'NONE',  ( -5.834569761003717048, 7.046461618693269813, -6.146267624389277096 ) ) ;
#1259 = CARTESIAN_POINT ( 'NONE',  ( 119.5081621129308758, 6.160663701886772259, 2.267605706399152155 ) ) ;
#1260 = CARTESIAN_POINT ( 'NONE',  ( 65.51530552610742575, 7.801419515681867978, 7.197834709099918626 ) ) ;
#1261 = CARTESIAN_POINT ( 'NONE',  ( 7.820222204563565427, 4.517149465099596917, -7.807119565715220588 ) ) ;
#1262 = CARTESIAN_POINT ( 'NONE',  ( 63.47704556906756324, 7.335083490522630534, 7.136418405402476850 ) ) ;
#1263 = CARTESIAN_POINT ( 'NONE',  ( -110.0155865313467700, 5.307163952181322308, 4.891230144812555913 ) ) ;
#1264 = CARTESIAN_POINT ( 'NONE',  ( -5.877525519802297538, 8.721756311029940534, -1.217594523900465742 ) ) ;
#1265 = CARTESIAN_POINT ( 'NONE',  ( -1.734482413292082637, 5.350331025327276002, 5.815595811549686189 ) ) ;
#1266 = CARTESIAN_POINT ( 'NONE',  ( -120.7106535160013436, 4.372213040299159914, 6.377313613891620214 ) ) ;
#1267 = CARTESIAN_POINT ( 'NONE',  ( 23.81999641113238653, 0.2363870459751915842, -15.73255793179223438 ) ) ;
#1268 = ORIENTED_EDGE ( 'NONE', *, *, #2888, .F. ) ;
#1269 = CIRCLE ( 'NONE', #4803, 0.2500000000000004996 ) ;
#1270 = CARTESIAN_POINT ( 'NONE',  ( -8.115532858536152361, 4.527055287734946809, 7.890977990672974229 ) ) ;
#1271 = CARTESIAN_POINT ( 'NONE',  ( 6.774185017419350530, 7.394872281062789376, 6.015445821186078845 ) ) ;
#1272 = CARTESIAN_POINT ( 'NONE',  ( -118.8206100110152335, 7.084585411146770539, -3.346420964072224447 ) ) ;
#1273 = CARTESIAN_POINT ( 'NONE',  ( 14.21629175634718401, 3.634117411630882533, -10.30109207923747228 ) ) ;
#1274 = CARTESIAN_POINT ( 'NONE',  ( 4.787323455002677086, 4.941222955878232348, 3.628869374494472666 ) ) ;
#1275 = CARTESIAN_POINT ( 'NONE',  ( 6.444295406341543853, -3.658704249681519638, -22.89933395385742188 ) ) ;
#1276 = CARTESIAN_POINT ( 'NONE',  ( 96.03378642594341841, 4.725520182637227506, -7.465942106553542068 ) ) ;
#1277 = CARTESIAN_POINT ( 'NONE',  ( 2.294534066784605475, 5.917966921071055708, 5.770948338387608345 ) ) ;
#1278 = CARTESIAN_POINT ( 'NONE',  ( -3.409536192603662474, 4.107836279531396961, 6.885573419272093432 ) ) ;
#1279 = CARTESIAN_POINT ( 'NONE',  ( 2.282692837728585999, 6.557636978355353641, 5.548798920395382694 ) ) ;
#1280 = CARTESIAN_POINT ( 'NONE',  ( -117.7249921948745595, 7.431307994045783794, -3.599927186965922399 ) ) ;
#1281 = CARTESIAN_POINT ( 'NONE',  ( -1.713328986954995248, 4.333081272035464337, 6.371983351726255407 ) ) ;
#1282 = CARTESIAN_POINT ( 'NONE',  ( -119.4043308926586349, 6.235529945613873970, 0.6813557626161398373 ) ) ;
#1283 = CARTESIAN_POINT ( 'NONE',  ( -25.61880220803792696, 8.133920960808049827, -8.983417569461337848 ) ) ;
#1284 = CARTESIAN_POINT ( 'NONE',  ( -119.4469800687804337, 6.409708897843187536, -1.047417093460919713 ) ) ;
#1285 = CARTESIAN_POINT ( 'NONE',  ( -6.756160027606892271, 7.423232220055707486, -6.015922391421206328 ) ) ;
#1286 = CARTESIAN_POINT ( 'NONE',  ( 29.65893745422363992, 10.09947398441879329, 7.000932693481443536 ) ) ;
#1287 = VERTEX_POINT ( 'NONE', #3684 ) ;
#1288 = CARTESIAN_POINT ( 'NONE',  ( -27.09208803506757235, -0.6975561719219405266, 17.07926920172928931 ) ) ;
#1289 = CARTESIAN_POINT ( 'NONE',  ( -71.88307117868592400, 7.834421249520834074, -6.848362195601708002 ) ) ;
#1290 = ADVANCED_FACE ( 'NONE', ( #3159 ), #1407, .T. ) ;
#1291 = CARTESIAN_POINT ( 'NONE',  ( 119.5055181963352595, 5.910699376609830580, 2.273616919407976500 ) ) ;
#1292 = CARTESIAN_POINT ( 'NONE',  ( 44.41635458669932746, 8.483550190024557125, 8.822540481374167243 ) ) ;
#1293 = CARTESIAN_POINT ( 'NONE',  ( 9.619693297429341428, 4.314791644707084650, -8.389185903441118697 ) ) ;
#1294 = CARTESIAN_POINT ( 'NONE',  ( -116.7938906915284321, 6.575798592388626851, -4.368713801195438506 ) ) ;
#1295 = VERTEX_POINT ( 'NONE', #2224 ) ;
#1296 = CARTESIAN_POINT ( 'NONE',  ( -102.2526601266988990, 5.479277000584549029, 6.365018356943177302 ) ) ;
#1297 = CARTESIAN_POINT ( 'NONE',  ( -5.681567058045382090, 7.740803317273289075, 2.739635161435893362 ) ) ;
#1298 = CARTESIAN_POINT ( 'NONE',  ( 1.692798680604937989, 4.380108489198436317, -6.729563127875198170 ) ) ;
#1299 = ORIENTED_EDGE ( 'NONE', *, *, #3212, .F. ) ;
#1300 = CARTESIAN_POINT ( 'NONE',  ( 2.485298818425385026, 4.090507232154657835, -6.613946171870751733 ) ) ;
#1301 = CARTESIAN_POINT ( 'NONE',  ( 13.07561043334847284, 7.715715642460364343, 6.754086497262491662 ) ) ;
#1302 = CARTESIAN_POINT ( 'NONE',  ( -1.966423490426342457, 5.535658853589681350, 5.996547681570823407 ) ) ;
#1303 = CARTESIAN_POINT ( 'NONE',  ( 5.963095706104459381, 3.549807969217004366, -0.7379214356752673565 ) ) ;
#1304 = CARTESIAN_POINT ( 'NONE',  ( 9.493431091308586645, -4.035463778795292278, -22.98249626159667969 ) ) ;
#1305 = CARTESIAN_POINT ( 'NONE',  ( 80.41864970732785878, 4.058502248876614260, -9.637922704111707262 ) ) ;
#1306 = CARTESIAN_POINT ( 'NONE',  ( 2.285928426173962524, 6.110597672705709194, 5.601439031875496077 ) ) ;
#1307 = ADVANCED_FACE ( 'NONE', ( #1565 ), #4921, .F. ) ;
#1308 = CARTESIAN_POINT ( 'NONE',  ( 4.212864516243766566, 7.939511112534989756, 4.283374695262891940 ) ) ;
#1309 = CARTESIAN_POINT ( 'NONE',  ( 119.6405003506360885, 6.113857790793804980, -1.394797002794061491 ) ) ;
#1310 = CARTESIAN_POINT ( 'NONE',  ( -0.2894325837288232450, 9.767814358078279469, -1.228441119194030540 ) ) ;
#1311 = CARTESIAN_POINT ( 'NONE',  ( -2.287021989321961879, 6.277330409741210815, -5.548628326630664631 ) ) ;
#1312 = CARTESIAN_POINT ( 'NONE',  ( -5.119009305126429155, 3.580321920184922124, 3.160568182456187980 ) ) ;
#1313 = CARTESIAN_POINT ( 'NONE',  ( -31.89858052715980463, 8.451921178107278720, -9.612361804376236663 ) ) ;
#1314 = FACE_OUTER_BOUND ( 'NONE', #6496, .T. ) ;
#1315 = CARTESIAN_POINT ( 'NONE',  ( -4.850889823955521152, 6.698205432249586089, -6.320435523686465551 ) ) ;
#1316 = CARTESIAN_POINT ( 'NONE',  ( 63.03480148315429688, 8.470752151189694601, 6.386036872863765979 ) ) ;
#1317 = VERTEX_POINT ( 'NONE', #125 ) ;
#1318 = CARTESIAN_POINT ( 'NONE',  ( -1.731155696749888895, 4.207097332296645398, 6.024600915958601810 ) ) ;
#1319 = CARTESIAN_POINT ( 'NONE',  ( -119.3779911803255516, 7.079996834434751918, -2.569021056184426666 ) ) ;
#1320 = CARTESIAN_POINT ( 'NONE',  ( 119.3889910882319612, 5.591308336812292445, -1.293715224838548838 ) ) ;
#1321 = CARTESIAN_POINT ( 'NONE',  ( 69.74398888706741673, 7.688207568952752702, 6.959613436275269294 ) ) ;
#1322 = B_SPLINE_CURVE_WITH_KNOTS ( 'NONE', 3,
 ( #3535, #3498, #5670, #5638, #4602, #902, #3046, #802, #1868, #3011, #3951, #933, #5158, #1319, #5125, #380, #5569, #5026, #1453, #1963, #5604, #6057 ),
 .UNSPECIFIED., .F., .F.,
 ( 4, 2, 2, 2, 2, 2, 2, 2, 2, 2, 4 ),
 ( 0.1286965658670524149, 0.1297142053656258343, 0.1307318448641992259, 0.1317494843627726453, 0.1322583041120593550, 0.1327671238613460647, 0.1332759436106327744, 0.1337847633599194563, 0.1348024028584929035, 0.1358200423570663229, 0.1368376818556397700 ),
 .UNSPECIFIED. ) ;
#1323 = CARTESIAN_POINT ( 'NONE',  ( 5.137013887934463341, 8.655415753050677452, 3.118028983726027992 ) ) ;
#1324 = CARTESIAN_POINT ( 'NONE',  ( 21.14316373970978802, 0.9760647855676309881, -14.48903409032040379 ) ) ;
#1325 = APPROVAL ( #2406, 'UNSPECIFIED' ) ;
#1326 = EDGE_LOOP ( 'NONE', ( #4707, #5668 ) ) ;
#1327 = CARTESIAN_POINT ( 'NONE',  ( -111.5696239728455907, 5.366452625706364721, 4.625139846803297594 ) ) ;
#1328 = CARTESIAN_POINT ( 'NONE',  ( -5.933382325583250960, 8.433221175010361392, -0.9122698011214867009 ) ) ;
#1329 = CARTESIAN_POINT ( 'NONE',  ( 5.944005218944313107, 4.011909635826408582, 2.126725683747200613 ) ) ;
#1330 = EDGE_LOOP ( 'NONE', ( #4600, #5917, #662, #6692 ) ) ;
#1331 = CARTESIAN_POINT ( 'NONE',  ( -1.632003553843305754, 4.639158573245293127, 6.723631270677516092 ) ) ;
#1332 = CARTESIAN_POINT ( 'NONE',  ( -5.711788175429309611, 3.371090255459010088, 2.626649768950748420 ) ) ;
#1333 = CARTESIAN_POINT ( 'NONE',  ( -119.6698021720102929, 6.641605195292804353, 0.4159477688174367249 ) ) ;
#1334 = PERSON_AND_ORGANIZATION_ROLE ( 'creator' ) ;
#1335 = CARTESIAN_POINT ( 'NONE',  ( 5.047428675259634012, 4.352411206273726130, 3.260449920016287084 ) ) ;
#1336 = CARTESIAN_POINT ( 'NONE',  ( 10.61981391906738104, 4.282290489850945292, -11.42790889739990234 ) ) ;
#1337 = CARTESIAN_POINT ( 'NONE',  ( 99.83883316400007857, 3.027617322956535073, -10.35291839712048123 ) ) ;
#1338 = CARTESIAN_POINT ( 'NONE',  ( 4.848890328972764507, 6.675823129900337882, 6.320435523686461110 ) ) ;
#1339 = ADVANCED_FACE ( 'NONE', ( #6332 ), #3207, .T. ) ;
#1340 = CARTESIAN_POINT ( 'NONE',  ( 5.884377294151707183, 8.438211525509432320, 1.216663294122040773 ) ) ;
#1341 = CARTESIAN_POINT ( 'NONE',  ( -9.714451465470119729E-14, -6.591949208711866959E-14, -5.500000000000000000 ) ) ;
#1342 = CARTESIAN_POINT ( 'NONE',  ( -13.83715371901872437, 6.354276005592507381, -8.111748695373531604 ) ) ;
#1343 = DIRECTION ( 'NONE',  ( 0.9966175632519604921, -0.02670693268804882198, -0.07771854581836197540 ) ) ;
#1344 = CARTESIAN_POINT ( 'NONE',  ( -8.210328852498905761, 6.566695759016888623, -6.081064046691520453 ) ) ;
#1345 = CARTESIAN_POINT ( 'NONE',  ( 59.77374328001595671, 1.927561953609742806, -12.86580711524169374 ) ) ;
#1346 = CARTESIAN_POINT ( 'NONE',  ( 3.569164626306411403, 4.269441449391438326, -6.894907515636818474 ) ) ;
#1347 = CARTESIAN_POINT ( 'NONE',  ( 50.00662994384765625, 7.848296256242656810, -1.910133600234988238 ) ) ;
#1348 = VERTEX_POINT ( 'NONE', #6128 ) ;
#1349 = DIRECTION ( 'NONE',  ( -1.224646799147353207E-16, 0.000000000000000000, -1.000000000000000000 ) ) ;
#1350 = CARTESIAN_POINT ( 'NONE',  ( 6.138014618789053856, 8.687389066624843892, 1.251367252789502560 ) ) ;
#1351 = DIRECTION ( 'NONE',  ( 0.04905607657982114650, -1.344744543628187606E-16, 0.9987960258984788231 ) ) ;
#1352 = CARTESIAN_POINT ( 'NONE',  ( 9.084067654123181512, 7.466191644242754499, 6.295441652898171370 ) ) ;
#1353 = CARTESIAN_POINT ( 'NONE',  ( -2.720091784288053205, 4.727318548485111016, 6.790134581379277279 ) ) ;
#1354 = CARTESIAN_POINT ( 'NONE',  ( -1.745033466124402910, 4.140751896870446203, 5.750248925688815405 ) ) ;
#1355 = ORIENTED_EDGE ( 'NONE', *, *, #6802, .F. ) ;
#1356 = CARTESIAN_POINT ( 'NONE',  ( -78.35593720574151178, 3.846191040962313235, 9.748914601081246190 ) ) ;
#1357 = CARTESIAN_POINT ( 'NONE',  ( -1.974760488481945409, 7.154587473030725064, -5.671048341492989309 ) ) ;
#1358 = EDGE_CURVE ( 'NONE', #6541, #6099, #496, .T. ) ;
#1359 = CARTESIAN_POINT ( 'NONE',  ( 2.283107464193440350, 6.266784807924365097, 5.548628326630665519 ) ) ;
#1360 = CARTESIAN_POINT ( 'NONE',  ( 16.69805641516326133, 2.860921431281304717, -11.69614492074321177 ) ) ;
#1361 = ORIENTED_EDGE ( 'NONE', *, *, #1572, .T. ) ;
#1362 = CARTESIAN_POINT ( 'NONE',  ( -3.493345071802980151, 4.836869506052406287, 6.891848293898148903 ) ) ;
#1363 = CARTESIAN_POINT ( 'NONE',  ( -119.6615098392626209, 6.274028525224385255, 1.952177918470612505 ) ) ;
#1364 = ADVANCED_FACE ( 'NONE', ( #1461 ), #1527, .T. ) ;
#1365 = CARTESIAN_POINT ( 'NONE',  ( -117.3976245951396322, 7.136797500435073438, -4.216401014540648973 ) ) ;
#1366 = PERSON_AND_ORGANIZATION ( #1100, #5694 ) ;
#1367 = EDGE_CURVE ( 'NONE', #4871, #6292, #6805, .T. ) ;
#1368 = CARTESIAN_POINT ( 'NONE',  ( 3.383331900521244329, 5.326555428725068708, 4.967470939824711884 ) ) ;
#1369 = CARTESIAN_POINT ( 'NONE',  ( 23.20078277587891336, 10.54113105076401702, 13.70991897583007635 ) ) ;
#1370 = CARTESIAN_POINT ( 'NONE',  ( 74.23840705648299831, 3.574297475290413750, -10.79199398585428327 ) ) ;
#1371 = CARTESIAN_POINT ( 'NONE',  ( 28.75215376601042294, 8.353635067557608096, 9.377479845653416746 ) ) ;
#1372 = CARTESIAN_POINT ( 'NONE',  ( 5.777509726471600437, 7.818040115383452893, -1.649223286088433493 ) ) ;
#1373 = DIRECTION ( 'NONE',  ( -0.000000000000000000, -1.000000000000000000, -0.000000000000000000 ) ) ;
#1374 = CARTESIAN_POINT ( 'NONE',  ( -5.007750869702155327, -9.903004857562985208, 19.08078193664550426 ) ) ;
#1375 = CARTESIAN_POINT ( 'NONE',  ( -116.8116179372816532, 7.043847219311385466, -4.462925595622176722 ) ) ;
#1376 = CARTESIAN_POINT ( 'NONE',  ( -15.20400882808522880, 7.400071060772596354, -7.169222369476449863 ) ) ;
#1377 = CARTESIAN_POINT ( 'NONE',  ( 69.09276551550566126, 2.690437116496242620, -11.49186017590399622 ) ) ;
#1378 = CARTESIAN_POINT ( 'NONE',  ( -5.254681684927826169, 7.057737588530059725, -6.156713313670148402 ) ) ;
#1379 = CARTESIAN_POINT ( 'NONE',  ( 29.46974754333496804, 9.798879177747652491, 4.336144924163816583 ) ) ;
#1380 = ORIENTED_EDGE ( 'NONE', *, *, #5444, .T. ) ;
#1381 = CARTESIAN_POINT ( 'NONE',  ( 88.79985878086996820, 6.789923604072154006, 5.732299337878666634 ) ) ;
#1382 = CARTESIAN_POINT ( 'NONE',  ( -4.850889823936294754, 6.698205432241261192, -6.320435523690987267 ) ) ;
#1383 = DIRECTION ( 'NONE',  ( 0.001476673270417973131, 0.3199699832278883327, 0.9474265297473980496 ) ) ;
#1384 = CARTESIAN_POINT ( 'NONE',  ( 22.32630461344190564, 8.257236753045489763, 8.370021760003620415 ) ) ;
#1385 = FACE_OUTER_BOUND ( 'NONE', #2732, .T. ) ;
#1386 = CARTESIAN_POINT ( 'NONE',  ( -21.93439439576071592, 0.7635740934771734212, 14.92660783862475427 ) ) ;
#1387 = CARTESIAN_POINT ( 'NONE',  ( -95.12480527168284539, 7.622962058567396504, -5.527180720763703370 ) ) ;
#1388 = ADVANCED_FACE ( 'NONE', ( #3712, #1526 ), #3230, .F. ) ;
#1389 = VERTEX_POINT ( 'NONE', #1561 ) ;
#1390 = CARTESIAN_POINT ( 'NONE',  ( -87.71219883543471951, 4.338060653812298995, 8.443152111081762001 ) ) ;
#1391 = CARTESIAN_POINT ( 'NONE',  ( 5.558001623647846223, 3.621385015204226399, -2.282233000229636044 ) ) ;
#1392 = DIRECTION ( 'NONE',  ( 0.04905607657982114650, -1.344744543628187606E-16, 0.9987960258984788231 ) ) ;
#1393 = CARTESIAN_POINT ( 'NONE',  ( 0.000000000000000000, 0.000000000000000000, -5.500000000000000000 ) ) ;
#1394 = ORIENTED_EDGE ( 'NONE', *, *, #4970, .T. ) ;
#1395 = CARTESIAN_POINT ( 'NONE',  ( -2.564047933236974774, 4.705425507332906321, 6.789052109923924938 ) ) ;
#1396 = CARTESIAN_POINT ( 'NONE',  ( 22.02895240703325186, 0.6611015828418995710, -14.70960416549404393 ) ) ;
#1397 = CARTESIAN_POINT ( 'NONE',  ( -117.9199763400032737, 6.976630978330139676, -4.082990437234621517 ) ) ;
#1398 = APPROVAL_ROLE ( '' ) ;
#1399 = CARTESIAN_POINT ( 'NONE',  ( 13.26303768157959695, 11.75902131336778389, 15.59833335876464844 ) ) ;
#1400 = CARTESIAN_POINT ( 'NONE',  ( 80.40736852710550409, 3.619612836949976042, -9.402214949419096968 ) ) ;
#1401 = CARTESIAN_POINT ( 'NONE',  ( 34.01699157802723761, 8.300202566800459536, 9.626103977370011222 ) ) ;
#1402 = AXIS2_PLACEMENT_3D ( 'NONE', #5880, #5951, #4816 ) ;
#1403 = CARTESIAN_POINT ( 'NONE',  ( -105.7042746988924762, 7.095229509336276053, -5.240136679103315487 ) ) ;
#1404 = DIRECTION ( 'NONE',  ( 0.004462585334541474200, 0.9669663447214258412, 0.2548650103647353560 ) ) ;
#1405 = CARTESIAN_POINT ( 'NONE',  ( -105.6913510947061354, 6.849518853869456692, -5.026480571735397973 ) ) ;
#1406 = CARTESIAN_POINT ( 'NONE',  ( 1.923743750261290408, 4.127323681570389091, -6.576783346763547478 ) ) ;
#1407 = TOROIDAL_SURFACE ( 'NONE', #2620, -21.91068183522258295, 30.00000000000000000 ) ;
#1408 = CARTESIAN_POINT ( 'NONE',  ( -69.82250409123058432, 7.579368401123704579, -6.952518037944666496 ) ) ;
#1409 = CARTESIAN_POINT ( 'NONE',  ( 114.6137390800905251, 5.022052857777565826, -3.908883889525821331 ) ) ;
#1410 = CARTESIAN_POINT ( 'NONE',  ( -107.5428129515812685, 6.805033114578791675, -4.933911274012849013 ) ) ;
#1411 = AXIS2_PLACEMENT_3D ( 'NONE', #1105, #2765, #1654 ) ;
#1412 = CIRCLE ( 'NONE', #4727, 0.2500000000000002776 ) ;
#1413 = CARTESIAN_POINT ( 'NONE',  ( 49.14079284667968750, 3.046090634046462409, -13.58043098449707387 ) ) ;
#1414 = ORIENTED_EDGE ( 'NONE', *, *, #5045, .T. ) ;
#1415 = DIRECTION ( 'NONE',  ( -0.04905555417614012453, 0.0002263931912821351227, -0.9987960258984788231 ) ) ;
#1416 = CARTESIAN_POINT ( 'NONE',  ( 2.538937025178960916, 5.692521036550246549, -5.881057746221212135 ) ) ;
#1417 = DIRECTION ( 'NONE',  ( -0.000000000000000000, -1.000000000000000000, -0.000000000000000000 ) ) ;
#1418 = CARTESIAN_POINT ( 'NONE',  ( 6.757486232913135105, 7.392049398210545519, 6.015922391421359094 ) ) ;
#1419 = CARTESIAN_POINT ( 'NONE',  ( -37.75902039093389106, -1.981751106456325351, 17.89641814966566713 ) ) ;
#1420 = AXIS2_PLACEMENT_3D ( 'NONE', #4097, #4027, #6638 ) ;
#1421 =( BOUNDED_SURFACE ( )  B_SPLINE_SURFACE ( 3, 2, ( 
 ( #4814, #1693, #5949 ),
 ( #40, #4328, #6390 ),
 ( #3806, #1142, #4741 ),
 ( #4260, #1068, #3842 ),
 ( #145, #6354, #3183 ),
 ( #1218, #3736, #3334 ),
 ( #5434, #8, #1621 ),
 ( #5844, #77, #3257 ),
 ( #6621, #5532, #6589 ),
 ( #1344, #796, #765 ),
 ( #1763, #3461, #4530 ),
 ( #2907, #6556, #178 ),
 ( #1893, #1798, #5563 ),
 ( #3978, #3490, #2280 ),
 ( #5019, #4919, #6113 ),
 ( #4009, #279, #1861 ),
 ( #826, #2383, #2873 ),
 ( #3879, #2939, #1376 ),
 ( #4498, #1827, #309 ),
 ( #5597, #3945, #5985 ),
 ( #4987, #2801, #5052 ),
 ( #4395, #1252, #3367 ),
 ( #6491, #2417, #6017 ),
 ( #2318, #5465, #6525 ),
 ( #246, #1283, #6080 ),
 ( #731, #2838, #4954 ),
 ( #6051, #212, #4434 ),
 ( #3912, #1313, #3399 ),
 ( #5498, #2348, #4466 ),
 ( #3432, #6242, #343 ),
 ( #926, #6751, #4178 ),
 ( #5731, #3005, #4693 ),
 ( #859, #3629, #1476 ),
 ( #2577, #2021, #2054 ),
 ( #6787, #3106, #3038 ),
 ( #6278, #2448, #1541 ),
 ( #6687, #5663, #3596 ),
 ( #3661, #4595, #2974 ),
 ( #5089, #4042, #406 ),
 ( #960, #1408, #1987 ),
 ( #5697, #6146, #993 ),
 ( #4563, #5631, #3528 ),
 ( #1508, #5151, #5216 ),
 ( #6652, #1923, #471 ),
 ( #442, #896, #4145 ),
 ( #4110, #5118, #2480 ),
 ( #373, #6179, #1955 ),
 ( #3072, #5185, #6211 ),
 ( #4078, #2545, #4658 ),
 ( #1444, #3563, #2513 ) ),
 .UNSPECIFIED., .F., .F., .F. ) 
 B_SPLINE_SURFACE_WITH_KNOTS ( ( 4, 2, 2, 2, 2, 2, 2, 2, 2, 2, 2, 2, 2, 2, 2, 2, 2, 2, 2, 2, 2, 2, 2, 2, 4 ),
 ( 3, 3 ),
 ( -2.157302114724757303E-14, 0.0007893612180142746361, 0.001578722436050122293, 0.002368083654085969842, 0.003157444872121817608, 0.003946806090157664940, 0.004736167308193512705, 0.006314889744265208237, 0.009472334616408598432, 0.01262977948855198949, 0.01578722436069537882, 0.01894466923283876988, 0.02210211410498216095, 0.02525955897712555201, 0.03157444872141233067, 0.03473189359355571826, 0.03788933846569911279, 0.05051911795427267704, 0.05683400769855945917, 0.06314889744284624129, 0.06946378718713303035, 0.07577867693141980554, 0.08840845641999336979, 0.09472334616428015885, 0.1010382359085669340 ),
 ( 0.000000000000000000, 1.000000000000000000 ),
 .UNSPECIFIED. ) 
 GEOMETRIC_REPRESENTATION_ITEM ( )  RATIONAL_B_SPLINE_SURFACE ( (
 ( 1.000000000000000000, 0.9016252743225101618, 1.000000000000000000),
 ( 1.000000000000000000, 0.9015471649920900887, 1.000000000000000000),
 ( 1.000000000000000000, 0.9014800383700283248, 1.000000000000000000),
 ( 1.000000000000000000, 0.9001833460322579139, 1.000000000000000000),
 ( 1.000000000000000000, 0.8990751241755163825, 1.000000000000000000),
 ( 1.000000000000000000, 0.8963259759754251821, 1.000000000000000000),
 ( 1.000000000000000000, 0.8946836737068402101, 1.000000000000000000),
 ( 1.000000000000000000, 0.8913210961129245380, 1.000000000000000000),
 ( 1.000000000000000000, 0.8896050709567064896, 1.000000000000000000),
 ( 1.000000000000000000, 0.8863639876853144361, 1.000000000000000000),
 ( 1.000000000000000000, 0.8848377762488568443, 1.000000000000000000),
 ( 1.000000000000000000, 0.8820494348942988783, 1.000000000000000000),
 ( 1.000000000000000000, 0.8806690861423651651, 1.000000000000000000),
 ( 1.000000000000000000, 0.8765899141313111542, 1.000000000000000000),
 ( 1.000000000000000000, 0.8740379326824350148, 1.000000000000000000),
 ( 1.000000000000000000, 0.8669231683940905597, 1.000000000000000000),
 ( 1.000000000000000000, 0.8630312149792751519, 1.000000000000000000),
 ( 1.000000000000000000, 0.8550429758955788717, 1.000000000000000000),
 ( 1.000000000000000000, 0.8503181938415503849, 1.000000000000000000),
 ( 1.000000000000000000, 0.8404904255937811763, 1.000000000000000000),
 ( 1.000000000000000000, 0.8371971228831451839, 1.000000000000000000),
 ( 1.000000000000000000, 0.8439458276732001440, 1.000000000000000000),
 ( 1.000000000000000000, 0.8527936143866214902, 1.000000000000000000),
 ( 1.000000000000000000, 0.8553561249198731176, 1.000000000000000000),
 ( 1.000000000000000000, 0.8528047212786488140, 1.000000000000000000),
 ( 1.000000000000000000, 0.8524650887333676819, 1.000000000000000000),
 ( 1.000000000000000000, 0.8531606969725252787, 1.000000000000000000),
 ( 1.000000000000000000, 0.8538532035963330991, 1.000000000000000000),
 ( 1.000000000000000000, 0.8521905038096975193, 1.000000000000000000),
 ( 1.000000000000000000, 0.8468671873290660734, 1.000000000000000000),
 ( 1.000000000000000000, 0.8446300651083002986, 1.000000000000000000),
 ( 1.000000000000000000, 0.8393822260273648972, 1.000000000000000000),
 ( 1.000000000000000000, 0.8364221091790853269, 1.000000000000000000),
 ( 1.000000000000000000, 0.8218893351745626408, 1.000000000000000000),
 ( 1.000000000000000000, 0.8127094533394678688, 1.000000000000000000),
 ( 1.000000000000000000, 0.8043350511175646478, 1.000000000000000000),
 ( 1.000000000000000000, 0.8020743257689172401, 1.000000000000000000),
 ( 1.000000000000000000, 0.7975388587890716030, 1.000000000000000000),
 ( 1.000000000000000000, 0.7952283961866244422, 1.000000000000000000),
 ( 1.000000000000000000, 0.7903856776396773753, 1.000000000000000000),
 ( 1.000000000000000000, 0.7878960586636188923, 1.000000000000000000),
 ( 1.000000000000000000, 0.7830670957560071921, 1.000000000000000000),
 ( 1.000000000000000000, 0.7807163675303268047, 1.000000000000000000),
 ( 1.000000000000000000, 0.7742137687857003625, 1.000000000000000000),
 ( 1.000000000000000000, 0.7707336027085875951, 1.000000000000000000),
 ( 1.000000000000000000, 0.7661013743113178620, 1.000000000000000000),
 ( 1.000000000000000000, 0.7646354664803958201, 1.000000000000000000),
 ( 1.000000000000000000, 0.7617254425195101319, 1.000000000000000000),
 ( 1.000000000000000000, 0.7602955994533074913, 1.000000000000000000),
 ( 1.000000000000000000, 0.7584466283906555750, 1.000000000000000000) ) ) 
 REPRESENTATION_ITEM ( '' )  SURFACE ( )  );
#1422 = CARTESIAN_POINT ( 'NONE',  ( -6.456911623381101251, 4.663837692530796275, 7.430509673200643483 ) ) ;
#1423 = CARTESIAN_POINT ( 'NONE',  ( -65.51146436411862339, 8.103764592921665511, -7.197834709098946071 ) ) ;
#1424 = ORIENTED_EDGE ( 'NONE', *, *, #2326, .T. ) ;
#1425 = VERTEX_POINT ( 'NONE', #1116 ) ;
#1426 = CARTESIAN_POINT ( 'NONE',  ( -80.42266776436136411, 3.990729134674942280, 9.402214949421969337 ) ) ;
#1427 = CARTESIAN_POINT ( 'NONE',  ( 5.900939335006221143, 4.073591642807842916, 1.130283581928167358 ) ) ;
#1428 = CARTESIAN_POINT ( 'NONE',  ( 6.270429166758677120, 3.735595317596436704, 0.5517282390094256916 ) ) ;
#1429 = B_SPLINE_CURVE_WITH_KNOTS ( 'NONE', 3,
 ( #4763, #5184, #3595, #6823 ),
 .UNSPECIFIED., .F., .F.,
 ( 4, 4 ),
 ( 3.781033169839131589E-16, 0.0003890194007000471414 ),
 .UNSPECIFIED. ) ;
#1430 = CARTESIAN_POINT ( 'NONE',  ( 13.55546542328867154, 3.807190200291687532, -9.958963336361685847 ) ) ;
#1431 = AXIS2_PLACEMENT_3D ( 'NONE', #3160, #1602, #2120 ) ;
#1432 = EDGE_LOOP ( 'NONE', ( #393, #4047, #669, #2677 ) ) ;
#1433 = CARTESIAN_POINT ( 'NONE',  ( -9.486117366707482290, 4.497736620543596686, 8.336843768657308473 ) ) ;
#1434 = CARTESIAN_POINT ( 'NONE',  ( 4.801962602271270697, 6.483133899094919883, 6.234199713410455423 ) ) ;
#1435 = DIRECTION ( 'NONE',  ( 1.000000000000000000, 0.000000000000000000, -1.224646799147353207E-16 ) ) ;
#1436 = CALENDAR_DATE ( 2022, 12, 7 ) ;
#1437 = CARTESIAN_POINT ( 'NONE',  ( 100.3137741088867330, 3.357349188505026838, -9.185523033142095173 ) ) ;
#1438 = CARTESIAN_POINT ( 'NONE',  ( 64.94361466630378743, 2.354508378101399568, -12.13192104269640659 ) ) ;
#1439 = CARTESIAN_POINT ( 'NONE',  ( 7.656283945487314391, 6.676852697539850112, 6.139227974401581633 ) ) ;
#1440 = CARTESIAN_POINT ( 'NONE',  ( 2.840825029182339811, 5.716550919803284891, -5.293157384442340074 ) ) ;
#1441 = CARTESIAN_POINT ( 'NONE',  ( 119.3573033707310458, 6.737333486786263315, 1.930489497176182567 ) ) ;
#1442 = CARTESIAN_POINT ( 'NONE',  ( -28.52268955844220955, -8.697998131720549253, 21.83477592468261719 ) ) ;
#1443 = CARTESIAN_POINT ( 'NONE',  ( -119.3116583532034412, 7.305812056946844990, -2.105281850275374289 ) ) ;
#1444 = CARTESIAN_POINT ( 'NONE',  ( -105.6913510947064481, 6.849518853869450474, -5.026480571735388203 ) ) ;
#1445 = EDGE_CURVE ( 'NONE', #6257, #3884, #844, .T. ) ;
#1446 = CARTESIAN_POINT ( 'NONE',  ( -39.29926570730781776, 3.951130190284766641, -14.15559577941893821 ) ) ;
#1447 = CARTESIAN_POINT ( 'NONE',  ( -2.348269576125845415, 4.088653377533044697, 5.563047657411590130 ) ) ;
#1448 = CARTESIAN_POINT ( 'NONE',  ( -24.65004731239554303, 8.206780878631487752, -8.832386343406730234 ) ) ;
#1449 = CIRCLE ( 'NONE', #241, 4.000000000000039968 ) ;
#1450 = CARTESIAN_POINT ( 'NONE',  ( -21.27555187031355288, 1.256697985540937257, 14.44164334128531380 ) ) ;
#1451 = ORIENTED_EDGE ( 'NONE', *, *, #4091, .T. ) ;
#1452 = CARTESIAN_POINT ( 'NONE',  ( 95.13108366997410315, 6.629546785570739509, 5.418785204183675930 ) ) ;
#1453 = CARTESIAN_POINT ( 'NONE',  ( -118.0462173088976954, 6.996765049582778673, -4.009145130201307694 ) ) ;
#1454 = CARTESIAN_POINT ( 'NONE',  ( 8.049076467273327040, 7.495988255936476108, 6.101471626285660754 ) ) ;
#1455 = CARTESIAN_POINT ( 'NONE',  ( -72.20050196398898379, 3.293604546273788625, 10.93759362823988823 ) ) ;
#1456 = CARTESIAN_POINT ( 'NONE',  ( -9.188937555216226016, 4.413188246312239826, 8.234774011018895834 ) ) ;
#1457 = CARTESIAN_POINT ( 'NONE',  ( -44.41200937183403852, 8.613147998871866662, -8.922497874442115062 ) ) ;
#1458 = ORIENTED_EDGE ( 'NONE', *, *, #698, .F. ) ;
#1459 = ORIENTED_EDGE ( 'NONE', *, *, #2744, .T. ) ;
#1460 = CARTESIAN_POINT ( 'NONE',  ( -97.07923316681109327, 5.223766332678351887, 7.286548434615957248 ) ) ;
#1461 = FACE_OUTER_BOUND ( 'NONE', #1815, .T. ) ;
#1462 = CARTESIAN_POINT ( 'NONE',  ( -71.16802474264299860, 3.620135815882637331, 11.39222088612436679 ) ) ;
#1463 = CARTESIAN_POINT ( 'NONE',  ( -4.457578329322058330, 8.237419328072281388, -4.476147824132477027 ) ) ;
#1464 = ORIENTED_EDGE ( 'NONE', *, *, #429, .F. ) ;
#1465 = CARTESIAN_POINT ( 'NONE',  ( -18.10568386681172726, 2.359731353912214225, 12.63326061965701719 ) ) ;
#1466 = CARTESIAN_POINT ( 'NONE',  ( -1.945087574399887886, 5.124462427263999587, 6.403353233648673815 ) ) ;
#1467 = CARTESIAN_POINT ( 'NONE',  ( -2.538198793753526417, 6.648280027589137831, -6.191818223232839813 ) ) ;
#1468 = CARTESIAN_POINT ( 'NONE',  ( 99.71940612792968750, 5.935111196218344709, -2.224943161010747961 ) ) ;
#1469 = CARTESIAN_POINT ( 'NONE',  ( -55.34069894625540798, 6.565057219770170427, 0.1084410250187011343 ) ) ;
#1470 = CARTESIAN_POINT ( 'NONE',  ( 48.92008773268403132, -1.081803198662196541, -17.37646835332494177 ) ) ;
#1471 = DIRECTION ( 'NONE',  ( -0.9986423203147521965, 0.03825261363563864370, 0.03535892569650041922 ) ) ;
#1472 = EDGE_CURVE ( 'NONE', #4158, #6594, #2058, .T. ) ;
#1473 = CARTESIAN_POINT ( 'NONE',  ( -117.5056909370050136, 6.214156574401134669, -4.372984695568680635 ) ) ;
#1474 = CARTESIAN_POINT ( 'NONE',  ( -21.82453172338574987, -8.852827369009705905, 21.21912574768066406 ) ) ;
#1475 = CARTESIAN_POINT ( 'NONE',  ( 7.642198000368836119, 4.533639922779745923, -7.755917631639110965 ) ) ;
#1476 = CARTESIAN_POINT ( 'NONE',  ( -41.38186395955875696, 8.425544994839956559, -9.190212986497147796 ) ) ;
#1477 = CARTESIAN_POINT ( 'NONE',  ( -22.58584709198907703, 5.884729991147415795, -10.70037269592284623 ) ) ;
#1478 = CARTESIAN_POINT ( 'NONE',  ( 116.4440045830501163, 5.191914723508699758, -3.236276949662124203 ) ) ;
#1479 = DIRECTION ( 'NONE',  ( -1.224646799147332253E-16, 0.000000000000000000, -1.000000000000000000 ) ) ;
#1480 = CARTESIAN_POINT ( 'NONE',  ( 9.093913078308091258, -9.516293017686892952, -19.72513580322265625 ) ) ;
#1481 = CARTESIAN_POINT ( 'NONE',  ( 0.000000000000000000, -16.44246573510923426, 0.000000000000000000 ) ) ;
#1482 = CARTESIAN_POINT ( 'NONE',  ( -9.714451465470119729E-14, -3.816391647148975608E-14, -6.499999999999999112 ) ) ;
#1483 = AXIS2_PLACEMENT_3D ( 'NONE', #725, #3287, #2205 ) ;
#1484 = CARTESIAN_POINT ( 'NONE',  ( 9.871161173873600703, 7.571894287039389049, 6.314879737880376709 ) ) ;
#1485 = CARTESIAN_POINT ( 'NONE',  ( -105.3449211851134351, 5.145843124503945099, 5.642114611581652284 ) ) ;
#1486 = CARTESIAN_POINT ( 'NONE',  ( 118.3080394028455515, 6.490368429921970161, 3.815062289019216291 ) ) ;
#1487 = CARTESIAN_POINT ( 'NONE',  ( -34.88988586472638076, 9.035370808301875556, -9.500852400431945455 ) ) ;
#1488 = ORIENTED_EDGE ( 'NONE', *, *, #4514, .F. ) ;
#1489 = VERTEX_POINT ( 'NONE', #3781 ) ;
#1490 = CARTESIAN_POINT ( 'NONE',  ( -71.16270644425871694, 3.195838550932542876, 11.13194434957344825 ) ) ;
#1491 = CARTESIAN_POINT ( 'NONE',  ( 4.951541813679707360, 3.555070425538968681, -3.392280507198485839 ) ) ;
#1492 = CARTESIAN_POINT ( 'NONE',  ( -81.46859718019130980, 4.492062190031348656, 9.480304509554919434 ) ) ;
#1493 = AXIS2_PLACEMENT_3D ( 'NONE', #2755, #5318, #1165 ) ;
#1494 = B_SPLINE_CURVE_WITH_KNOTS ( 'NONE', 3,
 ( #6663, #1933, #4089, #4053, #6699, #5845, #1622, #6322, #4778, #5774, #3607, #1036, #3184, #6252, #552, #5742, #1554, #6763, #6730, #3148, #41, #2001, #5261, #5298, #5226, #3084, #482, #1520, #4121, #2591, #2664, #6220, #1110, #6797, #5808, #3224 ),
 .UNSPECIFIED., .F., .F.,
 ( 4, 2, 2, 2, 2, 2, 2, 2, 2, 2, 2, 2, 2, 2, 2, 2, 2, 4 ),
 ( 1.278439417955856344E-17, 0.0009892252030388401247, 0.001978450406077667239, 0.002967675609116495437, 0.003462288210635911488, 0.003956900812155326672, 0.004946126015194156171, 0.005935351218232984803, 0.006924576421271815170, 0.007913801624310642935, 0.008903026827349475036, 0.009892252030388303669, 0.01088147723342713577, 0.01187070243646596440, 0.01285992763950479650, 0.01384915284254362861, 0.01483837804558245724, 0.01582760324862128934 ),
 .UNSPECIFIED. ) ;
#1495 = CARTESIAN_POINT ( 'NONE',  ( 21.24826497718060025, 1.158574016675839369, -14.44164334128530847 ) ) ;
#1496 = EDGE_LOOP ( 'NONE', ( #5503, #182, #6673, #1464 ) ) ;
#1497 = CARTESIAN_POINT ( 'NONE',  ( -14.17295847488724192, 3.627154754956962712, 10.37599979078892254 ) ) ;
#1498 = CARTESIAN_POINT ( 'NONE',  ( 22.44970806908173699, 8.263582540449819547, 8.391685889376315544 ) ) ;
#1499 = DIRECTION ( 'NONE',  ( -0.9999893508874444503, 0.004614987725603183523, 2.057820001911795508E-16 ) ) ;
#1500 = VERTEX_POINT ( 'NONE', #3647 ) ;
#1501 = CARTESIAN_POINT ( 'NONE',  ( 100.2961959838867330, 6.382994980989308509, 4.375714302062982952 ) ) ;
#1502 = CARTESIAN_POINT ( 'NONE',  ( -71.69577936436449761, 1.596808517531155935, 14.19838428497315519 ) ) ;
#1503 = CARTESIAN_POINT ( 'NONE',  ( 50.56805156538487722, 0.6952839719255505813, -14.59352875811418393 ) ) ;
#1504 = CARTESIAN_POINT ( 'NONE',  ( 1.801596792799409874, 4.713299483168220227, -6.734009012043121523 ) ) ;
#1505 = FACE_OUTER_BOUND ( 'NONE', #5858, .T. ) ;
#1506 = CARTESIAN_POINT ( 'NONE',  ( -76.39827856847342957, 5.757175651279729856, 8.020893096923838783 ) ) ;
#1507 = CARTESIAN_POINT ( 'NONE',  ( 8.146923878264567875, 4.680002356245870132, -7.809216406997979476 ) ) ;
#1508 = CARTESIAN_POINT ( 'NONE',  ( -78.24879764767993606, 7.401361758782647016, -6.325509986894448211 ) ) ;
#1509 = CARTESIAN_POINT ( 'NONE',  ( -14.73434911741808051, 4.226524040130540172, -10.63617610931396129 ) ) ;
#1510 = EDGE_CURVE ( 'NONE', #1489, #1500, #201, .T. ) ;
#1511 = CARTESIAN_POINT ( 'NONE',  ( -5.975138612964362217, 3.855788082545819950, 0.7594440469863984466 ) ) ;
#1512 = CARTESIAN_POINT ( 'NONE',  ( -9.300666249569820465, 6.898352114887450703, -6.317036337591284578 ) ) ;
#1513 = CARTESIAN_POINT ( 'NONE',  ( 77.93804168701170454, -7.393958537401319475, -16.75580024719238637 ) ) ;
#1514 = CARTESIAN_POINT ( 'NONE',  ( 2.286122357308312036, 6.890450844486342596, 5.628479988899228736 ) ) ;
#1515 = CARTESIAN_POINT ( 'NONE',  ( -1.965924302494338916, 3.963746536274711740, 6.093419778309197454 ) ) ;
#1516 = CARTESIAN_POINT ( 'NONE',  ( 29.97393209487227139, -1.613173343425249318, -18.01552299013700775 ) ) ;
#1517 = CARTESIAN_POINT ( 'NONE',  ( -118.3284488962152921, 6.506353564199452322, -3.799259600748682519 ) ) ;
#1518 = CARTESIAN_POINT ( 'NONE',  ( -113.1099941688015065, 5.443102811938551611, 4.312819027513264736 ) ) ;
#1519 = CIRCLE ( 'NONE', #2964, 2.500000000000015099 ) ;
#1520 = CARTESIAN_POINT ( 'NONE',  ( -4.460537645959281150, 6.743851794729302185, 4.025896149257685686 ) ) ;
#1521 = CARTESIAN_POINT ( 'NONE',  ( -69.73768392833829921, 8.085719954192336800, -6.863108415133311269 ) ) ;
#1522 = ORIENTED_EDGE ( 'NONE', *, *, #3639, .T. ) ;
#1523 = ORIENTED_EDGE ( 'NONE', *, *, #1873, .F. ) ;
#1524 = CARTESIAN_POINT ( 'NONE',  ( -41.54114381494759556, -2.640813930112662966, 19.18599709249875929 ) ) ;
#1525 = CARTESIAN_POINT ( 'NONE',  ( -6.288578294798064405, 3.648690280773578820, 0.4522537903369828194 ) ) ;
#1526 = FACE_OUTER_BOUND ( 'NONE', #5932, .T. ) ;
#1527 =( BOUNDED_SURFACE ( )  B_SPLINE_SURFACE ( 3, 2, ( 
 ( #3580, #5680, #3056 ),
 ( #2530, #2006, #6225 ),
 ( #4858, #2741, #5233 ),
 ( #5887, #5852, #596 ) ),
 .UNSPECIFIED., .F., .F., .F. ) 
 B_SPLINE_SURFACE_WITH_KNOTS ( ( 4, 4 ),
 ( 3, 3 ),
 ( 0.03789534408539506349, 0.03915744439842394620 ),
 ( 0.000000000000000000, 1.000000000000000000 ),
 .UNSPECIFIED. ) 
 GEOMETRIC_REPRESENTATION_ITEM ( )  RATIONAL_B_SPLINE_SURFACE ( (
 ( 1.000000000000000000, 0.7301976788122512829, 1.000000000000000000),
 ( 1.000000000000000000, 0.7266991195617685806, 1.000000000000000000),
 ( 1.000000000000000000, 0.7228167949581962848, 1.000000000000000000),
 ( 1.000000000000000000, 0.7188076225584493217, 1.000000000000000000) ) ) 
 REPRESENTATION_ITEM ( '' )  SURFACE ( )  );
#1528 = CIRCLE ( 'NONE', #5404, 0.2499999999999997224 ) ;
#1529 = DIRECTION ( 'NONE',  ( 0.000000000000000000, 0.000000000000000000, -1.000000000000000000 ) ) ;
#1530 = CARTESIAN_POINT ( 'NONE',  ( -2.405404755501104663, 7.000807896259487073, -5.827789074180270035 ) ) ;
#1531 = CARTESIAN_POINT ( 'NONE',  ( 117.0888515301344484, 6.020851531303352822, 4.266190544207564272 ) ) ;
#1532 = CARTESIAN_POINT ( 'NONE',  ( 97.25047415097772330, 7.124699396483680225, 5.431118242042214384 ) ) ;
#1533 = CARTESIAN_POINT ( 'NONE',  ( 22.57491221841103624, 7.912903030665496829, 8.480866915619948543 ) ) ;
#1534 = CARTESIAN_POINT ( 'NONE',  ( 73.18600463867187500, 9.121957810102342634, 13.94976520538329900 ) ) ;
#1535 = CARTESIAN_POINT ( 'NONE',  ( -33.07545611131400420, -3.505553739355579346, 19.47144317626953480 ) ) ;
#1536 = CARTESIAN_POINT ( 'NONE',  ( 50.56299404278778553, 1.098767119762456002, -14.88496189104987799 ) ) ;
#1537 = DIRECTION ( 'NONE',  ( -0.03171330490626268761, -0.1944602700912189119, 0.9803976079366845120 ) ) ;
#1538 = CARTESIAN_POINT ( 'NONE',  ( 118.6510796592478272, 6.786121191001988073, 3.198964688822576452 ) ) ;
#1539 = CARTESIAN_POINT ( 'NONE',  ( -16.29479595195576636, 7.270642061555929736, -7.210439394019346082 ) ) ;
#1540 = FACE_OUTER_BOUND ( 'NONE', #3743, .T. ) ;
#1541 = CARTESIAN_POINT ( 'NONE',  ( -57.17138619298540902, 7.985560242082736515, -7.781716544472097041 ) ) ;
#1542 = CARTESIAN_POINT ( 'NONE',  ( -77.77266448008435873, 3.243367220138324569, -12.17317867279051491 ) ) ;
#1543 = ADVANCED_FACE ( 'NONE', ( #2597 ), #3162, .T. ) ;
#1544 = CARTESIAN_POINT ( 'NONE',  ( -5.914936892972835203, 4.100856849862658748, -1.130283581928166248 ) ) ;
#1545 = CARTESIAN_POINT ( 'NONE',  ( -10.08333568171910066, 6.980838686796497328, -6.413898249661819762 ) ) ;
#1546 = CARTESIAN_POINT ( 'NONE',  ( -2.571975438380004864, 6.299053800243562762, -6.166481769391794820 ) ) ;
#1547 = CARTESIAN_POINT ( 'NONE',  ( 0.000000000000000000, 0.000000000000000000, 0.000000000000000000 ) ) ;
#1548 = CARTESIAN_POINT ( 'NONE',  ( -1.870973073134489795, 4.782910200437317627, 6.712091249094128464 ) ) ;
#1549 = CARTESIAN_POINT ( 'NONE',  ( -13.24148867613664571, 11.82018067092113256, -15.59833335876464488 ) ) ;
#1550 = CARTESIAN_POINT ( 'NONE',  ( 78.34914061997778845, 3.921397944783172829, -9.988694593596950000 ) ) ;
#1551 = DIRECTION ( 'NONE',  ( 1.000000000000000000, 0.000000000000000000, -1.224646799147353207E-16 ) ) ;
#1552 = ORIENTED_EDGE ( 'NONE', *, *, #3349, .F. ) ;
#1553 = CARTESIAN_POINT ( 'NONE',  ( -103.2726243051505435, 5.068830183899108555, 5.986042443749284736 ) ) ;
#1554 = CARTESIAN_POINT ( 'NONE',  ( -5.936277105401463139, 8.430714136367681633, -0.8922084527094527040 ) ) ;
#1555 = CARTESIAN_POINT ( 'NONE',  ( -41.24340250672588581, 8.648397460761213296, -9.203726284506366540 ) ) ;
#1556 = B_SPLINE_CURVE_WITH_KNOTS ( 'NONE', 3,
 ( #3497, #2422, #6186, #2945, #1452, #1381, #6657, #3569, #347, #4535, #932, #3045, #3438, #4048, #413, #2519, #4635, #6725, #1995, #285, #2390, #4503, #6595, #3984, #6086, #1581, #5190, #6215, #4808, #5767, #6792, #2621, #3111, #546, #5737, #966, #4698, #2026, #2656, #2100, #509, #6348, #1615, #4770, #4150, #2691, #4220, #6315 ),
 .UNSPECIFIED., .F., .F.,
 ( 4, 2, 2, 2, 2, 2, 2, 2, 2, 2, 2, 2, 2, 2, 2, 2, 2, 2, 2, 2, 2, 2, 2, 4 ),
 ( 0.1450135166418950461, 0.1513477486452455001, 0.1576819806485959541, 0.1703504446552969176, 0.1830189086619978811, 0.1893531406653483629, 0.1956873726686988724, 0.2083558366753998636, 0.2115229526770751045, 0.2146900686787503454, 0.2210243006821008549, 0.2241914166837761235, 0.2273585326854513644, 0.2305256486871266053, 0.2336927646888018462, 0.2368598806904771148, 0.2400269966921523834, 0.2416105546929899761, 0.2424023336934088002, 0.2431941126938276243, 0.2439858916942464484, 0.2447776706946652447, 0.2455694496950840411, 0.2463612286955028652 ),
 .UNSPECIFIED. ) ;
#1557 = CARTESIAN_POINT ( 'NONE',  ( -2.558636094002796568, 6.419297006621806467, -6.242708896750484016 ) ) ;
#1558 = ORIENTED_EDGE ( 'NONE', *, *, #5054, .F. ) ;
#1559 = CARTESIAN_POINT ( 'NONE',  ( -53.25255193125467912, 0.05934067323033016123, 16.30694450673150087 ) ) ;
#1560 = CARTESIAN_POINT ( 'NONE',  ( -4.828601836283691107, 4.896659235532437648, -4.161816533986149480 ) ) ;
#1561 = CARTESIAN_POINT ( 'NONE',  ( -9.662403976506356660E-14, -0.5000000000000177636, 4.000000000000000000 ) ) ;
#1562 = CARTESIAN_POINT ( 'NONE',  ( 119.7609589303012143, 6.567026332977278003, 0.6760298661788333163 ) ) ;
#1563 = CARTESIAN_POINT ( 'NONE',  ( 18.36506459706922101, 7.351383462940922264, 7.563324742208354046 ) ) ;
#1564 = CARTESIAN_POINT ( 'NONE',  ( -2.318731572669543883, 6.974590050212094106, -5.734236491347347808 ) ) ;
#1565 = FACE_OUTER_BOUND ( 'NONE', #4401, .T. ) ;
#1566 = CARTESIAN_POINT ( 'NONE',  ( -9.665465593504225669E-14, -42.18829223128360439, 4.000000000000020428 ) ) ;
#1567 = CARTESIAN_POINT ( 'NONE',  ( 114.9081497192382813, 0.6722011877878494301, -15.47028350830078836 ) ) ;
#1568 = CARTESIAN_POINT ( 'NONE',  ( -14.56408037777736553, 6.346272357255297258, -5.784553050994869494 ) ) ;
#1569 = CARTESIAN_POINT ( 'NONE',  ( 71.14383740707434356, 2.867465325926497055, -11.13194434955526368 ) ) ;
#1570 = EDGE_CURVE ( 'NONE', #4225, #3477, #4062, .T. ) ;
#1571 = ORIENTED_EDGE ( 'NONE', *, *, #408, .T. ) ;
#1572 = EDGE_CURVE ( 'NONE', #4925, #909, #858, .T. ) ;
#1573 = SPHERICAL_SURFACE ( 'NONE', #6272, 6.915440399266786109 ) ;
#1574 = CARTESIAN_POINT ( 'NONE',  ( -41.36734868115361508, 8.197147004377677959, -9.039273698284089775 ) ) ;
#1575 = CARTESIAN_POINT ( 'NONE',  ( -105.6419080805824109, 7.081140322191274983, -5.242536819376034884 ) ) ;
#1576 = CARTESIAN_POINT ( 'NONE',  ( 1.726295681438985374, 5.342345258592503754, -5.815595811549686189 ) ) ;
#1577 = CARTESIAN_POINT ( 'NONE',  ( -50.47792936026234401, 5.195643748449466415, -11.67739963531493075 ) ) ;
#1578 = CARTESIAN_POINT ( 'NONE',  ( -2.287021989321961879, 6.277330409741210815, -5.548628326630664631 ) ) ;
#1579 = CARTESIAN_POINT ( 'NONE',  ( -2.558324417422236596, 6.486832020799945475, -6.002003839226405901 ) ) ;
#1580 = CARTESIAN_POINT ( 'NONE',  ( -16.56469936612758431, 2.353800432000337839, 11.35227663782466578 ) ) ;
#1581 = CARTESIAN_POINT ( 'NONE',  ( 22.53612909058546165, 7.684601759545189203, 8.333977472267340758 ) ) ;
#1582 = DIRECTION ( 'NONE',  ( -0.9999893508874444503, 0.004614987725603184390, 0.000000000000000000 ) ) ;
#1583 = CARTESIAN_POINT ( 'NONE',  ( -10.97152854725711357, 6.485451803216303546, -5.845096588134762960 ) ) ;
#1584 = CARTESIAN_POINT ( 'NONE',  ( 40.70245745036709906, -1.198698865174324224, -17.58962785205162760 ) ) ;
#1585 = CARTESIAN_POINT ( 'NONE',  ( -119.0444513469582404, 6.476047398196214999, -3.096440970710844010 ) ) ;
#1586 = VERTEX_POINT ( 'NONE', #5740 ) ;
#1587 = CARTESIAN_POINT ( 'NONE',  ( 2.305675107495953835, 6.474668977480725118, 6.014267845441760407 ) ) ;
#1588 = CARTESIAN_POINT ( 'NONE',  ( -2.532515473836194797, 6.761989534148255210, -6.094499183668260045 ) ) ;
#1589 = CARTESIAN_POINT ( 'NONE',  ( -8.302560140662384569, 7.472088517595964596, -6.205896832216891923 ) ) ;
#1590 = CARTESIAN_POINT ( 'NONE',  ( 126.5149154663086080, 3.677944929776970628, 8.177586555480949926 ) ) ;
#1591 = EDGE_LOOP ( 'NONE', ( #6194, #629 ) ) ;
#1592 = AXIS2_PLACEMENT_3D ( 'NONE', #2618, #6346, #2166 ) ;
#1593 = CARTESIAN_POINT ( 'NONE',  ( -66.52389669487573087, 3.201663466482827847, 12.17395880826883925 ) ) ;
#1594 = CARTESIAN_POINT ( 'NONE',  ( -2.768714426840834353, 6.120924689242658978, -5.333938711130066679 ) ) ;
#1595 = CARTESIAN_POINT ( 'NONE',  ( 1.951336035593022711, 3.954707433956372586, -6.093419778309198342 ) ) ;
#1596 = CARTESIAN_POINT ( 'NONE',  ( -115.6256637156756284, 6.118573975938344844, 3.722130907885342843 ) ) ;
#1597 = ADVANCED_FACE ( 'NONE', ( #5224 ), #4957, .T. ) ;
#1598 = CARTESIAN_POINT ( 'NONE',  ( 24.56804330161183003, 8.085813519887240730, 8.818429824563322583 ) ) ;
#1599 = LINE ( 'NONE', #1120, #1206 ) ;
#1600 = CARTESIAN_POINT ( 'NONE',  ( -2.313267595456972359, 5.587624312650498304, 5.982621809437723037 ) ) ;
#1601 = B_SPLINE_CURVE_WITH_KNOTS ( 'NONE', 3,
 ( #4591, #6109, #2509, #956 ),
 .UNSPECIFIED., .F., .F.,
 ( 4, 4 ),
 ( 9.578849408473038933E-05, 0.0002758826972114358008 ),
 .UNSPECIFIED. ) ;
#1602 = DIRECTION ( 'NONE',  ( -0.000000000000000000, -1.000000000000000000, -0.000000000000000000 ) ) ;
#1603 = CARTESIAN_POINT ( 'NONE',  ( 5.906367826455574566, 8.276267426105956559, -1.106275979865530612 ) ) ;
#1604 = CARTESIAN_POINT ( 'NONE',  ( -56.21779369445316377, 8.597905977171937053, -10.39490318298338778 ) ) ;
#1605 = CARTESIAN_POINT ( 'NONE',  ( 30.96547863849529492, -1.799612384691473332, -18.22704667963454028 ) ) ;
#1606 = VERTEX_POINT ( 'NONE', #4292 ) ;
#1607 = CARTESIAN_POINT ( 'NONE',  ( 118.4385806271093600, 6.710849177463643400, 3.697961423089131117 ) ) ;
#1608 = DIRECTION ( 'NONE',  ( -0.004366131516223697995, -0.9460664427286651357, 0.3239432401491229574 ) ) ;
#1609 = CARTESIAN_POINT ( 'NONE',  ( 3.946864147077738583, 4.719780506904807105, -6.956837702156990488 ) ) ;
#1610 = CARTESIAN_POINT ( 'NONE',  ( 3.756353207231427849, 3.531784232144370872, -5.064137887207672328 ) ) ;
#1611 = CARTESIAN_POINT ( 'NONE',  ( 1.712170661045732123, 3.990425097368146545, -6.143217453309264720 ) ) ;
#1612 = CARTESIAN_POINT ( 'NONE',  ( -5.847900645417918319, 4.153758822979622956, -1.434703308690026713 ) ) ;
#1613 = DIRECTION ( 'NONE',  ( -0.9999893508874444503, 0.004614987725603184390, 0.000000000000000000 ) ) ;
#1614 = CARTESIAN_POINT ( 'NONE',  ( 117.8025914962149727, 6.669933385547236249, 3.952406466080306657 ) ) ;
#1615 = CARTESIAN_POINT ( 'NONE',  ( 6.626459494227590952, 6.398004710960749186, 5.999250812767921381 ) ) ;
#1616 = CARTESIAN_POINT ( 'NONE',  ( 2.493194189903793045, 6.003789298358211290, 5.850254780704764457 ) ) ;
#1617 = CARTESIAN_POINT ( 'NONE',  ( 2.201296187167180118, 6.290801355839321651, 5.581590373406780436 ) ) ;
#1618 = CARTESIAN_POINT ( 'NONE',  ( 65.98576482161898582, 2.851940933130018063, -12.25520854916028135 ) ) ;
#1619 = CARTESIAN_POINT ( 'NONE',  ( -117.4888872512795785, 6.560804956567764634, -4.336868504586325557 ) ) ;
#1620 = ORIENTED_EDGE ( 'NONE', *, *, #1151, .F. ) ;
#1621 = CARTESIAN_POINT ( 'NONE',  ( -6.882026859255078399, 6.642544706416487088, -6.100403142057717609 ) ) ;
#1622 = CARTESIAN_POINT ( 'NONE',  ( -4.209038879808161937, 7.958944706409759817, -4.283374695262893717 ) ) ;
#1623 = CARTESIAN_POINT ( 'NONE',  ( -11.94504625322747415, 7.640715728104632731, -6.668007510415089101 ) ) ;
#1624 = CIRCLE ( 'NONE', #1402, 0.2500000000000000555 ) ;
#1625 = CARTESIAN_POINT ( 'NONE',  ( 7.397611141204834873, 4.520795853315303425, 8.566063880920410156 ) ) ;
#1626 = ORIENTED_EDGE ( 'NONE', *, *, #6782, .T. ) ;
#1627 = CARTESIAN_POINT ( 'NONE',  ( -49.59784797184481420, 0.7366945956857043898, 14.83289837022294044 ) ) ;
#1628 = CARTESIAN_POINT ( 'NONE',  ( -5.907083616568913342, 3.809031175085810350, -1.181082906464670623 ) ) ;
#1629 = CARTESIAN_POINT ( 'NONE',  ( 95.12611218019043235, 7.183956896634590805, 5.527180720772618017 ) ) ;
#1630 = CARTESIAN_POINT ( 'NONE',  ( -46.61676163042683640, 0.4852045516263309155, 15.91188783732288137 ) ) ;
#1631 = ADVANCED_FACE ( 'NONE', ( #4701 ), #6760, .F. ) ;
#1632 = CARTESIAN_POINT ( 'NONE',  ( 84.57976521463373842, 6.896455723905273949, 5.978292368946894086 ) ) ;
#1633 = TOROIDAL_SURFACE ( 'NONE', #2517, 3.500000000000000000, 0.9999999999999574785 ) ;
#1634 = CARTESIAN_POINT ( 'NONE',  ( -120.2055989492835977, 3.400370108995504737, 11.61205922631785370 ) ) ;
#1635 = CARTESIAN_POINT ( 'NONE',  ( -2.868985021485309872, 6.243494756101495291, 5.284644612819585419 ) ) ;
#1636 = CARTESIAN_POINT ( 'NONE',  ( 84.60189594853324024, 7.139965154796290570, 6.179284237689591563 ) ) ;
#1637 = ORIENTED_EDGE ( 'NONE', *, *, #834, .T. ) ;
#1638 = CARTESIAN_POINT ( 'NONE',  ( 5.709417692504907826, 8.475563584362246772, 1.873609026030871538 ) ) ;
#1639 = CARTESIAN_POINT ( 'NONE',  ( -101.0548743687588455, -3.993115725948098049, 24.66734695434571734 ) ) ;
#1640 = CARTESIAN_POINT ( 'NONE',  ( 29.32182357379830862, -3.088011137938405870, -19.37348237042328947 ) ) ;
#1641 = ORIENTED_EDGE ( 'NONE', *, *, #5053, .F. ) ;
#1642 = CARTESIAN_POINT ( 'NONE',  ( 15.59040853068756860, 2.414137738130187394, -11.16213886597559224 ) ) ;
#1643 = CARTESIAN_POINT ( 'NONE',  ( -1.734714791248386012, 5.355605211962440215, 5.810212861153393860 ) ) ;
#1644 = CARTESIAN_POINT ( 'NONE',  ( 9.011945791155710594, 4.390576047304483254, -8.179319459148437943 ) ) ;
#1645 = CARTESIAN_POINT ( 'NONE',  ( 1.695608877388017577, 3.974682073578362562, -6.095968185507116388 ) ) ;
#1646 = CARTESIAN_POINT ( 'NONE',  ( 1.698346196613170322, 4.743902501683209927, -6.402376139004576139 ) ) ;
#1647 = CARTESIAN_POINT ( 'NONE',  ( 114.1189523905354690, 4.986176001359460486, -4.049659878493386600 ) ) ;
#1648 = CARTESIAN_POINT ( 'NONE',  ( 113.2004881833499184, 6.224640195654651542, 5.331755808689611520 ) ) ;
#1649 = CARTESIAN_POINT ( 'NONE',  ( 117.1846459811395817, 6.268541165317198072, 4.475785761118371120 ) ) ;
#1650 = CARTESIAN_POINT ( 'NONE',  ( -16.71753545155622334, 2.938028114994530426, 11.69614492074321355 ) ) ;
#1651 = CARTESIAN_POINT ( 'NONE',  ( 10.95246547811451165, 3.456281948835687512, -8.622772540392865892 ) ) ;
#1652 = DIRECTION ( 'NONE',  ( 0.000000000000000000, 0.000000000000000000, -1.000000000000000000 ) ) ;
#1653 = EDGE_CURVE ( 'NONE', #2610, #2821, #4396, .T. ) ;
#1654 = DIRECTION ( 'NONE',  ( 0.4423192564636392321, -0.002041319677620684597, 0.8968553441750944932 ) ) ;
#1655 = CARTESIAN_POINT ( 'NONE',  ( 34.60300660498277381, -2.045632909487419937, -18.50468993723258038 ) ) ;
#1656 = CARTESIAN_POINT ( 'NONE',  ( -116.8775374708177566, 6.823399591882067128, -4.580598064386773416 ) ) ;
#1657 = ORIENTED_EDGE ( 'NONE', *, *, #6532, .T. ) ;
#1658 = CARTESIAN_POINT ( 'NONE',  ( -105.6954847259703030, 7.096851883632285585, -4.990296521647254124 ) ) ;
#1659 = CARTESIAN_POINT ( 'NONE',  ( -119.4567171044019602, 6.375418934534395454, -0.5776595353247820919 ) ) ;
#1660 = CARTESIAN_POINT ( 'NONE',  ( -19.20737655282060174, 8.028728369895365091, -7.870137124130300421 ) ) ;
#1661 = CARTESIAN_POINT ( 'NONE',  ( -9.668527210502093417E-14, 6.488675134594886984, 3.500000000000023537 ) ) ;
#1662 = VERTEX_POINT ( 'NONE', #4739 ) ;
#1663 = CARTESIAN_POINT ( 'NONE',  ( -53.62117652130452683, 1.843123774371320689, 14.22566141677692997 ) ) ;
#1664 = ADVANCED_FACE ( 'NONE', ( #6388 ), #866, .T. ) ;
#1665 = CARTESIAN_POINT ( 'NONE',  ( -6.195672529416683005, 3.859149691019065909, -1.226454991803319183 ) ) ;
#1666 = CARTESIAN_POINT ( 'NONE',  ( 118.1704695760213042, 5.954440508180845804, 3.610790686740092070 ) ) ;
#1667 = CARTESIAN_POINT ( 'NONE',  ( 2.530835030330165658, 6.750305821724094102, 6.094499183668260933 ) ) ;
#1668 = CARTESIAN_POINT ( 'NONE',  ( -28.53586535925374079, -1.119492806665777884, 17.59500198451085495 ) ) ;
#1669 = CARTESIAN_POINT ( 'NONE',  ( 40.31276231785177089, 8.050126372378690220, 9.136542754958387746 ) ) ;
#1670 = CARTESIAN_POINT ( 'NONE',  ( -2.462931744058489691, 6.997370059485120031, -5.866430901879486015 ) ) ;
#1671 = CARTESIAN_POINT ( 'NONE',  ( -1.742958211933965718, 4.526145314544056220, 5.744876568438828102 ) ) ;
#1672 = CARTESIAN_POINT ( 'NONE',  ( -9.714451465470119729E-14, -42.18829223128360439, -5.500000000000000000 ) ) ;
#1673 = ORIENTED_EDGE ( 'NONE', *, *, #4200, .T. ) ;
#1674 = CARTESIAN_POINT ( 'NONE',  ( 2.230056040427748965, 5.396095973151018299, -5.578332674954289416 ) ) ;
#1675 = FACE_OUTER_BOUND ( 'NONE', #2467, .T. ) ;
#1676 = CARTESIAN_POINT ( 'NONE',  ( 25.66298871189830066, -0.3699565504058979770, -16.51445520658426247 ) ) ;
#1677 = ORIENTED_EDGE ( 'NONE', *, *, #5412, .F. ) ;
#1678 = CARTESIAN_POINT ( 'NONE',  ( 11.48826704725840564, 3.611916717067865878, -9.120492622993504384 ) ) ;
#1679 = CARTESIAN_POINT ( 'NONE',  ( -15.25491580757370791, 7.181002458258289423, -7.039605362332546967 ) ) ;
#1680 = CARTESIAN_POINT ( 'NONE',  ( -16.54611859340461066, 2.565294673726318475, 11.70334416175098546 ) ) ;
#1681 = DIRECTION ( 'NONE',  ( -0.9998978216575323819, -0.01417029760755641153, -0.001883855152345660861 ) ) ;
#1682 = CARTESIAN_POINT ( 'NONE',  ( -1.703051089436808718, 4.481090078456606562, 6.728830203641304131 ) ) ;
#1683 = CARTESIAN_POINT ( 'NONE',  ( 104.5571736406002827, 3.079807059817109227, -10.11592074720988776 ) ) ;
#1684 = CARTESIAN_POINT ( 'NONE',  ( 2.307630542706720522, 6.161968734193117747, 6.044821617370484290 ) ) ;
#1685 = EDGE_CURVE ( 'NONE', #1606, #941, #1691, .T. ) ;
#1686 = CARTESIAN_POINT ( 'NONE',  ( 119.2935127757605756, 6.169635255432301513, 2.712981958017641304 ) ) ;
#1687 = CARTESIAN_POINT ( 'NONE',  ( -11.91341834227804419, 4.221000000177285827, 9.181472514246340921 ) ) ;
#1688 = DIRECTION ( 'NONE',  ( 0.04920464081070712731, 0.000000000000000000, 0.9987887180593749692 ) ) ;
#1689 = CARTESIAN_POINT ( 'NONE',  ( -4.832890016170720671, 2.966867740711270685, 4.603000164031982422 ) ) ;
#1690 = CARTESIAN_POINT ( 'NONE',  ( -59.21143641844682293, 8.265388200838682309, -7.527865410125918366 ) ) ;
#1691 = LINE ( 'NONE', #3944, #4613 ) ;
#1692 = ORIENTED_EDGE ( 'NONE', *, *, #1874, .F. ) ;
#1693 = CARTESIAN_POINT ( 'NONE',  ( -4.835862651127921019, 6.579259460566496465, -6.323368891769272082 ) ) ;
#1694 = CARTESIAN_POINT ( 'NONE',  ( 26.60503160368113384, -1.069581954259297696, -16.59633959396922620 ) ) ;
#1695 = CARTESIAN_POINT ( 'NONE',  ( -10.38349983625196948, 7.566610433558386362, -6.457089456004814210 ) ) ;
#1696 = DIRECTION ( 'NONE',  ( -0.03301501656920619726, 0.7594678544453717928, -0.6497065389428360316 ) ) ;
#1697 = EDGE_LOOP ( 'NONE', ( #2159, #1141, #5105, #4745 ) ) ;
#1698 = CARTESIAN_POINT ( 'NONE',  ( -25.00121701673889518, -0.4241966927354984818, 15.92700979414968643 ) ) ;
#1699 = CARTESIAN_POINT ( 'NONE',  ( -16.23994180248728014, 7.804552803038034448, -7.345770072734340239 ) ) ;
#1700 = CARTESIAN_POINT ( 'NONE',  ( 119.5876507713980885, 6.153833111316592941, 2.015416999546443044 ) ) ;
#1701 = CARTESIAN_POINT ( 'NONE',  ( 57.06531481356505253, 7.928063944756418735, 7.791964567215672766 ) ) ;
#1702 = CARTESIAN_POINT ( 'NONE',  ( 28.68213262027620658, 8.577698606857248720, 9.371974592602967391 ) ) ;
#1703 = CARTESIAN_POINT ( 'NONE',  ( 71.93433793253534247, 7.215610944376718905, 6.843963707839173516 ) ) ;
#1704 = ADVANCED_FACE ( 'NONE', ( #3804 ), #4408, .T. ) ;
#1705 = B_SPLINE_SURFACE_WITH_KNOTS ( 'NONE', 3, 3, ( 
 ( #6180, #2055, #6788, #472, #2579, #1446, #2616, #6279, #1542, #4146, #6311, #3662 ),
 ( #5763, #1059, #5664, #6212, #1025, #927, #1577, #3694, #3137, #6825, #2096, #5285 ),
 ( #3039, #5152, #1509, #1477, #3597, #5698, #3073, #2546, #4659, #6753, #793, #307 ),
 ( #5462, #4463, #1725, #2937, #1249, #3459, #2345, #3429, #694, #4431, #6553, #3909 ),
 ( #5431, #5016, #1342, #2380, #5561, #6014, #2277, #6522, #3942, #3839, #1280, #824 ),
 ( #2835, #4951, #1795, #6048, #2415, #2798, #4916, #3331, #5946, #275, #209, #5050 ),
 ( #5495, #6078, #6453, #4392, #1215, #175, #6488, #1760, #3876, #5982, #5529, #3396 ),
 ( #1310, #3364, #728, #4984, #4495, #2315, #762, #2870, #243, #1825, #2904, #6586 ),
 ( #1858, #3976, #3594, #991, #4007, #4628, #2543, #6650, #1506, #3488, #4528, #440 ),
 ( #4108, #6240, #5695, #5729, #4076, #3627, #6749, #5595, #6618, #4657, #5149, #6209 ),
 ( #958, #3104, #6176, #5214, #2019, #6685, #403, #469, #6111, #1891, #4143, #3526 ),
 ( #1374, #5183, #1985, #1474, #1442, #856, #3070, #2972, #5086, #341, #2446, #4561 ) ),
 .UNSPECIFIED., .F., .F., .F.,
 ( 4, 1, 1, 1, 1, 1, 1, 1, 1, 4 ),
 ( 4, 1, 1, 1, 1, 1, 1, 1, 1, 4 ),
 ( 0.000000000000000000, 0.1417127847671508789, 0.1551509052515029907, 0.1657356023788452148, 0.1771409809589385986, 0.2231217920780181885, 0.3333333432674407959, 0.5326879024505615234, 0.6666666865348815918, 1.000000000000000000 ),
 ( 0.000000000000000000, 0.08963161706924438477, 0.1213425919413566589, 0.1563608050346374512, 0.2438607364892959595, 0.3333333432674407959, 0.4686315357685089111, 0.6666666865348815918, 0.8459483385086059570, 1.000000000000000000 ),
 .UNSPECIFIED. ) ;
#1706 = CARTESIAN_POINT ( 'NONE',  ( -114.8842476242728452, 6.047590754598188845, 3.983175643769668817 ) ) ;
#1707 = CARTESIAN_POINT ( 'NONE',  ( -1.459501938618056327, 5.659633756793001069, 5.824927885673536032 ) ) ;
#1708 = DIRECTION ( 'NONE',  ( -8.326672684688676518E-17, 0.000000000000000000, -1.000000000000000000 ) ) ;
#1709 = AXIS2_PLACEMENT_3D ( 'NONE', #2794, #4525, #3393 ) ;
#1710 = CARTESIAN_POINT ( 'NONE',  ( 2.306169805663711880, 5.576964932441375922, -5.982621809437696392 ) ) ;
#1711 = CARTESIAN_POINT ( 'NONE',  ( -99.85738483097507867, 6.687531446520336154, -1.472760915756208711 ) ) ;
#1712 = CARTESIAN_POINT ( 'NONE',  ( 25.20116761152197071, -0.2184470868970677937, -16.32159804134059655 ) ) ;
#1713 = ORIENTED_EDGE ( 'NONE', *, *, #5426, .F. ) ;
#1714 = CARTESIAN_POINT ( 'NONE',  ( -2.284386610247953531, 6.713605490434369827, -5.548884199849538845 ) ) ;
#1715 = CARTESIAN_POINT ( 'NONE',  ( -119.4567189346646785, 7.152603400135786771, -0.9687986814571909466 ) ) ;
#1716 = CARTESIAN_POINT ( 'NONE',  ( -6.341100311256214539, 4.169196148676120650, 7.406056382774757196 ) ) ;
#1717 = FACE_OUTER_BOUND ( 'NONE', #6639, .T. ) ;
#1718 = CARTESIAN_POINT ( 'NONE',  ( 0.000000000000000000, 12.99999999999999822, 0.000000000000000000 ) ) ;
#1719 = CARTESIAN_POINT ( 'NONE',  ( 112.2598075409900105, 2.601212537371689226, -11.11175156105231032 ) ) ;
#1720 = FACE_OUTER_BOUND ( 'NONE', #131, .T. ) ;
#1721 = CIRCLE ( 'NONE', #6784, 2.500000000000026201 ) ;
#1722 = DIRECTION ( 'NONE',  ( -0.000000000000000000, -1.000000000000000000, -0.000000000000000000 ) ) ;
#1723 = CARTESIAN_POINT ( 'NONE',  ( -5.272237111193478043, 3.969888359084408513, 6.978794469352015639 ) ) ;
#1724 = FACE_BOUND ( 'NONE', #4446, .T. ) ;
#1725 = CARTESIAN_POINT ( 'NONE',  ( -13.99534868565914536, 6.024326778982190156, -8.578598022460933947 ) ) ;
#1726 = CARTESIAN_POINT ( 'NONE',  ( -16.20016472664132579, 7.990911753068290047, -7.252468088083273479 ) ) ;
#1727 = CARTESIAN_POINT ( 'NONE',  ( -119.6692316096229263, 6.436010566499008156, -1.517443421809559156 ) ) ;
#1728 = EDGE_CURVE ( 'NONE', #12, #2396, #4060, .T. ) ;
#1729 = CARTESIAN_POINT ( 'NONE',  ( 44.64253890328794938, -0.6021730044660447145, -16.16928719458774566 ) ) ;
#1730 = CARTESIAN_POINT ( 'NONE',  ( -9.082374507234227679, 7.508110821239788457, -6.295441652898598583 ) ) ;
#1731 = CARTESIAN_POINT ( 'NONE',  ( 4.355154514312741476, 0.1155534102305899591, 12.46649932861328125 ) ) ;
#1732 = ORIENTED_EDGE ( 'NONE', *, *, #6262, .T. ) ;
#1733 = CARTESIAN_POINT ( 'NONE',  ( -29.50590751157096037, -1.362445136442612226, 17.88413441607489318 ) ) ;
#1734 = CARTESIAN_POINT ( 'NONE',  ( -8.169582903186960010, 7.358778056290327996, -6.190359486617856177 ) ) ;
#1735 = CARTESIAN_POINT ( 'NONE',  ( 119.6056985918091584, 5.900796817134884797, 1.936109280632050345 ) ) ;
#1736 = CARTESIAN_POINT ( 'NONE',  ( 30.67213223350401563, 8.771093893463390856, 9.527562372035404792 ) ) ;
#1737 = CARTESIAN_POINT ( 'NONE',  ( -25.24347203395020145, -0.1050801607763671985, 16.32655481830479971 ) ) ;
#1738 = CARTESIAN_POINT ( 'NONE',  ( 59.28162075797777675, 7.482502050738617960, 7.612835976396651105 ) ) ;
#1739 = CARTESIAN_POINT ( 'NONE',  ( -112.3434395757277855, 5.403065629490837019, 4.473386456808927214 ) ) ;
#1740 = AXIS2_PLACEMENT_3D ( 'NONE', #6609, #4941, #2403 ) ;
#1741 = CARTESIAN_POINT ( 'NONE',  ( -5.591920175844956375, 8.503712268471671720, -2.184256634957642884 ) ) ;
#1742 = ADVANCED_FACE ( 'NONE', ( #3246 ), #3252, .T. ) ;
#1743 = DIRECTION ( 'NONE',  ( -0.000000000000000000, -1.000000000000000000, -0.000000000000000000 ) ) ;
#1744 = CARTESIAN_POINT ( 'NONE',  ( -101.5954016620657967, 7.912674682494196254, -10.90947341918943359 ) ) ;
#1745 = CIRCLE ( 'NONE', #2068, 0.2500000000000003331 ) ;
#1746 = CARTESIAN_POINT ( 'NONE',  ( 32.24198048429600760, -3.576623223465122958, -19.87426098562865562 ) ) ;
#1747 = AXIS2_PLACEMENT_3D ( 'NONE', #5538, #6694, #2486 ) ;
#1748 = ORIENTED_EDGE ( 'NONE', *, *, #3326, .T. ) ;
#1749 = CARTESIAN_POINT ( 'NONE',  ( -1.697494389936696324, 4.438920114060669775, 6.681295894292136772 ) ) ;
#1750 = CARTESIAN_POINT ( 'NONE',  ( -119.4556047714005018, 7.010579608462815138, -0.1762816709210259514 ) ) ;
#1751 = CARTESIAN_POINT ( 'NONE',  ( 11.66451931347340754, 4.127375826568113304, -9.182807739549952331 ) ) ;
#1752 = AXIS2_PLACEMENT_3D ( 'NONE', #3512, #5618, #881 ) ;
#1753 = CARTESIAN_POINT ( 'NONE',  ( 5.424664792644541933, 3.325034203549643852, -2.584557739775152907 ) ) ;
#1754 = CARTESIAN_POINT ( 'NONE',  ( 1.727399907963249603, 3.877946303542052497, -5.836476187392317883 ) ) ;
#1755 = CARTESIAN_POINT ( 'NONE',  ( 110.4893660662527708, 2.777090388866065407, -10.67087795715571197 ) ) ;
#1756 = CARTESIAN_POINT ( 'NONE',  ( 5.317773833830687025, 6.420516376897722921, 6.120199369804351974 ) ) ;
#1757 = CARTESIAN_POINT ( 'NONE',  ( -5.955904275531167968, 8.003412103998716276, 2.034214848785253604 ) ) ;
#1758 = CARTESIAN_POINT ( 'NONE',  ( -1.566843370202279928, 4.160128145880395145, 6.555929395932835746 ) ) ;
#1759 = CARTESIAN_POINT ( 'NONE',  ( 2.283107464193440350, 6.266784807924365097, 5.548628326630665519 ) ) ;
#1760 = CARTESIAN_POINT ( 'NONE',  ( -62.78721410403727532, 9.030373405235131656, -2.580212593078602623 ) ) ;
#1761 = CARTESIAN_POINT ( 'NONE',  ( -95.13542775708083354, 7.622724405127977221, -5.526690783680871633 ) ) ;
#1762 = CARTESIAN_POINT ( 'NONE',  ( -119.6736245973932142, 6.274435792283139079, 0.3836535983763823543 ) ) ;
#1763 = CARTESIAN_POINT ( 'NONE',  ( -8.470862125564941891, 6.596628722757993835, -6.108862866513312007 ) ) ;
#1764 = ADVANCED_FACE ( 'NONE', ( #5901 ), #3960, .T. ) ;
#1765 = CARTESIAN_POINT ( 'NONE',  ( -119.3947758552479286, 6.142303347375085210, 1.293715224838526190 ) ) ;
#1766 = PRODUCT_DEFINITION_SHAPE ( 'NONE', 'NONE',  #4244 ) ;
#1767 = CARTESIAN_POINT ( 'NONE',  ( -9.634849423525541882E-14, -0.5000000000000177636, 6.499999999999999112 ) ) ;
#1768 = TOROIDAL_SURFACE ( 'NONE', #5964, -21.91068183522258295, 30.00000000000000000 ) ;
#1769 = CARTESIAN_POINT ( 'NONE',  ( 38.89918518066406250, 9.713872225461877008, 3.831459045410154474 ) ) ;
#1770 = VERTEX_POINT ( 'NONE', #1682 ) ;
#1771 = CARTESIAN_POINT ( 'NONE',  ( -28.52062005635307429, -1.499129742151327882, 17.27513216512106808 ) ) ;
#1772 = CARTESIAN_POINT ( 'NONE',  ( -8.954308248842895779, 7.396079743889817593, -6.279499632897213246 ) ) ;
#1773 = CARTESIAN_POINT ( 'NONE',  ( 119.4051709218307593, 5.476351854498174632, -1.911351683690770686 ) ) ;
#1774 = CARTESIAN_POINT ( 'NONE',  ( 37.02299611223293141, 8.750750902720461966, 9.518568914173718198 ) ) ;
#1775 = CARTESIAN_POINT ( 'NONE',  ( 65.54674470376907891, 7.677712600246476171, 7.195155907546409324 ) ) ;
#1776 = CARTESIAN_POINT ( 'NONE',  ( 103.5896403601931439, 6.663386390259462111, 5.314799369143857533 ) ) ;
#1777 = CARTESIAN_POINT ( 'NONE',  ( -108.8471807586321916, 3.410004826351655360, 10.38318374522373588 ) ) ;
#1778 = CARTESIAN_POINT ( 'NONE',  ( -6.026619850731838035, 8.080773826298841556, 1.803216905772911272 ) ) ;
#1779 = CARTESIAN_POINT ( 'NONE',  ( -105.7074524455155853, 7.300978356197700414, -5.134133779987664958 ) ) ;
#1780 = CARTESIAN_POINT ( 'NONE',  ( -119.0652101246963497, -3.977558277750286475, 24.96165275573732600 ) ) ;
#1781 = CARTESIAN_POINT ( 'NONE',  ( 22.90770964742234028, 0.5411438920555918797, -15.32033394215866373 ) ) ;
#1782 = ORIENTED_EDGE ( 'NONE', *, *, #2578, .T. ) ;
#1783 = CARTESIAN_POINT ( 'NONE',  ( 13.19044230221550507, 3.299253042575746253, -9.886472375324917294 ) ) ;
#1784 = CARTESIAN_POINT ( 'NONE',  ( 6.001475443542818589, 7.244841273615029387, 6.056415253478268035 ) ) ;
#1785 = CARTESIAN_POINT ( 'NONE',  ( -119.5162898904798681, 7.305276406627261743, -2.249575324566323253 ) ) ;
#1786 = CARTESIAN_POINT ( 'NONE',  ( 14.15668684696589175, 3.561783924164994009, -10.37599979079190504 ) ) ;
#1787 = CARTESIAN_POINT ( 'NONE',  ( 5.270459136462438465, 4.562165192243780254, 2.883553788213603308 ) ) ;
#1788 = CARTESIAN_POINT ( 'NONE',  ( 2.551419734954834873, 6.980498851715044140, -11.16884994506835938 ) ) ;
#1789 = CARTESIAN_POINT ( 'NONE',  ( 111.0577740033578351, 5.299351700993210734, -4.895713910874357921 ) ) ;
#1790 = CARTESIAN_POINT ( 'NONE',  ( 5.853382198178274542, 6.586693426957117126, 6.141416558466360698 ) ) ;
#1791 = EDGE_CURVE ( 'NONE', #6199, #1295, #3410, .T. ) ;
#1792 = EDGE_CURVE ( 'NONE', #2401, #4278, #3981, .T. ) ;
#1793 = CARTESIAN_POINT ( 'NONE',  ( -11.50433572925824421, 3.664972289360795887, 9.120492622993253917 ) ) ;
#1794 = CARTESIAN_POINT ( 'NONE',  ( 8.315488359799573459, 3.760606824924382696, -7.715219752557921140 ) ) ;
#1795 = CARTESIAN_POINT ( 'NONE',  ( -13.47378089790408495, 7.241197897662964955, -7.491260051727291369 ) ) ;
#1796 = CARTESIAN_POINT ( 'NONE',  ( -22.44419264078445053, 8.367175492401571546, -8.391685889376331531 ) ) ;
#1797 = CARTESIAN_POINT ( 'NONE',  ( -119.6920560539615934, 6.418503451395507042, -1.196513789470396771 ) ) ;
#1798 = CARTESIAN_POINT ( 'NONE',  ( -9.231173404260841764, 6.755510248595375522, -6.307627408643867284 ) ) ;
#1799 = CARTESIAN_POINT ( 'NONE',  ( -119.4114860393007689, 6.027422758978943307, 1.911351683690783343 ) ) ;
#1800 = SPHERICAL_SURFACE ( 'NONE', #3695, 0.2500000000000000000 ) ;
#1801 = CARTESIAN_POINT ( 'NONE',  ( 117.9801788330078267, 6.531450779615236790, -0.1048991531133718347 ) ) ;
#1802 = ORIENTED_EDGE ( 'NONE', *, *, #4543, .F. ) ;
#1803 = CARTESIAN_POINT ( 'NONE',  ( -25.69477751844253177, -0.6458625137106479563, 16.21360704369925543 ) ) ;
#1804 = DIRECTION ( 'NONE',  ( 0.000000000000000000, 0.000000000000000000, -1.000000000000000000 ) ) ;
#1805 = CARTESIAN_POINT ( 'NONE',  ( 119.0402105352757047, 5.926665576855108419, 3.096440970714833707 ) ) ;
#1806 = CARTESIAN_POINT ( 'NONE',  ( 33.83899109740755762, 8.690783807240229919, 9.606588657934924669 ) ) ;
#1807 = B_SPLINE_CURVE_WITH_KNOTS ( 'NONE', 3,
 ( #1375, #4008, #6587, #4562, #2938, #6112, #6177, #277, #2381, #4041, #3489, #1859, #2512, #1443, #2973, #3430, #5596, #825, #895, #3527, #5087, #5150, #3977, #6145, #3562, #857 ),
 .UNSPECIFIED., .F., .F.,
 ( 4, 2, 2, 2, 2, 2, 2, 2, 2, 2, 2, 2, 4 ),
 ( 0.1116416777461892579, 0.1121234165874208655, 0.1126051554286524592, 0.1130868942698840668, 0.1135686331111156744, 0.1145321107935788479, 0.1150138496348104417, 0.1154955884760420354, 0.1159773273172736152, 0.1164590661585052089, 0.1174225438409683825, 0.1183860215234315699, 0.1193494992058947435 ),
 .UNSPECIFIED. ) ;
#1808 = CARTESIAN_POINT ( 'NONE',  ( 8.277255297997639261, 4.471940852845765590, -7.943895488836465901 ) ) ;
#1809 = CARTESIAN_POINT ( 'NONE',  ( -113.0945524945502001, 6.664310899502796204, -4.629266342491760611 ) ) ;
#1810 = ORIENTED_EDGE ( 'NONE', *, *, #4091, .F. ) ;
#1811 = CARTESIAN_POINT ( 'NONE',  ( -106.3977950264142436, 5.644117363775985829, 5.663670926301115571 ) ) ;
#1812 = CARTESIAN_POINT ( 'NONE',  ( -4.745823397011548650, 8.544894584386172554, -3.667114739694036007 ) ) ;
#1813 = ADVANCED_FACE ( 'NONE', ( #5323 ), #4862, .F. ) ;
#1814 = CARTESIAN_POINT ( 'NONE',  ( 5.433267238568321389, 4.409372075830528814, 3.269422517961398711 ) ) ;
#1815 = EDGE_LOOP ( 'NONE', ( #1128, #1146, #356, #5602, #5166, #4510 ) ) ;
#1816 = CARTESIAN_POINT ( 'NONE',  ( 8.839708127647469382, 3.960561476002135706, -8.114650339859698747 ) ) ;
#1817 = CARTESIAN_POINT ( 'NONE',  ( -6.304594894459362386, 3.726583131748263611, -0.2210740606253090712 ) ) ;
#1818 = CARTESIAN_POINT ( 'NONE',  ( -119.6660022206356615, 6.874067919685638905, 0.4641242208058976026 ) ) ;
#1819 = CARTESIAN_POINT ( 'NONE',  ( 5.190088628189851505, 3.298729395796010877, -3.014902946518899451 ) ) ;
#1820 = CARTESIAN_POINT ( 'NONE',  ( 16.41185379028321023, 11.66211751240342664, 15.57155036926269354 ) ) ;
#1821 = CARTESIAN_POINT ( 'NONE',  ( 81.45603919078470767, 4.116133975147793223, -9.480244582067212988 ) ) ;
#1822 = CARTESIAN_POINT ( 'NONE',  ( -9.217954756681075779, 3.721823458525729045, 7.989896792783945934 ) ) ;
#1823 = CARTESIAN_POINT ( 'NONE',  ( -2.496476169179841165, 4.340334798740396849, 6.785171057542329187 ) ) ;
#1824 = CARTESIAN_POINT ( 'NONE',  ( 1.952796054122662106, 5.417591386400208542, -6.106718297155747877 ) ) ;
#1825 = CARTESIAN_POINT ( 'NONE',  ( -97.58077116434735387, 6.467871772044098577, 4.705341815948502315 ) ) ;
#1826 = CARTESIAN_POINT ( 'NONE',  ( -2.201401353391924332, 3.780228582691884220, 5.622207611889051826 ) ) ;
#1827 = CARTESIAN_POINT ( 'NONE',  ( -16.26143260141807900, 7.338027285003956734, -7.345847173701764987 ) ) ;
#1828 = CC_DESIGN_PERSON_AND_ORGANIZATION_ASSIGNMENT ( #3967, #5553, ( #1160 ) ) ;
#1829 = CARTESIAN_POINT ( 'NONE',  ( 115.5959175660407112, 5.108324168872425908, -3.572918591313328118 ) ) ;
#1830 = CARTESIAN_POINT ( 'NONE',  ( -6.943235115449443384, 6.646816128851551042, -6.101489943885453293 ) ) ;
#1831 = CIRCLE ( 'NONE', #4045, 30.00000000000000355 ) ;
#1832 = CARTESIAN_POINT ( 'NONE',  ( 77.01409912109375000, 7.048941889284488838, -2.592465639114384324 ) ) ;
#1833 = ORIENTED_EDGE ( 'NONE', *, *, #3738, .T. ) ;
#1834 = CARTESIAN_POINT ( 'NONE',  ( -23.84957796141402397, -0.05418418335273184755, 15.44097503666080939 ) ) ;
#1835 = CARTESIAN_POINT ( 'NONE',  ( 5.730338090368902293, 7.755351093461615442, -2.636372906366835966 ) ) ;
#1836 = CARTESIAN_POINT ( 'NONE',  ( 119.5377613032378861, 6.158588063988299055, 2.185167460654886540 ) ) ;
#1837 = CARTESIAN_POINT ( 'NONE',  ( 52.84580993765155199, 7.989250495418984244, 8.151083290836240280 ) ) ;
#1838 = CARTESIAN_POINT ( 'NONE',  ( 5.321346219013130430, 8.437478900761997025, 2.791881189485382997 ) ) ;
#1839 = CARTESIAN_POINT ( 'NONE',  ( 5.087089881742426378, 6.777510100043207864, 6.264543564057493796 ) ) ;
#1840 = ORIENTED_EDGE ( 'NONE', *, *, #3074, .F. ) ;
#1841 = CARTESIAN_POINT ( 'NONE',  ( -111.5823375376378124, 5.833246501269978346, 4.803030869618815757 ) ) ;
#1842 = CARTESIAN_POINT ( 'NONE',  ( -5.900970029460188115, 8.303512930814552107, 1.106275979865518622 ) ) ;
#1843 = ADVANCED_FACE ( 'NONE', ( #3588 ), #1083, .T. ) ;
#1844 = CARTESIAN_POINT ( 'NONE',  ( 105.7071607072908250, 6.813137836306616180, 5.134133779987676505 ) ) ;
#1845 = B_SPLINE_CURVE_WITH_KNOTS ( 'NONE', 3,
 ( #6616, #3523, #1504, #892 ),
 .UNSPECIFIED., .F., .F.,
 ( 4, 4 ),
 ( -3.182332112304961957E-06, 0.0002504457612897541827 ),
 .UNSPECIFIED. ) ;
#1846 = EDGE_LOOP ( 'NONE', ( #3044, #7, #2009, #6229, #1424, #4722 ) ) ;
#1847 = CARTESIAN_POINT ( 'NONE',  ( 3.875348921748359654, 4.014229209592704350, -6.767364379283339559 ) ) ;
#1848 = CARTESIAN_POINT ( 'NONE',  ( -4.793142109217551017, 6.699502538591047163, -6.077200002107725929 ) ) ;
#1849 = CARTESIAN_POINT ( 'NONE',  ( -119.7039246997665174, 7.060351115701330116, -0.4926706746378113899 ) ) ;
#1850 = PERSON_AND_ORGANIZATION ( #1100, #5694 ) ;
#1851 = CARTESIAN_POINT ( 'NONE',  ( 5.798641449719057483, 4.120764774331659552, 2.518893900722602996 ) ) ;
#1852 = CARTESIAN_POINT ( 'NONE',  ( 6.021960258483886719, 6.107249291120480983, -11.28752994537353516 ) ) ;
#1853 = CARTESIAN_POINT ( 'NONE',  ( 78.35128808057891092, 3.921551281309238579, -9.988312788676216414 ) ) ;
#1854 = CARTESIAN_POINT ( 'NONE',  ( -10.53374840072575758, 3.565683222696615307, 8.457626117902229623 ) ) ;
#1855 = CARTESIAN_POINT ( 'NONE',  ( 5.609094520100423864, 8.478129025649664641, 2.155806710628517919 ) ) ;
#1856 = CARTESIAN_POINT ( 'NONE',  ( 20.48852451847509570, 1.009529655499070699, -13.70995421684675897 ) ) ;
#1857 = AXIS2_PLACEMENT_3D ( 'NONE', #6142, #2413, #3941 ) ;
#1858 = CARTESIAN_POINT ( 'NONE',  ( 0.6641038845942410784, 7.729658547696566906, 4.128954410552977627 ) ) ;
#1859 = CARTESIAN_POINT ( 'NONE',  ( -119.1124248691444620, 7.333811558299134781, -2.549650677309513558 ) ) ;
#1860 = CARTESIAN_POINT ( 'NONE',  ( -5.678402825732037584, 3.364034790634662819, 2.699038686990574476 ) ) ;
#1861 = CARTESIAN_POINT ( 'NONE',  ( -12.08136122292708947, 7.159999167303634948, -6.683990055109854111 ) ) ;
#1862 = CARTESIAN_POINT ( 'NONE',  ( 89.78867220582469599, 4.010284802979727559, -8.178123573373785149 ) ) ;
#1863 = CARTESIAN_POINT ( 'NONE',  ( 8.131669154899096696, 4.021366089825087364, -7.891403497220360386 ) ) ;
#1865 = EDGE_CURVE ( 'NONE', #2526, #5968, #837, .T. ) ;
#1864 = CARTESIAN_POINT ( 'NONE',  ( 77.46588134765625000, 8.094670267282360498, 5.600244998931880325 ) ) ;
#1866 = EDGE_LOOP ( 'NONE', ( #1911, #5005, #3009, #551 ) ) ;
#1867 = PLANE ( 'NONE',  #3633 ) ;
#1868 = CARTESIAN_POINT ( 'NONE',  ( -119.6832564888935337, 6.952814448606355668, -1.299485808402885967 ) ) ;
#1869 = CARTESIAN_POINT ( 'NONE',  ( -9.714451465470119729E-14, -3.816391647148975608E-14, 0.000000000000000000 ) ) ;
#1870 = CARTESIAN_POINT ( 'NONE',  ( 6.780382624343144649, 7.212115455594084068, 6.092812371976163988 ) ) ;
#1871 = CARTESIAN_POINT ( 'NONE',  ( 4.331997263777629392, 8.139433850123062086, 4.614198303697949477 ) ) ;
#1872 = CARTESIAN_POINT ( 'NONE',  ( -101.4739171153483142, 7.448991745424231148, -5.271107023353144960 ) ) ;
#1873 = EDGE_CURVE ( 'NONE', #909, #1927, #519, .T. ) ;
#1874 = EDGE_CURVE ( 'NONE', #6093, #5199, #1494, .T. ) ;
#1875 = ORIENTED_EDGE ( 'NONE', *, *, #2991, .F. ) ;
#1876 = CARTESIAN_POINT ( 'NONE',  ( -97.75677215992052993, 3.436040033972751484, 10.48604776939221139 ) ) ;
#1877 = CARTESIAN_POINT ( 'NONE',  ( -6.266693548436888861, 8.518819627514471193, 0.1195015839259522400 ) ) ;
#1878 = CARTESIAN_POINT ( 'NONE',  ( 3.119029578671098424, 5.831207930421203223, 5.596353545856597833 ) ) ;
#1879 = CARTESIAN_POINT ( 'NONE',  ( -5.589874242767066903, 7.662179873744364045, 2.928873914249916055 ) ) ;
#1880 = VERTEX_POINT ( 'NONE', #590 ) ;
#1881 = CARTESIAN_POINT ( 'NONE',  ( 1.559329602312687912, 4.389170119881028675, -6.721628531519027838 ) ) ;
#1882 = CARTESIAN_POINT ( 'NONE',  ( -5.847107492165673825, 4.121122599841130274, -2.429817080184887068 ) ) ;
#1883 = DIRECTION ( 'NONE',  ( 0.3196679727126567339, 0.000000000000000000, 0.9475296234006513885 ) ) ;
#1884 = COORDINATED_UNIVERSAL_TIME_OFFSET ( 5, 0, .AHEAD. ) ;
#1885 = CARTESIAN_POINT ( 'NONE',  ( 3.992334497881152355, 5.492193097377324307, 4.488639143223919881 ) ) ;
#1886 = CARTESIAN_POINT ( 'NONE',  ( 16.08533668518066051, -0.5948385880604365461, -19.13443183898925781 ) ) ;
#1887 = CARTESIAN_POINT ( 'NONE',  ( 74.22742158227748632, 3.143789458154497840, -10.54156259570167364 ) ) ;
#1888 = CARTESIAN_POINT ( 'NONE',  ( -22.04076750934030571, 0.5411307157895768327, 14.59544467882592400 ) ) ;
#1889 = CARTESIAN_POINT ( 'NONE',  ( 6.007936913452226690, 8.242549920142314690, -0.07951395844659578382 ) ) ;
#1890 = CARTESIAN_POINT ( 'NONE',  ( 119.7023734197730818, 6.507919610618027484, 0.4926706746431664952 ) ) ;
#1891 = CARTESIAN_POINT ( 'NONE',  ( -97.95854391808261141, -7.433538806623733564, 16.73817634582520952 ) ) ;
#1892 = DIRECTION ( 'NONE',  ( 1.000000000000000000, 0.000000000000000000, -1.224646799147353207E-16 ) ) ;
#1893 = CARTESIAN_POINT ( 'NONE',  ( -9.252100211320572143, 6.682599593398379056, -6.196577822445584083 ) ) ;
#1894 = EDGE_CURVE ( 'NONE', #1942, #250, #3973, .T. ) ;
#1895 = CARTESIAN_POINT ( 'NONE',  ( 77.31879536968754962, 3.407001616167451452, -9.938022025712129448 ) ) ;
#1896 = CARTESIAN_POINT ( 'NONE',  ( -5.107966534486400256, 6.663426085177276192, -6.259216237293293794 ) ) ;
#1897 = CARTESIAN_POINT ( 'NONE',  ( 38.68880081176757813, 8.336460263906396051, -1.272278547286989303 ) ) ;
#1898 = EDGE_LOOP ( 'NONE', ( #5382, #454, #1970, #5301, #6634, #4576, #127, #4057, #1380 ) ) ;
#1899 = DIRECTION ( 'NONE',  ( -0.000000000000000000, -1.000000000000000000, -0.000000000000000000 ) ) ;
#1900 = CARTESIAN_POINT ( 'NONE',  ( 5.423059402024153819, 8.656142938980545765, 3.151080880212736801 ) ) ;
#1901 = CARTESIAN_POINT ( 'NONE',  ( 105.3570554810514608, 5.120160168799356093, -5.833240376064983579 ) ) ;
#1902 = CARTESIAN_POINT ( 'NONE',  ( 12.99368120178617048, 7.711330401833384585, 6.741926251857218944 ) ) ;
#1903 = CARTESIAN_POINT ( 'NONE',  ( -2.285265088076005036, 6.568177569358544687, -5.548798920395384471 ) ) ;
#1904 = CARTESIAN_POINT ( 'NONE',  ( -15.83439466666000328, 3.014543025496703166, 11.28754805755312418 ) ) ;
#1905 = CARTESIAN_POINT ( 'NONE',  ( 11.78314883422257786, 3.982416163863107705, -9.235278306525499303 ) ) ;
#1906 = ORIENTED_EDGE ( 'NONE', *, *, #4904, .F. ) ;
#1907 = CARTESIAN_POINT ( 'NONE',  ( -96.68911570452708304, 3.412933899115258463, 10.54623600164664765 ) ) ;
#1908 = CARTESIAN_POINT ( 'NONE',  ( 4.858687754425281113, 3.557962186532869886, -3.523945862604271895 ) ) ;
#1909 = CARTESIAN_POINT ( 'NONE',  ( 5.466665385815961287, 3.316301219689682611, -3.059592408595364521 ) ) ;
#1910 = DIRECTION ( 'NONE',  ( -0.000000000000000000, -1.000000000000000000, -0.000000000000000000 ) ) ;
#1911 = ORIENTED_EDGE ( 'NONE', *, *, #5473, .F. ) ;
#1912 = CARTESIAN_POINT ( 'NONE',  ( 10.14959750043876241, 3.557287194361862248, -8.587028737409999835 ) ) ;
#1913 = CARTESIAN_POINT ( 'NONE',  ( 76.11603188384714258, 7.582367413404941914, 6.538307647315008353 ) ) ;
#1914 = CARTESIAN_POINT ( 'NONE',  ( 6.674712480965872885, 6.598424186240973377, 6.098500240990475163 ) ) ;
#1915 = CARTESIAN_POINT ( 'NONE',  ( 13.89632701873778942, 2.963489563642445646, -11.50171756744384943 ) ) ;
#1916 = CARTESIAN_POINT ( 'NONE',  ( 90.82618171176491728, 4.049978253388842653, -8.040582269369656032 ) ) ;
#1917 = CARTESIAN_POINT ( 'NONE',  ( 21.45100400601717183, 7.652885932537832225, 8.275693849782809863 ) ) ;
#1918 = AXIS2_PLACEMENT_3D ( 'NONE', #6329, #4676, #1529 ) ;
#1919 = CARTESIAN_POINT ( 'NONE',  ( 5.671414585643023365, 4.830582580577083895, -6.961249583315705536 ) ) ;
#1920 = CARTESIAN_POINT ( 'NONE',  ( 119.6897883479625619, 6.619736409653552478, 1.141589159909985218 ) ) ;
#1921 = CARTESIAN_POINT ( 'NONE',  ( 4.057529200801718083, 6.418324409550110410, 6.205285136534697266 ) ) ;
#1922 = CARTESIAN_POINT ( 'NONE',  ( 107.5402128871932632, 6.308727709856855270, 4.933911274012858783 ) ) ;
#1923 = CARTESIAN_POINT ( 'NONE',  ( -84.61560902754037272, 7.325732871363063836, -6.177213787921444599 ) ) ;
#1924 = CARTESIAN_POINT ( 'NONE',  ( 118.4685956076440192, 5.390154434824954599, -2.370639392367976939 ) ) ;
#1925 = CARTESIAN_POINT ( 'NONE',  ( -76.16202307525672666, 7.678368417454822570, -6.629280625224626355 ) ) ;
#1926 = CARTESIAN_POINT ( 'NONE',  ( -1.703051089436808718, 4.481090078456606562, 6.728830203641304131 ) ) ;
#1927 = VERTEX_POINT ( 'NONE', #6290 ) ;
#1928 = DIRECTION ( 'NONE',  ( 0.9987776320580689093, -0.006062023505647471527, -0.04905602482359980310 ) ) ;
#1929 = CYLINDRICAL_SURFACE ( 'NONE', #3306, 6.499999999999999112 ) ;
#1930 = DIRECTION ( 'NONE',  ( -0.000000000000000000, -1.000000000000000000, -0.000000000000000000 ) ) ;
#1931 = CARTESIAN_POINT ( 'NONE',  ( 19.21136452102030390, 7.940076888622900064, 7.870137124130267559 ) ) ;
#1932 = CARTESIAN_POINT ( 'NONE',  ( -38.76565935482696545, -1.807081288741596126, 17.71369735483170160 ) ) ;
#1933 = CARTESIAN_POINT ( 'NONE',  ( -2.553122548068627484, 6.871303105386119547, -5.438043810644064280 ) ) ;
#1934 = CARTESIAN_POINT ( 'NONE',  ( 19.34865728216832537, 7.948444430749175282, 7.895068606556204571 ) ) ;
#1935 = ORIENTED_EDGE ( 'NONE', *, *, #61, .T. ) ;
#1936 = EDGE_LOOP ( 'NONE', ( #6766, #2086, #163, #4903, #1299 ) ) ;
#1937 = CARTESIAN_POINT ( 'NONE',  ( -75.28017905970200729, 4.015448152504530022, 10.58382738828104941 ) ) ;
#1938 = CIRCLE ( 'NONE', #6137, 0.2500000000000002220 ) ;
#1939 = CARTESIAN_POINT ( 'NONE',  ( 5.136185696380600518, 4.670469903114960353, 3.115133164063330184 ) ) ;
#1940 = CARTESIAN_POINT ( 'NONE',  ( 2.818401059278779819, 6.661875925853895097, 6.199117261013323166 ) ) ;
#1941 = CARTESIAN_POINT ( 'NONE',  ( -6.266285404508776580, 8.524166459841607590, 0.09085704286447116029 ) ) ;
#1942 = VERTEX_POINT ( 'NONE', #5708 ) ;
#1943 = EDGE_CURVE ( 'NONE', #4671, #3690, #1166, .T. ) ;
#1944 = CARTESIAN_POINT ( 'NONE',  ( 2.019868209764199118, 4.120244072196556750, -6.580723151611032939 ) ) ;
#1945 = CARTESIAN_POINT ( 'NONE',  ( -1.960633113991565146, 5.426621648270276488, 6.106718297155746988 ) ) ;
#1946 = CARTESIAN_POINT ( 'NONE',  ( -118.0389851594234614, 7.184761317412206694, -4.004678976190766626 ) ) ;
#1947 = CARTESIAN_POINT ( 'NONE',  ( 122.0637893676757813, 5.256314070401975513, -3.301088809967048121 ) ) ;
#1948 = CARTESIAN_POINT ( 'NONE',  ( 61.83407027447533011, 2.104433125790548864, -12.57594878219948598 ) ) ;
#1949 = CARTESIAN_POINT ( 'NONE',  ( 24.60760007505745506, 7.865921246344939277, 8.687360733983108929 ) ) ;
#1950 = CIRCLE ( 'NONE', #750, 0.2500000000000000555 ) ;
#1951 = DIRECTION ( 'NONE',  ( -0.000000000000000000, -1.000000000000000000, -0.000000000000000000 ) ) ;
#1952 = CARTESIAN_POINT ( 'NONE',  ( 119.6524910548665019, 6.452312312285021889, 1.667260815317027633 ) ) ;
#1953 = CARTESIAN_POINT ( 'NONE',  ( 1.690853155999016533, 4.473258623540307788, -6.728830203641305019 ) ) ;
#1954 = CARTESIAN_POINT ( 'NONE',  ( 1.928013793464618875, 4.969563618248911574, -6.540885006911393518 ) ) ;
#1955 = CARTESIAN_POINT ( 'NONE',  ( -97.25687157200572130, 7.269712524108113527, -5.532351615747037599 ) ) ;
#1956 = CARTESIAN_POINT ( 'NONE',  ( 105.7071607072908250, 6.813137836306616180, 5.134133779987676505 ) ) ;
#1957 = CARTESIAN_POINT ( 'NONE',  ( 72.18207306410658930, 2.960440866552126682, -10.93759362823990067 ) ) ;
#1958 = CARTESIAN_POINT ( 'NONE',  ( -7.471234662046016162, 6.692365906081819027, -6.124967182480738792 ) ) ;
#1959 = CIRCLE ( 'NONE', #5613, 4.000000000000000000 ) ;
#1960 = DIRECTION ( 'NONE',  ( -0.000000000000000000, -1.000000000000000000, -0.000000000000000000 ) ) ;
#1961 = ORIENTED_EDGE ( 'NONE', *, *, #2045, .F. ) ;
#1962 = CARTESIAN_POINT ( 'NONE',  ( -1.737900351408496968, 4.159630032300799307, 5.893145863417378116 ) ) ;
#1963 = CARTESIAN_POINT ( 'NONE',  ( -117.4872967584769299, 6.907767888338616658, -4.338639954498757945 ) ) ;
#1964 = CARTESIAN_POINT ( 'NONE',  ( 118.6205434468040920, 5.934077460584900265, 3.190451203894003385 ) ) ;
#1965 = CARTESIAN_POINT ( 'NONE',  ( 10.38544910230445595, 7.518685956170114260, 6.457089456004547756 ) ) ;
#1966 = CARTESIAN_POINT ( 'NONE',  ( -55.67863804804397887, 1.723953327015040449, 13.55061323693086273 ) ) ;
#1967 = AXIS2_PLACEMENT_3D ( 'NONE', #2008, #4129, #6228 ) ;
#1968 = CARTESIAN_POINT ( 'NONE',  ( 2.843322304173021120, 7.146059790697184333, 5.763442792075296417 ) ) ;
#1969 = CARTESIAN_POINT ( 'NONE',  ( -63.40278137708356354, 8.144773515385518081, -7.326608876963456751 ) ) ;
#1970 = ORIENTED_EDGE ( 'NONE', *, *, #4004, .T. ) ;
#1971 = VERTEX_POINT ( 'NONE', #2069 ) ;
#1972 = CARTESIAN_POINT ( 'NONE',  ( -99.32830100395734974, 3.474688428928206285, 10.38763777341387318 ) ) ;
#1973 = CARTESIAN_POINT ( 'NONE',  ( -4.771041454896469247, 8.408137439714408856, -4.102637564017299177 ) ) ;
#1974 = CARTESIAN_POINT ( 'NONE',  ( -116.1069619898314613, 6.170364244643929297, 3.528869414777135560 ) ) ;
#1975 = EDGE_CURVE ( 'NONE', #44, #3053, #3064, .T. ) ;
#1976 = CARTESIAN_POINT ( 'NONE',  ( -6.229491164935493153, 8.378946073412661733, 0.7515896475788150788 ) ) ;
#1977 = ORIENTED_EDGE ( 'NONE', *, *, #4303, .T. ) ;
#1978 = CARTESIAN_POINT ( 'NONE',  ( -16.55297719555914071, 2.900001421342441432, 11.70624737091211287 ) ) ;
#1979 = CARTESIAN_POINT ( 'NONE',  ( -1.844552588953250138, 5.456199391092159345, 6.032988993790975307 ) ) ;
#1980 = CARTESIAN_POINT ( 'NONE',  ( -116.8775374708177992, 6.823399591882040482, -4.580598064386759205 ) ) ;
#1981 = CARTESIAN_POINT ( 'NONE',  ( 72.35417175292968750, 5.543836863218189137, -4.614047527313236863 ) ) ;
#1982 = CARTESIAN_POINT ( 'NONE',  ( 50.35115879805087502, -0.7654880313643075418, -17.01504872827042192 ) ) ;
#1983 = CARTESIAN_POINT ( 'NONE',  ( 1.730006773736293413, 5.169130041880634963, -5.745166017006867243 ) ) ;
#1984 = CARTESIAN_POINT ( 'NONE',  ( 118.0380257611081873, 6.640012163016068669, 4.004678976191594408 ) ) ;
#1985 = CARTESIAN_POINT ( 'NONE',  ( -14.78970623397330719, -8.655351438597300273, 20.78794097900390625 ) ) ;
#1986 = CARTESIAN_POINT ( 'NONE',  ( -2.683284637664139119E-15, 3.365003494668334927, -21.91068183522258295 ) ) ;
#1987 = CARTESIAN_POINT ( 'NONE',  ( -69.81888677666576370, 7.773212941075292370, -6.953968957889454572 ) ) ;
#1988 = CARTESIAN_POINT ( 'NONE',  ( 1.726295681438985374, 5.342345258592503754, -5.815595811549686189 ) ) ;
#1989 = ADVANCED_FACE ( 'NONE', ( #2108 ), #6425, .F. ) ;
#1990 = CARTESIAN_POINT ( 'NONE',  ( -4.585359256098512581, 3.601320852965748998, 3.901818970059587333 ) ) ;
#1991 = CARTESIAN_POINT ( 'NONE',  ( -63.50401971140927060, 7.867204386489539125, -7.318449937611851475 ) ) ;
#1992 = EDGE_CURVE ( 'NONE', #421, #3620, #1624, .T. ) ;
#1993 = AXIS2_PLACEMENT_3D ( 'NONE', #2700, #1696, #5954 ) ;
#1994 = CARTESIAN_POINT ( 'NONE',  ( 48.55498123168943891, -10.19218489390763516, -21.73789215087891336 ) ) ;
#1995 = CARTESIAN_POINT ( 'NONE',  ( 37.16528654775963503, 8.162192270680906248, 9.365558889667081388 ) ) ;
#1996 = CARTESIAN_POINT ( 'NONE',  ( -2.287361670545919878, 6.221097678160652400, -5.548595341257454017 ) ) ;
#1997 = DIRECTION ( 'NONE',  ( -0.000000000000000000, -1.000000000000000000, -0.000000000000000000 ) ) ;
#1998 = CARTESIAN_POINT ( 'NONE',  ( 16.09507919296616762, 7.833675534238276228, 7.321455765538236626 ) ) ;
#1999 = CARTESIAN_POINT ( 'NONE',  ( -92.92236609817787496, 4.564190883124416231, 7.744210527007123090 ) ) ;
#2000 = B_SPLINE_CURVE_WITH_KNOTS ( 'NONE', 3,
 ( #2825, #4836, #2199, #3867, #4422, #1680, #5972, #2338, #5899, #4352, #1168, #199, #3356, #2304, #6514, #1716, #6007, #1131, #3831, #5935 ),
 .UNSPECIFIED., .F., .F.,
 ( 4, 2, 2, 2, 2, 2, 2, 2, 2, 4 ),
 ( 0.2241922950967385197, 0.2269925920325472080, 0.2297928889683559239, 0.2325931859041646121, 0.2353934828399733004, 0.2367936313078776722, 0.2381937797757820163, 0.2409940767115907045, 0.2437943736473994205, 0.2465946705832081087 ),
 .UNSPECIFIED. ) ;
#2001 = CARTESIAN_POINT ( 'NONE',  ( -5.774228015113913592, 7.844695821256667756, 1.649223286088436824 ) ) ;
#2002 = CARTESIAN_POINT ( 'NONE',  ( -50.72883165877873779, 8.157355031135834267, -8.341433651904109681 ) ) ;
#2003 = EDGE_LOOP ( 'NONE', ( #324, #2528 ) ) ;
#2004 = ORIENTED_EDGE ( 'NONE', *, *, #258, .T. ) ;
#2005 = CARTESIAN_POINT ( 'NONE',  ( -89.80840032351265734, 4.868365653678800697, 8.404861091522407790 ) ) ;
#2006 = CARTESIAN_POINT ( 'NONE',  ( 1.689710531998042553, 4.906995384080908629, -6.573371397548340767 ) ) ;
#2007 = CARTESIAN_POINT ( 'NONE',  ( -106.4027593610856286, 5.644296825105541870, 5.662859577693697410 ) ) ;
#2008 = CARTESIAN_POINT ( 'NONE',  ( -9.671588827499962427E-14, 7.643375672974086932, 3.500000000000000000 ) ) ;
#2009 = ORIENTED_EDGE ( 'NONE', *, *, #2012, .T. ) ;
#2010 = CARTESIAN_POINT ( 'NONE',  ( 116.7901341968661910, 6.036802018592449137, 4.368713801195453605 ) ) ;
#2011 = CARTESIAN_POINT ( 'NONE',  ( 38.14115209057313649, 8.787364613682862924, 9.354119908922406523 ) ) ;
#2012 = EDGE_CURVE ( 'NONE', #1880, #5296, #5499, .T. ) ;
#2013 = CARTESIAN_POINT ( 'NONE',  ( -2.308890180167926243, 6.779136638082864152, -6.055873279938556841 ) ) ;
#2014 = VERTEX_POINT ( 'NONE', #6526 ) ;
#2015 = CARTESIAN_POINT ( 'NONE',  ( 72.85035705566406250, 7.211709843455195390, 6.745057106018061965 ) ) ;
#2016 = CARTESIAN_POINT ( 'NONE',  ( -22.71025483716132953, -5.740743064763589310, 23.29566383361816406 ) ) ;
#2017 = CARTESIAN_POINT ( 'NONE',  ( 49.56184737747912550, 0.9098889055279268945, -15.12639312822114590 ) ) ;
#2018 = CARTESIAN_POINT ( 'NONE',  ( 118.3207496998452513, 6.488644157226969078, 3.794025402605800235 ) ) ;
#2019 = CARTESIAN_POINT ( 'NONE',  ( -28.15421137849565270, -1.243972760350400941, 20.25674629211425781 ) ) ;
#2020 = CARTESIAN_POINT ( 'NONE',  ( 2.549831123965129898, 4.792265647440401288, -6.788108589573002227 ) ) ;
#2021 = CARTESIAN_POINT ( 'NONE',  ( -46.70067046126466437, 8.074488407935888290, -8.715616890916654924 ) ) ;
#2022 = DIRECTION ( 'NONE',  ( -0.000000000000000000, -1.000000000000000000, -0.000000000000000000 ) ) ;
#2023 = CARTESIAN_POINT ( 'NONE',  ( 119.9683188829978633, 2.717585406806716897, -11.88011918425701019 ) ) ;
#2024 = CARTESIAN_POINT ( 'NONE',  ( -59.28917360018560601, 7.942065834320385598, -7.613214913500298664 ) ) ;
#2025 = CARTESIAN_POINT ( 'NONE',  ( -3.316730340004151678, 6.367690423074737538, -6.183029874808671167 ) ) ;
#2026 = CARTESIAN_POINT ( 'NONE',  ( 8.470146897158951305, 6.557738184875571363, 6.109054573334018023 ) ) ;
#2027 = CARTESIAN_POINT ( 'NONE',  ( -1.943894690868631203, 4.098160271330076654, 6.468288045926153806 ) ) ;
#2028 = CARTESIAN_POINT ( 'NONE',  ( -5.747691540223994977, 7.209987777976338386, -6.081826989522258309 ) ) ;
#2029 = CIRCLE ( 'NONE', #5136, 0.5000000000000004441 ) ;
#2030 = DIRECTION ( 'NONE',  ( -0.09416923893324291583, -0.9955562035559488709, 0.000000000000000000 ) ) ;
#2031 = CARTESIAN_POINT ( 'NONE',  ( -112.5957166229683253, 5.414976493697128745, 4.423983268941010571 ) ) ;
#2032 = CARTESIAN_POINT ( 'NONE',  ( 117.1844350944014650, 6.317548603508561733, 4.476166541205250482 ) ) ;
#2033 = CARTESIAN_POINT ( 'NONE',  ( -44.40641862335322543, 8.488087822348223455, -8.922236343643552559 ) ) ;
#2034 = ORIENTED_EDGE ( 'NONE', *, *, #4004, .F. ) ;
#2035 = VERTEX_POINT ( 'NONE', #3259 ) ;
#2036 = CARTESIAN_POINT ( 'NONE',  ( -43.69730865853635748, -0.6542363294655909600, 16.45999881014719790 ) ) ;
#2037 = CARTESIAN_POINT ( 'NONE',  ( -4.503656259966664521, 4.740768407116585870, -3.990965135206640646 ) ) ;
#2038 = B_SPLINE_CURVE_WITH_KNOTS ( 'NONE', 3,
 ( #3401, #4989, #6493, #2941, #6591, #3980, #4956, #5056, #2840, #5501, #6083, #3493, #1254, #2320, #1863, #6560, #4011, #1346, #3947, #2282 ),
 .UNSPECIFIED., .F., .F.,
 ( 4, 2, 2, 2, 2, 2, 2, 2, 2, 4 ),
 ( 0.2241922950967364381, 0.2269925920325450708, 0.2297928889683537312, 0.2325931859041623639, 0.2353934828399709966, 0.2367936313078753408, 0.2381937797757796571, 0.2409940767115882898, 0.2437943736473969225, 0.2465946705832055830 ),
 .UNSPECIFIED. ) ;
#2039 = CARTESIAN_POINT ( 'NONE',  ( 2.520400149077861141, 6.968575942970677950, 5.889756391797207336 ) ) ;
#2040 = CARTESIAN_POINT ( 'NONE',  ( -64.96816979808261294, 3.069147338159724292, 12.40682907423297898 ) ) ;
#2041 = CIRCLE ( 'NONE', #4703, 0.2499999999999993339 ) ;
#2042 = CARTESIAN_POINT ( 'NONE',  ( -119.4114860393069364, 6.027422758981428430, 1.911351683678244040 ) ) ;
#2043 = CARTESIAN_POINT ( 'NONE',  ( 116.8637026094282447, 6.056891716004926707, 4.582957219178684483 ) ) ;
#2044 = CARTESIAN_POINT ( 'NONE',  ( 44.45909345275310898, 8.480650204975207274, 8.818686940159293997 ) ) ;
#2045 = EDGE_CURVE ( 'NONE', #2035, #2461, #6108, .T. ) ;
#2046 = CARTESIAN_POINT ( 'NONE',  ( 59.29233478627949694, 7.668438274531458987, 7.613214913500306658 ) ) ;
#2047 = CARTESIAN_POINT ( 'NONE',  ( 55.55805206298828836, 6.712670566020864982, 3.595116376876827946 ) ) ;
#2048 = CARTESIAN_POINT ( 'NONE',  ( -10.63279808258996084, 4.331331022732356928, 11.42790889739990234 ) ) ;
#2049 = CARTESIAN_POINT ( 'NONE',  ( 47.01304056764752204, -1.519918916382977159, -17.85656025499775268 ) ) ;
#2050 = DIRECTION ( 'NONE',  ( -0.000000000000000000, -1.000000000000000000, -0.000000000000000000 ) ) ;
#2051 = CARTESIAN_POINT ( 'NONE',  ( -9.714451465470119729E-14, 10.63921286096972096, 0.000000000000000000 ) ) ;
#2052 = CARTESIAN_POINT ( 'NONE',  ( -57.15470296499981373, 7.747682990184983076, -7.604475103989902784 ) ) ;
#2053 = FACE_OUTER_BOUND ( 'NONE', #1496, .T. ) ;
#2054 = CARTESIAN_POINT ( 'NONE',  ( -46.64633592961198616, 8.249790056888768319, -8.721497974380778118 ) ) ;
#2055 = CARTESIAN_POINT ( 'NONE',  ( -9.488909092994886052, -0.5276126541324671626, -14.27534675598144176 ) ) ;
#2056 = CARTESIAN_POINT ( 'NONE',  ( 118.4780787863819427, 5.872957531513619323, -2.484829406519056594 ) ) ;
#2057 = CARTESIAN_POINT ( 'NONE',  ( -9.039761461989346714, 6.869681877550567251, -6.285680578057718293 ) ) ;
#2058 = B_SPLINE_CURVE_WITH_KNOTS ( 'NONE', 3,
 ( #2183, #1595, #5305, #6361, #489, #3191, #4163 ),
 .UNSPECIFIED., .F., .F.,
 ( 4, 3, 4 ),
 ( 0.000000000000000000, 0.0002527954782259281448, 0.0005982693532876915419 ),
 .UNSPECIFIED. ) ;
#2059 = CARTESIAN_POINT ( 'NONE',  ( 62.31595611572264204, -10.60434004527483687, -21.37056350708008168 ) ) ;
#2060 = CIRCLE ( 'NONE', #5937, 0.2500000000000000555 ) ;
#2061 = CARTESIAN_POINT ( 'NONE',  ( -22.05852681572543617, 0.7628337122485215893, 14.70960416550068039 ) ) ;
#2062 = DIRECTION ( 'NONE',  ( -0.2317768699348040917, 0.001069658800745969989, -0.9727683888743892116 ) ) ;
#2063 = CARTESIAN_POINT ( 'NONE',  ( 28.49753505888553562, -1.251097728843196144, -17.59500198451085495 ) ) ;
#2064 = CARTESIAN_POINT ( 'NONE',  ( 4.848890328972777830, 6.675823129900368968, 6.320435523686457557 ) ) ;
#2065 = ORIENTED_EDGE ( 'NONE', *, *, #5733, .T. ) ;
#2066 = CARTESIAN_POINT ( 'NONE',  ( -46.63628564314475966, 0.09077164249546160191, 15.60871331818767516 ) ) ;
#2067 =( BOUNDED_SURFACE ( )  B_SPLINE_SURFACE ( 3, 2, ( 
 ( #898, #376, #2482 ),
 ( #4598, #6690, #3566 ),
 ( #5666, #1648, #5833 ),
 ( #5249, #2761, #5799 ),
 ( #4284, #6417, #5940 ),
 ( #4251, #3248, #507 ) ),
 .UNSPECIFIED., .F., .F., .T. ) 
 B_SPLINE_SURFACE_WITH_KNOTS ( ( 4, 2, 4 ),
 ( 3, 3 ),
 ( 0.005497618829347989712, 0.01105786032530010031, 0.01661810182125221177 ),
 ( 0.000000000000000000, 1.000000000000000000 ),
 .UNSPECIFIED. ) 
 GEOMETRIC_REPRESENTATION_ITEM ( )  RATIONAL_B_SPLINE_SURFACE ( (
 ( 1.000000000000000000, 0.2948922880281497627, 1.000000000000000000),
 ( 1.000000000000000000, 0.3166927810534702625, 1.000000000000000000),
 ( 1.000000000000000000, 0.3311051930501291984, 1.000000000000000000),
 ( 1.000000000000000000, 0.3543185216084450140, 1.000000000000000000),
 ( 1.000000000000000000, 0.3630967867901173096, 1.000000000000000000),
 ( 1.000000000000000000, 0.3705987102656280174, 1.000000000000000000) ) ) 
 REPRESENTATION_ITEM ( '' )  SURFACE ( )  );
#2068 = AXIS2_PLACEMENT_3D ( 'NONE', #5246, #3169, #1169 ) ;
#2069 = CARTESIAN_POINT ( 'NONE',  ( 1.754581733771437779, 4.642116470790712768, -6.731572192124452236 ) ) ;
#2070 = B_SPLINE_CURVE_WITH_KNOTS ( 'NONE', 3,
 ( #4596, #407, #5186, #3170 ),
 .UNSPECIFIED., .F., .F.,
 ( 4, 4 ),
 ( 9.697399036122160616E-19, 7.043978356072912585E-05 ),
 .UNSPECIFIED. ) ;
#2071 = AXIS2_PLACEMENT_3D ( 'NONE', #4699, #5222, #999 ) ;
#2072 = CARTESIAN_POINT ( 'NONE',  ( -76.08409517246832365, 7.934277005735078880, -6.539773822007116877 ) ) ;
#2073 = ORIENTED_EDGE ( 'NONE', *, *, #3124, .F. ) ;
#2074 = ORIENTED_EDGE ( 'NONE', *, *, #3586, .F. ) ;
#2075 = CARTESIAN_POINT ( 'NONE',  ( -60.12263892510841856, 1.144442596421819003, 14.86050945950952595 ) ) ;
#2076 = CARTESIAN_POINT ( 'NONE',  ( -5.023363313736865621, 4.755167044550780098, -3.914807432464873838 ) ) ;
#2077 = CARTESIAN_POINT ( 'NONE',  ( 97.24630954342265454, 7.049377336701183161, 5.534288094105101585 ) ) ;
#2078 = CIRCLE ( 'NONE', #5179, 0.2499999999999996947 ) ;
#2079 = CARTESIAN_POINT ( 'NONE',  ( -108.4785864494737808, 5.717927626644932815, 5.325495852101084893 ) ) ;
#2080 = EDGE_CURVE ( 'NONE', #3620, #3413, #5208, .T. ) ;
#2081 = ADVANCED_FACE ( 'NONE', ( #1314 ), #196, .F. ) ;
#2082 = CARTESIAN_POINT ( 'NONE',  ( 12.11456200947357331, 6.889511147997914087, 6.561791612691970421 ) ) ;
#2083 = CARTESIAN_POINT ( 'NONE',  ( -115.9702705318702129, 5.680170245075921720, 3.427040432272340897 ) ) ;
#2084 = CARTESIAN_POINT ( 'NONE',  ( -9.714451465470119729E-14, 14.28867513459489835, 0.000000000000000000 ) ) ;
#2085 = CARTESIAN_POINT ( 'NONE',  ( 38.25037880215661090, 8.352893452508626027, 9.443078486805903893 ) ) ;
#2086 = ORIENTED_EDGE ( 'NONE', *, *, #4200, .F. ) ;
#2087 = CARTESIAN_POINT ( 'NONE',  ( 126.2147216796875000, 6.939176516114059723, 11.85340023040770774 ) ) ;
#2088 = CARTESIAN_POINT ( 'NONE',  ( -22.41162386636455750, 6.227422885269797703, -1.656092643737788972 ) ) ;
#2089 = CARTESIAN_POINT ( 'NONE',  ( 65.97964612149866070, 2.436902430097593886, -11.98017879488815574 ) ) ;
#2090 = AXIS2_PLACEMENT_3D ( 'NONE', #4652, #6233, #2928 ) ;
#2091 = ORIENTED_EDGE ( 'NONE', *, *, #511, .T. ) ;
#2092 = CARTESIAN_POINT ( 'NONE',  ( 119.5087320849482495, 6.509770535258335045, 2.267417459759409226 ) ) ;
#2093 = CARTESIAN_POINT ( 'NONE',  ( -59.26129577698111461, 7.703899365114848408, -7.434979142114537254 ) ) ;
#2094 = CARTESIAN_POINT ( 'NONE',  ( -105.6286295464805391, 9.394239946619322268, -5.258024447031353077 ) ) ;
#2095 = CARTESIAN_POINT ( 'NONE',  ( -13.00359832835323459, 0.6485918928313899601, 9.187487986256494210 ) ) ;
#2096 = CARTESIAN_POINT ( 'NONE',  ( -117.6787746630762825, 4.453537994292101843, -8.606581687927226554 ) ) ;
#2097 = CARTESIAN_POINT ( 'NONE',  ( 115.5994778762997441, 5.110083352496255671, -3.565820845406126427 ) ) ;
#2098 = CYLINDRICAL_SURFACE ( 'NONE', #2366, 5.500000000000000000 ) ;
#2099 = CARTESIAN_POINT ( 'NONE',  ( -20.37039639437663396, 1.343341158287523207, 14.00968735426512879 ) ) ;
#2100 = CARTESIAN_POINT ( 'NONE',  ( 7.684556368751600530, 6.475391069243902287, 6.035417598865256750 ) ) ;
#2101 = CARTESIAN_POINT ( 'NONE',  ( 2.288477852542662117, 6.057324377475840294, 5.651768604980643040 ) ) ;
#2102 = CARTESIAN_POINT ( 'NONE',  ( -12.93536861325899601, 10.91025780774926446, -13.80774021148681285 ) ) ;
#2103 = CARTESIAN_POINT ( 'NONE',  ( 52.57715052907926889, 1.441174961074763949, -14.43526274896250072 ) ) ;
#2104 = CARTESIAN_POINT ( 'NONE',  ( -118.8244037723700899, 6.730891365785355518, -3.342031209606993070 ) ) ;
#2105 = ORIENTED_EDGE ( 'NONE', *, *, #6035, .T. ) ;
#2106 = CARTESIAN_POINT ( 'NONE',  ( 1.844857938008415799, 4.157133984104567581, -6.642680180737841056 ) ) ;
#2107 = EDGE_CURVE ( 'NONE', #6569, #974, #263, .T. ) ;
#2108 = FACE_OUTER_BOUND ( 'NONE', #4312, .T. ) ;
#2109 = CARTESIAN_POINT ( 'NONE',  ( -84.54876517862125240, 7.589393741849598030, -6.182628385663285542 ) ) ;
#2110 = CARTESIAN_POINT ( 'NONE',  ( 23.18872833251953125, 2.099880249677591237, 14.41592884063720525 ) ) ;
#2111 = ORIENTED_EDGE ( 'NONE', *, *, #2867, .F. ) ;
#2112 = CARTESIAN_POINT ( 'NONE',  ( -65.34177332311385555, 1.638676212777120167, 14.11100347919273901 ) ) ;
#2113 = CARTESIAN_POINT ( 'NONE',  ( -3.291214287476994738, 5.897268460587981487, -5.029538815940390428 ) ) ;
#2114 = CARTESIAN_POINT ( 'NONE',  ( 76.08658308838187168, 7.386455253167584445, 6.633586631429423619 ) ) ;
#2115 = CARTESIAN_POINT ( 'NONE',  ( 118.6447197877065634, 6.545537790111858989, 3.697786197467328062 ) ) ;
#2116 = B_SPLINE_CURVE_WITH_KNOTS ( 'NONE', 3,
 ( #3765, #1649, #3799, #6418, #2168, #139, #5359, #1686, #2274, #580, #1101, #6450, #1174, #5326, #4948, #3873, #5394, #5835, #656, #1135, #5428, #2762 ),
 .UNSPECIFIED., .F., .F.,
 ( 4, 2, 2, 2, 2, 2, 2, 2, 2, 2, 4 ),
 ( 0.1121360837023979290, 0.1131179575106026486, 0.1140998313188073543, 0.1150817051270120739, 0.1155726420311144198, 0.1160635789352167796, 0.1165545158393191394, 0.1170454527434214992, 0.1180273265516262049, 0.1190092003598309245, 0.1199910741680356302 ),
 .UNSPECIFIED. ) ;
#2117 = CARTESIAN_POINT ( 'NONE',  ( 22.48333511636321091, 7.904627674389813841, 8.464620209733350720 ) ) ;
#2118 = CARTESIAN_POINT ( 'NONE',  ( -118.4742386448606766, 5.935229685300072333, 2.362518529615715845 ) ) ;
#2119 = CARTESIAN_POINT ( 'NONE',  ( 4.205657590826394454, 8.784253045096532375, 6.501302007427101515 ) ) ;
#2120 = DIRECTION ( 'NONE',  ( 0.000000000000000000, 0.000000000000000000, -1.000000000000000000 ) ) ;
#2121 = CARTESIAN_POINT ( 'NONE',  ( 2.003628030286340067, 5.434405861693202056, -6.097881627824166095 ) ) ;
#2122 = CARTESIAN_POINT ( 'NONE',  ( -21.93428260526435736, 4.440598231448069200, 5.504460811614992899 ) ) ;
#2123 = CARTESIAN_POINT ( 'NONE',  ( 41.69043091474875240, -0.9595379560606901448, -17.32527929508906794 ) ) ;
#2124 = ORIENTED_EDGE ( 'NONE', *, *, #2807, .T. ) ;
#2125 = CARTESIAN_POINT ( 'NONE',  ( -119.7672184635417096, 6.251931350335020454, -0.6702194355582185015 ) ) ;
#2126 = CARTESIAN_POINT ( 'NONE',  ( -1.709332155158738376, 4.752749824598129891, 6.401498698152901845 ) ) ;
#2127 = CARTESIAN_POINT ( 'NONE',  ( 3.482654224002714294, 4.718615617560490527, -6.892550857561555055 ) ) ;
#2128 = B_SPLINE_CURVE_WITH_KNOTS ( 'NONE', 3,
 ( #3254, #448, #2552, #2028, #4152, #5739, #6249, #2585, #4700, #4846, #6454, #4362, #6049, #4393, #5398, #1178, #1726, #1250, #729, #5463, #5909, #5947, #1796, #109, #621, #3877, #5432, #2209, #2346, #3397, #4917, #5363, #1216, #660, #2836, #4952, #176, #2871, #1690, #695, #3365, #2799, #5983, #2766, #210, #2730, #6489, #1761, #4325, #6554, #2278, #4432 ),
 .UNSPECIFIED., .F., .F.,
 ( 4, 2, 2, 2, 2, 2, 2, 2, 2, 2, 2, 2, 2, 2, 2, 2, 2, 2, 2, 2, 2, 2, 2, 2, 2, 4 ),
 ( 1.939479807224432123E-18, 0.0007859106422906425625, 0.001571821284581283173, 0.003143642569162561577, 0.003929553211453200995, 0.004715463853743839980, 0.006287285138325112745, 0.009430927707487657408, 0.01257457027665020467, 0.01414639156123147744, 0.01571821284581275194, 0.01886185541497530788, 0.02200549798413786382, 0.02514914055330042322, 0.03143642569162553857, 0.03458006826078809798, 0.03772371082995065045, 0.04401099596827576232, 0.05029828110660088114, 0.05658556624492599302, 0.06287285138325113265, 0.06916013652157626534, 0.07544742165990139804, 0.08802199193655162179, 0.09430927707487674061, 0.1005965622132018455 ),
 .UNSPECIFIED. ) ;
#2129 = CARTESIAN_POINT ( 'NONE',  ( -5.681921083958328289, 4.856780472449163000, 6.961249583315704648 ) ) ;
#2130 = CARTESIAN_POINT ( 'NONE',  ( 5.357309818267829371, 11.99022725361437480, 15.66879367828369318 ) ) ;
#2131 = CARTESIAN_POINT ( 'NONE',  ( 116.5040582253618453, 5.197771366139706473, -3.212037960077140042 ) ) ;
#2132 = CARTESIAN_POINT ( 'NONE',  ( 117.9315903536854364, 6.692946599575926747, 3.858391653979078573 ) ) ;
#2133 = CARTESIAN_POINT ( 'NONE',  ( 1.702491856657767588, 4.308941398939179379, -6.330849053117607816 ) ) ;
#2134 = CYLINDRICAL_SURFACE ( 'NONE', #5070, 5.500000000000000000 ) ;
#2135 = CARTESIAN_POINT ( 'NONE',  ( -3.567262805333564213, 8.614987538243763510, -9.252750396728513849 ) ) ;
#2136 = CARTESIAN_POINT ( 'NONE',  ( 37.70050390700211551, -1.781328780843727699, -18.22302377043424215 ) ) ;
#2137 = CARTESIAN_POINT ( 'NONE',  ( -119.1088007469311520, 6.469039136653436550, -2.539425263067245808 ) ) ;
#2138 = ORIENTED_EDGE ( 'NONE', *, *, #1791, .F. ) ;
#2139 = CARTESIAN_POINT ( 'NONE',  ( -3.316452454666082517, 6.367664813098475207, -6.183023700258722499 ) ) ;
#2140 = CARTESIAN_POINT ( 'NONE',  ( 119.6462104278794811, 5.807023821831706734, -1.630843763169214311 ) ) ;
#2141 = CARTESIAN_POINT ( 'NONE',  ( -17.65540600871163335, 8.101443160178716241, -7.508485068751465263 ) ) ;
#2142 = CARTESIAN_POINT ( 'NONE',  ( 50.46850967407226563, 4.962709219633007152, 11.67739963531493785 ) ) ;
#2143 = VERTEX_POINT ( 'NONE', #310 ) ;
#2144 = TOROIDAL_SURFACE ( 'NONE', #3923, 3.000000000000000000, 1.000000000000039968 ) ;
#2145 = CARTESIAN_POINT ( 'NONE',  ( -64.45131703521055044, 3.024638263330754473, 12.48121708109576211 ) ) ;
#2146 = CARTESIAN_POINT ( 'NONE',  ( -5.442122005905699389, 3.350109380910037071, 2.584557739775001028 ) ) ;
#2147 = CARTESIAN_POINT ( 'NONE',  ( 95.12533992382375914, 6.981746796498238261, 5.628143166452891144 ) ) ;
#2148 = CARTESIAN_POINT ( 'NONE',  ( 63.43436303187296943, 7.729092963082780265, 7.324071469324111128 ) ) ;
#2149 = CARTESIAN_POINT ( 'NONE',  ( 10.53147101880461101, 6.835968563320515834, 6.471562015571607596 ) ) ;
#2150 = CARTESIAN_POINT ( 'NONE',  ( 1.730006773736293413, 5.169130041880634963, -5.745166017006867243 ) ) ;
#2151 = CARTESIAN_POINT ( 'NONE',  ( 0.000000000000000000, 3.365003494668334927, 0.000000000000000000 ) ) ;
#2152 = CARTESIAN_POINT ( 'NONE',  ( 7.469180313374533142, 6.657890806653715465, 6.124967182480738792 ) ) ;
#2153 = ORIENTED_EDGE ( 'NONE', *, *, #4832, .T. ) ;
#2154 = CARTESIAN_POINT ( 'NONE',  ( 5.884853754527679115, 8.694614548525072095, 1.217594523900140224 ) ) ;
#2155 = CARTESIAN_POINT ( 'NONE',  ( -126.3715205762152607, 4.337056770528770144, 6.584117889404317303 ) ) ;
#2156 = AXIS2_PLACEMENT_3D ( 'NONE', #4529, #6620, #4109 ) ;
#2157 = CARTESIAN_POINT ( 'NONE',  ( 28.00259992432756206, -1.109829188654447574, -17.42725705914312684 ) ) ;
#2158 = EDGE_CURVE ( 'NONE', #1287, #3925, #797, .T. ) ;
#2159 = ORIENTED_EDGE ( 'NONE', *, *, #3093, .F. ) ;
#2160 = CARTESIAN_POINT ( 'NONE',  ( 18.90002327359811929, 1.563628662368410138, -12.75557450770733148 ) ) ;
#2161 = CARTESIAN_POINT ( 'NONE',  ( -1.721712127319837471, 5.060649249550871254, 6.111395028265407703 ) ) ;
#2162 = CARTESIAN_POINT ( 'NONE',  ( 1.613145179845815402, 4.726680181803516234, -6.722565393953387591 ) ) ;
#2163 = CARTESIAN_POINT ( 'NONE',  ( -9.714451465470119729E-14, -42.18829223128360439, -4.000000000000020428 ) ) ;
#2164 = CARTESIAN_POINT ( 'NONE',  ( 1.929974031997474970, 4.090545261775254460, -6.467152827578505736 ) ) ;
#2165 = CARTESIAN_POINT ( 'NONE',  ( 111.0580465228165821, 2.723107467378647506, -10.79933747691440971 ) ) ;
#2166 = DIRECTION ( 'NONE',  ( 0.3854495548728307797, -0.9227289096199038365, 0.000000000000000000 ) ) ;
#2167 = EDGE_CURVE ( 'NONE', #2334, #3182, #2400, .T. ) ;
#2168 = CARTESIAN_POINT ( 'NONE',  ( 118.3121139300939149, 6.204026739095034770, 3.810040336827745122 ) ) ;
#2169 = CARTESIAN_POINT ( 'NONE',  ( -15.76351228884621136, 2.560030814931640641, 10.89408080386236755 ) ) ;
#2170 = CARTESIAN_POINT ( 'NONE',  ( 14.29263509396713694, 2.833041404780448413, -10.11739730323955833 ) ) ;
#2171 = CARTESIAN_POINT ( 'NONE',  ( -6.256445926633462662, 3.611481020084635229, 0.7562887724240807685 ) ) ;
#2172 = CARTESIAN_POINT ( 'NONE',  ( 2.078973872902636355, 5.776938743352036276, 5.629832473951980276 ) ) ;
#2173 = CARTESIAN_POINT ( 'NONE',  ( 71.15111377552798899, 3.291733528596213265, -11.39222088612437567 ) ) ;
#2174 = CARTESIAN_POINT ( 'NONE',  ( 0.01878916365280199063, 11.19156535190668222, 1.248020120233956692E-17 ) ) ;
#2175 = ORIENTED_EDGE ( 'NONE', *, *, #4119, .F. ) ;
#2176 = CARTESIAN_POINT ( 'NONE',  ( -9.714451465470119729E-14, -0.5000000000000177636, 0.000000000000000000 ) ) ;
#2177 = DIRECTION ( 'NONE',  ( 0.9956378612556133767, 0.08983298102921961903, 0.02520485575741761297 ) ) ;
#2178 = CARTESIAN_POINT ( 'NONE',  ( -15.06080617016726997, 7.830349116734929282, -7.149038806413714475 ) ) ;
#2179 = CARTESIAN_POINT ( 'NONE',  ( 2.305675107495955611, 6.474668977480729559, 6.014267845441758631 ) ) ;
#2180 = ORIENTED_EDGE ( 'NONE', *, *, #4481, .T. ) ;
#2181 = CARTESIAN_POINT ( 'NONE',  ( -50.38701529395403611, -0.5330340751632094420, 17.01504872828958881 ) ) ;
#2182 = CARTESIAN_POINT ( 'NONE',  ( -5.812422393644734342, 4.147557375549526526, -2.518893900722473767 ) ) ;
#2183 = CARTESIAN_POINT ( 'NONE',  ( 1.955864424136556146, 3.926165692675630758, -6.014264994549618493 ) ) ;
#2184 = CARTESIAN_POINT ( 'NONE',  ( -29.51832397491011406, -1.365293940653709903, 17.88748529894548867 ) ) ;
#2185 = MANIFOLD_SOLID_BREP ( 'Ступица пропеллера-1-solid1', #2891 ) ;
#2186 = CARTESIAN_POINT ( 'NONE',  ( -116.8116179372816532, 7.043847219311387242, -4.462925595622165176 ) ) ;
#2187 = PLANE ( 'NONE',  #321 ) ;
#2188 = CARTESIAN_POINT ( 'NONE',  ( 60.33994275575834365, 6.528400646808789176, 7.365970887262420774 ) ) ;
#2189 = DIRECTION ( 'NONE',  ( -0.000000000000000000, -1.000000000000000000, -0.000000000000000000 ) ) ;
#2190 = EDGE_LOOP ( 'NONE', ( #5651, #6160, #3611, #5896 ) ) ;
#2191 = EDGE_CURVE ( 'NONE', #3496, #6474, #6435, .T. ) ;
#2192 = CARTESIAN_POINT ( 'NONE',  ( 5.711492535886518951, 8.729331742084964318, 1.868643315665213356 ) ) ;
#2193 = CARTESIAN_POINT ( 'NONE',  ( -126.2962732253209737, 7.188318282772933721, -9.809649467468240402 ) ) ;
#2194 = CARTESIAN_POINT ( 'NONE',  ( 24.74733276002825022, -1.616237284869525004, -17.75249262629214542 ) ) ;
#2195 = ORIENTED_EDGE ( 'NONE', *, *, #6577, .F. ) ;
#2196 = MANIFOLD_SOLID_BREP ( 'Phantom 3 CW-3-solid1', #5647 ) ;
#2197 = DIRECTION ( 'NONE',  ( -0.000000000000000000, -1.000000000000000000, -0.000000000000000000 ) ) ;
#2198 = CARTESIAN_POINT ( 'NONE',  ( -10.56131807640236175, 6.812989155485105641, -6.355702710664228761 ) ) ;
#2199 = CARTESIAN_POINT ( 'NONE',  ( -20.39956046721448146, 1.332648437929087493, 14.02716956213998678 ) ) ;
#2200 = B_SPLINE_SURFACE_WITH_KNOTS ( 'NONE', 3, 1, ( 
 ( #4515, #3057 ),
 ( #426, #4614 ),
 ( #5268, #3648 ),
 ( #1562, #6707 ),
 ( #5749, #5203 ),
 ( #2115, #3155 ),
 ( #6297, #3614 ),
 ( #2598, #5234 ) ),
 .UNSPECIFIED., .F., .F., .F.,
 ( 4, 1, 1, 1, 1, 4 ),
 ( 2, 2 ),
 ( 0.000000000000000000, 0.004157967074032598020, 0.01470027393665274129, 0.01659322575258548316, 0.02308748523335957259, 0.03071002019924745641 ),
 ( 0.000000000000000000, 1.000000000000000000 ),
 .UNSPECIFIED. ) ;
#2201 = CARTESIAN_POINT ( 'NONE',  ( -9.637911040523409630E-14, -1.000000000000018208, 5.999999999999998224 ) ) ;
#2202 = CARTESIAN_POINT ( 'NONE',  ( -2.085151205448185330, 5.786547487576572557, -5.629832473951983829 ) ) ;
#2203 = CARTESIAN_POINT ( 'NONE',  ( 106.3898495434684435, 5.153108565441547384, -5.663670926316366483 ) ) ;
#2204 = CARTESIAN_POINT ( 'NONE',  ( -9.714451465470119729E-14, -42.18829223128360439, 0.000000000000000000 ) ) ;
#2205 = DIRECTION ( 'NONE',  ( 0.000000000000000000, 0.000000000000000000, -1.000000000000000000 ) ) ;
#2206 = CARTESIAN_POINT ( 'NONE',  ( -21.83552385769489135, 0.4155596456453344301, 14.87123838051305214 ) ) ;
#2207 = CARTESIAN_POINT ( 'NONE',  ( -119.6615098392626209, 6.274028525224385255, 1.952177918470612505 ) ) ;
#2208 = CARTESIAN_POINT ( 'NONE',  ( 3.439026838225832439, 5.691338878665816559, 5.399857451765971206 ) ) ;
#2209 = CARTESIAN_POINT ( 'NONE',  ( -31.83106480469041699, 9.038121443206421191, -9.525013354444876512 ) ) ;
#2210 = CARTESIAN_POINT ( 'NONE',  ( -119.4015045006499633, 6.088027447342983400, 1.605805296691890094 ) ) ;
#2211 = ORIENTED_EDGE ( 'NONE', *, *, #5259, .F. ) ;
#2212 = CARTESIAN_POINT ( 'NONE',  ( 2.300517544296315720, 6.912903550332754499, 5.922235047932477237 ) ) ;
#2213 = CARTESIAN_POINT ( 'NONE',  ( 27.07239234169785291, -1.217769413860628536, -16.77874743185751782 ) ) ;
#2214 = CARTESIAN_POINT ( 'NONE',  ( -27.51915964254636293, 8.636940859198835696, -9.242539377650020427 ) ) ;
#2215 = CARTESIAN_POINT ( 'NONE',  ( 98.43954467773437500, 5.523492844282004377, 7.394506931304926312 ) ) ;
#2216 = ORIENTED_EDGE ( 'NONE', *, *, #562, .T. ) ;
#2217 = CARTESIAN_POINT ( 'NONE',  ( -39.37267620983073613, -3.067822933716349176, 19.58873946939328903 ) ) ;
#2218 = CARTESIAN_POINT ( 'NONE',  ( -88.79153389440742217, 7.544684892817318023, -5.938244278427854184 ) ) ;
#2219 = CARTESIAN_POINT ( 'NONE',  ( 117.1794197516796032, 6.039025890625458359, 4.477001075393364005 ) ) ;
#2220 = CARTESIAN_POINT ( 'NONE',  ( 46.51894405895900064, 8.251983988025136441, 8.727974185654510109 ) ) ;
#2221 = CARTESIAN_POINT ( 'NONE',  ( 30.77065635680061817, 8.658379675122320762, 9.531974949887800364 ) ) ;
#2222 = CARTESIAN_POINT ( 'NONE',  ( 78.24926158796148457, 7.040241524752144819, 6.325509986901449722 ) ) ;
#2223 = CARTESIAN_POINT ( 'NONE',  ( -115.0660883474780576, 2.838925591556124228, 12.01752823266683912 ) ) ;
#2224 = CARTESIAN_POINT ( 'NONE',  ( 6.735557395310442023E-16, 12.99999999999999822, 5.500000000000000000 ) ) ;
#2225 = CARTESIAN_POINT ( 'NONE',  ( -107.5592693941905225, 7.258198733538027803, -5.040767342004504492 ) ) ;
#2226 = ORIENTED_EDGE ( 'NONE', *, *, #354, .T. ) ;
#2227 = CARTESIAN_POINT ( 'NONE',  ( 5.681302870818303319, 7.711395850858509426, -1.954744344052626204 ) ) ;
#2228 = CARTESIAN_POINT ( 'NONE',  ( 1.843911325520871447, 3.924856806055129876, -5.926683441215388370 ) ) ;
#2229 = CARTESIAN_POINT ( 'NONE',  ( 24.97511195134506323, -1.702834748306181423, -17.85316361265631713 ) ) ;
#2230 = ORIENTED_EDGE ( 'NONE', *, *, #327, .F. ) ;
#2231 = ADVANCED_FACE ( 'NONE', ( #6312 ), #3921, .T. ) ;
#2232 = CARTESIAN_POINT ( 'NONE',  ( 17.94294362497127437, 1.722445506213895028, -12.55132262197447979 ) ) ;
#2233 = CARTESIAN_POINT ( 'NONE',  ( -119.6961574288907855, 6.766716171586655726, -0.2143335935565095496 ) ) ;
#2234 = CARTESIAN_POINT ( 'NONE',  ( 21.90482472585901519, 0.6624148257640942727, -14.92660783864114116 ) ) ;
#2235 = DIRECTION ( 'NONE',  ( -0.000000000000000000, -1.000000000000000000, -0.000000000000000000 ) ) ;
#2236 = CARTESIAN_POINT ( 'NONE',  ( 3.187085866928104139, 7.978146882234526949, 8.270466804504394531 ) ) ;
#2237 = CARTESIAN_POINT ( 'NONE',  ( 102.2439980495544347, 5.007399704337585966, -6.365018356951964940 ) ) ;
#2238 = CARTESIAN_POINT ( 'NONE',  ( 119.4154075572105285, 5.963230549560477378, -2.023398177637661277 ) ) ;
#2239 = CARTESIAN_POINT ( 'NONE',  ( -9.714451465470119729E-14, -0.5000000000000177636, 0.000000000000000000 ) ) ;
#2240 = CARTESIAN_POINT ( 'NONE',  ( 119.3566903972236020, 6.740241987451240036, 1.950569866598947266 ) ) ;
#2241 = DIRECTION ( 'NONE',  ( 0.04688625792926397889, -0.3235869786036835727, 0.9450360554473726804 ) ) ;
#2242 = CARTESIAN_POINT ( 'NONE',  ( -9.544813583663072976, -3.991532912136905864, 22.98249626159667613 ) ) ;
#2243 = CARTESIAN_POINT ( 'NONE',  ( -2.560761339294888028, 6.041934806043554040, -5.874762450655394375 ) ) ;
#2244 = CARTESIAN_POINT ( 'NONE',  ( -4.338045229888326304, 3.640690425926800255, 4.173702536238041105 ) ) ;
#2245 = DIRECTION ( 'NONE',  ( -0.9998630721856058834, -0.01626364415475267666, -0.003054629006848975058 ) ) ;
#2246 = MANIFOLD_SOLID_BREP ( 'Ступица пропеллера-1-solid2', #2663 ) ;
#2247 = CARTESIAN_POINT ( 'NONE',  ( -119.1730455428781426, 6.467158083468122598, -2.423557832586107352 ) ) ;
#2248 = CARTESIAN_POINT ( 'NONE',  ( -25.42794681876186758, 8.633850268697571551, -8.875086025785275723 ) ) ;
#2249 = CARTESIAN_POINT ( 'NONE',  ( 15.64431476593017578, 0.7377367331370719983, 14.36346244812011541 ) ) ;
#2250 = ORIENTED_EDGE ( 'NONE', *, *, #654, .T. ) ;
#2251 = CARTESIAN_POINT ( 'NONE',  ( -34.11001539890720125, -3.521857145544813328, 19.98322774519269274 ) ) ;
#2252 = CARTESIAN_POINT ( 'NONE',  ( -50.76993587271706332, 8.156227537152100027, -8.337702921735479222 ) ) ;
#2253 = CARTESIAN_POINT ( 'NONE',  ( 119.6501450488203062, 5.932508886830071049, -0.7256431862543278877 ) ) ;
#2254 = CARTESIAN_POINT ( 'NONE',  ( 57.05752016741874399, 8.003653055242015313, 7.702367989299533590 ) ) ;
#2255 = CARTESIAN_POINT ( 'NONE',  ( 69.77236602434780366, 7.564693646762532531, 6.957294804639615471 ) ) ;
#2256 = APPLICATION_CONTEXT ( 'configuration controlled 3d designs of mechanical parts and assemblies' ) ;
#2257 = CARTESIAN_POINT ( 'NONE',  ( 95.14637188011856495, 6.874301430591364337, 5.626477895858784883 ) ) ;
#2258 = CARTESIAN_POINT ( 'NONE',  ( -105.3463543674832010, 5.144782547195043243, 5.643718937692964843 ) ) ;
#2259 = CARTESIAN_POINT ( 'NONE',  ( -5.534605888457361900, 7.615768445324855307, 3.037820489401842572 ) ) ;
#2260 = CARTESIAN_POINT ( 'NONE',  ( 116.7901341968661342, 6.036802018592450025, 4.368713801195434954 ) ) ;
#2261 = LOCAL_TIME ( 21, 29, 28.00000000000000000, #6815 ) ;
#2262 = CARTESIAN_POINT ( 'NONE',  ( -120.6894373101685716, 7.679925448706382163, -12.09805393218991831 ) ) ;
#2263 = CARTESIAN_POINT ( 'NONE',  ( 25.88999474089327890, -0.8393327022546657190, -16.30816057373478500 ) ) ;
#2264 = ADVANCED_FACE ( 'NONE', ( #3384 ), #2849, .F. ) ;
#2265 = ORIENTED_EDGE ( 'NONE', *, *, #4543, .T. ) ;
#2266 = DIRECTION ( 'NONE',  ( -0.003466446012709980835, -0.7511198954887221557, -0.6601567134802555081 ) ) ;
#2267 = CARTESIAN_POINT ( 'NONE',  ( -119.4652180844365290, 7.069601445111637794, -0.4932181185304865267 ) ) ;
#2268 = CARTESIAN_POINT ( 'NONE',  ( 10.78603874260679341, 4.152788483216786730, -8.818310150021131832 ) ) ;
#2269 = CARTESIAN_POINT ( 'NONE',  ( 5.843087602365891087, 3.739284376732101567, -1.399609540214505232 ) ) ;
#2270 = CARTESIAN_POINT ( 'NONE',  ( 4.987934112548834342, 11.07296756046862463, 13.88324165344238281 ) ) ;
#2271 = CARTESIAN_POINT ( 'NONE',  ( 115.3561359971840545, 5.087284840061195190, -3.654847726581207823 ) ) ;
#2272 = CARTESIAN_POINT ( 'NONE',  ( -18.23217988357204788, 1.872981694747919201, 12.33512111372209041 ) ) ;
#2273 = VECTOR ( 'NONE', #2301, 1000.000000000000000 ) ;
#2274 = CARTESIAN_POINT ( 'NONE',  ( 119.3758676518567228, 6.167223496703590158, 2.568544960147776557 ) ) ;
#2275 = CARTESIAN_POINT ( 'NONE',  ( -10.63162021147634206, 3.793822002604366972, 8.764582453644061744 ) ) ;
#2276 = CARTESIAN_POINT ( 'NONE',  ( -2.308630009408252803, 6.485316514912490504, -6.014267845441757743 ) ) ;
#2277 = CARTESIAN_POINT ( 'NONE',  ( -50.36165600466001280, 9.117839069361931337, -7.015694618225088774 ) ) ;
#2278 = CARTESIAN_POINT ( 'NONE',  ( -103.5930943145906724, 7.370980216569034127, -5.210712077378782503 ) ) ;
#2279 = CARTESIAN_POINT ( 'NONE',  ( -119.6705745764076738, 6.525774208626986983, 0.4146276768750367103 ) ) ;
#2280 = CARTESIAN_POINT ( 'NONE',  ( -9.997568501552347442, 6.972261438956479651, -6.402911229604629995 ) ) ;
#2281 = CARTESIAN_POINT ( 'NONE',  ( -118.6247545218065653, 6.481522444527751503, -3.190451203894058008 ) ) ;
#2282 = CARTESIAN_POINT ( 'NONE',  ( 1.692798680604937989, 4.380108489198436317, -6.729563127875198170 ) ) ;
#2283 = CARTESIAN_POINT ( 'NONE',  ( 117.8136520385742188, 6.971278147278620274, 2.502082347869866830 ) ) ;
#2284 = ORIENTED_EDGE ( 'NONE', *, *, #2045, .T. ) ;
#2285 = CARTESIAN_POINT ( 'NONE',  ( -25.92875123128905201, -0.3262040384538176796, 16.61020527514832068 ) ) ;
#2286 = CARTESIAN_POINT ( 'NONE',  ( -37.07438776898550259, 8.797202733312307288, -9.514637391829229074 ) ) ;
#2287 = CARTESIAN_POINT ( 'NONE',  ( 119.6947579110243254, 5.791731423750027474, 0.2406646987777512348 ) ) ;
#2288 = CARTESIAN_POINT ( 'NONE',  ( 25.44018941790740840, 8.331147900633613546, 8.958108976604959750 ) ) ;
#2289 = CARTESIAN_POINT ( 'NONE',  ( -37.74118321371589957, -1.607246623902993665, 18.22302377043424215 ) ) ;
#2290 = CARTESIAN_POINT ( 'NONE',  ( 63.49570567662858167, 7.385200818264113565, 7.317870043078472442 ) ) ;
#2291 = CARTESIAN_POINT ( 'NONE',  ( -102.2383833029567199, 5.020677217716952967, 6.168426282489616774 ) ) ;
#2292 = CIRCLE ( 'NONE', #1740, 0.2499999999999999167 ) ;
#2293 = CARTESIAN_POINT ( 'NONE',  ( -3.926619347712919428, 6.492042932494501706, 5.015884543564500753 ) ) ;
#2294 = CARTESIAN_POINT ( 'NONE',  ( -1.737041873045931606, 5.305483707955416683, 5.769027308120469932 ) ) ;
#2295 = EDGE_CURVE ( 'NONE', #2821, #1586, #1950, .T. ) ;
#2296 = DIRECTION ( 'NONE',  ( 0.000000000000000000, 0.000000000000000000, -1.000000000000000000 ) ) ;
#2297 = AXIS2_PLACEMENT_3D ( 'NONE', #3314, #5418, #2296 ) ;
#2298 = CARTESIAN_POINT ( 'NONE',  ( -9.714451465470119729E-14, 6.488675134594886984, 0.000000000000000000 ) ) ;
#2299 = CIRCLE ( 'NONE', #1747, 0.2499999999999973355 ) ;
#2300 = ORIENTED_EDGE ( 'NONE', *, *, #3609, .T. ) ;
#2301 = DIRECTION ( 'NONE',  ( -0.000000000000000000, -1.000000000000000000, -0.000000000000000000 ) ) ;
#2302 = CARTESIAN_POINT ( 'NONE',  ( -6.134462442293011186, 3.906650842078112973, -1.511075017391655395 ) ) ;
#2303 = CARTESIAN_POINT ( 'NONE',  ( -118.8207229660420978, 7.310770901184517001, -3.347932670592931981 ) ) ;
#2304 = CARTESIAN_POINT ( 'NONE',  ( -9.037724781955562392, 3.984167683094313350, 8.175573503046420498 ) ) ;
#2305 = CIRCLE ( 'NONE', #2414, 6.500000000000000888 ) ;
#2306 = CARTESIAN_POINT ( 'NONE',  ( 5.415428850017138807, 3.586891770653422906, -2.602886178756750990 ) ) ;
#2307 = CARTESIAN_POINT ( 'NONE',  ( 15.78984642028809304, 9.620970518766341684, 11.53512859344482244 ) ) ;
#2308 = B_SPLINE_CURVE_WITH_KNOTS ( 'NONE', 3,
 ( #6672, #3784, #1564, #1530, #1670, #6265 ),
 .UNSPECIFIED., .F., .F.,
 ( 4, 2, 4 ),
 ( 3.879505054796067038E-16, 0.0001948590796938713741, 0.0003897181593873547665 ),
 .UNSPECIFIED. ) ;
#2309 = CARTESIAN_POINT ( 'NONE',  ( 111.5603419951959836, 4.851578857155848468, -4.625139846796129106 ) ) ;
#2310 = CARTESIAN_POINT ( 'NONE',  ( 5.100876982234316515, 6.640547446432988998, 6.260390235647080637 ) ) ;
#2311 = CARTESIAN_POINT ( 'NONE',  ( -5.107724830012992712, 7.284477592116661349, 3.738042170052256363 ) ) ;
#2312 = CARTESIAN_POINT ( 'NONE',  ( -11.93450158601772593, 3.593398092705799129, 9.306373527586261574 ) ) ;
#2313 = DESIGN_CONTEXT ( 'detailed design', #484, 'design' ) ;
#2314 = CARTESIAN_POINT ( 'NONE',  ( -117.1873288012838117, 6.809355938339139769, -4.475785761118342698 ) ) ;
#2315 = CARTESIAN_POINT ( 'NONE',  ( -38.68277612174464508, 8.514995653457523517, 1.272278547286993744 ) ) ;
#2316 = CARTESIAN_POINT ( 'NONE',  ( -1.742344811260259529, 3.885952760817978913, 5.836476187392319659 ) ) ;
#2317 = CARTESIAN_POINT ( 'NONE',  ( -119.3948731011480362, 6.141451541880001308, 1.298638227542578960 ) ) ;
#2318 = CARTESIAN_POINT ( 'NONE',  ( -24.60389686911216245, 7.979477078158110359, -8.687360733984689887 ) ) ;
#2319 = CARTESIAN_POINT ( 'NONE',  ( 52.59370866051653337, 1.037360876533538923, -14.14457788738968702 ) ) ;
#2320 = CARTESIAN_POINT ( 'NONE',  ( 9.023155449996865585, 3.942492090898252144, -8.175573503046413393 ) ) ;
#2321 = AXIS2_PLACEMENT_3D ( 'NONE', #4694, #5217, #994 ) ;
#2322 = CARTESIAN_POINT ( 'NONE',  ( -0.6612845063209514818, 7.732716889558750140, -4.128954410552978516 ) ) ;
#2323 = ORIENTED_EDGE ( 'NONE', *, *, #5373, .F. ) ;
#2324 = CARTESIAN_POINT ( 'NONE',  ( -27.09048446512391806, -1.086589207073096253, 16.77110432074675117 ) ) ;
#2325 = DIRECTION ( 'NONE',  ( 0.8178076149764001990, 0.3335844227781784022, -0.4689479051732309833 ) ) ;
#2326 = EDGE_CURVE ( 'NONE', #5518, #6703, #525, .T. ) ;
#2327 = CARTESIAN_POINT ( 'NONE',  ( 119.3954691793757377, 5.537001962154397106, -1.605805296691782624 ) ) ;
#2328 = CARTESIAN_POINT ( 'NONE',  ( 71.85575748585962685, 7.503530405874679232, 6.849895980887384717 ) ) ;
#2329 = CARTESIAN_POINT ( 'NONE',  ( 9.216855014883078567, 7.365476497089852082, 6.310579322740183628 ) ) ;
#2330 = CARTESIAN_POINT ( 'NONE',  ( -111.0771567188709241, 3.235685814856549936, 10.79933747689389634 ) ) ;
#2331 = CARTESIAN_POINT ( 'NONE',  ( -5.305084559767565544, 7.387071741802836655, 2.817325181845048654 ) ) ;
#2332 = CARTESIAN_POINT ( 'NONE',  ( 5.109588403511108545, 4.659030102401562345, 3.779513424609153294 ) ) ;
#2333 = CIRCLE ( 'NONE', #1119, 6.500000000000015987 ) ;
#2334 = VERTEX_POINT ( 'NONE', #4631 ) ;
#2335 = CARTESIAN_POINT ( 'NONE',  ( -7.693372575866148644, 4.758470641154254110, 7.674381487633344712 ) ) ;
#2336 = CARTESIAN_POINT ( 'NONE',  ( 5.748044364342511869, 7.183461296686417086, 6.081826989522261862 ) ) ;
#2337 = CARTESIAN_POINT ( 'NONE',  ( -118.3022184427360202, 7.295533580721897060, -3.546361191716861594 ) ) ;
#2338 = CARTESIAN_POINT ( 'NONE',  ( -14.15783437022736990, 3.154545811494661844, 10.36979625564382701 ) ) ;
#2339 = CARTESIAN_POINT ( 'NONE',  ( 4.923158585992847058, 3.289461187759689764, -3.433659408025850013 ) ) ;
#2340 = CARTESIAN_POINT ( 'NONE',  ( 7.167624950408939100, 8.547260673223444627, 9.184736251831054688 ) ) ;
#2341 = CARTESIAN_POINT ( 'NONE',  ( 87.01354939135994471, 2.802218435002521879, -11.19879090000607924 ) ) ;
#2342 = CARTESIAN_POINT ( 'NONE',  ( -15.90610957862075026, 2.524006342235606937, 10.97448891022843043 ) ) ;
#2343 = CARTESIAN_POINT ( 'NONE',  ( -6.187652616846682996, 3.931672279611263754, 7.165086114211662860 ) ) ;
#2344 = CARTESIAN_POINT ( 'NONE',  ( 119.2869420383316736, 6.759276241425596687, 2.162964278003589147 ) ) ;
#2345 = CARTESIAN_POINT ( 'NONE',  ( -50.39286514653820603, 8.865562371416427112, -7.558977603912344634 ) ) ;
#2346 = CARTESIAN_POINT ( 'NONE',  ( -33.92834529202809790, 9.053886589532805118, -9.538899191168658476 ) ) ;
#2347 = CARTESIAN_POINT ( 'NONE',  ( -1.710107684839946351, 3.982540785488295487, 6.095968185507114612 ) ) ;
#2348 = CARTESIAN_POINT ( 'NONE',  ( -34.01118396742862870, 8.457178000192973499, -9.626103977368135389 ) ) ;
#2349 = CARTESIAN_POINT ( 'NONE',  ( 64.95520937664268502, 2.356044993794337294, -12.13067592675333906 ) ) ;
#2350 = FACE_OUTER_BOUND ( 'NONE', #5753, .T. ) ;
#2351 =( BOUNDED_SURFACE ( )  B_SPLINE_SURFACE ( 3, 2, ( 
 ( #2662, #588, #1587 ),
 ( #112, #5365, #5879 ),
 ( #5401, #2212, #6424 ),
 ( #663, #4776, #2697 ) ),
 .UNSPECIFIED., .F., .F., .F. ) 
 B_SPLINE_SURFACE_WITH_KNOTS ( ( 4, 4 ),
 ( 3, 3 ),
 ( 0.01016225818801665126, 0.01073329657713743314 ),
 ( 0.000000000000000000, 1.000000000000000000 ),
 .UNSPECIFIED. ) 
 GEOMETRIC_REPRESENTATION_ITEM ( )  RATIONAL_B_SPLINE_SURFACE ( (
 ( 1.000000000000000000, 0.7462357003964992241, 1.000000000000000000),
 ( 1.000000000000000000, 0.7466108018214316910, 1.000000000000000000),
 ( 1.000000000000000000, 0.7467172987830387187, 1.000000000000000000),
 ( 1.000000000000000000, 0.7465043122595446112, 1.000000000000000000) ) ) 
 REPRESENTATION_ITEM ( '' )  SURFACE ( )  );
#2352 = CARTESIAN_POINT ( 'NONE',  ( 116.1920547485351563, 3.368483574567632033, -7.224443912506109733 ) ) ;
#2353 = ORIENTED_EDGE ( 'NONE', *, *, #2012, .F. ) ;
#2354 = CARTESIAN_POINT ( 'NONE',  ( -32.89432642602142209, -3.475133888404151605, 19.92622014940789299 ) ) ;
#2355 = CARTESIAN_POINT ( 'NONE',  ( -22.45147271244876563, 8.195654379443656268, -8.461050511816454289 ) ) ;
#2356 = EDGE_CURVE ( 'NONE', #3949, #1317, #2070, .T. ) ;
#2357 = CARTESIAN_POINT ( 'NONE',  ( 119.4013422931711688, 5.892131548442916866, 1.651556919639247445 ) ) ;
#2358 = CARTESIAN_POINT ( 'NONE',  ( 24.39753260844843652, 8.332136945081368040, 8.792531874424492244 ) ) ;
#2359 = CARTESIAN_POINT ( 'NONE',  ( 5.966406696769972484, 8.096083687704284770, -0.7110637052866575214 ) ) ;
#2360 = CARTESIAN_POINT ( 'NONE',  ( 17.79621226010946700, 7.842867130283053712, 7.616692462199600833 ) ) ;
#2361 = ORIENTED_EDGE ( 'NONE', *, *, #2191, .T. ) ;
#2362 = CARTESIAN_POINT ( 'NONE',  ( -111.0520347255107509, 5.345697079013617348, 4.716385836789005914 ) ) ;
#2363 = CARTESIAN_POINT ( 'NONE',  ( -4.329410990888957755, 7.051697029309868192, 4.168946770939465196 ) ) ;
#2364 = CARTESIAN_POINT ( 'NONE',  ( 4.634427204762162411, 3.336389778168132647, -4.281509380916912910 ) ) ;
#2365 = VERTEX_POINT ( 'NONE', #4079 ) ;
#2366 = AXIS2_PLACEMENT_3D ( 'NONE', #2204, #4319, #2688 ) ;
#2367 = CARTESIAN_POINT ( 'NONE',  ( 10.61615546296608414, 3.744792629576645382, -8.764582453643786408 ) ) ;
#2368 = CARTESIAN_POINT ( 'NONE',  ( -2.586832348624198197, 3.819821136055403077, 5.806113324800293185 ) ) ;
#2369 = SECURITY_CLASSIFICATION ( '', '', #6579 ) ;
#2370 = CARTESIAN_POINT ( 'NONE',  ( -119.6514550230043596, 6.355492162527458966, 1.644845642792926332 ) ) ;
#2371 = APPROVAL_STATUS ( 'not_yet_approved' ) ;
#2372 = CARTESIAN_POINT ( 'NONE',  ( 4.321940802020366235, 3.620707454905825351, -4.173702536238000249 ) ) ;
#2373 = CARTESIAN_POINT ( 'NONE',  ( 22.27062797546386363, -1.652750460924210740, -19.22858238220214844 ) ) ;
#2374 = EDGE_CURVE ( 'NONE', #5296, #1662, #4799, .T. ) ;
#2375 = CARTESIAN_POINT ( 'NONE',  ( 83.53644799539070220, 4.215996615010508819, -9.190660227693760120 ) ) ;
#2376 = CARTESIAN_POINT ( 'NONE',  ( -21.27564921426479927, 0.8263534804386143406, 14.16055509744209395 ) ) ;
#2377 = B_SPLINE_CURVE_WITH_KNOTS ( 'NONE', 3,
 ( #2496, #4164, #3123, #1974, #1596, #458, #4201, #3713, #4096, #490, #526, #2531, #2079, #2007, #6738, #3681, #1044, #2638, #17, #4750, #5815, #4233, #1079, #4128, #4646, #1492, #980, #6197, #6261, #5137, #3091, #2564, #1462, #3581, #5682, #6771, #2040, #5960, #3747, #6401, #4896, #3307, #5853, #4340, #6433, #1191, #1630, #1228, #188, #3344, #2812, #3782, #2289, #3890, #559, #5443, #2707, #2672, #4268, #4930, #2184, #1668, #6465, #5411, #4785, #2743, #1737, #597, #3855, #708 ),
 .UNSPECIFIED., .F., .F.,
 ( 4, 2, 2, 2, 2, 2, 2, 2, 2, 2, 2, 2, 2, 2, 2, 2, 2, 2, 2, 2, 2, 2, 2, 2, 2, 2, 2, 2, 2, 2, 2, 2, 2, 2, 4 ),
 ( 3.580019156153760938E-16, 0.003126692628705262690, 0.004690038943057715792, 0.006253385257410168027, 0.007816731571762620262, 0.009380077886115072497, 0.01250677051481997697, 0.01563346314352488317, 0.01876015577222978764, 0.02501354102963959658, 0.02814023365834450105, 0.03126692628704941246, 0.03752031154445922140, 0.04064700417316410158, 0.04377369680186898870, 0.04690038943057386889, 0.05002708205927874907, 0.05315377468798364313, 0.05628046731668851638, 0.06253385257409835307, 0.06566054520280328877, 0.06878723783150821058, 0.07191393046021313240, 0.07504062308891805422, 0.07816731571762298991, 0.08129400834632791173, 0.08442070097503283355, 0.08598404728938531527, 0.08754739360373778312, 0.09067408623244270494, 0.09223743254679517278, 0.09380077886114764063, 0.09536412517550010848, 0.09692747148985256245, 0.1000541641185574981 ),
 .UNSPECIFIED. ) ;
#2378 = CARTESIAN_POINT ( 'NONE',  ( -13.99617293741870228, 2.885112797894084480, 10.28687766745317589 ) ) ;
#2379 = CARTESIAN_POINT ( 'NONE',  ( 119.6913419609623048, 6.448023294363704139, 0.1700315781187865805 ) ) ;
#2380 = CARTESIAN_POINT ( 'NONE',  ( -21.96698932445837471, 8.423285938893410929, -8.307656288146967327 ) ) ;
#2381 = CARTESIAN_POINT ( 'NONE',  ( -118.3021537598956883, 7.295475263587508863, -3.546282746028755373 ) ) ;
#2382 = CARTESIAN_POINT ( 'NONE',  ( -5.122972358423339756, 3.316679967557929487, 3.156344939370857805 ) ) ;
#2383 = CARTESIAN_POINT ( 'NONE',  ( -13.13903401366737356, 7.089193986300371009, -6.840610517953363612 ) ) ;
#2384 = EDGE_CURVE ( 'NONE', #1500, #3477, #3541, .T. ) ;
#2385 = CARTESIAN_POINT ( 'NONE',  ( 84.57208936915385777, 3.825057212486622671, -8.813938701362230788 ) ) ;
#2386 = CARTESIAN_POINT ( 'NONE',  ( -5.801150028617821697, 7.037133024915997126, -6.150237113575011350 ) ) ;
#2387 = TOROIDAL_SURFACE ( 'NONE', #6033, 3.000000000000000000, 1.000000000000039968 ) ;
#2388 = CARTESIAN_POINT ( 'NONE',  ( 128.1654663085937500, 6.326546163736166406, 1.982965230941765356 ) ) ;
#2389 = EDGE_LOOP ( 'NONE', ( #6799, #5038, #5843, #3385, #1414, #5777, #4093, #3752, #2773 ) ) ;
#2390 = CARTESIAN_POINT ( 'NONE',  ( 31.91955727708612045, 8.235896217770759975, 9.476630114299593899 ) ) ;
#2391 = CARTESIAN_POINT ( 'NONE',  ( 1.952796054122662106, 5.417591386400208542, -6.106718297155747877 ) ) ;
#2392 = DIRECTION ( 'NONE',  ( -0.9950932921315859270, -0.08949399289939517776, -0.04219200385908617595 ) ) ;
#2393 = CARTESIAN_POINT ( 'NONE',  ( 10.38940275244918254, 7.412765076971341571, 6.456878460215445870 ) ) ;
#2394 = CARTESIAN_POINT ( 'NONE',  ( 2.749927293983288390, 6.968455296935607279, 5.364811480014802569 ) ) ;
#2395 = CARTESIAN_POINT ( 'NONE',  ( -101.4704347485360074, 7.244723669696070623, -5.375018732174634550 ) ) ;
#2396 = VERTEX_POINT ( 'NONE', #4112 ) ;
#2397 = CARTESIAN_POINT ( 'NONE',  ( -93.95771483068713792, 4.614288495911904597, 7.586733571150054090 ) ) ;
#2398 = CARTESIAN_POINT ( 'NONE',  ( -4.886087953597362699, 8.311484004328308473, -3.478309873482112735 ) ) ;
#2399 = CARTESIAN_POINT ( 'NONE',  ( 2.571573255647797041, 3.807918083403233123, -5.806113324800293185 ) ) ;
#2400 = B_SPLINE_CURVE_WITH_KNOTS ( 'NONE', 3,
 ( #5021, #3979, #5598, #6689, #828, #2418 ),
 .UNSPECIFIED., .F., .F.,
 ( 4, 2, 4 ),
 ( 2.270517127212702812E-17, 0.0002088560246953189174, 0.0004177120493906151207 ),
 .UNSPECIFIED. ) ;
#2401 = VERTEX_POINT ( 'NONE', #1988 ) ;
#2402 = CARTESIAN_POINT ( 'NONE',  ( 2.483620202580868241, 4.328843195736829408, -6.785171057542354944 ) ) ;
#2403 = DIRECTION ( 'NONE',  ( 0.000000000000000000, -0.7511278943342117875, 0.6601567134802562853 ) ) ;
#2404 = EDGE_CURVE ( 'NONE', #3990, #3704, #3646, .T. ) ;
#2405 = CARTESIAN_POINT ( 'NONE',  ( -4.793142109195150269, 6.699502538582107647, -6.077200002112941313 ) ) ;
#2406 = APPROVAL_STATUS ( 'not_yet_approved' ) ;
#2407 = CARTESIAN_POINT ( 'NONE',  ( 5.770387005270650960, 3.427525342681611242, -1.676090937894531230 ) ) ;
#2408 = AXIS2_PLACEMENT_3D ( 'NONE', #2627, #6190, #3574 ) ;
#2409 = CARTESIAN_POINT ( 'NONE',  ( 21.92168235778808594, 4.339400322614605621, -5.504460811614991123 ) ) ;
#2410 = CARTESIAN_POINT ( 'NONE',  ( 83.52501685395677100, 3.775395146355998932, -8.958477509063673239 ) ) ;
#2411 = CARTESIAN_POINT ( 'NONE',  ( 7.422126129155484087, 6.450715637591372342, 6.017592277903992759 ) ) ;
#2412 = CARTESIAN_POINT ( 'NONE',  ( -14.12728956737409014, 2.939552469087798769, 10.02247447634892552 ) ) ;
#2413 = DIRECTION ( 'NONE',  ( 0.000000000000000000, 1.000000000000000000, 0.000000000000000000 ) ) ;
#2414 = AXIS2_PLACEMENT_3D ( 'NONE', #5221, #582, #5837 ) ;
#2415 = CARTESIAN_POINT ( 'NONE',  ( -29.64487263755171753, 10.23631789087942678, -7.000932693481439095 ) ) ;
#2416 = CARTESIAN_POINT ( 'NONE',  ( -9.714451465470119729E-14, 6.488675134594886984, 0.000000000000000000 ) ) ;
#2417 = CARTESIAN_POINT ( 'NONE',  ( -22.49217820457523587, 7.855806758478763641, -8.465702958389178079 ) ) ;
#2418 = CARTESIAN_POINT ( 'NONE',  ( -1.970584362600230621, 3.935225997395730868, 6.014264994549617604 ) ) ;
#2419 = CARTESIAN_POINT ( 'NONE',  ( -9.714451465470119729E-14, -0.5000000000000177636, -4.500000000000000888 ) ) ;
#2420 = CARTESIAN_POINT ( 'NONE',  ( 97.93512725830078125, 7.799172849832389787, 3.464468240737909266 ) ) ;
#2421 = EDGE_LOOP ( 'NONE', ( #831, #6031, #6256, #5483 ) ) ;
#2422 = CARTESIAN_POINT ( 'NONE',  ( 103.5773518655133358, 6.417910003355694393, 5.102433637655834353 ) ) ;
#2423 = CARTESIAN_POINT ( 'NONE',  ( 5.581715441087408358, 8.694596050778992335, 2.851002924390657611 ) ) ;
#2424 = CARTESIAN_POINT ( 'NONE',  ( 109.5097316688623152, 5.247349695726168051, -5.160714871046805818 ) ) ;
#2425 = CARTESIAN_POINT ( 'NONE',  ( 8.309085198217470491, 7.327114742128880920, 6.205712720935036231 ) ) ;
#2426 = CARTESIAN_POINT ( 'NONE',  ( 2.555373850527152602, 6.287250157017711061, 6.167043017596480325 ) ) ;
#2427 = CARTESIAN_POINT ( 'NONE',  ( 3.370372515291204074, 7.516115029587953522, 5.446406605436973969 ) ) ;
#2428 = CARTESIAN_POINT ( 'NONE',  ( 19.86625176209294708, 7.976845433665689988, 7.989588855439650139 ) ) ;
#2429 = ORIENTED_EDGE ( 'NONE', *, *, #4056, .T. ) ;
#2430 = CARTESIAN_POINT ( 'NONE',  ( -81.45977524001460779, 4.052489063958817361, 9.245877353990263003 ) ) ;
#2431 = CARTESIAN_POINT ( 'NONE',  ( 4.359467938120920927, 3.614060108045765940, -4.134234738012091626 ) ) ;
#2432 = CARTESIAN_POINT ( 'NONE',  ( 2.555757551263492466, 6.030128407240847643, 5.874762450655395263 ) ) ;
#2433 = DIRECTION ( 'NONE',  ( 0.9642546714907794803, -0.1320132615495175077, -0.2297507938686343121 ) ) ;
#2434 = ORIENTED_EDGE ( 'NONE', *, *, #1020, .F. ) ;
#2435 = CARTESIAN_POINT ( 'NONE',  ( -3.957900360534723827, 4.738020799615956236, 6.956837702156975389 ) ) ;
#2436 = CARTESIAN_POINT ( 'NONE',  ( 65.55054453812309134, 7.876121420467051770, 7.098774667218577861 ) ) ;
#2437 = CARTESIAN_POINT ( 'NONE',  ( 5.105803795604948903, 6.639857747333580029, 6.259216237293296459 ) ) ;
#2438 = APPROVAL_STATUS ( 'not_yet_approved' ) ;
#2439 = CARTESIAN_POINT ( 'NONE',  ( 4.074968769687654202, 4.970669752119553308, 4.418015319089181325 ) ) ;
#2440 = CARTESIAN_POINT ( 'NONE',  ( 10.73271369934082031, 4.657045395551627998, 2.762117147445677823 ) ) ;
#2441 = CARTESIAN_POINT ( 'NONE',  ( 98.60638990985418673, 4.395124202290146442, -6.805150905873659006 ) ) ;
#2442 = CARTESIAN_POINT ( 'NONE',  ( 31.91018854058470922, 8.235811849653272176, 9.476377611934802658 ) ) ;
#2443 = ADVANCED_FACE ( 'NONE', ( #6243 ), #1705, .F. ) ;
#2444 = DIRECTION ( 'NONE',  ( -0.9415273558075641924, 0.1118955432240407860, 0.3178138223435435505 ) ) ;
#2445 = CARTESIAN_POINT ( 'NONE',  ( -9.634849423525541882E-14, -42.18829223128360439, 6.499999999999999112 ) ) ;
#2446 = CARTESIAN_POINT ( 'NONE',  ( -111.9458090275140734, -12.91925998167293343, 18.24568748474122515 ) ) ;
#2447 = CARTESIAN_POINT ( 'NONE',  ( 116.7948539192478137, 6.285509907519919892, 4.343771664039929092 ) ) ;
#2448 = CARTESIAN_POINT ( 'NONE',  ( -57.17467153797396406, 7.800751409717856077, -7.780271252556013373 ) ) ;
#2449 = CARTESIAN_POINT ( 'NONE',  ( 75.26294057210495225, 3.236450210226148982, -10.33473414525433576 ) ) ;
#2450 = CARTESIAN_POINT ( 'NONE',  ( -27.77307254274585446, 8.433427407459758385, -9.271044515156019017 ) ) ;
#2451 = CARTESIAN_POINT ( 'NONE',  ( 98.09722900390625000, -12.54082915049948355, -18.85605430603028410 ) ) ;
#2452 = EDGE_LOOP ( 'NONE', ( #6459, #840, #4369, #2605 ) ) ;
#2453 = DIRECTION ( 'NONE',  ( -0.000000000000000000, -1.000000000000000000, -0.000000000000000000 ) ) ;
#2454 = CARTESIAN_POINT ( 'NONE',  ( 5.592315608471328581, 7.636376901900573166, -2.928873914249916055 ) ) ;
#2455 = CARTESIAN_POINT ( 'NONE',  ( -119.4194756264678858, 6.514343511161850842, 2.023398177637674156 ) ) ;
#2456 = CARTESIAN_POINT ( 'NONE',  ( 8.829661969075877082, 7.529945251103232096, 6.188858336281433559 ) ) ;
#2457 = CARTESIAN_POINT ( 'NONE',  ( -114.9633236883600915, 7.080750305271795497, -4.614574991915733726 ) ) ;
#2458 = CARTESIAN_POINT ( 'NONE',  ( 4.752347468662796004, 8.522977496706456435, 3.667114739693941861 ) ) ;
#2459 = CARTESIAN_POINT ( 'NONE',  ( -97.24006000924406123, 7.370631030525768956, -5.533690076498010590 ) ) ;
#2460 = EDGE_CURVE ( 'NONE', #5518, #5296, #3318, .T. ) ;
#2461 = VERTEX_POINT ( 'NONE', #6143 ) ;
#2462 = CARTESIAN_POINT ( 'NONE',  ( -93.96978964322808281, 5.062163583146871204, 7.805598071033199581 ) ) ;
#2463 = CARTESIAN_POINT ( 'NONE',  ( 4.035776102810565646, 5.464927724176861012, 4.449272370915166697 ) ) ;
#2464 = B_SPLINE_CURVE_WITH_KNOTS ( 'NONE', 3,
 ( #1773, #6058, #1320, #804, #2914, #672, #5028, #287, #4338, #6462, #2776, #2947, #5605, #6188, #3500, #4571, #1964, #903, #871, #6696, #6154, #3536 ),
 .UNSPECIFIED., .F., .F.,
 ( 4, 2, 2, 2, 2, 2, 2, 2, 2, 2, 4 ),
 ( 0.1263345663779046890, 0.1272776461576980989, 0.1282207259374915087, 0.1291638057172849186, 0.1296353456071815957, 0.1301068854970783006, 0.1305784253869750056, 0.1310499652768717105, 0.1319930450566651481, 0.1329361248364585579, 0.1338792046162519955 ),
 .UNSPECIFIED. ) ;
#2465 = CARTESIAN_POINT ( 'NONE',  ( -9.714451465470119729E-14, 6.777350269189689413, 0.000000000000000000 ) ) ;
#2466 = CARTESIAN_POINT ( 'NONE',  ( -4.873549806684585484, 8.463756747775342149, -3.980112729206140898 ) ) ;
#2467 = EDGE_LOOP ( 'NONE', ( #3544, #6428, #2958, #5644 ) ) ;
#2468 = CARTESIAN_POINT ( 'NONE',  ( -7.664197424205542397, 4.684194861538824028, 7.758179078350208258 ) ) ;
#2469 = CARTESIAN_POINT ( 'NONE',  ( -1.930911269394232521, 4.830574795412490019, 6.676271772984666342 ) ) ;
#2470 = CARTESIAN_POINT ( 'NONE',  ( -2.301676316474336126, 6.629896155832205373, -5.890557296070413784 ) ) ;
#2471 = DATE_TIME_ROLE ( 'classification_date' ) ;
#2472 = CARTESIAN_POINT ( 'NONE',  ( 55.96618270874023438, 7.480921746669667804, 7.627748489379879260 ) ) ;
#2473 = CARTESIAN_POINT ( 'NONE',  ( 90.83930249268020418, 4.494601552203737249, -8.265304969953538361 ) ) ;
#2474 = CARTESIAN_POINT ( 'NONE',  ( 37.15741735662771106, 8.162419537788871082, 9.365989688997613527 ) ) ;
#2475 = AXIS2_PLACEMENT_3D ( 'NONE', #1061, #3211, #1099 ) ;
#2476 = CARTESIAN_POINT ( 'NONE',  ( 2.305012319333291426, 5.433538516255393525, -5.547496746337672313 ) ) ;
#2477 = CARTESIAN_POINT ( 'NONE',  ( 119.6685756905272910, 6.669762793662770584, 1.470041114714884412 ) ) ;
#2478 = CARTESIAN_POINT ( 'NONE',  ( -88.80043770025274341, 7.199737380310698320, -5.732299337878661305 ) ) ;
#2479 = DIRECTION ( 'NONE',  ( -0.000000000000000000, -1.000000000000000000, -0.000000000000000000 ) ) ;
#2480 = CARTESIAN_POINT ( 'NONE',  ( -95.14649381219378199, 7.313403388334732469, -5.626477895855779288 ) ) ;
#2481 = DIRECTION ( 'NONE',  ( -0.000000000000000000, -1.000000000000000000, -0.000000000000000000 ) ) ;
#2482 = CARTESIAN_POINT ( 'NONE',  ( 116.7901341968660915, 6.036802018592451802, 4.368713801195451829 ) ) ;
#2483 = CARTESIAN_POINT ( 'NONE',  ( -2.551914338285797612, 6.460764204537968958, -6.352765402891267676 ) ) ;
#2484 = EDGE_LOOP ( 'NONE', ( #3735, #949, #2323, #5548 ) ) ;
#2485 = CARTESIAN_POINT ( 'NONE',  ( -22.04076750933977635, 0.5411307157891953601, 14.59544467882674468 ) ) ;
#2486 = DIRECTION ( 'NONE',  ( -0.4449417459668250641, 0.002053422563375061939, 0.8955571596228626419 ) ) ;
#2487 = CARTESIAN_POINT ( 'NONE',  ( 114.6400027008850486, 5.495694094431920362, -4.067101091502721921 ) ) ;
#2488 = CARTESIAN_POINT ( 'NONE',  ( 21.28886227655769758, 8.218331962433040871, 8.181514428102230951 ) ) ;
#2489 = CARTESIAN_POINT ( 'NONE',  ( -97.06916016082732312, 4.770276757660900202, 7.084662995547905240 ) ) ;
#2490 = CARTESIAN_POINT ( 'NONE',  ( 4.599072324334466444, 8.151372544174845913, 3.856647508750660869 ) ) ;
#2491 = CARTESIAN_POINT ( 'NONE',  ( -78.19958235823192183, 7.889618480639360776, -6.432098006583934158 ) ) ;
#2492 = ORIENTED_EDGE ( 'NONE', *, *, #5526, .T. ) ;
#2493 = ORIENTED_EDGE ( 'NONE', *, *, #3639, .F. ) ;
#2494 = CARTESIAN_POINT ( 'NONE',  ( -74.24498254951186027, 3.486390443686022245, 10.54156259569404597 ) ) ;
#2495 = CARTESIAN_POINT ( 'NONE',  ( 2.283107464193440350, 6.266784807924365097, 5.548628326630665519 ) ) ;
#2496 = CARTESIAN_POINT ( 'NONE',  ( -119.4194756264678858, 6.514343511161850842, 2.023398177637674156 ) ) ;
#2497 = CARTESIAN_POINT ( 'NONE',  ( -5.066247260503994099, 8.553074788464716249, -3.714258561954994597 ) ) ;
#2498 = ORIENTED_EDGE ( 'NONE', *, *, #4971, .F. ) ;
#2499 = CARTESIAN_POINT ( 'NONE',  ( -14.14886291283816711, 3.510230970952434859, 10.36389352060634295 ) ) ;
#2500 = CARTESIAN_POINT ( 'NONE',  ( 2.548843537000288872, 6.448994174374920618, 6.352765402891267676 ) ) ;
#2501 = DIRECTION ( 'NONE',  ( -1.224646799147301438E-16, 0.000000000000000000, -1.000000000000000000 ) ) ;
#2502 = EDGE_CURVE ( 'NONE', #3949, #5058, #4555, .T. ) ;
#2503 = ORIENTED_EDGE ( 'NONE', *, *, #3124, .T. ) ;
#2504 = CARTESIAN_POINT ( 'NONE',  ( 118.9361114501952983, -2.351662127794429402, -21.02942657470703836 ) ) ;
#2505 = CARTESIAN_POINT ( 'NONE',  ( 54.18284321193557673, -0.009297859655213701335, -16.07862357803164954 ) ) ;
#2506 = B_SPLINE_CURVE_WITH_KNOTS ( 'NONE', 3,
 ( #772, #6531, #3918, #3302, #5408, #2218, #3374, #4403, #5957, #1289, #6025, #3265, #2879, #738, #4440, #2808, #2252, #3406, #6564, #5505, #5472, #704, #2286, #4856, #2739, #4993, #3779, #5885, #4371, #252, #5372, #2355, #3849, #118, #4336, #3341, #6430, #1699, #671, #2775, #4893, #4927, #152, #184, #1772, #6461, #1734, #1225, #5440, #6498, #1258, #3570, #6119, #1382 ),
 .UNSPECIFIED., .F., .F.,
 ( 4, 2, 2, 2, 2, 2, 2, 2, 2, 2, 2, 2, 2, 2, 2, 2, 2, 2, 2, 2, 2, 2, 2, 2, 2, 2, 4 ),
 ( 0.1483744347174018041, 0.1549006080360171567, 0.1614267813546325092, 0.1744791279918632143, 0.1810053013104785946, 0.1875314746290939472, 0.1940576479477093275, 0.2005838212663247078, 0.2071099945849400603, 0.2136361679035554406, 0.2168992545628631308, 0.2201623412221708209, 0.2234254278814784556, 0.2266885145407861457, 0.2299516012000938359, 0.2332146878594014983, 0.2364777745187091607, 0.2381093178483630335, 0.2397408611780168508, 0.2430039478373245410, 0.2462670344966322034, 0.2478985778262860484, 0.2487143494911129571, 0.2495301211559398658, 0.2511616644855937386, 0.2519774361504206195, 0.2527932078152475559 ),
 .UNSPECIFIED. ) ;
#2507 = CARTESIAN_POINT ( 'NONE',  ( 13.15802928081086698, 6.957564825192367408, 6.713953388865531835 ) ) ;
#2508 = AXIS2_PLACEMENT_3D ( 'NONE', #1718, #3322, #6379 ) ;
#2509 = CARTESIAN_POINT ( 'NONE',  ( 1.720899785611795130, 4.591120415860382664, -6.729826435682317864 ) ) ;
#2510 = CARTESIAN_POINT ( 'NONE',  ( 118.8203367755976672, 6.762412694518131318, 3.347932670586201809 ) ) ;
#2511 = CARTESIAN_POINT ( 'NONE',  ( 3.312943859179360739, 6.352367440338474225, 6.183023700258721611 ) ) ;
#2512 = CARTESIAN_POINT ( 'NONE',  ( -119.1893482163761746, 7.327179501861896149, -2.403988653553525090 ) ) ;
#2513 = CARTESIAN_POINT ( 'NONE',  ( -105.7042746988928030, 7.095229509336271612, -5.240136679103306605 ) ) ;
#2514 = DIRECTION ( 'NONE',  ( -0.3897038327690913739, -0.9209402384113098972, 0.000000000000000000 ) ) ;
#2515 = CARTESIAN_POINT ( 'NONE',  ( -2.572942957738356462, 6.192817086266392046, -5.431141475566804822 ) ) ;
#2516 = CARTESIAN_POINT ( 'NONE',  ( -15.29600376685433716, 7.407822378134104824, -7.184411237346136403 ) ) ;
#2517 = AXIS2_PLACEMENT_3D ( 'NONE', #4353, #2651, #2758 ) ;
#2518 = CARTESIAN_POINT ( 'NONE',  ( 28.29653358459472656, 2.763822586713720053, -12.05518627166748225 ) ) ;
#2519 = CARTESIAN_POINT ( 'NONE',  ( 41.37187791524713987, 8.006225730222418235, 9.039273698284079117 ) ) ;
#2520 = CARTESIAN_POINT ( 'NONE',  ( 4.538261145474766778, 6.859940518343999649, -4.472248272168031669 ) ) ;
#2521 = CARTESIAN_POINT ( 'NONE',  ( 1.675309353637619125, 11.06597952085802739, -6.684208090855991991 ) ) ;
#2522 = CARTESIAN_POINT ( 'NONE',  ( 19.21406703382034209, 8.120615297482794759, 7.793790381623026065 ) ) ;
#2523 = CARTESIAN_POINT ( 'NONE',  ( -75.28006288374935195, 3.583829116426859862, 10.33473414525434819 ) ) ;
#2524 = CARTESIAN_POINT ( 'NONE',  ( 5.834287056404962257, 8.728106425597813356, 2.279852546122500989 ) ) ;
#2525 = CARTESIAN_POINT ( 'NONE',  ( -71.85322355823427642, 7.835139763337120478, -6.849895980888201841 ) ) ;
#2527 = EDGE_CURVE ( 'NONE', #4092, #749, #4311, .T. ) ;
#2526 = VERTEX_POINT ( 'NONE', #3561 ) ;
#2528 = ORIENTED_EDGE ( 'NONE', *, *, #4832, .F. ) ;
#2529 = CARTESIAN_POINT ( 'NONE',  ( -78.36521577103924585, 4.283175577636356479, 9.988312788674267750 ) ) ;
#2530 = CARTESIAN_POINT ( 'NONE',  ( 1.698387861227100615, 4.744886489706240162, -6.401498698153963218 ) ) ;
#2531 = CARTESIAN_POINT ( 'NONE',  ( -109.5172090061305852, 5.752755708184810857, 5.160714871046776508 ) ) ;
#2532 = CARTESIAN_POINT ( 'NONE',  ( -6.130717033634945246, 8.715699240356286737, -1.251367252789501450 ) ) ;
#2533 = ORIENTED_EDGE ( 'NONE', *, *, #6338, .F. ) ;
#2534 = DIRECTION ( 'NONE',  ( -0.000000000000000000, -1.000000000000000000, -0.000000000000000000 ) ) ;
#2535 = CARTESIAN_POINT ( 'NONE',  ( -1.952417303884483868, 5.268020700537980439, 6.263377540641652530 ) ) ;
#2536 = CARTESIAN_POINT ( 'NONE',  ( -9.677712061495699184E-14, 5.622649730810398871, 3.000000000000000000 ) ) ;
#2537 = CARTESIAN_POINT ( 'NONE',  ( 101.0025100708007670, -4.459364383043435076, -24.66734695434571023 ) ) ;
#2538 = CARTESIAN_POINT ( 'NONE',  ( -22.73331866934016432, 7.478494503417641326, -8.056432723999019885 ) ) ;
#2539 = CARTESIAN_POINT ( 'NONE',  ( 69.08228838527153925, 2.689552338680168742, -11.49362400377592763 ) ) ;
#2540 = CC_DESIGN_PERSON_AND_ORGANIZATION_ASSIGNMENT ( #1850, #817, ( #2369 ) ) ;
#2541 = CARTESIAN_POINT ( 'NONE',  ( -116.7974625797946544, 6.824525614258643458, -4.343771664039940639 ) ) ;
#2542 = CARTESIAN_POINT ( 'NONE',  ( 118.8608362082042049, 6.793354158870164916, 2.952531750322428650 ) ) ;
#2543 = CARTESIAN_POINT ( 'NONE',  ( -49.73569739883321716, 6.271517939201420866, 6.074058055877693540 ) ) ;
#2544 = CARTESIAN_POINT ( 'NONE',  ( -4.197933557488076062, 8.803644383347041469, -6.501302007427101515 ) ) ;
#2545 = CARTESIAN_POINT ( 'NONE',  ( -103.5913886347612163, 6.927769897693239365, -5.313367652254364693 ) ) ;
#2546 = CARTESIAN_POINT ( 'NONE',  ( -63.12252539661392348, 6.737492534951261547, -9.219183921813952409 ) ) ;
#2547 = CARTESIAN_POINT ( 'NONE',  ( 119.4154075572178471, 5.963230549556711502, -2.023398177650990615 ) ) ;
#2548 = CARTESIAN_POINT ( 'NONE',  ( -22.57101383843393094, 8.017077532655173755, -8.480866915619941437 ) ) ;
#2549 = DIRECTION ( 'NONE',  ( 0.000000000000000000, 0.000000000000000000, -1.000000000000000000 ) ) ;
#2550 = DIRECTION ( 'NONE',  ( 0.000000000000000000, 0.000000000000000000, -1.000000000000000000 ) ) ;
#2551 = CARTESIAN_POINT ( 'NONE',  ( -4.793142109195366096, 6.699502538582104982, -6.077200002112946642 ) ) ;
#2552 = CARTESIAN_POINT ( 'NONE',  ( -5.251355567009020398, 7.056616342208947401, -6.157296472586589076 ) ) ;
#2553 = CARTESIAN_POINT ( 'NONE',  ( -118.0667532714654584, 6.762670459463445027, -3.994836790872950516 ) ) ;
#2554 = CARTESIAN_POINT ( 'NONE',  ( -47.62140224851365389, 0.3188532542471806952, 15.33930795795834889 ) ) ;
#2555 =( BOUNDED_SURFACE ( )  B_SPLINE_SURFACE ( 3, 2, ( 
 ( #133, #4907, #2896 ),
 ( #5486, #6578, #2370 ),
 ( #5521, #6513, #4351 ),
 ( #3933, #4486, #6476 ),
 ( #3900, #1818, #1333 ),
 ( #1750, #753, #2233 ),
 ( #2267, #1849, #3388 ),
 ( #1715, #6041, #2860 ),
 ( #4976, #6445, #3421 ),
 ( #5008, #3966, #4942 ),
 ( #719, #233, #3830 ),
 ( #5934, #2824, #6070 ),
 ( #267, #5422, #3452 ),
 ( #1204, #165, #647 ),
 ( #3319, #1785, #6006 ),
 ( #685, #2789, #4384 ),
 ( #5971, #1239, #3355 ),
 ( #4453, #4421, #5454 ),
 ( #198, #2303, #1272 ),
 ( #2337, #6544, #4032 ),
 ( #816, #6135, #4101 ),
 ( #5108, #1946, #3028 ),
 ( #6676, #5552, #1397 ),
 ( #1365, #3480, #3063 ),
 ( #364, #4521, #3998 ),
 ( #3553, #4067, #3587 ) ),
 .UNSPECIFIED., .F., .F., .T. ) 
 B_SPLINE_SURFACE_WITH_KNOTS ( ( 4, 2, 2, 2, 2, 2, 2, 2, 2, 2, 2, 2, 4 ),
 ( 3, 3 ),
 ( 0.1363188338334839489, 0.1372796724034924809, 0.1382405109735009852, 0.1392013495435094894, 0.1396817688285137415, 0.1401621881135179937, 0.1404023977560201197, 0.1406426073985222458, 0.1411230266835264979, 0.1420838652535350022, 0.1425642845385392543, 0.1430447038235435064, 0.1440055423935520107 ),
 ( 0.000000000000000000, 1.000000000000000000 ),
 .UNSPECIFIED. ) 
 GEOMETRIC_REPRESENTATION_ITEM ( )  RATIONAL_B_SPLINE_SURFACE ( (
 ( 1.000000000000000000, 0.7172051925495117608, 1.000000000000000000),
 ( 1.000000000000000000, 0.7182544996605146892, 1.000000000000000000),
 ( 1.000000000000000000, 0.7199997691449366854, 1.000000000000000000),
 ( 1.000000000000000000, 0.7243425913439653918, 1.000000000000000000),
 ( 1.000000000000000000, 0.7251078986867568466, 1.000000000000000000),
 ( 1.000000000000000000, 0.7244792861781613746, 1.000000000000000000),
 ( 1.000000000000000000, 0.7231242173561777120, 1.000000000000000000),
 ( 1.000000000000000000, 0.7206823896728186130, 1.000000000000000000),
 ( 1.000000000000000000, 0.7198732063126699332, 1.000000000000000000),
 ( 1.000000000000000000, 0.7187754394973048244, 1.000000000000000000),
 ( 1.000000000000000000, 0.7181777819184503864, 1.000000000000000000),
 ( 1.000000000000000000, 0.7160422510687740605, 1.000000000000000000),
 ( 1.000000000000000000, 0.7151363476345529158, 1.000000000000000000),
 ( 1.000000000000000000, 0.7145039319687738200, 1.000000000000000000),
 ( 1.000000000000000000, 0.7146658732200806829, 1.000000000000000000),
 ( 1.000000000000000000, 0.7164442733515316020, 1.000000000000000000),
 ( 1.000000000000000000, 0.7193880601395401531, 1.000000000000000000),
 ( 1.000000000000000000, 0.7314725704476939816, 1.000000000000000000),
 ( 1.000000000000000000, 0.7425306951472124828, 1.000000000000000000),
 ( 1.000000000000000000, 0.7691081318359115349, 1.000000000000000000),
 ( 1.000000000000000000, 0.7794454145944121892, 1.000000000000000000),
 ( 1.000000000000000000, 0.7989406812737974706, 1.000000000000000000),
 ( 1.000000000000000000, 0.8085547780275373908, 1.000000000000000000),
 ( 1.000000000000000000, 0.8365106430045115005, 1.000000000000000000),
 ( 1.000000000000000000, 0.8497891974291732486, 1.000000000000000000),
 ( 1.000000000000000000, 0.8560622611796507853, 1.000000000000000000) ) ) 
 REPRESENTATION_ITEM ( '' )  SURFACE ( )  );
#2556 = CARTESIAN_POINT ( 'NONE',  ( 117.4850649138814731, 6.365567718876228298, 4.338639954498762386 ) ) ;
#2557 = CARTESIAN_POINT ( 'NONE',  ( -88.79606836019048899, 7.667966664151546041, -5.938848704567425862 ) ) ;
#2558 = EDGE_CURVE ( 'NONE', #387, #974, #226, .T. ) ;
#2559 = EDGE_LOOP ( 'NONE', ( #5317, #1802, #4333, #2105 ) ) ;
#2560 = ORIENTED_EDGE ( 'NONE', *, *, #4662, .F. ) ;
#2561 = CARTESIAN_POINT ( 'NONE',  ( -61.85655983662553581, 2.389850015370527991, 12.57594878221084755 ) ) ;
#2562 = CARTESIAN_POINT ( 'NONE',  ( -5.375000352573930051, 4.489734646057152112, -3.391338718503857486 ) ) ;
#2563 = CARTESIAN_POINT ( 'NONE',  ( -3.828413045213930221, 8.110495161518066709, -4.628285847076027082 ) ) ;
#2564 = CARTESIAN_POINT ( 'NONE',  ( -72.19634418648779217, 3.719009426002320762, 11.19666852971143811 ) ) ;
#2565 = CARTESIAN_POINT ( 'NONE',  ( 4.791149215304304043, 6.677386727414635459, 6.077200002112948418 ) ) ;
#2566 = FACE_OUTER_BOUND ( 'NONE', #3709, .T. ) ;
#2567 = CARTESIAN_POINT ( 'NONE',  ( -1.731719452723589514, 5.398744120831117321, 5.865866943383422516 ) ) ;
#2568 = CARTESIAN_POINT ( 'NONE',  ( 57.18656400580923815, 7.721399016742507726, 7.780756909534122912 ) ) ;
#2569 = VERTEX_POINT ( 'NONE', #3793 ) ;
#2570 = CARTESIAN_POINT ( 'NONE',  ( 101.2323455810546875, 7.025128142414898136, 8.392722129821773791 ) ) ;
#2571 = CARTESIAN_POINT ( 'NONE',  ( -22.56213672549350235, 6.788161919020374135, -5.352248668670649856 ) ) ;
#2572 = CARTESIAN_POINT ( 'NONE',  ( 68.04937639684914075, 2.603664017415389331, -11.66304007032338674 ) ) ;
#2573 = CARTESIAN_POINT ( 'NONE',  ( -1.697494389936696324, 4.438920114060669775, 6.681295894292136772 ) ) ;
#2574 = CARTESIAN_POINT ( 'NONE',  ( -119.6523734803494250, 6.266929871521425000, 1.668295381238417585 ) ) ;
#2575 = CARTESIAN_POINT ( 'NONE',  ( -13.17122201049104824, 7.019215455408205351, -6.715836873645415928 ) ) ;
#2576 = CARTESIAN_POINT ( 'NONE',  ( -60.32875313912609982, 9.119974669335158879, -7.381458514917731861 ) ) ;
#2577 = CARTESIAN_POINT ( 'NONE',  ( -46.62422593334000709, 8.016537392694928599, -8.559101008021764656 ) ) ;
#2578 = EDGE_CURVE ( 'NONE', #3477, #1500, #3323, .T. ) ;
#2579 = CARTESIAN_POINT ( 'NONE',  ( -30.35757778920853767, 3.352164073556500146, -14.42791557312011008 ) ) ;
#2580 = CARTESIAN_POINT ( 'NONE',  ( -5.668675769943479104, 4.289469119237213413, -2.027411046844374010 ) ) ;
#2581 = CARTESIAN_POINT ( 'NONE',  ( -13.21355007053569786, 7.241516722279416562, -6.853058696024413088 ) ) ;
#2582 = CARTESIAN_POINT ( 'NONE',  ( -4.804851855427719087, 6.505301682530741481, -6.234199713410448318 ) ) ;
#2583 = DIRECTION ( 'NONE',  ( -0.07774544950012181321, 0.0003587981160443901507, -0.9969731773452764623 ) ) ;
#2584 = CARTESIAN_POINT ( 'NONE',  ( 2.428792413367208969, 5.993881260228648422, 5.810249827326568806 ) ) ;
#2585 = CARTESIAN_POINT ( 'NONE',  ( -8.095795871857411896, 7.535921030924322750, -6.106309126624664962 ) ) ;
#2586 = CIRCLE ( 'NONE', #716, 2.000000000000024869 ) ;
#2587 = CARTESIAN_POINT ( 'NONE',  ( -9.640972657521278640E-14, -0.5000000000000177636, 5.999999999999998224 ) ) ;
#2588 = ADVANCED_FACE ( 'NONE', ( #4212 ), #1768, .T. ) ;
#2589 = CARTESIAN_POINT ( 'NONE',  ( -1.970584362600230621, 3.935225997395730868, 6.014264994549617604 ) ) ;
#2590 = ADVANCED_FACE ( 'NONE', ( #4835 ), #3337, .T. ) ;
#2591 = CARTESIAN_POINT ( 'NONE',  ( -3.816665075143307995, 6.313985058181918575, 4.642195622006471289 ) ) ;
#2592 = CARTESIAN_POINT ( 'NONE',  ( -31.71881257200213966, 9.017483097116596014, -9.485774086423608864 ) ) ;
#2593 = ORIENTED_EDGE ( 'NONE', *, *, #3295, .T. ) ;
#2594 = ORIENTED_EDGE ( 'NONE', *, *, #6035, .F. ) ;
#2595 = CARTESIAN_POINT ( 'NONE',  ( -48.10065494643220063, 0.8214438668175465530, 15.51118969592550201 ) ) ;
#2596 = CARTESIAN_POINT ( 'NONE',  ( -5.914399523067385367, 4.101408322348624402, -1.134010296974585774 ) ) ;
#2597 = FACE_OUTER_BOUND ( 'NONE', #645, .T. ) ;
#2598 = CARTESIAN_POINT ( 'NONE',  ( 116.8265212770471635, 6.537462133660948638, 4.598277581890389598 ) ) ;
#2599 = CIRCLE ( 'NONE', #947, 0.2500000000000012212 ) ;
#2600 = CARTESIAN_POINT ( 'NONE',  ( -118.8732670589482012, 2.876262336198607272, 12.58513991522589492 ) ) ;
#2601 = CARTESIAN_POINT ( 'NONE',  ( -20.48729354327517882, 1.568551055512772630, 13.97138504933528225 ) ) ;
#2602 = CARTESIAN_POINT ( 'NONE',  ( 19.11872333472075169, 8.792345016012756531, 7.799617891286145799 ) ) ;
#2603 = CARTESIAN_POINT ( 'NONE',  ( 10.08258481483201763, 6.934305701245445874, 6.413898249661822426 ) ) ;
#2604 = CALENDAR_DATE ( 2022, 12, 7 ) ;
#2605 = ORIENTED_EDGE ( 'NONE', *, *, #5027, .F. ) ;
#2606 = CARTESIAN_POINT ( 'NONE',  ( 121.6078186035156392, 5.818882496534177662, 3.360336303710930839 ) ) ;
#2607 = CARTESIAN_POINT ( 'NONE',  ( -16.37478910425066658, -5.090512757794215304, 23.12770080566406250 ) ) ;
#2608 =( BOUNDED_SURFACE ( )  B_SPLINE_SURFACE ( 3, 2, ( 
 ( #5484, #2925, #1331 ),
 ( #5549, #4974, #6133 ),
 ( #884, #3996, #1395 ),
 ( #783, #1362, #2959 ),
 ( #2893, #332, #2435 ),
 ( #3514, #230, #5620 ),
 ( #2995, #5106, #362 ),
 ( #2335, #2468, #4583 ),
 ( #6674, #4065, #1270 ),
 ( #4451, #6542, #5652 ),
 ( #4166, #1433, #2740 ),
 ( #3550, #915, #394 ),
 ( #5172, #3094, #3026 ),
 ( #6267, #5140, #982 ),
 ( #5236, #1497, #2499 ),
 ( #4618, #5886, #5719 ),
 ( #4099, #1978, #4131 ),
 ( #6200, #1465, #6230 ),
 ( #6710, #461, #5686 ),
 ( #2601, #3584, #950 ),
 ( #3617, #3061, #3266 ),
 ( #492, #5205, #4680 ) ),
 .UNSPECIFIED., .F., .F., .T. ) 
 B_SPLINE_SURFACE_WITH_KNOTS ( ( 4, 2, 2, 2, 2, 2, 2, 2, 2, 2, 4 ),
 ( 3, 3 ),
 ( 0.01020259169455751264, 0.01161937643568651014, 0.01303616117681550765, 0.01586973065907350267, 0.01728651540020250191, 0.01870330014133150115, 0.02153686962358949616, 0.02437043910584749118, 0.02720400858810548966, 0.03003757807036348468, 0.03287114755262147969 ),
 ( 0.000000000000000000, 1.000000000000000000 ),
 .UNSPECIFIED. ) 
 GEOMETRIC_REPRESENTATION_ITEM ( )  RATIONAL_B_SPLINE_SURFACE ( (
 ( 1.000000000000000000, 0.9343861149939045596, 1.000000000000000000),
 ( 1.000000000000000000, 0.9322882291585115055, 1.000000000000000000),
 ( 1.000000000000000000, 0.9301547100907556764, 1.000000000000000000),
 ( 1.000000000000000000, 0.9257587045042035001, 1.000000000000000000),
 ( 1.000000000000000000, 0.9235222548978669899, 1.000000000000000000),
 ( 1.000000000000000000, 0.9169338375360110982, 1.000000000000000000),
 ( 1.000000000000000000, 0.9127062161819198272, 1.000000000000000000),
 ( 1.000000000000000000, 0.9075157402277790331, 1.000000000000000000),
 ( 1.000000000000000000, 0.9059730851614400393, 1.000000000000000000),
 ( 1.000000000000000000, 0.9034239551333664853, 1.000000000000000000),
 ( 1.000000000000000000, 0.9024132135196195614, 1.000000000000000000),
 ( 1.000000000000000000, 0.9002223205827620811, 1.000000000000000000),
 ( 1.000000000000000000, 0.9000367191240968845, 1.000000000000000000),
 ( 1.000000000000000000, 0.9009498575225222128, 1.000000000000000000),
 ( 1.000000000000000000, 0.9015831308630214425, 1.000000000000000000),
 ( 1.000000000000000000, 0.9027551128644600853, 1.000000000000000000),
 ( 1.000000000000000000, 0.9032611919575692649, 1.000000000000000000),
 ( 1.000000000000000000, 0.9037288365126097123, 1.000000000000000000),
 ( 1.000000000000000000, 0.9037117888358572326, 1.000000000000000000),
 ( 1.000000000000000000, 0.9029516156169334895, 1.000000000000000000),
 ( 1.000000000000000000, 0.9018482700399863550, 1.000000000000000000),
 ( 1.000000000000000000, 0.9026079963439681553, 1.000000000000000000) ) ) 
 REPRESENTATION_ITEM ( '' )  SURFACE ( )  );
#2609 = CARTESIAN_POINT ( 'NONE',  ( 44.58770270119636336, -2.108069152244003597, -18.46723142017504316 ) ) ;
#2610 = VERTEX_POINT ( 'NONE', #3866 ) ;
#2611 = ADVANCED_FACE ( 'NONE', ( #2756 ), #2555, .T. ) ;
#2612 = CARTESIAN_POINT ( 'NONE',  ( -119.7622368096138530, 7.119727580034780345, -0.6760298661788201047 ) ) ;
#2613 = CARTESIAN_POINT ( 'NONE',  ( -6.629722188269617789, 6.428593431708665484, -5.999250812767923158 ) ) ;
#2614 = CARTESIAN_POINT ( 'NONE',  ( 1.620535861161971569, 4.631653318544492137, -6.723631270677519645 ) ) ;
#2615 = CARTESIAN_POINT ( 'NONE',  ( -12.97911593855273971, 4.913385447463617162, 9.158932564819650679 ) ) ;
#2616 = CARTESIAN_POINT ( 'NONE',  ( -50.53747295293931074, 3.535167874261481824, -13.48834323883055575 ) ) ;
#2617 = CARTESIAN_POINT ( 'NONE',  ( 117.5317405995283337, 5.778800191059603186, -2.921216195698548734 ) ) ;
#2618 = CARTESIAN_POINT ( 'NONE',  ( 4.791149215326530708, 6.677386727423476387, 6.077200002107727705 ) ) ;
#2619 = CARTESIAN_POINT ( 'NONE',  ( 119.4261176188437474, 6.680534726644721921, 1.468332511060272516 ) ) ;
#2620 = AXIS2_PLACEMENT_3D ( 'NONE', #2151, #3127, #5890 ) ;
#2621 = CARTESIAN_POINT ( 'NONE',  ( 13.17061536867095839, 6.958431503673283558, 6.715836873645407934 ) ) ;
#2622 = CARTESIAN_POINT ( 'NONE',  ( -1.950252485591575047, 4.059538019284781640, 6.359985248735064545 ) ) ;
#2623 = CARTESIAN_POINT ( 'NONE',  ( -1.015558565433826610, 2.973535713559682048, 4.381004810333251065 ) ) ;
#2624 = CARTESIAN_POINT ( 'NONE',  ( 47.57175503891757984, 0.4955407687332819555, -15.64010240534469531 ) ) ;
#2625 = DIRECTION ( 'NONE',  ( 8.300939484971114073E-17, 0.000000000000000000, 1.000000000000000000 ) ) ;
#2626 = VERTEX_POINT ( 'NONE', #396 ) ;
#2627 = CARTESIAN_POINT ( 'NONE',  ( 0.000000000000000000, 6.938893903907228378E-15, 0.000000000000000000 ) ) ;
#2628 = AXIS2_PLACEMENT_3D ( 'NONE', #5616, #3475, #1392 ) ;
#2629 = CARTESIAN_POINT ( 'NONE',  ( 118.7966352546638120, 6.534949786826281581, 3.369724310126946065 ) ) ;
#2630 = AXIS2_PLACEMENT_3D ( 'NONE', #6248, #6793, #3142 ) ;
#2631 = CARTESIAN_POINT ( 'NONE',  ( -65.50931268245261663, 7.980901311439100532, -7.197183618119679771 ) ) ;
#2632 = CARTESIAN_POINT ( 'NONE',  ( 2.572224140167236328, 3.615980179487182866, 8.567511558532714844 ) ) ;
#2633 = ORIENTED_EDGE ( 'NONE', *, *, #1791, .T. ) ;
#2634 = CARTESIAN_POINT ( 'NONE',  ( -55.66713022775163466, 1.722453352721991626, 13.55268138497537400 ) ) ;
#2635 = CARTESIAN_POINT ( 'NONE',  ( -5.787367541548537275, 3.454194932370532545, 1.676090937894554767 ) ) ;
#2636 = CARTESIAN_POINT ( 'NONE',  ( 76.08704156223437565, 7.583141171981969464, 6.539773822004352866 ) ) ;
#2637 = CIRCLE ( 'NONE', #3310, 0.2499999999999997780 ) ;
#2638 = CARTESIAN_POINT ( 'NONE',  ( -99.15128013316540034, 5.335057840902256210, 6.916717961689307081 ) ) ;
#2639 = CARTESIAN_POINT ( 'NONE',  ( 8.989492256474562737, 6.613111098498140272, 6.166675355566910710 ) ) ;
#2640 = DIRECTION ( 'NONE',  ( 1.060575238724917638E-16, -0.4999999999999849565, 0.8660254037844474784 ) ) ;
#2641 = CARTESIAN_POINT ( 'NONE',  ( 10.89663717329534443, 8.792082727067638714, 6.456661125309024918 ) ) ;
#2642 = CARTESIAN_POINT ( 'NONE',  ( 10.60455364437013870, 6.981928999195364582, 6.482197987260827965 ) ) ;
#2643 = CARTESIAN_POINT ( 'NONE',  ( 1.735046852479459556, 5.745411307231051090, -5.754705720439412531 ) ) ;
#2644 = CARTESIAN_POINT ( 'NONE',  ( -16.39071846259511744, 11.73780964958810991, -15.57155036926268998 ) ) ;
#2645 = CARTESIAN_POINT ( 'NONE',  ( 68.50294183250053948, 1.541014313332874863, -13.77152120138076974 ) ) ;
#2646 = AXIS2_PLACEMENT_3D ( 'NONE', #2536, #1435, #2501 ) ;
#2647 = ORIENTED_EDGE ( 'NONE', *, *, #4662, .T. ) ;
#2648 = FACE_BOUND ( 'NONE', #639, .T. ) ;
#2649 = DIRECTION ( 'NONE',  ( -0.000000000000000000, -1.000000000000000000, -0.000000000000000000 ) ) ;
#2650 = CARTESIAN_POINT ( 'NONE',  ( -19.11080314612032183, 8.880559883450157344, -7.799617891286142246 ) ) ;
#2651 = DIRECTION ( 'NONE',  ( -0.000000000000000000, -1.000000000000000000, -0.000000000000000000 ) ) ;
#2652 = CARTESIAN_POINT ( 'NONE',  ( 1.599076390266416903, 2.988146336255983471, -0.4356298148632055112 ) ) ;
#2653 = CARTESIAN_POINT ( 'NONE',  ( -5.554960059802448669, 4.373706013112662383, -2.318195596080458998 ) ) ;
#2654 = CARTESIAN_POINT ( 'NONE',  ( 2.314188100230549328, 6.283436690213751952, 6.181932224519040453 ) ) ;
#2655 = CARTESIAN_POINT ( 'NONE',  ( 118.1812793287044911, 6.732812825808866641, 3.655490960309867088 ) ) ;
#2656 = CARTESIAN_POINT ( 'NONE',  ( 8.208818771754645027, 6.528929744996699647, 6.081170022721938295 ) ) ;
#2657 = FACE_OUTER_BOUND ( 'NONE', #2421, .T. ) ;
#2658 = CARTESIAN_POINT ( 'NONE',  ( -10.48888098594295393, 4.211972939550296502, 1.117464780807496671 ) ) ;
#2659 = CARTESIAN_POINT ( 'NONE',  ( 84.57795607884773403, 4.265989139082224213, -9.045688870358540967 ) ) ;
#2660 = CARTESIAN_POINT ( 'NONE',  ( -118.6395038388815095, 6.481033118739429888, -3.175047543980436426 ) ) ;
#2661 = ORIENTED_EDGE ( 'NONE', *, *, #1229, .T. ) ;
#2662 = CARTESIAN_POINT ( 'NONE',  ( 2.535993521748128643, 6.636571297618650611, 6.191818223232843366 ) ) ;
#2663 = CLOSED_SHELL ( 'NONE', ( #5131, #6263, #6081, #4682, #2264, #6181, #3757, #5303, #4841, #655, #4625, #5950, #2851, #1388, #6289, #5757, #4751, #3258, #5839, #1597, #1989, #4414, #5576, #3433, #3790, #494, #2081 ) ) ;
#2664 = CARTESIAN_POINT ( 'NONE',  ( -3.585808743182009373, 6.167929510131433979, 4.822774178505085274 ) ) ;
#2665 = CARTESIAN_POINT ( 'NONE',  ( -27.51454971573106789, 8.824082589636248031, -9.158604931672565286 ) ) ;
#2666 = CARTESIAN_POINT ( 'NONE',  ( 22.87239074707031250, 4.009649784742288503, 12.76580333709716619 ) ) ;
#2667 = ORIENTED_EDGE ( 'NONE', *, *, #1653, .T. ) ;
#2668 = CARTESIAN_POINT ( 'NONE',  ( -46.63073042492016640, 0.08564339811591731300, 15.61303460998262160 ) ) ;
#2669 = CARTESIAN_POINT ( 'NONE',  ( -5.131898491069519785, 4.706487887318403729, -3.140946794822290222 ) ) ;
#2670 = CARTESIAN_POINT ( 'NONE',  ( 103.5908999714418428, 6.892981508707397786, 5.210793515862788716 ) ) ;
#2671 = ADVANCED_FACE ( 'NONE', ( #6742 ), #3516, .T. ) ;
#2672 = CARTESIAN_POINT ( 'NONE',  ( -32.54122353841895432, -1.858133595143479644, 18.46001515609868093 ) ) ;
#2673 = CARTESIAN_POINT ( 'NONE',  ( 25.61193326789038593, 8.168363275448101035, 8.982810585910662837 ) ) ;
#2674 = CARTESIAN_POINT ( 'NONE',  ( -116.2713835251610988, 5.710905687248024165, 3.308444387366738848 ) ) ;
#2675 = CARTESIAN_POINT ( 'NONE',  ( 28.95463446558980891, 8.790401813304715262, 9.743256821526157907 ) ) ;
#2676 = DIRECTION ( 'NONE',  ( 0.000000000000000000, -0.09978633275344046816, -0.9950088882998079365 ) ) ;
#2677 = ORIENTED_EDGE ( 'NONE', *, *, #4242, .F. ) ;
#2678 = CARTESIAN_POINT ( 'NONE',  ( 6.198222472241266878, 8.654218008255494254, 0.9233043136569896170 ) ) ;
#2679 = CARTESIAN_POINT ( 'NONE',  ( -72.77415256992883030, 8.374791216890768553, -9.463112831115708445 ) ) ;
#2680 = CARTESIAN_POINT ( 'NONE',  ( 34.06762182853191945, -2.424835360504794757, -18.18237715689043910 ) ) ;
#2681 = EDGE_LOOP ( 'NONE', ( #4991, #6701 ) ) ;
#2682 = LINE ( 'NONE', #164, #3826 ) ;
#2683 = CARTESIAN_POINT ( 'NONE',  ( -1.712351319255461801, 5.228631750763422126, 6.281222319695795697 ) ) ;
#2684 = CARTESIAN_POINT ( 'NONE',  ( -6.141627760717341289, 6.505052309065979976, -5.974159613823935011 ) ) ;
#2685 = CARTESIAN_POINT ( 'NONE',  ( 3.566593627404430755, 3.477775928777315784, -4.835479709941644444 ) ) ;
#2686 = CARTESIAN_POINT ( 'NONE',  ( 1.685101901804854307, 4.431114752324317507, -6.681295894289648096 ) ) ;
#2687 = CARTESIAN_POINT ( 'NONE',  ( 114.2799922282434864, 2.381617952584982323, -11.76263456594273293 ) ) ;
#2688 = DIRECTION ( 'NONE',  ( 0.000000000000000000, 0.000000000000000000, -1.000000000000000000 ) ) ;
#2689 = CARTESIAN_POINT ( 'NONE',  ( 105.6889760478846227, 6.361757449157779298, 5.026480571735409519 ) ) ;
#2690 = CARTESIAN_POINT ( 'NONE',  ( -21.25785426074459750, 0.8329871296603266195, 14.15044052954994669 ) ) ;
#2691 = CARTESIAN_POINT ( 'NONE',  ( 5.316824606431007183, 6.420604056019048045, 6.120377035743773675 ) ) ;
#2692 = CARTESIAN_POINT ( 'NONE',  ( -2.287021989321961879, 6.277330409741210815, -5.548628326630664631 ) ) ;
#2693 = CARTESIAN_POINT ( 'NONE',  ( -5.668168492809903647, 3.847053229588142997, -3.351710319519041636 ) ) ;
#2694 = CARTESIAN_POINT ( 'NONE',  ( 77.31880184364004549, 3.841734676085044597, -10.18193191273744702 ) ) ;
#2695 = CARTESIAN_POINT ( 'NONE',  ( -119.4107359897425056, 6.717210952453248396, -2.508460793789174303 ) ) ;
#2696 = ORIENTED_EDGE ( 'NONE', *, *, #1367, .T. ) ;
#2697 = CARTESIAN_POINT ( 'NONE',  ( 2.286000258699965926, 6.892841610840417133, 5.626064819312839305 ) ) ;
#2698 = CARTESIAN_POINT ( 'NONE',  ( 119.0169368351672290, 6.542183807364127190, 3.126107474786123497 ) ) ;
#2699 = CARTESIAN_POINT ( 'NONE',  ( -24.39164422476718386, 8.518584411111556065, -8.714253404475050147 ) ) ;
#2700 = CARTESIAN_POINT ( 'NONE',  ( 2.555373850527157042, 6.475032130601253044, 6.002003839226409454 ) ) ;
#2701 = VERTEX_POINT ( 'NONE', #1980 ) ;
#2702 = TOROIDAL_SURFACE ( 'NONE', #6557, 5.999999999999998224, 0.5000000000000004441 ) ;
#2703 = CARTESIAN_POINT ( 'NONE',  ( -66.51811422766861881, 2.785126883839762701, 11.90268049712191711 ) ) ;
#2704 = CARTESIAN_POINT ( 'NONE',  ( -6.005903225851875860, 3.893969469985051113, 0.4592340831506800392 ) ) ;
#2705 = EDGE_CURVE ( 'NONE', #76, #1425, #3, .T. ) ;
#2706 = DIRECTION ( 'NONE',  ( 0.000000000000000000, 0.000000000000000000, -1.000000000000000000 ) ) ;
#2707 = CARTESIAN_POINT ( 'NONE',  ( -34.11366008120130289, -1.894586497831222793, 18.51060831932790407 ) ) ;
#2708 = CARTESIAN_POINT ( 'NONE',  ( 65.60476329121328831, 7.341928788152859653, 7.189523998520463977 ) ) ;
#2709 = CARTESIAN_POINT ( 'NONE',  ( -115.9799797245095334, 6.156966125509621968, 3.576748127089436124 ) ) ;
#2710 = CARTESIAN_POINT ( 'NONE',  ( 47.06908890525133415, 8.817731646215506203, 8.706477264660934523 ) ) ;
#2711 = CARTESIAN_POINT ( 'NONE',  ( 13.21396889557735754, 7.180535059755736249, 6.853058696024413088 ) ) ;
#2712 = VERTEX_POINT ( 'NONE', #5622 ) ;
#2713 = CARTESIAN_POINT ( 'NONE',  ( 6.030988371436621698, 8.052950821180909102, -1.803216905772968337 ) ) ;
#2714 = CARTESIAN_POINT ( 'NONE',  ( 116.8100212925081109, 6.504763850191142893, 4.462925595622190933 ) ) ;
#2715 = APPROVAL_PERSON_ORGANIZATION ( #2929, #2934, #4586 ) ;
#2716 = CARTESIAN_POINT ( 'NONE',  ( 42.54670565494184586, -2.592544271452735138, -18.95107594626086112 ) ) ;
#2717 = ORIENTED_EDGE ( 'NONE', *, *, #2809, .F. ) ;
#2718 = CARTESIAN_POINT ( 'NONE',  ( 15.63731024760653732, 2.726418303185914827, -11.18707561207993706 ) ) ;
#2719 = ADVANCED_FACE ( 'NONE', ( #5041 ), #1208, .T. ) ;
#2720 = CARTESIAN_POINT ( 'NONE',  ( -63.47738400575896378, 7.627994830630480116, -7.136290019215144831 ) ) ;
#2721 = CARTESIAN_POINT ( 'NONE',  ( 18.85310480372770670, 1.991671698335450547, -13.10481818175308710 ) ) ;
#2722 = FACE_OUTER_BOUND ( 'NONE', #4418, .T. ) ;
#2723 = CARTESIAN_POINT ( 'NONE',  ( 3.647269725799554774, -0.1900534318104232789, -18.64525032043457031 ) ) ;
#2724 = CARTESIAN_POINT ( 'NONE',  ( 107.9463019852439487, 5.201130944906743991, -5.410747958407127634 ) ) ;
#2725 = FACE_OUTER_BOUND ( 'NONE', #3756, .T. ) ;
#2726 = CARTESIAN_POINT ( 'NONE',  ( -5.280359252005042414, 7.413873786151980561, 3.478643731887923529 ) ) ;
#2727 = CARTESIAN_POINT ( 'NONE',  ( 117.1113125788824192, 6.546034832180691154, 4.346572119504843457 ) ) ;
#2728 = CARTESIAN_POINT ( 'NONE',  ( -119.6747580414965029, 6.536057630040934541, 0.3321342839986636819 ) ) ;
#2729 = CARTESIAN_POINT ( 'NONE',  ( -4.048995012160191642, -3.326421130063647702, 22.83184432983398082 ) ) ;
#2730 = CARTESIAN_POINT ( 'NONE',  ( -84.56727635386356212, 7.785927207495095814, -6.087632206348316366 ) ) ;
#2731 = CARTESIAN_POINT ( 'NONE',  ( -3.772874037686632764, 3.549157970310940158, 5.064137887207052380 ) ) ;
#2732 = EDGE_LOOP ( 'NONE', ( #4382, #782, #3279 ) ) ;
#2733 = CARTESIAN_POINT ( 'NONE',  ( -2.558324417422241037, 6.486832020799944587, -6.002003839226408566 ) ) ;
#2734 = CARTESIAN_POINT ( 'NONE',  ( 22.01017013317314408, 0.4394829062993226287, -14.59544467882592400 ) ) ;
#2735 = CARTESIAN_POINT ( 'NONE',  ( -30.66631527042222771, 8.797313069418120079, -9.526803696835836277 ) ) ;
#2736 = CARTESIAN_POINT ( 'NONE',  ( 98.67591857910156250, 4.036080630002829572, 9.412523269653316760 ) ) ;
#2737 = ORIENTED_EDGE ( 'NONE', *, *, #1151, .T. ) ;
#2738 = CARTESIAN_POINT ( 'NONE',  ( -28.04028354273382462, -0.9805098904282407712, 17.42725705913857581 ) ) ;
#2739 = CARTESIAN_POINT ( 'NONE',  ( -33.91092534805331837, 8.846764111404169739, -9.606167163635859652 ) ) ;
#2740 = CARTESIAN_POINT ( 'NONE',  ( -9.472686229216158438, 4.379197348935683465, 8.332717455496023717 ) ) ;
#2741 = CARTESIAN_POINT ( 'NONE',  ( 1.703603182420398987, 5.220749414745522010, -6.281222319695854317 ) ) ;
#2742 = AXIS2_PLACEMENT_3D ( 'NONE', #5063, #320, #5448 ) ;
#2743 = CARTESIAN_POINT ( 'NONE',  ( -25.70719827923386802, -0.2551154079869342173, 16.51987585645820289 ) ) ;
#2744 = EDGE_CURVE ( 'NONE', #12, #3995, #3870, .T. ) ;
#2745 = CARTESIAN_POINT ( 'NONE',  ( 71.91725211198223633, 7.169801720510736054, 6.654667339040748253 ) ) ;
#2746 = CARTESIAN_POINT ( 'NONE',  ( -116.4516639081816152, 5.729322910685317183, 3.236276949662955094 ) ) ;
#2747 = AXIS2_PLACEMENT_3D ( 'NONE', #2980, #1899, #4569 ) ;
#2748 = CARTESIAN_POINT ( 'NONE',  ( 36.64121588302040067, 6.486852212424515152, 9.587638020357148960 ) ) ;
#2749 = CARTESIAN_POINT ( 'NONE',  ( -116.8116179372816532, 7.043847219311385466, -4.462925595622176722 ) ) ;
#2750 = ORIENTED_EDGE ( 'NONE', *, *, #1358, .F. ) ;
#2751 = CARTESIAN_POINT ( 'NONE',  ( 4.432212274424996323, 6.704897366345703880, -4.055406385579336970 ) ) ;
#2752 = DIRECTION ( 'NONE',  ( -0.000000000000000000, -1.000000000000000000, -0.000000000000000000 ) ) ;
#2753 = CARTESIAN_POINT ( 'NONE',  ( 27.05572034203398601, -0.8225025727160777400, -17.07926920172475249 ) ) ;
#2754 = ORIENTED_EDGE ( 'NONE', *, *, #5286, .F. ) ;
#2755 = CARTESIAN_POINT ( 'NONE',  ( -9.714451465470119729E-14, -42.18829223128360439, 0.000000000000000000 ) ) ;
#2756 = FACE_OUTER_BOUND ( 'NONE', #6126, .T. ) ;
#2757 = CARTESIAN_POINT ( 'NONE',  ( 2.555373850527168145, 6.475032130601251268, 6.002003839226413895 ) ) ;
#2758 = DIRECTION ( 'NONE',  ( 0.000000000000000000, 0.000000000000000000, -1.000000000000000000 ) ) ;
#2759 = CARTESIAN_POINT ( 'NONE',  ( 2.612848997116095973, 12.06717303532214203, 15.69466209411621271 ) ) ;
#2760 = CARTESIAN_POINT ( 'NONE',  ( 118.8524151040458889, 2.327708862279813662, -12.58513991667915199 ) ) ;
#2761 = CARTESIAN_POINT ( 'NONE',  ( 109.4875975949185545, 6.339211047316143599, 5.487987385285273412 ) ) ;
#2762 = CARTESIAN_POINT ( 'NONE',  ( 119.6563301418453165, 5.721801137843121943, -1.952177918470599849 ) ) ;
#2763 = CARTESIAN_POINT ( 'NONE',  ( 118.8530234298997215, 6.793098488040557825, 2.962083979342396756 ) ) ;
#2764 = CARTESIAN_POINT ( 'NONE',  ( -119.6566936633759894, 6.494322278627285172, 0.6581446233484363750 ) ) ;
#2765 = DIRECTION ( 'NONE',  ( 0.8594478231018514158, 0.2867687773237772575, -0.4232175654645192742 ) ) ;
#2766 = CARTESIAN_POINT ( 'NONE',  ( -76.11308875627689474, 7.933637045376705998, -6.538307647315008353 ) ) ;
#2767 = CARTESIAN_POINT ( 'NONE',  ( -119.6690594630502176, 6.686841441603827541, -1.504930727955792191 ) ) ;
#2768 = ORIENTED_EDGE ( 'NONE', *, *, #6442, .T. ) ;
#2769 = CARTESIAN_POINT ( 'NONE',  ( -2.571975438379989765, 6.299053800243552992, -6.166481769391778833 ) ) ;
#2770 = CARTESIAN_POINT ( 'NONE',  ( 38.72404690382604997, -1.985889262436898894, -17.71369735483172292 ) ) ;
#2771 = CARTESIAN_POINT ( 'NONE',  ( -12.99081510862160371, 7.771289786855599679, -6.741926251855661967 ) ) ;
#2772 = CARTESIAN_POINT ( 'NONE',  ( 77.47038269042968750, 7.816240699468488984, 6.095333576202388137 ) ) ;
#2773 = ORIENTED_EDGE ( 'NONE', *, *, #3932, .T. ) ;
#2774 = CARTESIAN_POINT ( 'NONE',  ( -36.20285163416046714, -1.786547957043618684, 18.40738744682092332 ) ) ;
#2775 = CARTESIAN_POINT ( 'NONE',  ( -13.12586275481698905, 7.594899358607430706, -6.842424535691023380 ) ) ;
#2776 = CARTESIAN_POINT ( 'NONE',  ( 119.3987616936961444, 5.893155700095308092, 1.674663017738155846 ) ) ;
#2777 = CARTESIAN_POINT ( 'NONE',  ( 63.40683425034361420, 7.852159547547411300, 7.326608876957653393 ) ) ;
#2778 = CARTESIAN_POINT ( 'NONE',  ( 57.10014973654857329, 7.810289487692531729, 7.788355545448059303 ) ) ;
#2779 = EDGE_CURVE ( 'NONE', #1586, #2610, #547, .T. ) ;
#2780 = CARTESIAN_POINT ( 'NONE',  ( 88.82803786404842583, 6.827032728115327131, 5.934404597818360827 ) ) ;
#2781 = CARTESIAN_POINT ( 'NONE',  ( -113.3693843043395759, 5.460443935923539271, 4.247096684997972993 ) ) ;
#2782 = CARTESIAN_POINT ( 'NONE',  ( -6.127270512194932905, 8.717792126667017527, -1.271145294716513385 ) ) ;
#2783 = CARTESIAN_POINT ( 'NONE',  ( 0.000000000000000000, -16.44246573510923426, -5.500000000000000000 ) ) ;
#2784 =( BOUNDED_SURFACE ( )  B_SPLINE_SURFACE ( 3, 2, ( 
 ( #4805, #2654, #5904 ),
 ( #67, #1684, #1172 ),
 ( #3286, #5393, #4356 ),
 ( #1306, #1277, #5525 ) ),
 .UNSPECIFIED., .F., .F., .T. ) 
 B_SPLINE_SURFACE_WITH_KNOTS ( ( 4, 4 ),
 ( 3, 3 ),
 ( -8.673617379884035472E-18, 0.0005498648310906245487 ),
 ( 0.000000000000000000, 1.000000000000000000 ),
 .UNSPECIFIED. ) 
 GEOMETRIC_REPRESENTATION_ITEM ( )  RATIONAL_B_SPLINE_SURFACE ( (
 ( 1.000000000000000000, 0.7008175440456809735, 1.000000000000000000),
 ( 1.000000000000000000, 0.6998045478400670705, 1.000000000000000000),
 ( 1.000000000000000000, 0.6987457106417063191, 1.000000000000000000),
 ( 1.000000000000000000, 0.6976437465950614536, 1.000000000000000000) ) ) 
 REPRESENTATION_ITEM ( '' )  SURFACE ( )  );
#2785 = CARTESIAN_POINT ( 'NONE',  ( -101.8039123321905208, 8.270390062217174432, -12.92763328552244140 ) ) ;
#2786 = CARTESIAN_POINT ( 'NONE',  ( 28.76426293006226231, -2.949188338801602249, -19.22933252010646399 ) ) ;
#2787 = ORIENTED_EDGE ( 'NONE', *, *, #5175, .T. ) ;
#2788 = CARTESIAN_POINT ( 'NONE',  ( -116.8329484978615085, 6.208825072099858566, -4.592467151269768344 ) ) ;
#2789 = CARTESIAN_POINT ( 'NONE',  ( -119.4150602275979196, 7.320367484722235751, -2.497572981256324542 ) ) ;
#2790 = CARTESIAN_POINT ( 'NONE',  ( 9.025267262072036445, 4.508428184659950766, -8.182986231739832306 ) ) ;
#2791 = CARTESIAN_POINT ( 'NONE',  ( 5.141518664955780693, 3.306042604383702344, -3.584962342585015449 ) ) ;
#2792 = CARTESIAN_POINT ( 'NONE',  ( -0.6849847435951217367, 6.334273548303562151, 6.216837406158447266 ) ) ;
#2793 = CARTESIAN_POINT ( 'NONE',  ( 108.4651857886038187, 5.216887075509002436, -5.326795322915219622 ) ) ;
#2794 = CARTESIAN_POINT ( 'NONE',  ( -9.714451465470119729E-14, 7.643375672974086932, 0.000000000000000000 ) ) ;
#2795 = CARTESIAN_POINT ( 'NONE',  ( -9.634849423525541882E-14, -3.816391647148975608E-14, 6.499999999999999112 ) ) ;
#2796 = CARTESIAN_POINT ( 'NONE',  ( -13.20793579658105799, 3.360167462369038738, 9.886472375325386253 ) ) ;
#2797 = CARTESIAN_POINT ( 'NONE',  ( -116.8775374708177992, 6.823399591882040482, -4.580598064386759205 ) ) ;
#2798 = CARTESIAN_POINT ( 'NONE',  ( -38.94960885101609449, 9.974872118561702194, -6.533321380615227270 ) ) ;
#2799 = CARTESIAN_POINT ( 'NONE',  ( -69.77223375217256773, 8.084883169813998904, -6.861289452149514467 ) ) ;
#2800 = CARTESIAN_POINT ( 'NONE',  ( -1.658063386895387570, 4.216621039820517503, 5.770181753780636136 ) ) ;
#2801 = CARTESIAN_POINT ( 'NONE',  ( -19.36756328707889452, 7.577135341405146107, -7.895833660867572767 ) ) ;
#2802 = CARTESIAN_POINT ( 'NONE',  ( 23.82710828155496330, -0.1677718333449848831, -15.44580025223619302 ) ) ;
#2803 = CARTESIAN_POINT ( 'NONE',  ( -9.087273422564075886, 7.402148826883604649, -6.295241102665029231 ) ) ;
#2804 = CARTESIAN_POINT ( 'NONE',  ( 62.98186111450195313, 8.797639877973447042, 5.268535137176510119 ) ) ;
#2805 = ORIENTED_EDGE ( 'NONE', *, *, #3904, .T. ) ;
#2806 = CARTESIAN_POINT ( 'NONE',  ( -31.51416566044130363, -2.105534501956195736, 17.98683499986674761 ) ) ;
#2807 = EDGE_CURVE ( 'NONE', #3704, #3690, #882, .T. ) ;
#2808 = CARTESIAN_POINT ( 'NONE',  ( -52.87771474257243653, 8.115767526086775874, -8.147125134416643988 ) ) ;
#2809 = EDGE_CURVE ( 'NONE', #3690, #2923, #4426, .T. ) ;
#2810 = CARTESIAN_POINT ( 'NONE',  ( 119.2714824158914411, 5.911077697659561814, 2.185157613430072310 ) ) ;
#2811 = CARTESIAN_POINT ( 'NONE',  ( 37.01677793108792258, 8.628207695840162117, 9.518018847931788429 ) ) ;
#2812 = CARTESIAN_POINT ( 'NONE',  ( -40.74041595903034363, -1.010768933969702132, 17.58962785205164536 ) ) ;
#2813 = AXIS2_PLACEMENT_3D ( 'NONE', #789, #4492, #5976 ) ;
#2814 = CARTESIAN_POINT ( 'NONE',  ( 78.26488605853724323, 7.282821219236050858, 6.521815359473392526 ) ) ;
#2815 = PRODUCT ( 'Пропеллер 9450 CW', 'Пропеллер 9450 CW', '', ( #3999 ) ) ;
#2816 = CARTESIAN_POINT ( 'NONE',  ( -112.6011724776646616, 5.416206882850461923, 4.420227611931392353 ) ) ;
#2817 = CARTESIAN_POINT ( 'NONE',  ( -6.191077329954514319, 8.682806393733958572, -0.9233043136572447462 ) ) ;
#2818 = CARTESIAN_POINT ( 'NONE',  ( -22.94442259022866182, 0.2417454015518672450, 15.03628700647685257 ) ) ;
#2819 = DIRECTION ( 'NONE',  ( -0.000000000000000000, -1.000000000000000000, -0.000000000000000000 ) ) ;
#2820 = CARTESIAN_POINT ( 'NONE',  ( 32.49857102143000276, -1.987204794064828972, -18.43706599904900756 ) ) ;
#2821 = VERTEX_POINT ( 'NONE', #5078 ) ;
#2822 = CARTESIAN_POINT ( 'NONE',  ( 15.74229895905861909, 2.487330961738922319, -10.89408080386481714 ) ) ;
#2823 = DIRECTION ( 'NONE',  ( -0.3897038327690913739, -0.9209402384113098972, 0.000000000000000000 ) ) ;
#2824 = CARTESIAN_POINT ( 'NONE',  ( -119.6139009478395252, 7.274475311110396802, -1.900187221868944620 ) ) ;
#2825 = CARTESIAN_POINT ( 'NONE',  ( -21.93439439576071592, 0.7635740934771734212, 14.92660783862475427 ) ) ;
#2826 = CARTESIAN_POINT ( 'NONE',  ( 4.925339238543450016, 3.555572596206424851, -3.430296587002685360 ) ) ;
#2827 = CARTESIAN_POINT ( 'NONE',  ( 8.430241584777839137, 10.98115971821398240, 13.84894084930419922 ) ) ;
#2828 = CARTESIAN_POINT ( 'NONE',  ( 110.0060474863220463, 4.799462678725896936, -4.891230144788993428 ) ) ;
#2829 = DIRECTION ( 'NONE',  ( -1.000000000000000000, 0.000000000000000000, 0.000000000000000000 ) ) ;
#2830 = EDGE_CURVE ( 'NONE', #6368, #96, #425, .T. ) ;
#2831 = CIRCLE ( 'NONE', #6679, 0.2499999999999999167 ) ;
#2832 = CARTESIAN_POINT ( 'NONE',  ( 4.791149215304088216, 6.677386727414639012, 6.077200002112943089 ) ) ;
#2833 = CARTESIAN_POINT ( 'NONE',  ( 4.526456558551718246, 8.113359951309140783, 3.941441941309477670 ) ) ;
#2834 = CARTESIAN_POINT ( 'NONE',  ( -119.6573243405491809, 6.692568011586193855, -1.628926312960466083 ) ) ;
#2835 = CARTESIAN_POINT ( 'NONE',  ( -1.895723474218171445, 4.907062090362401818, -7.394479274749754971 ) ) ;
#2836 = CARTESIAN_POINT ( 'NONE',  ( -46.55983080456690715, 8.539151924312188058, -8.627841700135043368 ) ) ;
#2837 = CARTESIAN_POINT ( 'NONE',  ( -119.6543523984281023, 6.484705486233081295, 0.7256431862563276214 ) ) ;
#2838 = CARTESIAN_POINT ( 'NONE',  ( -27.70749926508333161, 8.276044772047709941, -9.262288245559485489 ) ) ;
#2839 = CARTESIAN_POINT ( 'NONE',  ( -119.3449011229301817, 6.456045028848287792, -1.987551804236033837 ) ) ;
#2840 = CARTESIAN_POINT ( 'NONE',  ( 13.32430325123325332, 3.270663556133859728, -9.952434064679202663 ) ) ;
#2841 = CARTESIAN_POINT ( 'NONE',  ( 117.5847549438476563, 5.131270320592715706, -5.709479331970221949 ) ) ;
#2842 = ORIENTED_EDGE ( 'NONE', *, *, #6055, .F. ) ;
#2843 = CARTESIAN_POINT ( 'NONE',  ( -34.10905040359489249, -1.894617988419118104, 18.51061139966932956 ) ) ;
#2844 = CARTESIAN_POINT ( 'NONE',  ( -22.05852681572627461, 0.7628337122481815280, 14.70960416550116001 ) ) ;
#2845 = CARTESIAN_POINT ( 'NONE',  ( 119.6514115684807678, 5.891184250731521743, 1.678761781943261422 ) ) ;
#2846 = CARTESIAN_POINT ( 'NONE',  ( 25.43050152516933693, 8.441890184724844204, 8.957408169150786748 ) ) ;
#2847 = B_SPLINE_CURVE_WITH_KNOTS ( 'NONE', 3,
 ( #4073, #6237, #922, #5147 ),
 .UNSPECIFIED., .F., .F.,
 ( 4, 4 ),
 ( 2.954693262093832579E-15, 0.0003210687586245268414 ),
 .UNSPECIFIED. ) ;
#2848 = CARTESIAN_POINT ( 'NONE',  ( 10.00059014099649879, 7.397340456214324789, 6.406611489746920185 ) ) ;
#2849 = CONICAL_SURFACE ( 'NONE', #6695, 3.500000000000023981, 1.047197551196615173 ) ;
#2850 = CARTESIAN_POINT ( 'NONE',  ( 50.83664457240551116, 7.661409420270756776, 8.148585581845603443 ) ) ;
#2851 = ADVANCED_FACE ( 'NONE', ( #5820 ), #5238, .T. ) ;
#2852 = CARTESIAN_POINT ( 'NONE',  ( -114.3006440862725128, 2.909069176923193556, 11.76263456457118473 ) ) ;
#2853 = CARTESIAN_POINT ( 'NONE',  ( -5.678514345950127939, 7.737608698940856122, 1.954744344052402383 ) ) ;
#2854 = LINE ( 'NONE', #2783, #6163 ) ;
#2855 = CARTESIAN_POINT ( 'NONE',  ( -114.9366838223520659, 1.202569554558052811, 15.47028350830079901 ) ) ;
#2856 = AXIS2_PLACEMENT_3D ( 'NONE', #5334, #3294, #6321 ) ;
#2857 = ORIENTED_EDGE ( 'NONE', *, *, #6003, .T. ) ;
#2858 = CARTESIAN_POINT ( 'NONE',  ( 5.257641979431184609, 3.945590598331602639, -6.978794469350535934 ) ) ;
#2859 = CARTESIAN_POINT ( 'NONE',  ( -4.549041853787110234, 5.086450247873797181, -4.476309690853299550 ) ) ;
#2860 = CARTESIAN_POINT ( 'NONE',  ( -119.6968790823485733, 6.907674182798380969, -1.018748471793624821 ) ) ;
#2861 = CARTESIAN_POINT ( 'NONE',  ( 9.459935322369041444, 4.335510208284813594, -8.332717455498167780 ) ) ;
#2862 = AXIS2_PLACEMENT_3D ( 'NONE', #4825, #1082, #4271 ) ;
#2863 = CARTESIAN_POINT ( 'NONE',  ( 5.535367650716405130, 4.353368004034775751, 2.335021826459819927 ) ) ;
#2864 = CARTESIAN_POINT ( 'NONE',  ( 22.09620285034180043, 5.112532408414775631, -1.988895893096924938 ) ) ;
#2865 = CARTESIAN_POINT ( 'NONE',  ( 96.67097672537693143, 2.966754296884855258, -10.54623600177488107 ) ) ;
#2866 = CARTESIAN_POINT ( 'NONE',  ( 6.879748860899385754, 6.610789324318404603, 6.100403142057741590 ) ) ;
#2867 = EDGE_CURVE ( 'NONE', #1425, #1389, #1015, .T. ) ;
#2868 = CARTESIAN_POINT ( 'NONE',  ( -3.889642007355622155, 4.032146973910286647, 6.767364379282597042 ) ) ;
#2869 = CARTESIAN_POINT ( 'NONE',  ( 15.88472847779383024, 2.450648787930674199, -10.97448891022842687 ) ) ;
#2870 = CARTESIAN_POINT ( 'NONE',  ( -62.58695485098815681, 7.995651657108949983, 2.349545001983652792 ) ) ;
#2871 = CARTESIAN_POINT ( 'NONE',  ( -57.10112771437889023, 8.266787054300024806, -7.698403211542185431 ) ) ;
#2872 = CARTESIAN_POINT ( 'NONE',  ( -119.6613464253982073, 6.028818384991552648, 1.903546172208488763 ) ) ;
#2873 = CARTESIAN_POINT ( 'NONE',  ( -13.12338438114620232, 7.234758083517655258, -6.839313186080701712 ) ) ;
#2874 = CARTESIAN_POINT ( 'NONE',  ( 93.94765902505362476, 4.180813489583934839, -7.586341293046078960 ) ) ;
#2875 = CARTESIAN_POINT ( 'NONE',  ( -5.011143071479756017, 6.965447647686213273, -6.207892201933296938 ) ) ;
#2876 = CARTESIAN_POINT ( 'NONE',  ( 20.65542793273926137, 6.590809614835675845, -4.538740634918213779 ) ) ;
#2877 = ORIENTED_EDGE ( 'NONE', *, *, #1865, .F. ) ;
#2878 = CARTESIAN_POINT ( 'NONE',  ( -33.06090382315808540, -2.243138661749365603, 18.14867977918796527 ) ) ;
#2879 = CARTESIAN_POINT ( 'NONE',  ( -63.43087781621093058, 8.021835286465623938, -7.324071469324104910 ) ) ;
#2880 = CARTESIAN_POINT ( 'NONE',  ( 119.4365177207593263, 5.867249439141883904, 1.183728820919444091 ) ) ;
#2881 = CARTESIAN_POINT ( 'NONE',  ( 41.25001557605111202, 8.458043391265976041, 9.203726284506663191 ) ) ;
#2882 = CARTESIAN_POINT ( 'NONE',  ( 4.617517270680621344, 6.918665712388560429, -4.354163146463099210 ) ) ;
#2883 = CARTESIAN_POINT ( 'NONE',  ( 12.08702758694736090, 7.484369695167131908, 6.687402183911364872 ) ) ;
#2884 = CARTESIAN_POINT ( 'NONE',  ( -109.4104011353511083, 7.213933515830548870, -4.943939042112769577 ) ) ;
#2885 = EDGE_LOOP ( 'NONE', ( #3847, #4450, #5878 ) ) ;
#2886 = CARTESIAN_POINT ( 'NONE',  ( -110.5082331821071051, 3.287043707522900426, 10.67087795902647507 ) ) ;
#2887 = CARTESIAN_POINT ( 'NONE',  ( -5.315210663000597080, 8.462022821173794895, -2.791881189485604597 ) ) ;
#2888 = EDGE_CURVE ( 'NONE', #4225, #1489, #3202, .T. ) ;
#2889 = CARTESIAN_POINT ( 'NONE',  ( 6.273547853349850101, 3.621913391028233065, -0.4332066963528108383 ) ) ;
#2890 = B_SPLINE_CURVE_WITH_KNOTS ( 'NONE', 3,
 ( #2692, #1996, #5584, #1238 ),
 .UNSPECIFIED., .F., .F.,
 ( 4, 4 ),
 ( 6.012326402318163691E-16, 0.0001664612832892079463 ),
 .UNSPECIFIED. ) ;
#2891 = CLOSED_SHELL ( 'NONE', ( #2588, #766, #5977, #3816, #532, #1290 ) ) ;
#2892 = ORIENTED_EDGE ( 'NONE', *, *, #5850, .F. ) ;
#2893 = CARTESIAN_POINT ( 'NONE',  ( -3.968571015416205494, 4.914737167647390770, 6.882973945668369176 ) ) ;
#2894 = CARTESIAN_POINT ( 'NONE',  ( -6.200769421815661708, 3.854517982658631770, -1.195716769788006228 ) ) ;
#2895 = ADVANCED_FACE ( 'NONE', ( #4306 ), #3717, .T. ) ;
#2896 = CARTESIAN_POINT ( 'NONE',  ( -119.6615098392625640, 6.274028525224551345, 1.952177918470496598 ) ) ;
#2897 = COORDINATED_UNIVERSAL_TIME_OFFSET ( 5, 0, .AHEAD. ) ;
#2898 = CARTESIAN_POINT ( 'NONE',  ( 5.832609935357637276, 4.128028940052031359, 1.441725722651954644 ) ) ;
#2899 = CARTESIAN_POINT ( 'NONE',  ( 34.50249481201171875, 5.132385761915128519, -2.662371873855592597 ) ) ;
#2900 = CARTESIAN_POINT ( 'NONE',  ( 101.7263948564920355, 4.986543174706222104, -6.456359251089134332 ) ) ;
#2901 = FACE_OUTER_BOUND ( 'NONE', #2484, .T. ) ;
#2902 = CARTESIAN_POINT ( 'NONE',  ( -8.905016170424890021, 3.751669717548074878, 7.889545564516686760 ) ) ;
#2903 = CARTESIAN_POINT ( 'NONE',  ( 119.4154075572118217, 5.963230549550880610, -2.023398177674321285 ) ) ;
#2904 = CARTESIAN_POINT ( 'NONE',  ( -117.5926819941756207, 5.673943702491692775, 5.709479331970234384 ) ) ;
#2905 = CARTESIAN_POINT ( 'NONE',  ( 1.946810395666759064, 5.312221557966394059, -6.211500675189345344 ) ) ;
#2906 = CARTESIAN_POINT ( 'NONE',  ( -4.941737837327106142, 3.578340937234247843, 3.430296587002511721 ) ) ;
#2907 = CARTESIAN_POINT ( 'NONE',  ( -8.991737072976476952, 6.654602895746771551, -6.166675355566735739 ) ) ;
#2908 = CARTESIAN_POINT ( 'NONE',  ( 92.90958026918075063, 4.135382524154925576, -7.744210527007125755 ) ) ;
#2909 = CARTESIAN_POINT ( 'NONE',  ( -5.366395888380349533, 6.637734096535957029, -6.208438935233254519 ) ) ;
#2910 = CARTESIAN_POINT ( 'NONE',  ( 21.97276878356934304, 8.321894676862651608, 8.307656288146970880 ) ) ;
#2911 = ORIENTED_EDGE ( 'NONE', *, *, #6647, .F. ) ;
#2912 = FACE_OUTER_BOUND ( 'NONE', #6339, .T. ) ;
#2913 = DIRECTION ( 'NONE',  ( 0.000000000000000000, 0.000000000000000000, -1.000000000000000000 ) ) ;
#2914 = CARTESIAN_POINT ( 'NONE',  ( 119.4160998496254251, 5.726464626532812296, -0.3599714041881548754 ) ) ;
#2915 = CARTESIAN_POINT ( 'NONE',  ( 31.72734365682303093, 8.679304162313414395, 9.573435794880920113 ) ) ;
#2916 = CARTESIAN_POINT ( 'NONE',  ( 4.076974437509456095, 8.220349068185527130, 4.417138342113304361 ) ) ;
#2917 = CARTESIAN_POINT ( 'NONE',  ( -105.7042746988928599, 7.095229509336260953, -5.240136679103305717 ) ) ;
#2918 = ADVANCED_FACE ( 'NONE', ( #6333 ), #5857, .F. ) ;
#2919 = ORIENTED_EDGE ( 'NONE', *, *, #589, .F. ) ;
#2920 = CARTESIAN_POINT ( 'NONE',  ( -101.7209400975650340, 4.998007047889647225, 6.258489187618121896 ) ) ;
#2921 = CARTESIAN_POINT ( 'NONE',  ( -5.589286588803671130, 8.757467761227754721, -2.189451294662617897 ) ) ;
#2922 = CARTESIAN_POINT ( 'NONE',  ( 6.123487677316178157, 3.497425167996518702, -1.394074936702764500 ) ) ;
#2923 = VERTEX_POINT ( 'NONE', #2260 ) ;
#2924 = AXIS2_PLACEMENT_3D ( 'NONE', #104, #6313, #6827 ) ;
#2925 = CARTESIAN_POINT ( 'NONE',  ( -1.624174403423804369, 4.734150316648994661, 6.722565393953384039 ) ) ;
#2926 = CARTESIAN_POINT ( 'NONE',  ( -5.402795260967150348, 3.334897299140250126, 3.201496626053725425 ) ) ;
#2927 = APPROVAL_PERSON_ORGANIZATION ( #4033, #5715, #1398 ) ;
#2928 = DIRECTION ( 'NONE',  ( 0.000000000000000000, 0.000000000000000000, -1.000000000000000000 ) ) ;
#2929 = PERSON_AND_ORGANIZATION ( #1100, #5694 ) ;
#2930 = CARTESIAN_POINT ( 'NONE',  ( 5.851852390852609886, 3.469584195170556828, -1.362457636897884239 ) ) ;
#2931 = CARTESIAN_POINT ( 'NONE',  ( 6.109239578247064983, -0.4225916550770272839, -18.73341941833496094 ) ) ;
#2932 = CARTESIAN_POINT ( 'NONE',  ( 89.78425356661826129, 4.010117910605617730, -8.178701878587119722 ) ) ;
#2933 = CARTESIAN_POINT ( 'NONE',  ( -6.537215875132056375, 3.914507318684901538, 7.244114921249005690 ) ) ;
#2934 = APPROVAL ( #2438, 'UNSPECIFIED' ) ;
#2935 = CARTESIAN_POINT ( 'NONE',  ( -11.47370536431824739, 3.401481232507678865, 9.108617124026224587 ) ) ;
#2936 = CARTESIAN_POINT ( 'NONE',  ( 119.6466513863481964, 5.803310310487165502, -1.644845642793798079 ) ) ;
#2937 = CARTESIAN_POINT ( 'NONE',  ( -22.08165390377282478, 7.920875844868089821, -8.698816299438473010 ) ) ;
#2938 = CARTESIAN_POINT ( 'NONE',  ( -117.5370858807547449, 7.163215373554923993, -4.125989657339858674 ) ) ;
#2939 = CARTESIAN_POINT ( 'NONE',  ( -15.22138289982083670, 7.249341252722904194, -7.170889507565118670 ) ) ;
#2940 = CARTESIAN_POINT ( 'NONE',  ( 105.3346873848835230, 4.659698632207425639, -5.642114611581623862 ) ) ;
#2941 = CARTESIAN_POINT ( 'NONE',  ( 18.84331834571342412, 1.775768716948117110, -13.10014149704709041 ) ) ;
#2942 = AXIS2_PLACEMENT_3D ( 'NONE', #6275, #3069, #957 ) ;
#2943 = CARTESIAN_POINT ( 'NONE',  ( 28.79599761962890980, 6.591493637739109346, -5.101405143737794745 ) ) ;
#2944 = VERTEX_POINT ( 'NONE', #2426 ) ;
#2945 = CARTESIAN_POINT ( 'NONE',  ( 97.24190221027677694, 6.575932854827925667, 5.323480197104308864 ) ) ;
#2946 = CARTESIAN_POINT ( 'NONE',  ( 5.108428238786974163, 7.260903756088741723, -3.738042170052261692 ) ) ;
#2947 = CARTESIAN_POINT ( 'NONE',  ( 119.3405648010448772, 5.905276848492477804, 1.987551804235868191 ) ) ;
#2948 = CARTESIAN_POINT ( 'NONE',  ( 18.17756767632171844, 8.056628084483879348, 7.601968211156203026 ) ) ;
#2949 = CARTESIAN_POINT ( 'NONE',  ( -9.632538118918262171, 4.359216287087055441, 8.389185903441118697 ) ) ;
#2950 = CARTESIAN_POINT ( 'NONE',  ( -103.5908457684079451, 7.371054661035639555, -5.210793515831842804 ) ) ;
#2951 = ORIENTED_EDGE ( 'NONE', *, *, #1728, .F. ) ;
#2952 = CARTESIAN_POINT ( 'NONE',  ( -75.92246065378749620, 2.352676601008516499, 12.96561874250563662 ) ) ;
#2953 = CARTESIAN_POINT ( 'NONE',  ( -2.206997206736426076, 6.668650511773291711, -5.580171898753063964 ) ) ;
#2954 = EDGE_CURVE ( 'NONE', #6093, #6474, #6144, .T. ) ;
#2955 = CARTESIAN_POINT ( 'NONE',  ( 6.039539117426134140, 3.453046673290900870, -1.711194993849174173 ) ) ;
#2956 = AXIS2_PLACEMENT_3D ( 'NONE', #2084, #4826, #3785 ) ;
#2957 = CARTESIAN_POINT ( 'NONE',  ( -6.191543510303497477, 8.681626552099604766, -0.9160090263446201142 ) ) ;
#2958 = ORIENTED_EDGE ( 'NONE', *, *, #2158, .T. ) ;
#2959 = CARTESIAN_POINT ( 'NONE',  ( -3.493700756833546528, 4.734713599575507637, 6.892550857561580813 ) ) ;
#2960 = CARTESIAN_POINT ( 'NONE',  ( 4.041940104835150649, 6.579191255270441907, 6.399896609442548900 ) ) ;
#2961 = DIRECTION ( 'NONE',  ( 0.3205651456807963595, 0.000000000000000000, 0.9472264710060893655 ) ) ;
#2962 = APPROVAL_DATE_TIME ( #3517, #2934 ) ;
#2963 = CARTESIAN_POINT ( 'NONE',  ( 4.818288465063742088, 4.874398976841608722, 4.161816533986976374 ) ) ;
#2964 = AXIS2_PLACEMENT_3D ( 'NONE', #3894, #3272, #160 ) ;
#2965 = AXIS2_PLACEMENT_3D ( 'NONE', #3177, #5768, #478 ) ;
#2966 = CARTESIAN_POINT ( 'NONE',  ( 34.93356704711914063, 10.18484214085189343, 13.53500938415527166 ) ) ;
#2967 = CARTESIAN_POINT ( 'NONE',  ( 78.33999293584972179, 3.484614218596942870, -9.748914601084116782 ) ) ;
#2968 = CARTESIAN_POINT ( 'NONE',  ( 22.52686018470387452, 7.683747986068421909, 8.332300609920400447 ) ) ;
#2969 = CARTESIAN_POINT ( 'NONE',  ( 22.02057259886773366, 0.6377015075751616413, -14.99281779956883653 ) ) ;
#2970 = FACE_OUTER_BOUND ( 'NONE', #4028, .T. ) ;
#2971 = AXIS2_PLACEMENT_3D ( 'NONE', #6626, #1349, #901 ) ;
#2972 = CARTESIAN_POINT ( 'NONE',  ( -62.39709137840349484, -10.31656392129063526, 21.37056350708008523 ) ) ;
#2973 = CARTESIAN_POINT ( 'NONE',  ( -119.3571731935182214, 7.291075695597744044, -1.950569866599040747 ) ) ;
#2974 = CARTESIAN_POINT ( 'NONE',  ( -63.49090947272949137, 7.867415294736910703, -7.319290489130954036 ) ) ;
#2975 = ADVANCED_FACE ( 'NONE', ( #351 ), #5928, .T. ) ;
#2976 = CARTESIAN_POINT ( 'NONE',  ( 108.4464068712709803, 4.753274034177363383, -5.142005411309022556 ) ) ;
#2977 = CARTESIAN_POINT ( 'NONE',  ( -7.282710251049405059, 7.297855245711427408, -6.112853231467012094 ) ) ;
#2978 = CARTESIAN_POINT ( 'NONE',  ( -9.714451465470119729E-14, 6.488675134594886984, 0.000000000000000000 ) ) ;
#2979 = ORIENTED_EDGE ( 'NONE', *, *, #886, .T. ) ;
#2980 = CARTESIAN_POINT ( 'NONE',  ( -9.714451465470119729E-14, 7.643375672974132229, 0.000000000000000000 ) ) ;
#2981 = CARTESIAN_POINT ( 'NONE',  ( 6.198683202671519510, 8.653036027768830962, 0.9160090263446183378 ) ) ;
#2982 = DIRECTION ( 'NONE',  ( 0.08957375645485618487, -0.9959801916476884731, 0.000000000000000000 ) ) ;
#2983 = CARTESIAN_POINT ( 'NONE',  ( 15.07009120362998189, 7.835784184623224569, 7.064520052519274174 ) ) ;
#2984 = CARTESIAN_POINT ( 'NONE',  ( 5.004014836544520776E-15, 11.19160870801735186, 3.174953878581104329E-16 ) ) ;
#2985 = CARTESIAN_POINT ( 'NONE',  ( 4.797100486583984136, 8.247408467060438397, 3.607356812519052713 ) ) ;
#2986 = AXIS2_PLACEMENT_3D ( 'NONE', #4725, #6376, #1608 ) ;
#2987 = CARTESIAN_POINT ( 'NONE',  ( 18.87195722210926263, 1.860111112257103905, -13.11702305829603077 ) ) ;
#2988 = VERTEX_POINT ( 'NONE', #2749 ) ;
#2989 = CARTESIAN_POINT ( 'NONE',  ( -99.85665752606176682, 3.488415895777352560, 10.35291839695626059 ) ) ;
#2990 = CARTESIAN_POINT ( 'NONE',  ( -4.533866561408744111, 8.456616906309090353, -3.927518904766838848 ) ) ;
#2991 = EDGE_CURVE ( 'NONE', #1007, #5791, #4344, .T. ) ;
#2992 = CARTESIAN_POINT ( 'NONE',  ( 3.100774173514149634, 6.687345438179833401, 6.207227047689115373 ) ) ;
#2993 = CARTESIAN_POINT ( 'NONE',  ( 9.674709713264090115E-16, 7.155734338404329264E-15, 7.900000000000000355 ) ) ;
#2994 = ORIENTED_EDGE ( 'NONE', *, *, #2326, .F. ) ;
#2995 = CARTESIAN_POINT ( 'NONE',  ( -6.301858684247387821, 4.860802540984948017, 7.306610638186268325 ) ) ;
#2996 = CARTESIAN_POINT ( 'NONE',  ( 78.22951968744970941, 7.528091661641314047, 6.430660170899543004 ) ) ;
#2997 = DIRECTION ( 'NONE',  ( -0.004614987725602707341, -0.9999893508874444503, 0.000000000000000000 ) ) ;
#2998 = CARTESIAN_POINT ( 'NONE',  ( 99.85432434082031250, 6.226695449529501047, 1.472760915756220035 ) ) ;
#2999 = CARTESIAN_POINT ( 'NONE',  ( 92.90663930309317209, 4.135256133224604724, -7.744650259445263529 ) ) ;
#3000 = CARTESIAN_POINT ( 'NONE',  ( 34.00950093632338422, 8.453902480813168197, 9.627511963977839926 ) ) ;
#3001 = FACE_OUTER_BOUND ( 'NONE', #6406, .T. ) ;
#3002 = CARTESIAN_POINT ( 'NONE',  ( 119.4266243706979509, 6.333426833927817690, -0.4549500819952192465 ) ) ;
#3003 = CARTESIAN_POINT ( 'NONE',  ( 4.801962602271269809, 6.483133899094918107, 6.234199713410452759 ) ) ;
#3004 = CARTESIAN_POINT ( 'NONE',  ( 114.9420318235364249, 6.086621183413207348, 4.515769731199021919 ) ) ;
#3005 = CARTESIAN_POINT ( 'NONE',  ( -40.32618732676903051, 8.301340614027655107, -9.283700530278743202 ) ) ;
#3006 = CARTESIAN_POINT ( 'NONE',  ( 55.65314117023967100, 1.467054561862086270, -13.55061323693084852 ) ) ;
#3007 = CARTESIAN_POINT ( 'NONE',  ( -101.4812320643775934, 7.183426835746920425, -5.374287979232946100 ) ) ;
#3008 = CARTESIAN_POINT ( 'NONE',  ( -3.299208260445995577, 6.528941203426890993, -6.373213625852721442 ) ) ;
#3009 = ORIENTED_EDGE ( 'NONE', *, *, #4335, .T. ) ;
#3010 = CARTESIAN_POINT ( 'NONE',  ( -2.287158639227286905, 6.901003718508086138, -5.628479988899227848 ) ) ;
#3011 = CARTESIAN_POINT ( 'NONE',  ( -119.6559733866660196, 6.999291797697197559, -1.626941451225398794 ) ) ;
#3012 = DIRECTION ( 'NONE',  ( -0.9987949721267180836, -0.001452612437920808601, 0.04905602482359980310 ) ) ;
#3013 = CARTESIAN_POINT ( 'NONE',  ( 8.045348362312147117, 7.421692771364974739, 6.178412465501486928 ) ) ;
#3014 = CARTESIAN_POINT ( 'NONE',  ( -69.11247337776426036, 3.009346555100824272, 11.49186017590397668 ) ) ;
#3015 = CARTESIAN_POINT ( 'NONE',  ( 5.598245181434108098, 8.477890893098368963, 2.184256634957864929 ) ) ;
#3016 = CARTESIAN_POINT ( 'NONE',  ( -44.40959008510326100, 8.688516603567483898, -8.822540481375009236 ) ) ;
#3017 = VERTEX_POINT ( 'NONE', #4900 ) ;
#3018 = EDGE_CURVE ( 'NONE', #96, #4959, #6483, .T. ) ;
#3019 = ORIENTED_EDGE ( 'NONE', *, *, #4459, .T. ) ;
#3020 = CARTESIAN_POINT ( 'NONE',  ( -99.13503504089860030, 4.876009441809405764, 6.714071102022114879 ) ) ;
#3021 = EDGE_CURVE ( 'NONE', #5451, #2988, #4134, .T. ) ;
#3022 = CARTESIAN_POINT ( 'NONE',  ( 1.731448260212689050, 4.192650577675097523, -5.744731753733194779 ) ) ;
#3023 = DIRECTION ( 'NONE',  ( 0.000000000000000000, 0.000000000000000000, -1.000000000000000000 ) ) ;
#3024 = CARTESIAN_POINT ( 'NONE',  ( -2.521073389775695617, 6.980209174162851582, -5.889756391797206447 ) ) ;
#3025 = ORIENTED_EDGE ( 'NONE', *, *, #2374, .F. ) ;
#3026 = CARTESIAN_POINT ( 'NONE',  ( -11.66061976191147131, 4.061623752896926121, 9.175855513074280267 ) ) ;
#3027 = CARTESIAN_POINT ( 'NONE',  ( 4.768630754101168101, 6.838127782011615530, 6.267345294644607101 ) ) ;
#3028 = CARTESIAN_POINT ( 'NONE',  ( -118.0570089075192044, 6.997830941316914632, -3.991696749643335540 ) ) ;
#3029 = PERSON_AND_ORGANIZATION ( #1100, #5694 ) ;
#3030 = CARTESIAN_POINT ( 'NONE',  ( 72.88346862792968750, 7.006077521918654405, 5.528933525085445666 ) ) ;
#3031 = CARTESIAN_POINT ( 'NONE',  ( 56.67012514813553992, 1.589421584491339523, -13.37332501587929912 ) ) ;
#3032 = CARTESIAN_POINT ( 'NONE',  ( 10.51789320635708691, 6.974294414192955927, 6.470713102645348158 ) ) ;
#3033 = CIRCLE ( 'NONE', #1483, 4.500000000000000888 ) ;
#3034 = CARTESIAN_POINT ( 'NONE',  ( 6.003994881591760091, 8.305006913306172578, 0.2419789525549661535 ) ) ;
#3035 = CARTESIAN_POINT ( 'NONE',  ( 119.5453373121876979, 6.747235489724047852, 2.164805375384694308 ) ) ;
#3036 = CARTESIAN_POINT ( 'NONE',  ( -101.4668542040371477, 6.938135126899020122, -5.163153926237723290 ) ) ;
#3037 = CARTESIAN_POINT ( 'NONE',  ( 113.0921111815371205, 6.142359653950780540, 4.629214357639871658 ) ) ;
#3038 = CARTESIAN_POINT ( 'NONE',  ( -50.85556865559694728, 8.131708442735865461, -8.318516197456604644 ) ) ;
#3039 = CARTESIAN_POINT ( 'NONE',  ( -3.672400626381137734, 1.766787631452876761, -10.51206398010253729 ) ) ;
#3040 = EDGE_CURVE ( 'NONE', #4671, #4483, #3626, .T. ) ;
#3041 = CARTESIAN_POINT ( 'NONE',  ( -6.001149818664205604, 4.009916976531648913, -0.5076121428472778474 ) ) ;
#3042 = CARTESIAN_POINT ( 'NONE',  ( -25.69022411279067342, 8.292937111075605827, -8.995167763547540218 ) ) ;
#3043 = CARTESIAN_POINT ( 'NONE',  ( -18.24559879249845551, 2.404542694675054104, 12.61085652465954610 ) ) ;
#3044 = ORIENTED_EDGE ( 'NONE', *, *, #3932, .F. ) ;
#3045 = CARTESIAN_POINT ( 'NONE',  ( 59.26335812461695696, 7.430402997399363940, 7.434979142114543471 ) ) ;
#3046 = CARTESIAN_POINT ( 'NONE',  ( -119.7068507694090727, 6.844932830045853400, -0.6446945889878274993 ) ) ;
#3047 = ADVANCED_FACE ( 'NONE', ( #1385 ), #3502, .T. ) ;
#3048 = DIRECTION ( 'NONE',  ( 0.000000000000000000, 1.000000000000000000, 0.000000000000000000 ) ) ;
#3049 = CARTESIAN_POINT ( 'NONE',  ( 5.010375189486419245, 6.942322932673314462, 6.207892201934111398 ) ) ;
#3050 = CARTESIAN_POINT ( 'NONE',  ( -43.70325671538218870, -0.6526837904358673281, 16.45825976855289241 ) ) ;
#3051 = CARTESIAN_POINT ( 'NONE',  ( 4.175788648450424745, 7.917334019189292249, 4.319716578640433013 ) ) ;
#3052 = CARTESIAN_POINT ( 'NONE',  ( -38.07172368636134507, 8.765665952157453589, -9.455955968280923329 ) ) ;
#3053 = VERTEX_POINT ( 'NONE', #4865 ) ;
#3054 = EDGE_LOOP ( 'NONE', ( #868, #2216, #2877, #3151 ) ) ;
#3055 = CARTESIAN_POINT ( 'NONE',  ( -72.19934622709843097, 3.719298884429447227, 11.19608984716311184 ) ) ;
#3056 = CARTESIAN_POINT ( 'NONE',  ( 1.908856675810212566, 4.597576648841568137, -6.878595350904482153 ) ) ;
#3057 = CARTESIAN_POINT ( 'NONE',  ( 119.6576975113944457, 5.716944677463752456, -1.995095670779316377 ) ) ;
#3058 =( BOUNDED_SURFACE ( )  B_SPLINE_SURFACE ( 3, 2, ( 
 ( #1645, #576, #543 ),
 ( #29, #5867, #101 ),
 ( #6343, #5356, #611 ),
 ( #1610, #2685, #4801 ),
 ( #3761, #6415, #3832 ),
 ( #5936, #6043, #2372 ),
 ( #3968, #3390, #235 ),
 ( #4909, #4978, #1207 ),
 ( #2791, #2339, #2826 ),
 ( #5456, #5488, #167 ),
 ( #200, #1819, #4455 ),
 ( #6478, #1753, #2306 ),
 ( #3936, #4424, #6546 ),
 ( #5010, #2407, #721 ),
 ( #786, #2930, #2269 ),
 ( #5043, #1303, #4386 ),
 ( #3423, #5522, #3868 ),
 ( #818, #6580, #3453 ),
 ( #301, #4522, #3321 ),
 ( #3357, #5424, #5973 ),
 ( #4944, #4489, #2898 ),
 ( #687, #755, #268 ),
 ( #1851, #6072, #2863 ),
 ( #1241, #6515, #1787 ),
 ( #3902, #1335, #6008 ),
 ( #5555, #6611, #1274 ),
 ( #2963, #5588, #5080 ),
 ( #850, #2439, #4554 ),
 ( #3482, #335, #1885 ),
 ( #6104, #1368, #4000 ),
 ( #2208, #4772, #3802 ),
 ( #3701, #1031, #5803 ),
 ( #73, #6386, #4845 ),
 ( #3668, #2172, #1617 ) ),
 .UNSPECIFIED., .F., .F., .T. ) 
 B_SPLINE_SURFACE_WITH_KNOTS ( ( 4, 2, 2, 2, 2, 2, 2, 2, 2, 2, 2, 2, 2, 2, 2, 2, 4 ),
 ( 3, 3 ),
 ( 0.003746139107541669473, 0.005737748477620574147, 0.006733553162660026702, 0.007729357847699479256, 0.008227260190219205099, 0.008725162532738930943, 0.009720967217778384364, 0.01071677190281783779, 0.01171257658785728947, 0.01270838127289674116, 0.01370418595793619458, 0.01469999064297564800, 0.01569579532801509969, 0.01669160001305455138, 0.01768740469809400306, 0.01868320938313345475, 0.01967901406817290991 ),
 ( 0.000000000000000000, 1.000000000000000000 ),
 .UNSPECIFIED. ) 
 GEOMETRIC_REPRESENTATION_ITEM ( )  RATIONAL_B_SPLINE_SURFACE ( (
 ( 1.000000000000000000, 0.5877449327255792610, 1.000000000000000000),
 ( 1.000000000000000000, 0.6003371341046993548, 1.000000000000000000),
 ( 1.000000000000000000, 0.6143987441993270515, 1.000000000000000000),
 ( 1.000000000000000000, 0.6384400640044052277, 1.000000000000000000),
 ( 1.000000000000000000, 0.6468496074343823565, 1.000000000000000000),
 ( 1.000000000000000000, 0.6634589761086393533, 1.000000000000000000),
 ( 1.000000000000000000, 0.6723982544212374624, 1.000000000000000000),
 ( 1.000000000000000000, 0.6822527694795268438, 1.000000000000000000),
 ( 1.000000000000000000, 0.6847225301348670579, 1.000000000000000000),
 ( 1.000000000000000000, 0.6880427219071844069, 1.000000000000000000),
 ( 1.000000000000000000, 0.6889054682036731547, 1.000000000000000000),
 ( 1.000000000000000000, 0.6895736869741770914, 1.000000000000000000),
 ( 1.000000000000000000, 0.6874628324319740358, 1.000000000000000000),
 ( 1.000000000000000000, 0.6807705007831439392, 1.000000000000000000),
 ( 1.000000000000000000, 0.6762048322967932901, 1.000000000000000000),
 ( 1.000000000000000000, 0.6675207129222993085, 1.000000000000000000),
 ( 1.000000000000000000, 0.6636540256902164758, 1.000000000000000000),
 ( 1.000000000000000000, 0.6570217305131950125, 1.000000000000000000),
 ( 1.000000000000000000, 0.6538611395932658610, 1.000000000000000000),
 ( 1.000000000000000000, 0.6450608381424607352, 1.000000000000000000),
 ( 1.000000000000000000, 0.6394059370748652604, 1.000000000000000000),
 ( 1.000000000000000000, 0.6229443848775806369, 1.000000000000000000),
 ( 1.000000000000000000, 0.6113135967145491012, 1.000000000000000000),
 ( 1.000000000000000000, 0.5849746809101167289, 1.000000000000000000),
 ( 1.000000000000000000, 0.5715752672557756764, 1.000000000000000000),
 ( 1.000000000000000000, 0.5450253703946332795, 1.000000000000000000),
 ( 1.000000000000000000, 0.5317933002952389687, 1.000000000000000000),
 ( 1.000000000000000000, 0.5065511210588843349, 1.000000000000000000),
 ( 1.000000000000000000, 0.4944697040953982548, 1.000000000000000000),
 ( 1.000000000000000000, 0.4717436254634613801, 1.000000000000000000),
 ( 1.000000000000000000, 0.4610351776633119236, 1.000000000000000000),
 ( 1.000000000000000000, 0.4419655111578973394, 1.000000000000000000),
 ( 1.000000000000000000, 0.4335591032376588938, 1.000000000000000000),
 ( 1.000000000000000000, 0.4263426273163058444, 1.000000000000000000) ) ) 
 REPRESENTATION_ITEM ( '' )  SURFACE ( )  );
#3059 = CARTESIAN_POINT ( 'NONE',  ( -5.958832775049661024, 8.751735884081183414, -1.904193509161206110 ) ) ;
#3060 = ORIENTED_EDGE ( 'NONE', *, *, #2578, .F. ) ;
#3061 = CARTESIAN_POINT ( 'NONE',  ( -21.19075854842630235, 1.192652478150241668, 14.50036268474905121 ) ) ;
#3062 = CARTESIAN_POINT ( 'NONE',  ( 25.57412255042436655, 8.530249440719535059, 8.895947411011604800 ) ) ;
#3063 = CARTESIAN_POINT ( 'NONE',  ( -117.4956139523796281, 6.909153709913829822, -4.334820364311118723 ) ) ;
#3064 = B_SPLINE_CURVE_WITH_KNOTS ( 'NONE', 3,
 ( #4226, #3706, #3369, #4295 ),
 .UNSPECIFIED., .F., .F.,
 ( 4, 4 ),
 ( 7.424835560035838848E-05, 0.0006213977146888298051 ),
 .UNSPECIFIED. ) ;
#3065 = CARTESIAN_POINT ( 'NONE',  ( 1.452745563372188409, 5.652913727774038222, -5.824927885673535144 ) ) ;
#3066 = CARTESIAN_POINT ( 'NONE',  ( -16.12077053656687653, -0.5205227976029054293, 19.13443183898925781 ) ) ;
#3067 = CARTESIAN_POINT ( 'NONE',  ( 47.48785339457760557, -1.409323514398039379, -17.73807989250390449 ) ) ;
#3068 = FACE_OUTER_BOUND ( 'NONE', #5312, .T. ) ;
#3069 = DIRECTION ( 'NONE',  ( 0.000000000000000000, 1.000000000000000000, 0.000000000000000000 ) ) ;
#3070 = CARTESIAN_POINT ( 'NONE',  ( -48.63436094557610545, -9.967919889192190297, 21.73789215087891336 ) ) ;
#3071 = CARTESIAN_POINT ( 'NONE',  ( -116.7974625798206461, 6.824525614261729878, -4.343771664031166324 ) ) ;
#3072 = CARTESIAN_POINT ( 'NONE',  ( -101.4666758442038201, 6.938138735231809129, -5.163159393527824825 ) ) ;
#3073 = CARTESIAN_POINT ( 'NONE',  ( -50.47314783087561807, 6.936800109641853673, -9.684874534606922936 ) ) ;
#3074 = EDGE_CURVE ( 'NONE', #1389, #555, #4512, .T. ) ;
#3075 = CARTESIAN_POINT ( 'NONE',  ( 120.1322759918411265, 2.813964240540586026, -11.67901509597678000 ) ) ;
#3076 = CARTESIAN_POINT ( 'NONE',  ( -7.733645982786288897, 6.720261004011137906, -6.145317669848918918 ) ) ;
#3077 = AXIS2_PLACEMENT_3D ( 'NONE', #2565, #2433, #6772 ) ;
#3078 = CARTESIAN_POINT ( 'NONE',  ( 97.89033508300779829, -7.885461299242161992, -16.73817634582520242 ) ) ;
#3079 = CARTESIAN_POINT ( 'NONE',  ( -1.960633113991565146, 5.426621648270276488, 6.106718297155746988 ) ) ;
#3080 = CARTESIAN_POINT ( 'NONE',  ( 2.520400149077861141, 6.968575942970677950, 5.889756391797207336 ) ) ;
#3081 = CARTESIAN_POINT ( 'NONE',  ( 6.735557395310442023E-16, -16.44246573510923426, 5.500000000000000000 ) ) ;
#3082 = CARTESIAN_POINT ( 'NONE',  ( -9.714451465470119729E-14, 10.63921286096972096, 0.000000000000000000 ) ) ;
#3083 = CARTESIAN_POINT ( 'NONE',  ( -81.46769056547887544, 4.052937543314278024, 9.244723970645658540 ) ) ;
#3084 = CARTESIAN_POINT ( 'NONE',  ( -5.006667812124653061, 7.144670895332109417, 3.320253086081526028 ) ) ;
#3085 = CARTESIAN_POINT ( 'NONE',  ( -65.50762475500525284, 8.179416006519316440, -7.101076212712763791 ) ) ;
#3086 = ORIENTED_EDGE ( 'NONE', *, *, #232, .F. ) ;
#3087 = ORIENTED_EDGE ( 'NONE', *, *, #861, .F. ) ;
#3088 = CARTESIAN_POINT ( 'NONE',  ( -40.75016058204123937, -1.393180724669497828, 17.27177537507470007 ) ) ;
#3089 = CARTESIAN_POINT ( 'NONE',  ( -5.868637958507746610, 3.496629298723127555, 1.362457636898088298 ) ) ;
#3090 = CARTESIAN_POINT ( 'NONE',  ( -3.368509818373840670, 7.531665042011866262, -5.446406605437121407 ) ) ;
#3091 = CARTESIAN_POINT ( 'NONE',  ( -74.25085114765325045, 3.916644161518509915, 10.79262128309713376 ) ) ;
#3092 = DIRECTION ( 'NONE',  ( -0.03530601340889787110, 0.0001629385536737472894, -0.9993765350798459179 ) ) ;
#3093 = EDGE_CURVE ( 'NONE', #1606, #1287, #1519, .T. ) ;
#3094 = CARTESIAN_POINT ( 'NONE',  ( -11.67820728108273975, 4.181239311726288932, 9.182807739550083781 ) ) ;
#3095 = CARTESIAN_POINT ( 'NONE',  ( 8.516359039408619935, 6.770968304418762074, 6.224953790579875523 ) ) ;
#3096 = ORIENTED_EDGE ( 'NONE', *, *, #2705, .F. ) ;
#3097 = CARTESIAN_POINT ( 'NONE',  ( 71.66952514648437500, 1.265992195783499197, -14.19838428497314808 ) ) ;
#3098 = CARTESIAN_POINT ( 'NONE',  ( -75.41455940625318988, -4.233530735253268062, 24.41950035095215910 ) ) ;
#3099 = CARTESIAN_POINT ( 'NONE',  ( 49.56785966212565597, 0.5078691155288648229, -14.83289837021737512 ) ) ;
#3100 = EDGE_CURVE ( 'NONE', #5199, #2626, #6736, .T. ) ;
#3101 = CARTESIAN_POINT ( 'NONE',  ( 12.97359312203086112, 0.5886493638194373323, -9.187487986256483552 ) ) ;
#3102 = EDGE_CURVE ( 'NONE', #6199, #5133, #2854, .T. ) ;
#3103 = FACE_OUTER_BOUND ( 'NONE', #6223, .T. ) ;
#3104 = CARTESIAN_POINT ( 'NONE',  ( -8.970016877373485187, -4.763026968008577278, 15.91880035400390270 ) ) ;
#3105 = CARTESIAN_POINT ( 'NONE',  ( 3.490114729691068174, 4.893208594558499769, -6.820227149514047404 ) ) ;
#3106 = CARTESIAN_POINT ( 'NONE',  ( -50.87966029300470439, 7.951844194385572884, -8.315393235473459654 ) ) ;
#3107 = CARTESIAN_POINT ( 'NONE',  ( 114.9619170335688239, 6.550196398438512979, 4.614574991915745272 ) ) ;
#3108 = CARTESIAN_POINT ( 'NONE',  ( -4.640078099977718473, 5.080492112360869505, -3.826226991668172150 ) ) ;
#3109 = CARTESIAN_POINT ( 'NONE',  ( -46.66020094241149962, 8.249387834706382705, -8.720187831028745507 ) ) ;
#3110 = CARTESIAN_POINT ( 'NONE',  ( 8.915080070495598363, -4.804296939195683791, -15.91880035400390625 ) ) ;
#3111 = CARTESIAN_POINT ( 'NONE',  ( 12.12653532395607847, 6.890376519212400019, 6.563459608608942730 ) ) ;
#3112 = CARTESIAN_POINT ( 'NONE',  ( -1.698630842496345883, 4.418840718294619663, 6.728963085266129518 ) ) ;
#3113 = CARTESIAN_POINT ( 'NONE',  ( 97.07400370334386253, 4.774167729739653865, -7.295591405744765723 ) ) ;
#3114 = CARTESIAN_POINT ( 'NONE',  ( -119.1848717095033976, 6.466710706812820675, -2.400399537709928310 ) ) ;
#3115 = CARTESIAN_POINT ( 'NONE',  ( -36.22385854057997534, -2.159238328726776235, 18.07888767771104455 ) ) ;
#3116 = CARTESIAN_POINT ( 'NONE',  ( 119.6900577566421475, 6.374487613243924322, 1.135844593198690244 ) ) ;
#3117 = CARTESIAN_POINT ( 'NONE',  ( -40.18829520149323997, 8.691688447469697820, -9.297833324592366111 ) ) ;
#3118 = ORIENTED_EDGE ( 'NONE', *, *, #5632, .F. ) ;
#3119 = EDGE_LOOP ( 'NONE', ( #2911, #5001, #2647, #4740 ) ) ;
#3120 = CARTESIAN_POINT ( 'NONE',  ( -54.21516909539149509, 0.2408312203429491816, 16.07862357797242936 ) ) ;
#3121 = CARTESIAN_POINT ( 'NONE',  ( -5.561760979435962149, 3.643506894381673522, 2.312503187517442882 ) ) ;
#3122 = CARTESIAN_POINT ( 'NONE',  ( -9.714451465470119729E-14, -3.816391647148975608E-14, 0.000000000000000000 ) ) ;
#3123 = CARTESIAN_POINT ( 'NONE',  ( -117.5434101908937805, 6.321939709221669368, 2.928662210133914812 ) ) ;
#3124 = EDGE_CURVE ( 'NONE', #4022, #2035, #4861, .T. ) ;
#3125 = CARTESIAN_POINT ( 'NONE',  ( -116.5210557082769611, 6.214059777647317873, 3.355835177932226188 ) ) ;
#3126 = CARTESIAN_POINT ( 'NONE',  ( -9.714451465470119729E-14, 5.622649730810398871, 0.000000000000000000 ) ) ;
#3127 = DIRECTION ( 'NONE',  ( -0.000000000000000000, -1.000000000000000000, -0.000000000000000000 ) ) ;
#3128 = CARTESIAN_POINT ( 'NONE',  ( 103.5921244575590805, 6.663320590310377156, 5.314711610084075666 ) ) ;
#3129 = ORIENTED_EDGE ( 'NONE', *, *, #3100, .T. ) ;
#3130 = CARTESIAN_POINT ( 'NONE',  ( 100.6515731811523438, -2.171100108446265331, -20.81249237060547586 ) ) ;
#3131 = CARTESIAN_POINT ( 'NONE',  ( -34.91905208732890742, 10.34602748904574199, -13.53500938415526811 ) ) ;
#3132 = CARTESIAN_POINT ( 'NONE',  ( 44.62692812286260136, -0.2115104092575601780, -16.47728813011167404 ) ) ;
#3133 = CARTESIAN_POINT ( 'NONE',  ( 117.8997479280764225, 6.613064128036605815, 4.095920453223846458 ) ) ;
#3134 = CARTESIAN_POINT ( 'NONE',  ( -9.256022609700771397, 6.683017735838140183, -6.197031289790155384 ) ) ;
#3135 = CARTESIAN_POINT ( 'NONE',  ( 2.552876136197637535, 4.693618173574861885, -6.789052109923951583 ) ) ;
#3136 = DIRECTION ( 'NONE',  ( 1.000000000000000000, -7.996734198290766312E-16, 0.000000000000000000 ) ) ;
#3137 = CARTESIAN_POINT ( 'NONE',  ( -77.65754125899069038, 4.763084073725851297, -10.30659961700438210 ) ) ;
#3138 = CARTESIAN_POINT ( 'NONE',  ( 116.3237955723929389, 5.180193926162668383, -3.284480251676363594 ) ) ;
#3139 = CARTESIAN_POINT ( 'NONE',  ( -109.3940486585453158, 6.758707140028559657, -4.838290547197944491 ) ) ;
#3140 = CARTESIAN_POINT ( 'NONE',  ( 119.4482287775269214, 6.631494631666100759, 1.148068169691598639 ) ) ;
#3141 = DIRECTION ( 'NONE',  ( 0.000000000000000000, 0.9808634311445888487, -0.1946970196055004265 ) ) ;
#3142 = DIRECTION ( 'NONE',  ( 0.000000000000000000, 0.000000000000000000, 1.000000000000000000 ) ) ;
#3143 = CARTESIAN_POINT ( 'NONE',  ( -7.160963091634078737, 8.580323978240505411, -9.184736251831051135 ) ) ;
#3144 = CARTESIAN_POINT ( 'NONE',  ( 26.60223175951534813, -0.6766860613351045606, -16.89955208663609199 ) ) ;
#3145 = CARTESIAN_POINT ( 'NONE',  ( -119.5409264970055574, 6.710263606241448464, -2.185167460653871796 ) ) ;
#3146 = ORIENTED_EDGE ( 'NONE', *, *, #2888, .T. ) ;
#3147 = CARTESIAN_POINT ( 'NONE',  ( -116.0869121344997836, 5.692046032897117414, 3.384638759835753241 ) ) ;
#3148 = CARTESIAN_POINT ( 'NONE',  ( -5.961071424294939192, 8.122212448114543903, 0.7161457092699350380 ) ) ;
#3149 = CARTESIAN_POINT ( 'NONE',  ( -41.24863162554265728, 8.774396433656207250, -9.204050256554941356 ) ) ;
#3150 = ORIENTED_EDGE ( 'NONE', *, *, #6678, .T. ) ;
#3151 = ORIENTED_EDGE ( 'NONE', *, *, #886, .F. ) ;
#3152 = CARTESIAN_POINT ( 'NONE',  ( -66.00055719518256581, 2.741447560832894759, 11.98017879488235238 ) ) ;
#3153 = CARTESIAN_POINT ( 'NONE',  ( -3.705414534200344612, 5.580110399144722066, -5.219322795944983717 ) ) ;
#3154 = CARTESIAN_POINT ( 'NONE',  ( 88.78045817446846399, 7.135150487039251033, 5.938889461496178690 ) ) ;
#3155 = CARTESIAN_POINT ( 'NONE',  ( 118.6456965196358340, 5.677727811400107960, 3.691975766846725904 ) ) ;
#3156 = CARTESIAN_POINT ( 'NONE',  ( 9.249981826598641987, 6.639905925321752278, 6.196577822445216377 ) ) ;
#3157 = CIRCLE ( 'NONE', #4155, 0.2499999999999998335 ) ;
#3158 = CARTESIAN_POINT ( 'NONE',  ( 8.817456953860942303E-16, 12.99999999999999822, 6.500000000000000888 ) ) ;
#3159 = FACE_OUTER_BOUND ( 'NONE', #3119, .T. ) ;
#3160 = CARTESIAN_POINT ( 'NONE',  ( -9.714451465470119729E-14, -0.5000000000000177636, 0.000000000000000000 ) ) ;
#3161 = CARTESIAN_POINT ( 'NONE',  ( 5.251394764229948109, 7.654647752412921058, -2.920666594438058983 ) ) ;
#3162 =( BOUNDED_SURFACE ( )  B_SPLINE_SURFACE ( 3, 2, ( 
 ( #1010, #5748, #558 ),
 ( #2670, #4748, #47 ),
 ( #4822, #3680, #5375 ),
 ( #84, #2077, #5780 ),
 ( #1629, #4784, #2147 ),
 ( #5341, #4301, #3154 ),
 ( #5267, #633, #524 ),
 ( #6804, #4198, #6296 ),
 ( #2636, #15, #2114 ),
 ( #4232, #6328, #2328 ),
 ( #6432, #1321, #186 ),
 ( #1190, #1260, #120 ),
 ( #5922, #2777, #4895 ),
 ( #6501, #3888, #4963 ),
 ( #2254, #1701, #5540 ),
 ( #254, #1837, #4405 ),
 ( #4373, #4442, #221 ),
 ( #3376, #2220, #3304 ),
 ( #1292, #3815, #3441 ),
 ( #5507, #3953, #2881 ),
 ( #5410, #6059, #155 ),
 ( #5993, #673, #4339 ),
 ( #805, #1774, #2811 ),
 ( #3408, #6534, #706 ),
 ( #774, #4473, #1806 ),
 ( #1227, #5475, #2915 ),
 ( #6463, #1736, #3852 ),
 ( #5959, #3343, #5442 ),
 ( #3920, #4996, #4929 ),
 ( #740, #2846, #2288 ),
 ( #6027, #2358, #6566 ),
 ( #1384, #5160, #4572 ),
 ( #2488, #6089, #6155 ),
 ( #5606, #3987, #836 ),
 ( #2522, #6661, #1931 ),
 ( #2948, #319, #6598 ),
 ( #904, #417, #6728 ),
 ( #969, #1998, #4638 ),
 ( #2983, #5640, #6189 ),
 ( #1902, #4118, #4017 ),
 ( #288, #4051, #6218 ),
 ( #5062, #1965, #2393 ),
 ( #1484, #4087, #383 ),
 ( #3604, #1352, #5706 ),
 ( #2456, #3470, #3501 ),
 ( #5571, #872, #2425 ),
 ( #1454, #3013, #5127 ),
 ( #4538, #6629, #3572 ),
 ( #1418, #4506, #1870 ),
 ( #4604, #3537, #6697 ),
 ( #5672, #5097, #6122 ),
 ( #5029, #350, #936 ),
 ( #3049, #3703, #4258 ),
 ( #6795, #4812, #2064 ) ),
 .UNSPECIFIED., .F., .F., .T. ) 
 B_SPLINE_SURFACE_WITH_KNOTS ( ( 4, 2, 2, 2, 2, 2, 2, 2, 2, 2, 2, 2, 2, 2, 2, 2, 2, 2, 2, 2, 2, 2, 2, 2, 2, 2, 4 ),
 ( 3, 3 ),
 ( 0.1552645755691849094, 0.1616816903157029528, 0.1680988050622210239, 0.1809330345552571107, 0.1873501493017751540, 0.1937672640482931974, 0.2001843787948112408, 0.2066014935413292841, 0.2130186082878473275, 0.2194357230343653709, 0.2226442804076244064, 0.2258528377808834142, 0.2290613951541424220, 0.2322699525274014576, 0.2354785099006604931, 0.2386870672739195010, 0.2418956246471785088, 0.2434999033338080265, 0.2451041820204375443, 0.2483127393936965521, 0.2515212967669555599, 0.2531255754535850500, 0.2539277147968997950, 0.2547298541402145955, 0.2563341328268441410, 0.2571362721701588860, 0.2579384115134736311 ),
 ( 0.000000000000000000, 1.000000000000000000 ),
 .UNSPECIFIED. ) 
 GEOMETRIC_REPRESENTATION_ITEM ( )  RATIONAL_B_SPLINE_SURFACE ( (
 ( 1.000000000000000000, 0.8863874983790597240, 1.000000000000000000),
 ( 1.000000000000000000, 0.8883746234551936904, 1.000000000000000000),
 ( 1.000000000000000000, 0.8887468093195961538, 1.000000000000000000),
 ( 1.000000000000000000, 0.8906242631679331945, 1.000000000000000000),
 ( 1.000000000000000000, 0.8920121482424608894, 1.000000000000000000),
 ( 1.000000000000000000, 0.8967345750492899947, 1.000000000000000000),
 ( 1.000000000000000000, 0.8999657878958433610, 1.000000000000000000),
 ( 1.000000000000000000, 0.9005350996213074000, 1.000000000000000000),
 ( 1.000000000000000000, 0.9000319502409189765, 1.000000000000000000),
 ( 1.000000000000000000, 0.8986482500428548681, 1.000000000000000000),
 ( 1.000000000000000000, 0.8977704071028692612, 1.000000000000000000),
 ( 1.000000000000000000, 0.8974472907402960553, 1.000000000000000000),
 ( 1.000000000000000000, 0.8981321251826621666, 1.000000000000000000),
 ( 1.000000000000000000, 0.9022978092462625721, 1.000000000000000000),
 ( 1.000000000000000000, 0.9050590054628065984, 1.000000000000000000),
 ( 1.000000000000000000, 0.9060444158731660869, 1.000000000000000000),
 ( 1.000000000000000000, 0.9049832525766634550, 1.000000000000000000),
 ( 1.000000000000000000, 0.8989162997840622893, 1.000000000000000000),
 ( 1.000000000000000000, 0.8941669054441466757, 1.000000000000000000),
 ( 1.000000000000000000, 0.8928473436108030903, 1.000000000000000000),
 ( 1.000000000000000000, 0.8933518534237401276, 1.000000000000000000),
 ( 1.000000000000000000, 0.8958160783129796023, 1.000000000000000000),
 ( 1.000000000000000000, 0.8977740472164544849, 1.000000000000000000),
 ( 1.000000000000000000, 0.9016241121402560621, 1.000000000000000000),
 ( 1.000000000000000000, 0.9035008757961201509, 1.000000000000000000),
 ( 1.000000000000000000, 0.9067337106802936253, 1.000000000000000000),
 ( 1.000000000000000000, 0.9080868055468949152, 1.000000000000000000),
 ( 1.000000000000000000, 0.9110424910291941014, 1.000000000000000000),
 ( 1.000000000000000000, 0.9119512345723753688, 1.000000000000000000),
 ( 1.000000000000000000, 0.9137374028404433579, 1.000000000000000000),
 ( 1.000000000000000000, 0.9189781470786700934, 1.000000000000000000),
 ( 1.000000000000000000, 0.9295261609078236953, 1.000000000000000000),
 ( 1.000000000000000000, 0.9300525324024504492, 1.000000000000000000),
 ( 1.000000000000000000, 0.9244641440171549318, 1.000000000000000000),
 ( 1.000000000000000000, 0.9199726054966903543, 1.000000000000000000),
 ( 1.000000000000000000, 0.9139136474409383926, 1.000000000000000000),
 ( 1.000000000000000000, 0.9119798781336448945, 1.000000000000000000),
 ( 1.000000000000000000, 0.9092179162226688982, 1.000000000000000000),
 ( 1.000000000000000000, 0.9111212428973750610, 1.000000000000000000),
 ( 1.000000000000000000, 0.9159640032573846957, 1.000000000000000000),
 ( 1.000000000000000000, 0.9188072523206824993, 1.000000000000000000),
 ( 1.000000000000000000, 0.9206715955602267076, 1.000000000000000000),
 ( 1.000000000000000000, 0.9209161536581835783, 1.000000000000000000),
 ( 1.000000000000000000, 0.9205623055779655894, 1.000000000000000000),
 ( 1.000000000000000000, 0.9203051719330175295, 1.000000000000000000),
 ( 1.000000000000000000, 0.9196412319062938767, 1.000000000000000000),
 ( 1.000000000000000000, 0.9193311850150954756, 1.000000000000000000),
 ( 1.000000000000000000, 0.9189604478278377009, 1.000000000000000000),
 ( 1.000000000000000000, 0.9195805563266420402, 1.000000000000000000),
 ( 1.000000000000000000, 0.9215510029678261050, 1.000000000000000000),
 ( 1.000000000000000000, 0.9223478595879379682, 1.000000000000000000),
 ( 1.000000000000000000, 0.9239319056376753547, 1.000000000000000000),
 ( 1.000000000000000000, 0.9245744700648541592, 1.000000000000000000),
 ( 1.000000000000000000, 0.9260605339280097992, 1.000000000000000000) ) ) 
 REPRESENTATION_ITEM ( '' )  SURFACE ( )  );
#3163 = CARTESIAN_POINT ( 'NONE',  ( -10.02136718431597551, 3.292502730643921627, 4.895333290100098544 ) ) ;
#3164 = CARTESIAN_POINT ( 'NONE',  ( 66.50510393885184612, 2.894698229489324870, -12.17395880827216814 ) ) ;
#3165 = ORIENTED_EDGE ( 'NONE', *, *, #6470, .T. ) ;
#3166 = CARTESIAN_POINT ( 'NONE',  ( 117.4933884147698819, 6.366915141945229450, 4.334820364307024221 ) ) ;
#3167 = CARTESIAN_POINT ( 'NONE',  ( -8.472652789544788732, 6.596833799338119420, -6.109054573334014471 ) ) ;
#3168 = CARTESIAN_POINT ( 'NONE',  ( -10.90208428717802569, 6.529253146156297483, -6.441173497653704949 ) ) ;
#3169 = DIRECTION ( 'NONE',  ( 0.9988082210026811847, 0.03364348422872899536, -0.03535892569650052331 ) ) ;
#3170 = CARTESIAN_POINT ( 'NONE',  ( 1.716107982211564131, 4.313962535868965276, -6.722947946195138691 ) ) ;
#3171 = VECTOR ( 'NONE', #2481, 1000.000000000000000 ) ;
#3172 = CARTESIAN_POINT ( 'NONE',  ( 117.0553343700330515, 5.730759270078615408, -3.130509391012784803 ) ) ;
#3173 = CARTESIAN_POINT ( 'NONE',  ( -9.647095891517015397E-14, 12.99999999999993605, 5.500000000000000000 ) ) ;
#3174 = CARTESIAN_POINT ( 'NONE',  ( -14.37390927124774898, 3.661134921530085240, 10.37619825873156465 ) ) ;
#3175 = AXIS2_PLACEMENT_3D ( 'NONE', #6400, #4267, #1077 ) ;
#3176 = CARTESIAN_POINT ( 'NONE',  ( 1.730748412503145373, 4.104414357537554459, -5.761593645975136013 ) ) ;
#3177 = CARTESIAN_POINT ( 'NONE',  ( -9.714451465470119729E-14, -6.591949208711866959E-14, 0.000000000000000000 ) ) ;
#3178 = EDGE_CURVE ( 'NONE', #5165, #6056, #6809, .T. ) ;
#3179 = CARTESIAN_POINT ( 'NONE',  ( -12.54031729625222447, 9.760869205311585972, -11.56338596343993785 ) ) ;
#3180 = CARTESIAN_POINT ( 'NONE',  ( 86.66962281220777697, 4.336819597171464480, -8.804723063987932363 ) ) ;
#3181 = CARTESIAN_POINT ( 'NONE',  ( -116.7938906915284889, 6.575798592388626851, -4.368713801195445612 ) ) ;
#3182 = VERTEX_POINT ( 'NONE', #2589 ) ;
#3183 = CARTESIAN_POINT ( 'NONE',  ( -6.109846994268059994, 6.612154071465566219, -6.119656160395584799 ) ) ;
#3184 = CARTESIAN_POINT ( 'NONE',  ( -5.331731088646800565, 8.465729034000755604, -2.759790367332911831 ) ) ;
#3185 = CIRCLE ( 'NONE', #6266, 0.2500000000000000555 ) ;
#3186 = CARTESIAN_POINT ( 'NONE',  ( -9.868971828734427021, 7.617444765329724810, -6.314879737880054300 ) ) ;
#3187 = CARTESIAN_POINT ( 'NONE',  ( 1.731448260212689050, 4.192650577675097523, -5.744731753733194779 ) ) ;
#3188 = ORIENTED_EDGE ( 'NONE', *, *, #5758, .T. ) ;
#3189 = CARTESIAN_POINT ( 'NONE',  ( -52.61086694404549036, 1.278466268570713993, 14.14676134349995706 ) ) ;
#3190 = CARTESIAN_POINT ( 'NONE',  ( -6.020761948324530266, 3.686145428363807319, -0.2153259184902699686 ) ) ;
#3191 = CARTESIAN_POINT ( 'NONE',  ( 1.929926976300562425, 4.089221404011996519, -6.468288045926154695 ) ) ;
#3192 = AXIS2_PLACEMENT_3D ( 'NONE', #141, #2241, #3289 ) ;
#3193 = CARTESIAN_POINT ( 'NONE',  ( 41.30134634785642334, 8.455459268691967623, 9.199214579407421155 ) ) ;
#3194 = CARTESIAN_POINT ( 'NONE',  ( 9.215113339122725122, 6.846635291327941353, 6.306828390702183817 ) ) ;
#3195 = CARTESIAN_POINT ( 'NONE',  ( -117.0514598813150826, 5.790619345129866424, 2.992634169545668410 ) ) ;
#3196 = CARTESIAN_POINT ( 'NONE',  ( -2.597577879135544165, 6.113329285477377972, 5.422501591979152380 ) ) ;
#3197 = CARTESIAN_POINT ( 'NONE',  ( 41.40521802489912062, 8.233863883273137674, 9.188649241236744203 ) ) ;
#3198 = ORIENTED_EDGE ( 'NONE', *, *, #3737, .T. ) ;
#3199 = CARTESIAN_POINT ( 'NONE',  ( 5.306259337577029278, 7.362586000508702710, -2.817325181845151238 ) ) ;
#3200 = CARTESIAN_POINT ( 'NONE',  ( -73.17598752250836469, 9.459689007030519292, -13.94976520538328835 ) ) ;
#3201 = CARTESIAN_POINT ( 'NONE',  ( 30.46494099694565705, -3.327070887343148708, -19.61945852711570026 ) ) ;
#3202 = CIRCLE ( 'NONE', #1431, 6.499999999999999112 ) ;
#3203 = ORIENTED_EDGE ( 'NONE', *, *, #1038, .F. ) ;
#3204 = CARTESIAN_POINT ( 'NONE',  ( -2.290682998353894551, 6.123562870769736932, -5.604164654859530081 ) ) ;
#3205 = CARTESIAN_POINT ( 'NONE',  ( -1.697494389936972103, 4.438920114068008793, 6.681295894285595338 ) ) ;
#3206 = CARTESIAN_POINT ( 'NONE',  ( 5.346220359330811078, 4.805198988955566186, -7.186692439655769427 ) ) ;
#3207 =( BOUNDED_SURFACE ( )  B_SPLINE_SURFACE ( 3, 2, ( 
 ( #4789, #1707, #3271 ),
 ( #5380, #3820, #6813 ),
 ( #1014, #4714, #1600 ),
 ( #5818, #3196, #4272 ),
 ( #6365, #1635, #3750 ),
 ( #1121, #600, #5415 ),
 ( #4413, #4377, #2293 ),
 ( #3927, #6034, #261 ),
 ( #3347, #2363, #4480 ),
 ( #1195, #677, #159 ),
 ( #6572, #3415, #1232 ),
 ( #2331, #6505, #2259 ),
 ( #5035, #5963, #1297 ),
 ( #2853, #4899, #3311 ),
 ( #4513, #5479, #1778 ),
 ( #5514, #1842, #5447 ),
 ( #3959, #6066, #3893 ),
 ( #779, #744, #1877 ),
 ( #5545, #4933, #5997 ),
 ( #1328, #6604, #2817 ),
 ( #191, #1264, #2782 ),
 ( #293, #6468, #711 ),
 ( #1741, #2921, #810 ),
 ( #2887, #3446, #3380 ),
 ( #5927, #3859, #4969 ),
 ( #2398, #225, #4448 ),
 ( #6539, #1812, #5003 ),
 ( #4546, #2990, #1973 ),
 ( #457, #5614, #978 ),
 ( #944, #5069, #5714 ),
 ( #843, #2563, #6164 ),
 ( #358, #326, #3090 ),
 ( #4024, #4095, #4675 ),
 ( #2953, #1357, #3546 ) ),
 .UNSPECIFIED., .F., .F., .F. ) 
 B_SPLINE_SURFACE_WITH_KNOTS ( ( 4, 2, 2, 2, 2, 2, 2, 2, 2, 2, 2, 2, 2, 2, 2, 2, 4 ),
 ( 3, 3 ),
 ( 0.003985009477891854855, 0.005015505064073081873, 0.006046000650254308023, 0.007076496236435535041, 0.008106991822616762058, 0.009137487408797988209, 0.01016798299497921609, 0.01119847858116044398, 0.01222897416734167013, 0.01325946975352289628, 0.01428996533970412416, 0.01532046092588535031, 0.01635095651206657646, 0.01686620430515719041, 0.01738145209824780435, 0.01841194768442903223, 0.02047293885679148454 ),
 ( 0.000000000000000000, 1.000000000000000000 ),
 .UNSPECIFIED. ) 
 GEOMETRIC_REPRESENTATION_ITEM ( )  RATIONAL_B_SPLINE_SURFACE ( (
 ( 1.000000000000000000, 0.4094872086509042663, 1.000000000000000000),
 ( 1.000000000000000000, 0.4241329444902041113, 1.000000000000000000),
 ( 1.000000000000000000, 0.4398679338528374561, 1.000000000000000000),
 ( 1.000000000000000000, 0.4709663700037856615, 1.000000000000000000),
 ( 1.000000000000000000, 0.4863539508554379776, 1.000000000000000000),
 ( 1.000000000000000000, 0.5159722640719313080, 1.000000000000000000),
 ( 1.000000000000000000, 0.5302023848951802343, 1.000000000000000000),
 ( 1.000000000000000000, 0.5570316764373137719, 1.000000000000000000),
 ( 1.000000000000000000, 0.5694671010541397793, 1.000000000000000000),
 ( 1.000000000000000000, 0.5922376231307250327, 1.000000000000000000),
 ( 1.000000000000000000, 0.6026826852999818129, 1.000000000000000000),
 ( 1.000000000000000000, 0.6221399969136274244, 1.000000000000000000),
 ( 1.000000000000000000, 0.6312172400199123068, 1.000000000000000000),
 ( 1.000000000000000000, 0.6478208700866734393, 1.000000000000000000),
 ( 1.000000000000000000, 0.6553695969390523901, 1.000000000000000000),
 ( 1.000000000000000000, 0.6691497599544448116, 1.000000000000000000),
 ( 1.000000000000000000, 0.6753523894677962991, 1.000000000000000000),
 ( 1.000000000000000000, 0.6860032413103159810, 1.000000000000000000),
 ( 1.000000000000000000, 0.6905132282832737722, 1.000000000000000000),
 ( 1.000000000000000000, 0.6975097555835640950, 1.000000000000000000),
 ( 1.000000000000000000, 0.6999236356472656739, 1.000000000000000000),
 ( 1.000000000000000000, 0.7018838185892325443, 1.000000000000000000),
 ( 1.000000000000000000, 0.7019730333225961960, 1.000000000000000000),
 ( 1.000000000000000000, 0.6936901591008184376, 1.000000000000000000),
 ( 1.000000000000000000, 0.6854892243018353426, 1.000000000000000000),
 ( 1.000000000000000000, 0.6663546871645726899, 1.000000000000000000),
 ( 1.000000000000000000, 0.6588572889598690585, 1.000000000000000000),
 ( 1.000000000000000000, 0.6417768508190547783, 1.000000000000000000),
 ( 1.000000000000000000, 0.6321331133048972983, 1.000000000000000000),
 ( 1.000000000000000000, 0.6012898951688233629, 1.000000000000000000),
 ( 1.000000000000000000, 0.5781339754361550787, 1.000000000000000000),
 ( 1.000000000000000000, 0.5066582748600401143, 1.000000000000000000),
 ( 1.000000000000000000, 0.4561922422493632223, 1.000000000000000000),
 ( 1.000000000000000000, 0.4161888143423521091, 1.000000000000000000) ) ) 
 REPRESENTATION_ITEM ( '' )  SURFACE ( )  );
#3208 = CARTESIAN_POINT ( 'NONE',  ( 1.894529539827889186, 5.440124759004757671, -6.077962805435257465 ) ) ;
#3209 = CARTESIAN_POINT ( 'NONE',  ( -2.571975438383514945, 6.299053800243876289, -6.166481769391856105 ) ) ;
#3210 = CARTESIAN_POINT ( 'NONE',  ( 118.0395280859009262, 2.227853066457693210, -12.66741886867510480 ) ) ;
#3211 = DIRECTION ( 'NONE',  ( -0.000000000000000000, -1.000000000000000000, -0.000000000000000000 ) ) ;
#3212 = EDGE_CURVE ( 'NONE', #1317, #6594, #3296, .T. ) ;
#3213 = DIRECTION ( 'NONE',  ( 0.000000000000000000, 0.000000000000000000, -1.000000000000000000 ) ) ;
#3214 = CARTESIAN_POINT ( 'NONE',  ( 119.4549632319431964, 6.604641767604779723, 0.9883101530313359584 ) ) ;
#3215 = SPHERICAL_SURFACE ( 'NONE', #4852, 0.2500000000000000000 ) ;
#3216 = B_SPLINE_CURVE_WITH_KNOTS ( 'NONE', 3,
 ( #5025, #5157, #4014, #3010 ),
 .UNSPECIFIED., .F., .F.,
 ( 4, 4 ),
 ( 0.0002544695322625958748, 0.0008218759173625008645 ),
 .UNSPECIFIED. ) ;
#3217 = CARTESIAN_POINT ( 'NONE',  ( -1.970584362600230621, 3.935225997395730868, 6.014264994549617604 ) ) ;
#3218 = CARTESIAN_POINT ( 'NONE',  ( -3.680967953033194462, -0.1731434783033688751, 18.64525032043456676 ) ) ;
#3219 = CARTESIAN_POINT ( 'NONE',  ( 27.06934112007495941, -0.8268005689340557351, -17.08453514989760436 ) ) ;
#3220 = CARTESIAN_POINT ( 'NONE',  ( -119.3260033959505080, 6.468987342560200027, -2.664828897970039190 ) ) ;
#3221 = ORIENTED_EDGE ( 'NONE', *, *, #86, .F. ) ;
#3222 = DIRECTION ( 'NONE',  ( -0.000000000000000000, -1.000000000000000000, -0.000000000000000000 ) ) ;
#3223 = B_SPLINE_CURVE_WITH_KNOTS ( 'NONE', 3,
 ( #3354, #5453, #718, #2336, #1784, #1271, #6005, #752, #4975, #231, #6543, #6040, #4485, #6576, #1301, #3420, #5520, #784, #6231, #6711, #6675, #5752, #1498, #5107, #3062, #4551, #6201, #5076, #6774, #363, #2011, #3585, #4030, #2044, #5621, #431, #333, #4619, #4681, #5653, #2436, #4651, #4167, #1913, #2996, #6741, #6641, #6268, #1532, #6134, #4132, #3618 ),
 .UNSPECIFIED., .F., .F.,
 ( 4, 2, 2, 2, 2, 2, 2, 2, 2, 2, 2, 2, 2, 2, 2, 2, 2, 2, 2, 2, 2, 2, 2, 2, 2, 4 ),
 ( 1.939479807224432123E-18, 0.0007859106422906361657, 0.001571821284581270380, 0.003143642569162537724, 0.003929553211453172372, 0.004715463853743807887, 0.006287285138325078050, 0.009430927707487617509, 0.01257457027665015784, 0.01414639156123143580, 0.01571821284581271724, 0.01886185541497526971, 0.02200549798413781871, 0.02514914055330037118, 0.03143642569162547612, 0.03458006826078804247, 0.03772371082995059494, 0.04401099596827572763, 0.05029828110660086726, 0.05658556624492599302, 0.06287285138325111877, 0.06916013652157625147, 0.07544742165990138416, 0.08802199193655160792, 0.09430927707487672673, 0.1005965622132018455 ),
 .UNSPECIFIED. ) ;
#3224 = CARTESIAN_POINT ( 'NONE',  ( -1.738992852168564029, 5.177134779849146717, 5.745166017006866355 ) ) ;
#3225 = CARTESIAN_POINT ( 'NONE',  ( -21.28356804109867184, 8.316568107176765423, -8.181514428104588177 ) ) ;
#3226 = CARTESIAN_POINT ( 'NONE',  ( 14.72083759307861506, 4.158556015668811057, 10.63617610931396484 ) ) ;
#3227 = ORIENTED_EDGE ( 'NONE', *, *, #644, .T. ) ;
#3228 = CARTESIAN_POINT ( 'NONE',  ( -42.59107710303499061, -2.396088314467968328, 18.95107594663356920 ) ) ;
#3229 = CARTESIAN_POINT ( 'NONE',  ( -5.973273078409734538, 3.853639805717309130, 0.7753830566717418993 ) ) ;
#3230 = PLANE ( 'NONE',  #3175 ) ;
#3231 = CARTESIAN_POINT ( 'NONE',  ( 84.56591682404459220, 7.198955909697783540, 6.181720380995292530 ) ) ;
#3232 = ADVANCED_FACE ( 'NONE', ( #4702 ), #624, .T. ) ;
#3233 = CARTESIAN_POINT ( 'NONE',  ( 103.5893970783227473, 6.449698960652228585, 5.313367652265768903 ) ) ;
#3234 = CARTESIAN_POINT ( 'NONE',  ( -116.1004761409166406, 6.169668853356328420, 3.528349745696612860 ) ) ;
#3235 = CARTESIAN_POINT ( 'NONE',  ( 6.136119654905907161, 8.789851596132647771, 5.989647241479254980 ) ) ;
#3236 = DIRECTION ( 'NONE',  ( -1.000000000000000000, 0.000000000000000000, 0.000000000000000000 ) ) ;
#3237 = VERTEX_POINT ( 'NONE', #1109 ) ;
#3238 = CARTESIAN_POINT ( 'NONE',  ( 2.880781377674820121, 5.870217276652716976, -5.712401959964662268 ) ) ;
#3239 = CARTESIAN_POINT ( 'NONE',  ( 1.899660458040047128, 3.915995626649044326, -5.974458620726244895 ) ) ;
#3240 = CARTESIAN_POINT ( 'NONE',  ( 32.84507845720477803, -3.626827969465331147, -19.92622014942453390 ) ) ;
#3241 = ORIENTED_EDGE ( 'NONE', *, *, #6096, .F. ) ;
#3242 = CARTESIAN_POINT ( 'NONE',  ( 0.000000000000000000, 7.155734338404329264E-15, -7.900000000000000355 ) ) ;
#3243 = CARTESIAN_POINT ( 'NONE',  ( -25.65373064862136587, 8.066289588662820975, -8.850209419884514261 ) ) ;
#3244 = CARTESIAN_POINT ( 'NONE',  ( 10.84781358040719468, 4.346209277393754178, -8.739497952654740942 ) ) ;
#3245 = DIRECTION ( 'NONE',  ( 0.000000000000000000, -0.4999999999999849565, -0.8660254037844474784 ) ) ;
#3246 = FACE_OUTER_BOUND ( 'NONE', #4518, .T. ) ;
#3247 = CARTESIAN_POINT ( 'NONE',  ( 115.6116304708018845, 5.585628844890901057, -3.719311215925545699 ) ) ;
#3248 = CARTESIAN_POINT ( 'NONE',  ( 105.7220449357506880, 6.451644931370930536, 5.645665848160215994 ) ) ;
#3249 = DIRECTION ( 'NONE',  ( -0.000000000000000000, -1.000000000000000000, -0.000000000000000000 ) ) ;
#3250 = CARTESIAN_POINT ( 'NONE',  ( 119.3112440497283444, 6.755188242300555146, 2.105281850275270372 ) ) ;
#3251 = CARTESIAN_POINT ( 'NONE',  ( -2.296664391461860077, 6.244166566982058519, -5.740848866639834291 ) ) ;
#3252 =( BOUNDED_SURFACE ( )  B_SPLINE_SURFACE ( 3, 2, ( 
 ( #3725, #4876, #3209 ),
 ( #651, #4765, #5974 ),
 ( #6480, #5391, #6447 ),
 ( #4387, #3833, #6344 ) ),
 .UNSPECIFIED., .F., .F., .T. ) 
 B_SPLINE_SURFACE_WITH_KNOTS ( ( 4, 4 ),
 ( 3, 3 ),
 ( -1.214306433183764966E-17, 0.0005498648310906246572 ),
 ( 0.000000000000000000, 1.000000000000000000 ),
 .UNSPECIFIED. ) 
 GEOMETRIC_REPRESENTATION_ITEM ( )  RATIONAL_B_SPLINE_SURFACE ( (
 ( 1.000000000000000000, 0.7008175440456836380, 1.000000000000000000),
 ( 1.000000000000000000, 0.6998045478400644059, 1.000000000000000000),
 ( 1.000000000000000000, 0.6987457106417030994, 1.000000000000000000),
 ( 1.000000000000000000, 0.6976437465950613426, 1.000000000000000000) ) ) 
 REPRESENTATION_ITEM ( '' )  SURFACE ( )  );
#3253 = CARTESIAN_POINT ( 'NONE',  ( -1.639778604748486579, 10.02357755851082821, -11.65948295593261541 ) ) ;
#3254 = CARTESIAN_POINT ( 'NONE',  ( -4.769882069799885826, 6.860137959007452046, -6.267345294644599107 ) ) ;
#3255 = CARTESIAN_POINT ( 'NONE',  ( -2.272397595001517612, 4.105138485018915873, 5.595229721892517993 ) ) ;
#3256 = ORIENTED_EDGE ( 'NONE', *, *, #946, .T. ) ;
#3257 = CARTESIAN_POINT ( 'NONE',  ( -7.399839216872052816, 6.685424932098547046, -6.120527060339925107 ) ) ;
#3258 = ADVANCED_FACE ( 'NONE', ( #697 ), #759, .T. ) ;
#3259 = CARTESIAN_POINT ( 'NONE',  ( -119.4114860393007689, 6.027422758978943307, 1.911351683690783343 ) ) ;
#3260 = CARTESIAN_POINT ( 'NONE',  ( -24.39525472146867813, 8.337366183655397833, -8.792264830997934766 ) ) ;
#3261 = CARTESIAN_POINT ( 'NONE',  ( 105.7030334661050546, 6.607405845749481088, 5.240136679103327921 ) ) ;
#3262 = VERTEX_POINT ( 'NONE', #4849 ) ;
#3263 = AXIS2_PLACEMENT_3D ( 'NONE', #5701, #6183, #3632 ) ;
#3264 = CARTESIAN_POINT ( 'NONE',  ( -32.54025583938039290, -1.837127301143057112, 18.43706599904837162 ) ) ;
#3265 = CARTESIAN_POINT ( 'NONE',  ( -65.54347411286069303, 7.980204086272174813, -7.195155907546398666 ) ) ;
#3266 = CARTESIAN_POINT ( 'NONE',  ( -21.15735865341067878, 1.079369133695208705, 14.48104332630346924 ) ) ;
#3267 = DIRECTION ( 'NONE',  ( 0.000000000000000000, 0.000000000000000000, 1.000000000000000000 ) ) ;
#3268 = CARTESIAN_POINT ( 'NONE',  ( 38.13922679721962794, 8.587758483140609300, 9.451993064245137077 ) ) ;
#3269 = CARTESIAN_POINT ( 'NONE',  ( 38.22376051861827051, 8.195229242348515797, 9.443794676009725109 ) ) ;
#3270 = CARTESIAN_POINT ( 'NONE',  ( -120.6805234463748917, 3.676408339885022691, 11.02788228767462542 ) ) ;
#3271 = CARTESIAN_POINT ( 'NONE',  ( -1.703724747017954622, 5.315504939172255305, 6.188472735219159304 ) ) ;
#3272 = DIRECTION ( 'NONE',  ( -0.000000000000000000, -1.000000000000000000, -0.000000000000000000 ) ) ;
#3273 = ORIENTED_EDGE ( 'NONE', *, *, #5699, .T. ) ;
#3274 =( BOUNDED_SURFACE ( )  B_SPLINE_SURFACE ( 3, 2, ( 
 ( #4176, #2162, #2614 ),
 ( #4144, #1023, #3692 ),
 ( #5795, #2020, #3135 ),
 ( #3105, #6750, #2127 ),
 ( #4246, #6342, #1609 ),
 ( #1095, #3206, #5321 ),
 ( #575, #5730, #63 ),
 ( #6241, #4281, #1475 ),
 ( #1507, #3794, #166 ),
 ( #5423, #2790, #1644 ),
 ( #6446, #5455, #2861 ),
 ( #3244, #99, #2268 ),
 ( #5355, #1751, #3389 ),
 ( #134, #4315, #4943 ),
 ( #1273, #1786, #610 ),
 ( #720, #3282, #4385 ),
 ( #4874, #4908, #6477 ),
 ( #4977, #5389, #5487 ),
 ( #754, #2721, #3760 ),
 ( #234, #6414, #5866 ),
 ( #648, #1205, #6377 ),
 ( #3320, #3901, #2234 ) ),
 .UNSPECIFIED., .F., .F., .F. ) 
 B_SPLINE_SURFACE_WITH_KNOTS ( ( 4, 2, 2, 2, 2, 2, 2, 2, 2, 2, 4 ),
 ( 3, 3 ),
 ( 0.01020259169455751264, 0.01161937643568651014, 0.01303616117681550765, 0.01586973065907350267, 0.01728651540020249844, 0.01870330014133149768, 0.02153686962358949269, 0.02437043910584748771, 0.02720400858810548272, 0.03003757807036347774, 0.03287114755262147275 ),
 ( 0.000000000000000000, 1.000000000000000000 ),
 .UNSPECIFIED. ) 
 GEOMETRIC_REPRESENTATION_ITEM ( )  RATIONAL_B_SPLINE_SURFACE ( (
 ( 1.000000000000000000, 0.9343861149939044486, 1.000000000000000000),
 ( 1.000000000000000000, 0.9322882291589373871, 1.000000000000000000),
 ( 1.000000000000000000, 0.9301547100901824683, 1.000000000000000000),
 ( 1.000000000000000000, 0.9257587045047842578, 1.000000000000000000),
 ( 1.000000000000000000, 0.9235222548969210798, 1.000000000000000000),
 ( 1.000000000000000000, 0.9169338375379070261, 1.000000000000000000),
 ( 1.000000000000000000, 0.9127062161834114118, 1.000000000000000000),
 ( 1.000000000000000000, 0.9075157402270236373, 1.000000000000000000),
 ( 1.000000000000000000, 0.9059730851618700287, 1.000000000000000000),
 ( 1.000000000000000000, 0.9034239551329389384, 1.000000000000000000),
 ( 1.000000000000000000, 0.9024132135192499682, 1.000000000000000000),
 ( 1.000000000000000000, 0.9002223205835072628, 1.000000000000000000),
 ( 1.000000000000000000, 0.9000367191200079331, 1.000000000000000000),
 ( 1.000000000000000000, 0.9009498575266136067, 1.000000000000000000),
 ( 1.000000000000000000, 0.9015831308657903387, 1.000000000000000000),
 ( 1.000000000000000000, 0.9027551128616854159, 1.000000000000000000),
 ( 1.000000000000000000, 0.9032611919578906745, 1.000000000000000000),
 ( 1.000000000000000000, 0.9037288365123020695, 1.000000000000000000),
 ( 1.000000000000000000, 0.9037117888352219630, 1.000000000000000000),
 ( 1.000000000000000000, 0.9029516156175583230, 1.000000000000000000),
 ( 1.000000000000000000, 0.9018482700395241691, 1.000000000000000000),
 ( 1.000000000000000000, 0.9026079963439679332, 1.000000000000000000) ) ) 
 REPRESENTATION_ITEM ( '' )  SURFACE ( )  );
#3275 = CARTESIAN_POINT ( 'NONE',  ( 3.675224509521203053, 6.322822777527611571, -5.209462096224790173 ) ) ;
#3276 = CARTESIAN_POINT ( 'NONE',  ( -9.714451465470119729E-14, -42.18829223128360439, 0.000000000000000000 ) ) ;
#3277 = AXIS2_PLACEMENT_3D ( 'NONE', #3571, #1417, #3986 ) ;
#3278 = CARTESIAN_POINT ( 'NONE',  ( 34.67536492209269028, -3.680364236575029313, -19.98734943155523069 ) ) ;
#3279 = ORIENTED_EDGE ( 'NONE', *, *, #5677, .F. ) ;
#3280 = CARTESIAN_POINT ( 'NONE',  ( 20.34351899752585169, 1.249393548160390388, -14.00968735426567591 ) ) ;
#3281 = CARTESIAN_POINT ( 'NONE',  ( -71.91706611136042682, 7.500735957734936399, -6.644706024771577901 ) ) ;
#3282 = CARTESIAN_POINT ( 'NONE',  ( 15.75172410887006080, 3.086186701006825128, -11.25019777504713048 ) ) ;
#3283 = CARTESIAN_POINT ( 'NONE',  ( -22.05025508784608590, 0.7393952134647098218, 14.99281779956888982 ) ) ;
#3284 = CARTESIAN_POINT ( 'NONE',  ( -2.058099269866945580, 2.939693482099494215, -4.204326152801513672 ) ) ;
#3285 = CARTESIAN_POINT ( 'NONE',  ( 111.0426624731268106, 4.833212199504231421, -4.716385836812600374 ) ) ;
#3286 = CARTESIAN_POINT ( 'NONE',  ( 2.292509964708247860, 6.231972157868139739, 5.739035131599592887 ) ) ;
#3287 = DIRECTION ( 'NONE',  ( -0.000000000000000000, -1.000000000000000000, -0.000000000000000000 ) ) ;
#3288 = CARTESIAN_POINT ( 'NONE',  ( 6.735557395310442023E-16, 0.000000000000000000, 5.500000000000000000 ) ) ;
#3289 = DIRECTION ( 'NONE',  ( -8.673617379884029556E-16, -0.9460765176039873658, -0.3239432401491227353 ) ) ;
#3290 = CARTESIAN_POINT ( 'NONE',  ( 0.6813500706270716467, 6.331120722317808536, -6.216837406158446377 ) ) ;
#3291 = CARTESIAN_POINT ( 'NONE',  ( -2.290682998353894551, 6.123562870769736932, -5.604164654859530081 ) ) ;
#3292 = CARTESIAN_POINT ( 'NONE',  ( -119.7070115963893358, 6.624508625518022775, -0.5360327936059111620 ) ) ;
#3293 = ORIENTED_EDGE ( 'NONE', *, *, #940, .T. ) ;
#3294 = DIRECTION ( 'NONE',  ( -0.000000000000000000, -1.000000000000000000, -0.000000000000000000 ) ) ;
#3295 = EDGE_CURVE ( 'NONE', #6056, #5165, #5717, .T. ) ;
#3296 = B_SPLINE_CURVE_WITH_KNOTS ( 'NONE', 3,
 ( #5673, #937, #2106, #5807 ),
 .UNSPECIFIED., .F., .F.,
 ( 4, 4 ),
 ( 2.955334764706447672E-15, 0.0003210687586245264077 ),
 .UNSPECIFIED. ) ;
#3297 = CARTESIAN_POINT ( 'NONE',  ( 34.09130673998203065, -2.424843136053608905, -18.18242483553219557 ) ) ;
#3298 = CARTESIAN_POINT ( 'NONE',  ( -18.17305283480002487, 8.140507364843101001, -7.601968211154710886 ) ) ;
#3299 = CARTESIAN_POINT ( 'NONE',  ( 22.57990455627441762, 5.780509741483621511, 10.70037269592284979 ) ) ;
#3300 = ORIENTED_EDGE ( 'NONE', *, *, #2867, .T. ) ;
#3301 = CARTESIAN_POINT ( 'NONE',  ( -23.85151179916655195, 0.3463893443144153150, 15.73255793179284545 ) ) ;
#3302 = CARTESIAN_POINT ( 'NONE',  ( -97.24680340950013147, 7.370453589622228741, -5.533409551118398717 ) ) ;
#3303 = CARTESIAN_POINT ( 'NONE',  ( 119.6665565856979043, 5.973502306726760303, -0.4146276768730695061 ) ) ;
#3304 = CARTESIAN_POINT ( 'NONE',  ( 46.51814813496694256, 8.130014238546253935, 8.727246297368976613 ) ) ;
#3305 = VECTOR ( 'NONE', #5796, 1000.000000000000000 ) ;
#3306 = AXIS2_PLACEMENT_3D ( 'NONE', #3439, #5095, #2913 ) ;
#3307 = CARTESIAN_POINT ( 'NONE',  ( -53.61815871732463279, 1.842668958159737969, 14.22626545629477590 ) ) ;
#3308 = CARTESIAN_POINT ( 'NONE',  ( 37.17111228567570436, 8.386585899667130306, 9.508403992375086489 ) ) ;
#3309 = CARTESIAN_POINT ( 'NONE',  ( -113.9363316175145968, 2.946111720751466656, 11.63893258914376538 ) ) ;
#3310 = AXIS2_PLACEMENT_3D ( 'NONE', #1029, #3730, #2583 ) ;
#3311 = CARTESIAN_POINT ( 'NONE',  ( -5.927304571082684603, 7.973187667849075844, 2.122268682627978187 ) ) ;
#3312 = CARTESIAN_POINT ( 'NONE',  ( -109.4109074182820507, 7.213921194269829584, -4.943912282715693607 ) ) ;
#3313 = CARTESIAN_POINT ( 'NONE',  ( 4.919349136021770263, 7.414194811753223036, -3.452089842090454219 ) ) ;
#3314 = CARTESIAN_POINT ( 'NONE',  ( 0.000000000000000000, -16.44246573510923426, 0.000000000000000000 ) ) ;
#3315 = CARTESIAN_POINT ( 'NONE',  ( 24.06663201961315224, -1.349209435794852530, -17.43461367738264656 ) ) ;
#3316 = EDGE_LOOP ( 'NONE', ( #4237, #5745, #3150, #1961 ) ) ;
#3317 = CARTESIAN_POINT ( 'NONE',  ( -9.659342359508488912E-14, -0.5000000000000177636, 4.500000000000000888 ) ) ;
#3318 = B_SPLINE_CURVE_WITH_KNOTS ( 'NONE', 3,
 ( #3003, #1921, #2511, #4040 ),
 .UNSPECIFIED., .F., .F.,
 ( 4, 4 ),
 ( 0.0003686073094640902751, 0.002612014963950326854 ),
 .UNSPECIFIED. ) ;
#3319 = CARTESIAN_POINT ( 'NONE',  ( -119.2873377345356687, 7.309787859053993309, -2.162964278003195684 ) ) ;
#3320 = CARTESIAN_POINT ( 'NONE',  ( 22.00819258948016355, 0.8448065932017213564, -14.87789409134778396 ) ) ;
#3321 = CARTESIAN_POINT ( 'NONE',  ( 5.987157466348205226, 3.981816954221356397, 0.5046764088009680904 ) ) ;
#3322 = DIRECTION ( 'NONE',  ( -0.000000000000000000, -1.000000000000000000, -0.000000000000000000 ) ) ;
#3323 = CIRCLE ( 'NONE', #330, 5.999999999999998224 ) ;
#3324 = CARTESIAN_POINT ( 'NONE',  ( 109.5027756938167158, 5.248689548161450169, -5.157737441474294471 ) ) ;
#3325 = CARTESIAN_POINT ( 'NONE',  ( 7.684572419352381445, 6.475395759909812199, 6.035426192074432095 ) ) ;
#3326 = EDGE_CURVE ( 'NONE', #2712, #250, #528, .T. ) ;
#3327 = ADVANCED_FACE ( 'NONE', ( #3705 ), #2351, .T. ) ;
#3328 = DIRECTION ( 'NONE',  ( -0.000000000000000000, -1.000000000000000000, -0.000000000000000000 ) ) ;
#3329 = CARTESIAN_POINT ( 'NONE',  ( -10.24778418997553509, 3.601706810904162115, 8.352843742494483692 ) ) ;
#3330 = DIRECTION ( 'NONE',  ( 0.9983832529306400083, -0.02849120764238138870, -0.04918466584935397151 ) ) ;
#3331 = CARTESIAN_POINT ( 'NONE',  ( -62.97344938668730663, 9.088282531485438298, -5.268535137176502126 ) ) ;
#3332 = CARTESIAN_POINT ( 'NONE',  ( -1.744930940935595309, 4.110455979093260659, 5.756080104061338076 ) ) ;
#3333 = CARTESIAN_POINT ( 'NONE',  ( -4.746342378154174924, 3.358372964971565899, 4.137404487361974859 ) ) ;
#3334 = CARTESIAN_POINT ( 'NONE',  ( -6.622498677454568217, 6.626532260807114660, -6.099116281524683991 ) ) ;
#3335 = DIRECTION ( 'NONE',  ( 0.000000000000000000, 0.000000000000000000, -1.000000000000000000 ) ) ;
#3336 = CARTESIAN_POINT ( 'NONE',  ( -16.10234688554999494, 7.793957819024940115, -7.322403691002824289 ) ) ;
#3337 =( BOUNDED_SURFACE ( )  B_SPLINE_SURFACE ( 3, 2, ( 
 ( #3205, #27, #3723 ),
 ( #2126, #1094, #574 ),
 ( #2161, #2683, #4280 ),
 ( #1643, #4873, #1302 ) ),
 .UNSPECIFIED., .F., .F., .F. ) 
 B_SPLINE_SURFACE_WITH_KNOTS ( ( 4, 4 ),
 ( 3, 3 ),
 ( 0.03789534408539507737, 0.03915744439842394620 ),
 ( 0.000000000000000000, 1.000000000000000000 ),
 .UNSPECIFIED. ) 
 GEOMETRIC_REPRESENTATION_ITEM ( )  RATIONAL_B_SPLINE_SURFACE ( (
 ( 1.000000000000000000, 0.7301976788122507278, 1.000000000000000000),
 ( 1.000000000000000000, 0.7266991195617695798, 1.000000000000000000),
 ( 1.000000000000000000, 0.7228167949581977281, 1.000000000000000000),
 ( 1.000000000000000000, 0.7188076225584503209, 1.000000000000000000) ) ) 
 REPRESENTATION_ITEM ( '' )  SURFACE ( )  );
#3338 = CARTESIAN_POINT ( 'NONE',  ( 77.50476837158203125, 6.048255474744673066, 8.191634178161617541 ) ) ;
#3339 = ORIENTED_EDGE ( 'NONE', *, *, #1572, .F. ) ;
#3340 = CARTESIAN_POINT ( 'NONE',  ( -27.20270730569201589, -2.354142801022159670, 18.72809500460557430 ) ) ;
#3341 = CARTESIAN_POINT ( 'NONE',  ( -18.30997258685794904, 7.965295840506396274, -7.708627464651034877 ) ) ;
#3342 = CARTESIAN_POINT ( 'NONE',  ( 119.5854478620317423, 5.903692191136086898, 2.023500796040608840 ) ) ;
#3343 = CARTESIAN_POINT ( 'NONE',  ( 28.56815384167966343, 8.685274603041392538, 9.361412097811975030 ) ) ;
#3344 = CARTESIAN_POINT ( 'NONE',  ( -41.72629121394506058, -0.7672955728248965768, 17.32554551877792193 ) ) ;
#3345 = CARTESIAN_POINT ( 'NONE',  ( 57.15416303172088419, 7.483981717349025509, 7.604706483298198094 ) ) ;
#3346 = CARTESIAN_POINT ( 'NONE',  ( -118.0608495259259882, 2.772656139141381093, 12.66741887011010448 ) ) ;
#3347 = CARTESIAN_POINT ( 'NONE',  ( -4.434082029414742721, 6.725356394972720864, 4.055406385579588324 ) ) ;
#3348 = CARTESIAN_POINT ( 'NONE',  ( -25.24734842427872294, -0.5032549371525305570, 16.03077367777651574 ) ) ;
#3349 = EDGE_CURVE ( 'NONE', #749, #2396, #5020, .T. ) ;
#3350 = CARTESIAN_POINT ( 'NONE',  ( -100.5392935866955213, 7.055871623837879802, -5.580067634582501768 ) ) ;
#3351 = CARTESIAN_POINT ( 'NONE',  ( 39.32523898722585898, -3.249418857167534647, -19.58873946963216639 ) ) ;
#3352 = ORIENTED_EDGE ( 'NONE', *, *, #644, .F. ) ;
#3353 = CARTESIAN_POINT ( 'NONE',  ( 22.01017013318558213, 0.4394829062945512788, -14.59544467883313779 ) ) ;
#3354 = CARTESIAN_POINT ( 'NONE',  ( 4.768630754101161884, 6.838127782011618194, 6.267345294644600884 ) ) ;
#3355 = CARTESIAN_POINT ( 'NONE',  ( -119.3258511421245771, 7.083919842565138403, -2.663170446042263162 ) ) ;
#3356 = CARTESIAN_POINT ( 'NONE',  ( -10.35985776157500204, 3.829525782438663928, 8.659389711710812065 ) ) ;
#3357 = CARTESIAN_POINT ( 'NONE',  ( 6.180556506293271468, 3.830591466414583479, 1.226454991802964134 ) ) ;
#3358 = CARTESIAN_POINT ( 'NONE',  ( 0.2871473729610474757, 7.983286411939577221, 8.345177650451660156 ) ) ;
#3359 = CARTESIAN_POINT ( 'NONE',  ( 114.6308560128251202, 5.496367099325374816, -4.064220855105045160 ) ) ;
#3360 = CARTESIAN_POINT ( 'NONE',  ( 6.100772832893169628, 6.387740442999712442, 6.022580848036846568 ) ) ;
#3361 = DIRECTION ( 'NONE',  ( 0.000000000000000000, 1.000000000000000000, 0.000000000000000000 ) ) ;
#3362 = CARTESIAN_POINT ( 'NONE',  ( 2.807702515207616045, 7.023907467131589755, 5.310293540432630799 ) ) ;
#3363 = CARTESIAN_POINT ( 'NONE',  ( 2.858767609318066949, 4.064606972133463891, -6.635346003425674155 ) ) ;
#3364 = CARTESIAN_POINT ( 'NONE',  ( -5.493309114146700978, 9.360689002325617736, -0.8774042725563040435 ) ) ;
#3365 = CARTESIAN_POINT ( 'NONE',  ( -65.54635825247986247, 8.178628329803794728, -7.098774667218570755 ) ) ;
#3366 = CARTESIAN_POINT ( 'NONE',  ( -119.4206867053751608, 6.276153736567179564, 0.3712765606629638282 ) ) ;
#3367 = CARTESIAN_POINT ( 'NONE',  ( -21.43899748640388481, 7.910556674709350311, -8.275231663761790202 ) ) ;
#3368 = ADVANCED_FACE ( 'NONE', ( #4886 ), #1421, .T. ) ;
#3369 = CARTESIAN_POINT ( 'NONE',  ( 2.299125999148780242, 6.354345185763681236, 5.877363146179058973 ) ) ;
#3370 = CARTESIAN_POINT ( 'NONE',  ( -5.748850373881593256, 7.210251562250451940, -6.081728902937082459 ) ) ;
#3371 = CARTESIAN_POINT ( 'NONE',  ( 127.9233398437500142, 6.183499248205008847, 3.036043167114250707 ) ) ;
#3372 = ORIENTED_EDGE ( 'NONE', *, *, #6647, .T. ) ;
#3373 = CARTESIAN_POINT ( 'NONE',  ( -38.25688264647018144, -3.251450976367408430, 19.75791750828142312 ) ) ;
#3374 = CARTESIAN_POINT ( 'NONE',  ( -84.56465315208200195, 7.589225739943593396, -6.181720380995282760 ) ) ;
#3375 = CARTESIAN_POINT ( 'NONE',  ( 119.5352104357682776, 5.908625081534876422, 2.191824395059196462 ) ) ;
#3376 = CARTESIAN_POINT ( 'NONE',  ( 46.52216523984312602, 8.327204948832470421, 8.631794189055431943 ) ) ;
#3377 = CARTESIAN_POINT ( 'NONE',  ( 15.20596172584749795, 7.656761192590201937, 7.171617211182976348 ) ) ;
#3378 = CARTESIAN_POINT ( 'NONE',  ( 50.85969485044361704, 7.896999846725151428, 8.318516197453803329 ) ) ;
#3379 = CARTESIAN_POINT ( 'NONE',  ( -117.6248856831281557, 2.748921215879699176, 12.63967737335589625 ) ) ;
#3380 = CARTESIAN_POINT ( 'NONE',  ( -5.532838158822899643, 8.711802988989969521, -2.935409327715929440 ) ) ;
#3381 = CARTESIAN_POINT ( 'NONE',  ( -28.54046066595614661, -1.504384715751826640, 17.28143636709902964 ) ) ;
#3382 = CC_DESIGN_APPROVAL ( #5715, ( #1160 ) ) ;
#3383 = CARTESIAN_POINT ( 'NONE',  ( -100.2985304480814079, 6.845868545737886279, -4.375714302062971406 ) ) ;
#3384 = FACE_OUTER_BOUND ( 'NONE', #4672, .T. ) ;
#3385 = ORIENTED_EDGE ( 'NONE', *, *, #6411, .T. ) ;
#3386 = CARTESIAN_POINT ( 'NONE',  ( 10.23143691972694569, 3.554450882261750877, -8.352843742494478363 ) ) ;
#3387 = CARTESIAN_POINT ( 'NONE',  ( -4.940221322530941706, 4.816637734280027949, -4.022358874608940482 ) ) ;
#3388 = CARTESIAN_POINT ( 'NONE',  ( -119.7058305750936569, 6.825307300037600555, -0.5348203168981960909 ) ) ;
#3389 = CARTESIAN_POINT ( 'NONE',  ( 11.64637995726016229, 4.007842707719436959, -9.175855513074223424 ) ) ;
#3390 = CARTESIAN_POINT ( 'NONE',  ( 4.518360708679717064, 3.310414840024795691, -3.961813593132915035 ) ) ;
#3391 = CARTESIAN_POINT ( 'NONE',  ( 13.25008392333983842, -0.6710214303150716653, -19.00410461425781250 ) ) ;
#3392 = CARTESIAN_POINT ( 'NONE',  ( 92.92043190348799442, 4.581881945345885221, -7.965729568124625182 ) ) ;
#3393 = DIRECTION ( 'NONE',  ( 0.000000000000000000, 0.000000000000000000, -1.000000000000000000 ) ) ;
#3394 = CARTESIAN_POINT ( 'NONE',  ( -5.245288958410000646, 4.214237859641545292, 7.168765167096435853 ) ) ;
#3395 = CARTESIAN_POINT ( 'NONE',  ( 3.784124127691193884, 4.018468367608436509, -6.743712911303187951 ) ) ;
#3396 = CARTESIAN_POINT ( 'NONE',  ( -128.3699722701639701, 6.561785884539998115, 0.6716856360435696782 ) ) ;
#3397 = CARTESIAN_POINT ( 'NONE',  ( -37.08103298836464745, 8.995365131301774397, -9.418264979799980452 ) ) ;
#3398 = CARTESIAN_POINT ( 'NONE',  ( -119.6462185524030701, 6.141711142578230032, 1.295791278765483501 ) ) ;
#3399 = CARTESIAN_POINT ( 'NONE',  ( -31.89742486156833934, 8.604384718649951580, -9.613586174473805812 ) ) ;
#3400 = CARTESIAN_POINT ( 'NONE',  ( -119.2978943474013960, 6.460459591023525405, -2.136944720776506212 ) ) ;
#3401 = CARTESIAN_POINT ( 'NONE',  ( 21.90482472583049045, 0.6624148257758566416, -14.92660783862475427 ) ) ;
#3403 = EDGE_CURVE ( 'NONE', #5567, #5722, #4630, .T. ) ;
#3402 = CARTESIAN_POINT ( 'NONE',  ( 29.23705101013183949, 8.543197305379795381, -0.7020531296730055937 ) ) ;
#3404 = EDGE_LOOP ( 'NONE', ( #3444, #2492, #4259, #2787, #3828 ) ) ;
#3405 = CARTESIAN_POINT ( 'NONE',  ( -25.69728274194603657, -0.2514424081980755621, 16.51445520658316468 ) ) ;
#3406 = CARTESIAN_POINT ( 'NONE',  ( -46.55796659504553503, 8.342000967063194494, -8.723100219535448119 ) ) ;
#3407 = CARTESIAN_POINT ( 'NONE',  ( 119.6935541413517541, 6.043269160737352763, 0.2161637297446935002 ) ) ;
#3408 = CARTESIAN_POINT ( 'NONE',  ( 34.89835247062072909, 8.874334019198290235, 9.500852400431284650 ) ) ;
#3409 = CARTESIAN_POINT ( 'NONE',  ( 10.93195106214350076, 4.129261472478322759, -8.877117509384653715 ) ) ;
#3410 = CIRCLE ( 'NONE', #2508, 5.500000000000000000 ) ;
#3411 = CARTESIAN_POINT ( 'NONE',  ( -114.9627832432309305, 7.080761096276315669, -4.614619333664228940 ) ) ;
#3412 = EDGE_CURVE ( 'NONE', #422, #555, #5830, .T. ) ;
#3413 = VERTEX_POINT ( 'NONE', #135 ) ;
#3414 = CARTESIAN_POINT ( 'NONE',  ( -101.7351586982816940, 5.456031960667903746, 6.456359251092374407 ) ) ;
#3415 = CARTESIAN_POINT ( 'NONE',  ( -4.917940304431463794, 7.436894417630091958, 3.452089842090815264 ) ) ;
#3416 = CARTESIAN_POINT ( 'NONE',  ( 5.578185818286255149, 4.293586150352482811, 3.000821893008089436 ) ) ;
#3417 = VECTOR ( 'NONE', #3768, 1000.000000000000114 ) ;
#3418 = ORIENTED_EDGE ( 'NONE', *, *, #1203, .T. ) ;
#3419 = CARTESIAN_POINT ( 'NONE',  ( 2.475271074201855104, 4.147830259583327184, -6.785635356288035602 ) ) ;
#3420 = CARTESIAN_POINT ( 'NONE',  ( 15.16273035739794040, 7.841907974646565194, 7.079530610253256029 ) ) ;
#3421 = CARTESIAN_POINT ( 'NONE',  ( -119.6901102951223521, 6.934198162602161375, -1.180434184083287041 ) ) ;
#3422 = PERSON_AND_ORGANIZATION_ROLE ( 'design_owner' ) ;
#3423 = CARTESIAN_POINT ( 'NONE',  ( 6.272490014716276541, 3.619705538408313661, -0.4522537903369354129 ) ) ;
#3424 = CARTESIAN_POINT ( 'NONE',  ( 34.83548355102539063, 7.665424676118770542, 7.426989078521726739 ) ) ;
#3425 = CARTESIAN_POINT ( 'NONE',  ( 78.91582201193527624, 2.249160080760191693, -12.49528871092417681 ) ) ;
#3426 = FACE_OUTER_BOUND ( 'NONE', #1091, .T. ) ;
#3427 = CARTESIAN_POINT ( 'NONE',  ( -14.03380047453873836, 3.182129490246843329, 10.30487966165248004 ) ) ;
#3428 = CARTESIAN_POINT ( 'NONE',  ( 119.4637120366210041, 6.518271469623664771, 0.4932181185309784666 ) ) ;
#3429 = CARTESIAN_POINT ( 'NONE',  ( -63.04955942726780904, 8.478608794159267603, -6.927866458892811607 ) ) ;
#3430 = CARTESIAN_POINT ( 'NONE',  ( -119.4133921265890308, 7.253746079177518347, -1.629126626463696548 ) ) ;
#3431 = CARTESIAN_POINT ( 'NONE',  ( -5.201571914324386370, 3.585596479854490592, 3.023081649716776731 ) ) ;
#3432 = CARTESIAN_POINT ( 'NONE',  ( -37.15221217030783407, 8.333889464871303332, -9.365989688999025731 ) ) ;
#3433 = ADVANCED_FACE ( 'NONE', ( #650 ), #1633, .T. ) ;
#3434 = CARTESIAN_POINT ( 'NONE',  ( -1.710553887681464102, 4.364642352851292095, 6.730015868773808307 ) ) ;
#3435 = CARTESIAN_POINT ( 'NONE',  ( -9.674650444497830174E-14, 6.777350269189689413, 3.000000000000021316 ) ) ;
#3436 = CARTESIAN_POINT ( 'NONE',  ( 5.503558635711667257, 2.036786110578490572, -10.09981060028076172 ) ) ;
#3437 = ORIENTED_EDGE ( 'NONE', *, *, #5426, .T. ) ;
#3438 = CARTESIAN_POINT ( 'NONE',  ( 57.15698980687198372, 7.483908056182889901, 7.604475103989907225 ) ) ;
#3439 = CARTESIAN_POINT ( 'NONE',  ( -9.714451465470119729E-14, -42.18829223128360439, 0.000000000000000000 ) ) ;
#3440 = CARTESIAN_POINT ( 'NONE',  ( 119.7039497485575481, 5.820849901880044364, 0.5573277731053005724 ) ) ;
#3441 = CARTESIAN_POINT ( 'NONE',  ( 44.41225818235685097, 8.283138179444375027, 8.922236343643037415 ) ) ;
#3442 = CARTESIAN_POINT ( 'NONE',  ( 5.085314126412236568, 8.530834444211983225, 3.685974765790735130 ) ) ;
#3443 = CARTESIAN_POINT ( 'NONE',  ( 5.520693632528377748, 4.688456902255680347, -7.222873614174418755 ) ) ;
#3444 = ORIENTED_EDGE ( 'NONE', *, *, #1792, .T. ) ;
#3445 = CARTESIAN_POINT ( 'NONE',  ( -103.2738061720543215, 5.064036212678278304, 5.990859027946805249 ) ) ;
#3446 = CARTESIAN_POINT ( 'NONE',  ( -5.301427922124259062, 8.720325878447022561, -2.817500618426829195 ) ) ;
#3447 = DIRECTION ( 'NONE',  ( 0.000000000000000000, 0.000000000000000000, -1.000000000000000000 ) ) ;
#3448 = EDGE_LOOP ( 'NONE', ( #2951, #1459, #1833 ) ) ;
#3449 = CARTESIAN_POINT ( 'NONE',  ( 7.944183677495368023, 4.035912913779243105, -7.835448456046933075 ) ) ;
#3450 = CARTESIAN_POINT ( 'NONE',  ( -9.659342359508488912E-14, -1.000000000000018208, 4.500000000000000888 ) ) ;
#3451 = B_SPLINE_CURVE_WITH_KNOTS ( 'NONE', 3,
 ( #1576, #3693, #5390, #4764, #3208, #6378 ),
 .UNSPECIFIED., .F., .F.,
 ( 4, 2, 4 ),
 ( 2.462833906345087556E-18, 0.0002063138836035173821, 0.0004126277672070322706 ),
 .UNSPECIFIED. ) ;
#3452 = CARTESIAN_POINT ( 'NONE',  ( -119.5896985822247984, 7.040465612170423881, -2.014565866897175095 ) ) ;
#3453 = CARTESIAN_POINT ( 'NONE',  ( 6.005799384808002905, 3.943188269937989876, 0.1809712519965450128 ) ) ;
#3454 = CARTESIAN_POINT ( 'NONE',  ( 5.951427459716798651, 6.527137608705471550, 5.945149421691894531 ) ) ;
#3455 = CARTESIAN_POINT ( 'NONE',  ( 97.05428681883829256, 4.323880779124415596, -7.075690665450322214 ) ) ;
#3456 = CARTESIAN_POINT ( 'NONE',  ( 5.059341796249961831, 6.447326919086102670, 6.172169357584807337 ) ) ;
#3457 = CARTESIAN_POINT ( 'NONE',  ( -3.415894896128128355, 4.294011168408817802, 6.885316423114101525 ) ) ;
#3458 = PLANE ( 'NONE',  #1857 ) ;
#3459 = CARTESIAN_POINT ( 'NONE',  ( -39.02426574908290036, 9.713133202539657063, -8.224532127380362212 ) ) ;
#3460 = CARTESIAN_POINT ( 'NONE',  ( -2.538198793752959315, 6.648280027600558029, -6.191818223223068962 ) ) ;
#3461 = CARTESIAN_POINT ( 'NONE',  ( -8.450623982713757698, 6.669878242118238987, -6.216349805118291272 ) ) ;
#3462 = CARTESIAN_POINT ( 'NONE',  ( 112.5866476553971154, 4.895366803422497526, -4.423983268940996361 ) ) ;
#3463 = CARTESIAN_POINT ( 'NONE',  ( -7.272586815789417791, 7.404691173881523980, -6.112956579756426478 ) ) ;
#3464 = CARTESIAN_POINT ( 'NONE',  ( 127.6803207397460795, 4.847748787580315799, -5.754672050476081324 ) ) ;
#3465 = ORIENTED_EDGE ( 'NONE', *, *, #940, .F. ) ;
#3466 = CARTESIAN_POINT ( 'NONE',  ( -21.22886375663545877, -0.04004374546027990311, 15.85041674640254072 ) ) ;
#3467 = CARTESIAN_POINT ( 'NONE',  ( 5.854724115991395195, 8.727971039226790850, 2.223934063320180066 ) ) ;
#3468 = ADVANCED_FACE ( 'NONE', ( #64 ), #5900, .T. ) ;
#3469 = DIRECTION ( 'NONE',  ( 1.000000000000000000, -7.996734198290766312E-16, -2.057314067616221352E-16 ) ) ;
#3470 = CARTESIAN_POINT ( 'NONE',  ( 8.823639072104480618, 7.455740015337864790, 6.264693293315558797 ) ) ;
#3471 = CARTESIAN_POINT ( 'NONE',  ( -3.663442675562825990, 4.745697622107628355, 6.902713783948666304 ) ) ;
#3472 = ORIENTED_EDGE ( 'NONE', *, *, #6782, .F. ) ;
#3473 = CARTESIAN_POINT ( 'NONE',  ( -77.96173683213363859, 2.523248773630671238, 12.66304742396312122 ) ) ;
#3474 = CARTESIAN_POINT ( 'NONE',  ( 3.589093339474791478, 5.725333474600438066, 4.816837383921487969 ) ) ;
#3475 = DIRECTION ( 'NONE',  ( -0.9987949721267180836, -0.001452612437920808601, 0.04905602482359980310 ) ) ;
#3476 = CARTESIAN_POINT ( 'NONE',  ( 2.870660798670590985, 4.891210086981733873, -6.736774396337415816 ) ) ;
#3477 = VERTEX_POINT ( 'NONE', #2201 ) ;
#3478 = CARTESIAN_POINT ( 'NONE',  ( 10.59022438715829750, 3.492214567963679794, -8.756139231771495446 ) ) ;
#3479 = CARTESIAN_POINT ( 'NONE',  ( -6.285982638878634177, 3.764569315050437126, -0.5517282390094248035 ) ) ;
#3480 = CARTESIAN_POINT ( 'NONE',  ( -117.4796285753219678, 7.072264035226617729, -4.342982345195384397 ) ) ;
#3481 = PERSON_AND_ORGANIZATION ( #1100, #5694 ) ;
#3482 = CARTESIAN_POINT ( 'NONE',  ( 4.178485196143237879, 5.295756254270447272, 4.829071520570973775 ) ) ;
#3483 = CARTESIAN_POINT ( 'NONE',  ( 22.80545997619629262, 8.048716814695291433, 9.067157745361326349 ) ) ;
#3484 = CARTESIAN_POINT ( 'NONE',  ( 75.26504866338002842, 3.668064113792143477, -10.58382738828272807 ) ) ;
#3485 = CARTESIAN_POINT ( 'NONE',  ( 8.448455424121750212, 6.630883512470679086, 6.216349805118837502 ) ) ;
#3486 = CARTESIAN_POINT ( 'NONE',  ( 12.96879296285295524, 4.853510488113492727, -9.158932564819640021 ) ) ;
#3487 = CARTESIAN_POINT ( 'NONE',  ( 119.7031945504789121, 6.272869502374632589, 0.5348203169003782342 ) ) ;
#3488 = CARTESIAN_POINT ( 'NONE',  ( -97.78217024659689116, 5.003983968109846359, 9.293939590454115773 ) ) ;
#3489 = CARTESIAN_POINT ( 'NONE',  ( -118.8532676576990497, 7.341607216440230843, -2.962083979342484241 ) ) ;
#3490 = CARTESIAN_POINT ( 'NONE',  ( -10.01279442908963979, 6.835852462188488410, -6.403827864286985694 ) ) ;
#3491 = CARTESIAN_POINT ( 'NONE',  ( 97.05728125593493871, 4.322328800360001111, -7.084662995547899023 ) ) ;
#3492 =( BOUNDED_CURVE ( )  B_SPLINE_CURVE ( 3, ( #1137, #1279, #3838, #1759 ),
 .UNSPECIFIED., .F., .F. ) 
 B_SPLINE_CURVE_WITH_KNOTS ( ( 4, 4 ),
 ( 5.053558214783514302, 5.053670302400453451 ),
 .UNSPECIFIED. ) 
 CURVE ( )  GEOMETRIC_REPRESENTATION_ITEM ( )  RATIONAL_B_SPLINE_CURVE ( ( 1.000000000000000000, 0.9999999989530304889, 0.9999999989530304889, 1.000000000000000000 ) ) 
 REPRESENTATION_ITEM ( '' )  );
#3493 = CARTESIAN_POINT ( 'NONE',  ( 10.78244866804245561, 3.721029493829203894, -8.830376351323703688 ) ) ;
#3494 = AXIS2_PLACEMENT_3D ( 'NONE', #2757, #1240, #686 ) ;
#3495 = CARTESIAN_POINT ( 'NONE',  ( 12.71599388122558949, 9.584651978193225119, 5.350296020507811612 ) ) ;
#3496 = VERTEX_POINT ( 'NONE', #1024 ) ;
#3497 = CARTESIAN_POINT ( 'NONE',  ( 105.6889760478846227, 6.361757449157779298, 5.026480571735409519 ) ) ;
#3498 = CARTESIAN_POINT ( 'NONE',  ( -119.6509969314222133, 6.359203599311267219, 1.630843763169227634 ) ) ;
#3499 = ADVANCED_FACE ( 'NONE', ( #1717 ), #4316, .T. ) ;
#3500 = CARTESIAN_POINT ( 'NONE',  ( 119.0911497413735987, 5.919809862472225070, 2.562136990252422031 ) ) ;
#3501 = CARTESIAN_POINT ( 'NONE',  ( 8.828050963678640173, 7.349562016602249059, 6.264487317736223027 ) ) ;
#3502 = SPHERICAL_SURFACE ( 'NONE', #4964, 0.2500000000000000000 ) ;
#3503 = CARTESIAN_POINT ( 'NONE',  ( -18.89603183572578260, 1.947260979252799284, 13.11702305829601656 ) ) ;
#3504 = CARTESIAN_POINT ( 'NONE',  ( 14.24196750644596499, 3.414582187923656864, -10.42190418880627156 ) ) ;
#3505 = ORIENTED_EDGE ( 'NONE', *, *, #2167, .T. ) ;
#3506 = CARTESIAN_POINT ( 'NONE',  ( -87.72237666620176810, 4.780616306712504482, 8.671608404961963501 ) ) ;
#3507 = CARTESIAN_POINT ( 'NONE',  ( 2.891147780463274586, 3.944394198425273057, -5.294701696813561398 ) ) ;
#3508 = B_SPLINE_CURVE_WITH_KNOTS ( 'NONE', 3,
 ( #4359, #5873, #2727, #5395, #5800, #1614, #2132, #2655, #4321, #5250, #2763, #4880, #1062, #3250, #2240, #581, #2619, #3140, #3214, #6451, #5327, #4843, #5290, #106, #5360, #4252 ),
 .UNSPECIFIED., .F., .F.,
 ( 4, 2, 2, 2, 2, 2, 2, 2, 2, 2, 2, 2, 4 ),
 ( 0.1116416777461892301, 0.1121234165874208238, 0.1126051554286524314, 0.1130868942698840252, 0.1135686331111156328, 0.1145321107935788618, 0.1150138496348104694, 0.1154955884760420631, 0.1159773273172736707, 0.1164590661585052783, 0.1174225438409684796, 0.1183860215234316948, 0.1193494992058948961 ),
 .UNSPECIFIED. ) ;
#3509 = AXIS2_PLACEMENT_3D ( 'NONE', #75, #6352, #2030 ) ;
#3510 = CARTESIAN_POINT ( 'NONE',  ( 3.637205807577873706, 5.594775654609317250, 5.263437750509043056 ) ) ;
#3511 = AXIS2_PLACEMENT_3D ( 'NONE', #4224, #5193, #3734 ) ;
#3512 = CARTESIAN_POINT ( 'NONE',  ( -1.947188797951810768, 4.440435619952934232, 6.693559900483904812 ) ) ;
#3513 = EDGE_LOOP ( 'NONE', ( #2842, #2153, #6167, #1840 ) ) ;
#3514 = CARTESIAN_POINT ( 'NONE',  ( -5.370633885399228369, 4.903689433441400070, 7.107885484579046675 ) ) ;
#3515 = DIRECTION ( 'NONE',  ( -0.8581152363578118392, 0.2907320646452023483, 0.4232175654645192187 ) ) ;
#3516 = SPHERICAL_SURFACE ( 'NONE', #2090, 0.2500000000000000000 ) ;
#3517 = DATE_AND_TIME ( #6103, #6571 ) ;
#3518 = CIRCLE ( 'NONE', #312, 0.2500000000000002220 ) ;
#3519 = AXIS2_PLACEMENT_3D ( 'NONE', #2551, #6758, #2062 ) ;
#3520 = CARTESIAN_POINT ( 'NONE',  ( 22.96784973144531961, 9.415372164426736745, 11.45815849304199041 ) ) ;
#3521 = CARTESIAN_POINT ( 'NONE',  ( 90.20463472070804301, 2.878888939398394076, -10.92375505318723228 ) ) ;
#3522 = CARTESIAN_POINT ( 'NONE',  ( 8.174141149049917843, 6.732046800748179294, 6.186747087847514592 ) ) ;
#3523 = CARTESIAN_POINT ( 'NONE',  ( 1.860166247634876813, 4.774300573510941170, -6.712091249094130241 ) ) ;
#3524 = CARTESIAN_POINT ( 'NONE',  ( -22.03691942286645400, 0.9464409600145442525, 14.87789409134778751 ) ) ;
#3525 = CIRCLE ( 'NONE', #979, 0.2499999999999996114 ) ;
#3526 = CARTESIAN_POINT ( 'NONE',  ( -118.5365806020261630, -8.919251876140615209, 15.40836811065675604 ) ) ;
#3527 = CARTESIAN_POINT ( 'NONE',  ( -119.4654781873806826, 7.072574991531497268, -0.5094319683762428275 ) ) ;
#3528 = CARTESIAN_POINT ( 'NONE',  ( -76.15172004242249670, 7.678532923048085657, -6.629803929720945455 ) ) ;
#3529 = EDGE_CURVE ( 'NONE', #378, #5451, #1745, .T. ) ;
#3530 = CARTESIAN_POINT ( 'NONE',  ( 53.60924052503221304, 1.190386027418867787, -13.93716940344443422 ) ) ;
#3531 = DIRECTION ( 'NONE',  ( 1.000000000000000000, 0.000000000000000000, -1.224646799147353207E-16 ) ) ;
#3532 = CARTESIAN_POINT ( 'NONE',  ( 4.929135322570787459, -9.925934283556026472, -19.08078193664550781 ) ) ;
#3533 = ORIENTED_EDGE ( 'NONE', *, *, #589, .T. ) ;
#3534 = CARTESIAN_POINT ( 'NONE',  ( -9.714451465470119729E-14, -0.5000000000000177636, 0.000000000000000000 ) ) ;
#3535 = CARTESIAN_POINT ( 'NONE',  ( -119.6615098392626209, 6.274028525224385255, 1.952177918470612505 ) ) ;
#3536 = CARTESIAN_POINT ( 'NONE',  ( 116.7901341968661342, 6.036802018592450025, 4.368713801195434954 ) ) ;
#3537 = CARTESIAN_POINT ( 'NONE',  ( 6.021263808712899568, 7.171886943337097975, 6.130251483211866415 ) ) ;
#3538 = CARTESIAN_POINT ( 'NONE',  ( -74.25419196469407268, 3.487257091978288148, 10.53974290303459149 ) ) ;
#3539 = B_SPLINE_CURVE_WITH_KNOTS ( 'NONE', 3,
 ( #6664, #6568, #3956, #3443, #5573, #1261, #1808, #6029, #1293, #3409, #1905, #6062, #3504, #775, #5509, #4999, #2987, #5542, #1324, #4541 ),
 .UNSPECIFIED., .F., .F.,
 ( 4, 2, 2, 2, 2, 2, 2, 2, 2, 4 ),
 ( 7.146407130157927045E-05, 0.002915233644530292132, 0.005759003217759004790, 0.007180888004373358301, 0.008602772790987712678, 0.01144654236421641970, 0.01429031193744513192, 0.01713408151067384935, 0.01997785108390256678, 0.02282162065713128421 ),
 .UNSPECIFIED. ) ;
#3540 = CARTESIAN_POINT ( 'NONE',  ( 4.776934125454333824, 8.386105427349905383, 4.102637564017269867 ) ) ;
#3541 = CIRCLE ( 'NONE', #2321, 5.999999999999998224 ) ;
#3542 = CARTESIAN_POINT ( 'NONE',  ( -63.39299892086930299, 8.220503362951435022, -7.230858669385262338 ) ) ;
#3543 = ORIENTED_EDGE ( 'NONE', *, *, #437, .F. ) ;
#3544 = ORIENTED_EDGE ( 'NONE', *, *, #1685, .F. ) ;
#3545 = CARTESIAN_POINT ( 'NONE',  ( -87.03255054499852861, 3.203830880997476704, 11.19879089969477270 ) ) ;
#3546 = CARTESIAN_POINT ( 'NONE',  ( -2.278457467651833213, 6.837692919890855592, -5.996122392287803748 ) ) ;
#3547 = DIRECTION ( 'NONE',  ( -0.000000000000000000, -1.000000000000000000, -0.000000000000000000 ) ) ;
#3548 = CARTESIAN_POINT ( 'NONE',  ( 7.937222238961735066, 4.699870190993262753, -7.747484337678420374 ) ) ;
#3549 = ORIENTED_EDGE ( 'NONE', *, *, #625, .F. ) ;
#3550 = CARTESIAN_POINT ( 'NONE',  ( -10.86050033151730432, 4.396301345236962810, 8.739497952652971691 ) ) ;
#3551 = CARTESIAN_POINT ( 'NONE',  ( 4.779133629611457046, 6.642985955571172774, 6.433554045592760673 ) ) ;
#3552 = ADVANCED_FACE ( 'NONE', ( #2722 ), #4800, .F. ) ;
#3553 = CARTESIAN_POINT ( 'NONE',  ( -116.8116179372816390, 7.043847219311383689, -4.462925595622173169 ) ) ;
#3554 = B_SPLINE_CURVE_WITH_KNOTS ( 'NONE', 3,
 ( #2391, #4504, #1416, #870, #4636, #414, #2520, #2946, #6627, #2454, #1835, #6596, #5060, #3985, #317, #4536, #6087, #2981, #1350, #6152, #3467, #2423, #1900, #4015, #348, #4570, #6658, #5292, #3635, #3080 ),
 .UNSPECIFIED., .F., .F.,
 ( 4, 2, 2, 2, 2, 2, 2, 2, 2, 2, 2, 2, 2, 2, 4 ),
 ( 0.000000000000000000, 0.001027194411010287807, 0.002054388822020575614, 0.004108777644041150361, 0.005135972055051436433, 0.006163166466061724240, 0.007190360877072010312, 0.008217555288082297252, 0.009244749699092584191, 0.01027194411010286940, 0.01129913852111315981, 0.01232633293212344675, 0.01335352734313373368, 0.01438072175414402062, 0.01643511057616459797 ),
 .UNSPECIFIED. ) ;
#3555 = CLOSED_SHELL ( 'NONE', ( #4564, #4072, #6732, #5978, #4180, #2611, #5257, #2443, #3689, #3552, #5342, #1631, #171, #2719, #6132, #1339, #2590, #4542, #3368, #3232, #4815, #3499, #1664, #4269, #5278, #5492, #294, #6369, #6471, #1704, #1742, #971 ) ) ;
#3556 = CARTESIAN_POINT ( 'NONE',  ( 100.4911651611328125, 1.145577461896750027, -15.05822372436523970 ) ) ;
#3557 = CARTESIAN_POINT ( 'NONE',  ( 61.83870174137501152, 2.516001505225935464, -12.85428482147037776 ) ) ;
#3558 = CARTESIAN_POINT ( 'NONE',  ( 8.954487192191775691, 6.818980627817248674, 6.275726791299846674 ) ) ;
#3559 = CARTESIAN_POINT ( 'NONE',  ( 4.458752965283346192, 6.723270476796928463, -4.025896149257681245 ) ) ;
#3560 = CARTESIAN_POINT ( 'NONE',  ( 119.5943001718177783, 6.731653672162531521, 1.990477841823115712 ) ) ;
#3561 = CARTESIAN_POINT ( 'NONE',  ( -1.765999711663999605, 4.650240234124979999, 6.731572192124451348 ) ) ;
#3562 = CARTESIAN_POINT ( 'NONE',  ( -119.4094995862394200, 6.596891907160496338, 1.709993534147374650 ) ) ;
#3563 = CARTESIAN_POINT ( 'NONE',  ( -105.6995320203609623, 6.880459728546940212, -5.238908898272479853 ) ) ;
#3564 = CARTESIAN_POINT ( 'NONE',  ( 2.555757551263492466, 6.030128407240847643, 5.874762450655395263 ) ) ;
#3565 = CARTESIAN_POINT ( 'NONE',  ( -2.905773634658925797, 3.957770630237372078, 5.294701696813561398 ) ) ;
#3566 = CARTESIAN_POINT ( 'NONE',  ( 114.9414346474541304, 6.086637281357586637, 4.515817248395920025 ) ) ;
#3567 = CARTESIAN_POINT ( 'NONE',  ( -20.51876539750477235, 1.556253793414795084, 13.99018774206774829 ) ) ;
#3568 = ORIENTED_EDGE ( 'NONE', *, *, #6303, .T. ) ;
#3569 = CARTESIAN_POINT ( 'NONE',  ( 76.14042979958408353, 7.088141799707818436, 6.441178604058598545 ) ) ;
#3570 = CARTESIAN_POINT ( 'NONE',  ( -5.331680961266434871, 6.893300263363008717, -6.216232829025997830 ) ) ;
#3571 = CARTESIAN_POINT ( 'NONE',  ( -9.714451465470119729E-14, 13.42264973081046264, 0.000000000000000000 ) ) ;
#3572 = CARTESIAN_POINT ( 'NONE',  ( 7.283452235865064850, 7.264243736203157553, 6.112853231466945481 ) ) ;
#3573 = CC_DESIGN_PERSON_AND_ORGANIZATION_ASSIGNMENT ( #3029, #888, ( #1160 ) ) ;
#3574 = DIRECTION ( 'NONE',  ( 0.000000000000000000, 0.000000000000000000, -1.000000000000000000 ) ) ;
#3575 = CARTESIAN_POINT ( 'NONE',  ( 4.494868771646587824, 8.096481506545146090, 3.977478757311268875 ) ) ;
#3576 = CARTESIAN_POINT ( 'NONE',  ( -41.24372428525781942, 8.849868170460016614, -9.103145405502946375 ) ) ;
#3577 = ORIENTED_EDGE ( 'NONE', *, *, #1894, .F. ) ;
#3578 = ORIENTED_EDGE ( 'NONE', *, *, #4481, .F. ) ;
#3579 = CARTESIAN_POINT ( 'NONE',  ( -83.92788048131578194, 3.035384117193165920, 11.61320868448751575 ) ) ;
#3580 = CARTESIAN_POINT ( 'NONE',  ( 1.685101901805055258, 4.431114752324382344, -6.681295894285607773 ) ) ;
#3581 = CARTESIAN_POINT ( 'NONE',  ( -69.10686104334973834, 3.428922592434791028, 11.75941687411080494 ) ) ;
#3582 = CARTESIAN_POINT ( 'NONE',  ( 18.22364145492041487, 2.320389698545719526, -12.61085652465954254 ) ) ;
#3583 = EDGE_LOOP ( 'NONE', ( #4293, #3437, #116, #1223, #3129 ) ) ;
#3584 = CARTESIAN_POINT ( 'NONE',  ( -20.41972582908462996, 1.497471762788485483, 14.03875938981921934 ) ) ;
#3585 = CARTESIAN_POINT ( 'NONE',  ( 40.24622668048105112, 8.705203226819262952, 9.193419829625380402 ) ) ;
#3586 = EDGE_CURVE ( 'NONE', #2401, #5911, #3451, .T. ) ;
#3587 = CARTESIAN_POINT ( 'NONE',  ( -116.8775374708177566, 6.823399591882059134, -4.580598064386776969 ) ) ;
#3588 = FACE_OUTER_BOUND ( 'NONE', #6537, .T. ) ;
#3589 = CARTESIAN_POINT ( 'NONE',  ( -72.75084788439568229, 6.623347394453278802, 0.8968986272812008442 ) ) ;
#3590 = CARTESIAN_POINT ( 'NONE',  ( 48.07107369733699898, 0.5995270115864005378, -15.51118969592758745 ) ) ;
#3591 = CIRCLE ( 'NONE', #4476, 0.2500000000000002220 ) ;
#3592 = CARTESIAN_POINT ( 'NONE',  ( 22.00819258948016355, 0.8448065932017230217, -14.87789409134778751 ) ) ;
#3593 = CARTESIAN_POINT ( 'NONE',  ( -116.8279668439336518, 7.076621301799618458, -4.598277581890370946 ) ) ;
#3594 = CARTESIAN_POINT ( 'NONE',  ( -11.79517819445425886, 7.032022243223005731, 4.177759170532227451 ) ) ;
#3595 = CARTESIAN_POINT ( 'NONE',  ( -2.564481972329409221, 6.127711745234572405, -5.971940612614990762 ) ) ;
#3596 = CARTESIAN_POINT ( 'NONE',  ( -59.27705896237491601, 7.942303086213333252, -7.614138920116412912 ) ) ;
#3597 = CARTESIAN_POINT ( 'NONE',  ( -30.00113420851831592, 7.979863720822254258, -11.24919700622558061 ) ) ;
#3598 = CARTESIAN_POINT ( 'NONE',  ( -5.863695663542450198, 3.769463721738228301, 1.377455523824374639 ) ) ;
#3599 = FACE_OUTER_BOUND ( 'NONE', #5230, .T. ) ;
#3600 = CARTESIAN_POINT ( 'NONE',  ( 37.66319656372070313, 2.852803738294521274, -12.58989524841308771 ) ) ;
#3601 = FACE_OUTER_BOUND ( 'NONE', #5892, .T. ) ;
#3602 = CARTESIAN_POINT ( 'NONE',  ( -1.930911269394232521, 4.830574795412490019, 6.676271772984666342 ) ) ;
#3603 = CARTESIAN_POINT ( 'NONE',  ( 115.6198095756010531, 5.584973624332876696, -3.722130907885268680 ) ) ;
#3604 = CARTESIAN_POINT ( 'NONE',  ( 9.090044544116178571, 7.540355991130499369, 6.219837844295264873 ) ) ;
#3605 = CARTESIAN_POINT ( 'NONE',  ( -53.63603599045504922, 1.437855162456203262, 13.93716940344443422 ) ) ;
#3606 = AXIS2_PLACEMENT_3D ( 'NONE', #6643, #6042, #365 ) ;
#3607 = CARTESIAN_POINT ( 'NONE',  ( -4.910000875249989072, 8.321610042525373174, -3.444304295412488059 ) ) ;
#3608 = CARTESIAN_POINT ( 'NONE',  ( -33.83129101867236699, 9.041178804173478412, -9.516063672422541586 ) ) ;
#3609 = EDGE_CURVE ( 'NONE', #4609, #6287, #4837, .T. ) ;
#3610 = VERTEX_POINT ( 'NONE', #1058 ) ;
#3611 = ORIENTED_EDGE ( 'NONE', *, *, #5077, .T. ) ;
#3612 = CARTESIAN_POINT ( 'NONE',  ( -71.17084014905324807, 3.620402190213254823, 11.39169980947899852 ) ) ;
#3613 = CARTESIAN_POINT ( 'NONE',  ( 5.542225530808988943, 4.348099189122979880, 2.318195596080460330 ) ) ;
#3614 = CARTESIAN_POINT ( 'NONE',  ( 117.5002578888276616, 5.671878902375564913, 4.372984695568701063 ) ) ;
#3615 = ADVANCED_FACE ( 'NONE', ( #5322 ), #3058, .T. ) ;
#3616 = CARTESIAN_POINT ( 'NONE',  ( 9.284883769521064423, 4.555995859069226661, -8.172993996471744182 ) ) ;
#3617 = CARTESIAN_POINT ( 'NONE',  ( -21.26008847684269654, 1.262999314529236194, 14.43278307657821813 ) ) ;
#3618 = CARTESIAN_POINT ( 'NONE',  ( 105.7071607072908250, 6.813137836306616180, 5.134133779987676505 ) ) ;
#3619 = CARTESIAN_POINT ( 'NONE',  ( 46.66491490311626933, 8.034039556013498284, 8.720187831028749059 ) ) ;
#3620 = VERTEX_POINT ( 'NONE', #4256 ) ;
#3621 = CARTESIAN_POINT ( 'NONE',  ( 72.77916717529296875, 8.038926036535142927, 9.463112831115719104 ) ) ;
#3622 = CARTESIAN_POINT ( 'NONE',  ( -74.68596413001412770, -2.024185988275819081, 20.13272857666016691 ) ) ;
#3623 = CARTESIAN_POINT ( 'NONE',  ( 47.58378260671183568, 0.09308896326722883308, -15.34497996100245842 ) ) ;
#3624 = CARTESIAN_POINT ( 'NONE',  ( 5.965631881762734068, 8.094691506895559385, -0.7161457092699323734 ) ) ;
#3625 = CARTESIAN_POINT ( 'NONE',  ( 117.4781559600971548, 6.530097502596755810, 4.342982345196479521 ) ) ;
#3626 = CIRCLE ( 'NONE', #4724, 0.2500000000000000555 ) ;
#3627 = CARTESIAN_POINT ( 'NONE',  ( -37.68248980302996642, 3.026664372905138123, 12.58989524841309127 ) ) ;
#3628 = CARTESIAN_POINT ( 'NONE',  ( -36.63047038231274399, 8.969057343774709423, -9.603125648012460047 ) ) ;
#3629 = CARTESIAN_POINT ( 'NONE',  ( -41.37986204222625730, 8.261695333464324165, -9.189370000722295373 ) ) ;
#3630 = CARTESIAN_POINT ( 'NONE',  ( 116.8100212925081109, 6.504763850191142893, 4.462925595622190933 ) ) ;
#3631 = CARTESIAN_POINT ( 'NONE',  ( -4.820869345694412722, 4.945586032362586870, -3.597337362090739621 ) ) ;
#3632 = DIRECTION ( 'NONE',  ( -0.04920411682490802296, 0.0002270788133848512769, -0.9987887180593768566 ) ) ;
#3633 = AXIS2_PLACEMENT_3D ( 'NONE', #5059, #1928, #1415 ) ;
#3634 = CARTESIAN_POINT ( 'NONE',  ( 2.288508594992421319, 6.933582837103766217, 5.678341678239673840 ) ) ;
#3635 = CARTESIAN_POINT ( 'NONE',  ( 3.066073446481281994, 7.295018885200253322, 5.636561082394018207 ) ) ;
#3636 = CARTESIAN_POINT ( 'NONE',  ( 49.55902885248320189, 0.9093358869578295200, -15.12709149351110582 ) ) ;
#3637 = CARTESIAN_POINT ( 'NONE',  ( -118.8221262424413425, 6.482349612313760723, -3.344681122079688596 ) ) ;
#3638 = CARTESIAN_POINT ( 'NONE',  ( -52.62122114964553532, 1.280144974063229801, 14.14457788738968347 ) ) ;
#3639 = EDGE_CURVE ( 'NONE', #5825, #4022, #3853, .T. ) ;
#3640 = CARTESIAN_POINT ( 'NONE',  ( 119.5116726603712465, 6.510660822224233257, 2.270140957929482450 ) ) ;
#3641 = CARTESIAN_POINT ( 'NONE',  ( -38.07170169421407735, 8.965255093366765848, -9.358257237977516851 ) ) ;
#3642 = EDGE_LOOP ( 'NONE', ( #3339, #4885, #1523 ) ) ;
#3643 = ORIENTED_EDGE ( 'NONE', *, *, #6802, .T. ) ;
#3644 = CARTESIAN_POINT ( 'NONE',  ( -40.74108142340055849, -1.010624436628889899, 17.58947302919642297 ) ) ;
#3645 = CARTESIAN_POINT ( 'NONE',  ( -6.305109216551006313, 3.726201057062811461, -0.2176909518837009672 ) ) ;
#3646 = B_SPLINE_CURVE_WITH_KNOTS ( 'NONE', 3,
 ( #1956, #505, #961, #5797, #3107, #3630 ),
 .UNSPECIFIED., .F., .F.,
 ( 4, 2, 4 ),
 ( 1.390486644391990834E-17, 0.005563980211534602822, 0.01112796042306919177 ),
 .UNSPECIFIED. ) ;
#3647 = CARTESIAN_POINT ( 'NONE',  ( -9.714451465470119729E-14, -1.000000000000018208, -5.999999999999998224 ) ) ;
#3648 = CARTESIAN_POINT ( 'NONE',  ( 119.6233731777936100, 5.707180771985265189, -0.5425890522635871127 ) ) ;
#3649 = CARTESIAN_POINT ( 'NONE',  ( -1.738992852168564029, 5.177134779849146717, 5.745166017006866355 ) ) ;
#3650 = CARTESIAN_POINT ( 'NONE',  ( 117.3780835688398270, 6.002869476743853738, 4.130877703757525055 ) ) ;
#3651 = CARTESIAN_POINT ( 'NONE',  ( 2.535993521744102530, 6.636571297629754618, 6.191818223222997020 ) ) ;
#3652 = CARTESIAN_POINT ( 'NONE',  ( 95.14875282508683085, 6.874241156700214184, 5.626369066743198033 ) ) ;
#3653 = ORIENTED_EDGE ( 'NONE', *, *, #16, .F. ) ;
#3654 = CARTESIAN_POINT ( 'NONE',  ( 118.1664199829101705, 3.066486866651370491, -9.284583091735846949 ) ) ;
#3655 =( BOUNDED_SURFACE ( )  B_SPLINE_SURFACE ( 3, 2, ( 
 ( #618, #2206, #140 ),
 ( #2690, #3665, #5766 ),
 ( #1, #4769, #2099 ),
 ( #4219, #33, #6347 ),
 ( #6314, #4287, #1102 ),
 ( #1580, #3729, #70 ),
 ( #2169, #6383, #207 ),
 ( #2412, #2378, #3427 ),
 ( #760, #5980, #2796 ),
 ( #4526, #3837, #2312 ),
 ( #1212, #2935, #1793 ),
 ( #4914, #5559, #2275 ),
 ( #3329, #6076, #1247 ),
 ( #2902, #5493, #6551 ),
 ( #3874, #305, #5429 ),
 ( #2343, #4460, #4390 ),
 ( #1723, #173, #3394 ),
 ( #2868, #5943, #4493 ),
 ( #5527, #1278, #3457 ),
 ( #6584, #3907, #1823 ),
 ( #6485, #790, #692 ),
 ( #1758, #5048, #6012 ) ),
 .UNSPECIFIED., .F., .F., .F. ) 
 B_SPLINE_SURFACE_WITH_KNOTS ( ( 4, 2, 2, 2, 2, 2, 2, 2, 2, 2, 4 ),
 ( 3, 3 ),
 ( 0.2234728000696748207, 0.2263214597520294968, 0.2291701194343841452, 0.2320187791167387936, 0.2348674387990934698, 0.2362917686402707940, 0.2377160984814481459, 0.2405647581638027943, 0.2434134178461574427, 0.2448377476873347947, 0.2462620775285121189 ),
 ( 0.000000000000000000, 1.000000000000000000 ),
 .UNSPECIFIED. ) 
 GEOMETRIC_REPRESENTATION_ITEM ( )  RATIONAL_B_SPLINE_SURFACE ( (
 ( 1.000000000000000000, 0.5640378215075964041, 1.000000000000000000),
 ( 1.000000000000000000, 0.5716548403272632140, 1.000000000000000000),
 ( 1.000000000000000000, 0.5786213398697507282, 1.000000000000000000),
 ( 1.000000000000000000, 0.5916874015893009986, 1.000000000000000000),
 ( 1.000000000000000000, 0.5974727106614785566, 1.000000000000000000),
 ( 1.000000000000000000, 0.6116935731375456875, 1.000000000000000000),
 ( 1.000000000000000000, 0.6198984829738801716, 1.000000000000000000),
 ( 1.000000000000000000, 0.6411345116934470401, 1.000000000000000000),
 ( 1.000000000000000000, 0.6551099237134195841, 1.000000000000000000),
 ( 1.000000000000000000, 0.6776975265014751892, 1.000000000000000000),
 ( 1.000000000000000000, 0.6855655812181196129, 1.000000000000000000),
 ( 1.000000000000000000, 0.7016410395736211170, 1.000000000000000000),
 ( 1.000000000000000000, 0.7098767412820153888, 1.000000000000000000),
 ( 1.000000000000000000, 0.7337636188997683773, 1.000000000000000000),
 ( 1.000000000000000000, 0.7481832705218562918, 1.000000000000000000),
 ( 1.000000000000000000, 0.7730827648847689026, 1.000000000000000000),
 ( 1.000000000000000000, 0.7838520756309595994, 1.000000000000000000),
 ( 1.000000000000000000, 0.7976870666528221854, 1.000000000000000000),
 ( 1.000000000000000000, 0.8019234976055870101, 1.000000000000000000),
 ( 1.000000000000000000, 0.8097078505943370308, 1.000000000000000000),
 ( 1.000000000000000000, 0.8131759249792079869, 1.000000000000000000),
 ( 1.000000000000000000, 0.8165679310137782254, 1.000000000000000000) ) ) 
 REPRESENTATION_ITEM ( '' )  SURFACE ( )  );
#3656 = CARTESIAN_POINT ( 'NONE',  ( -15.29041012245689046, 8.333427455334522449, -9.120211601257320666 ) ) ;
#3657 = CARTESIAN_POINT ( 'NONE',  ( 46.09753183522615672, 0.1500985549241472539, -16.05279527122326044 ) ) ;
#3658 = CARTESIAN_POINT ( 'NONE',  ( 119.5158709358421874, 6.753708225654890818, 2.249575324567371748 ) ) ;
#3659 = CARTESIAN_POINT ( 'NONE',  ( -50.83758870771433891, 7.895909239954177927, -8.148218810537628087 ) ) ;
#3660 = CARTESIAN_POINT ( 'NONE',  ( -28.94661850112130708, 8.924009310574593457, -9.743256821526152578 ) ) ;
#3661 = CARTESIAN_POINT ( 'NONE',  ( -63.47537824773244353, 7.628026989141871717, -7.136418405401686371 ) ) ;
#3662 = CARTESIAN_POINT ( 'NONE',  ( -126.4161170653111128, 3.012384088677856564, -10.13904857635495738 ) ) ;
#3663 = CARTESIAN_POINT ( 'NONE',  ( 121.9144404719986738, 3.793571217856184230, -9.404330078992781949 ) ) ;
#3664 = CARTESIAN_POINT ( 'NONE',  ( -18.41422503851654469, 7.669458177120501929, -7.723242984648281073 ) ) ;
#3665 = CARTESIAN_POINT ( 'NONE',  ( -21.06463496267025803, 0.7116054561405592560, 14.42754907098042061 ) ) ;
#3666 = DIRECTION ( 'NONE',  ( 0.000000000000000000, 0.000000000000000000, -1.000000000000000000 ) ) ;
#3667 = CARTESIAN_POINT ( 'NONE',  ( 22.02895240704565083, 0.6611015828367778902, -14.70960416550116001 ) ) ;
#3668 = CARTESIAN_POINT ( 'NONE',  ( 2.306925488988489814, 6.103993760284753378, 5.979715182823527542 ) ) ;
#3669 = CARTESIAN_POINT ( 'NONE',  ( 68.05587966074352835, 3.022379607154411119, -11.93131838416147339 ) ) ;
#3670 = DIRECTION ( 'NONE',  ( 1.000000000000000000, 0.000000000000000000, 0.000000000000000000 ) ) ;
#3671 = ORIENTED_EDGE ( 'NONE', *, *, #4323, .F. ) ;
#3672 = CARTESIAN_POINT ( 'NONE',  ( -49.60658653297847565, 0.7384377687674448243, 14.83074918264762765 ) ) ;
#3673 = CARTESIAN_POINT ( 'NONE',  ( -2.538198793752959315, 6.648280027600558029, -6.191818223223068962 ) ) ;
#3674 = CARTESIAN_POINT ( 'NONE',  ( -59.17647879663768862, 8.189934694865440790, -7.623332948864873337 ) ) ;
#3676 = EDGE_CURVE ( 'NONE', #4264, #1074, #36, .T. ) ;
#3675 = CARTESIAN_POINT ( 'NONE',  ( -4.793142109194770129, 6.699502538588891554, -6.077200002106759591 ) ) ;
#3677 = ORIENTED_EDGE ( 'NONE', *, *, #2954, .F. ) ;
#3678 = CARTESIAN_POINT ( 'NONE',  ( -57.16727678768008047, 0.7319025508025898130, 15.43285636493254387 ) ) ;
#3679 = CARTESIAN_POINT ( 'NONE',  ( -4.611889865806761968, 5.101035624089687914, -3.860329280135065044 ) ) ;
#3680 = CARTESIAN_POINT ( 'NONE',  ( 101.4771262311598718, 6.905210751781951650, 5.375629053984559924 ) ) ;
#3681 = CARTESIAN_POINT ( 'NONE',  ( -103.2917356856828235, 5.524566216409652952, 6.183390334320711723 ) ) ;
#3682 = CARTESIAN_POINT ( 'NONE',  ( 18.32274144410714101, 7.577531577749924807, 7.706455939391423371 ) ) ;
#3683 = DIRECTION ( 'NONE',  ( -0.04905555417614012453, 0.0002263931912821351227, -0.9987960258984788231 ) ) ;
#3684 = CARTESIAN_POINT ( 'NONE',  ( -9.714451465470119729E-14, 13.42264973081045554, -2.500000000000015099 ) ) ;
#3685 = CARTESIAN_POINT ( 'NONE',  ( 24.65479903112437654, 8.093009642506064694, 8.832386343406733786 ) ) ;
#3686 = CARTESIAN_POINT ( 'NONE',  ( 6.003561373118326827, 8.307661863752693776, 0.2563251111339158728 ) ) ;
#3687 = CARTESIAN_POINT ( 'NONE',  ( -34.51130146693116529, 5.291635521211766502, 2.662371873855596149 ) ) ;
#3688 = CARTESIAN_POINT ( 'NONE',  ( 64.43172938116877901, 2.727239841189789349, -12.48121708109769834 ) ) ;
#3689 = ADVANCED_FACE ( 'NONE', ( #5875 ), #6393, .F. ) ;
#3690 = VERTEX_POINT ( 'NONE', #6371 ) ;
#3691 = CARTESIAN_POINT ( 'NONE',  ( 119.3300165759594904, 6.774479491533597297, 2.655111229700284348 ) ) ;
#3692 = CARTESIAN_POINT ( 'NONE',  ( 2.087837457416484188, 4.668303979387958158, -6.750951627273157563 ) ) ;
#3693 = CARTESIAN_POINT ( 'NONE',  ( 1.723756176135079254, 5.390770589568951721, -5.865866943383423404 ) ) ;
#3694 = CARTESIAN_POINT ( 'NONE',  ( -63.20012282588394470, 4.913637626858775143, -11.13518047332762428 ) ) ;
#3695 = AXIS2_PLACEMENT_3D ( 'NONE', #3881, #6021, #5599 ) ;
#3696 = CARTESIAN_POINT ( 'NONE',  ( 117.5207340365279123, 5.297031283518906619, -2.788549531561790751 ) ) ;
#3697 = CARTESIAN_POINT ( 'NONE',  ( -4.793142109195150269, 6.699502538582107647, -6.077200002112941313 ) ) ;
#3698 = CARTESIAN_POINT ( 'NONE',  ( -9.743323644274747508, 4.544851699071221773, 8.328850470003111184 ) ) ;
#3699 = SPHERICAL_SURFACE ( 'NONE', #6494, 0.2500000000000000000 ) ;
#3700 = CARTESIAN_POINT ( 'NONE',  ( -4.804851855427718199, 6.505301682530743257, -6.234199713410450983 ) ) ;
#3701 = CARTESIAN_POINT ( 'NONE',  ( 2.894266506083580381, 5.919795408121969693, 5.719887968397944000 ) ) ;
#3702 = CARTESIAN_POINT ( 'NONE',  ( 36.16360526457062008, -1.953312844619324196, -18.40715677272488904 ) ) ;
#3703 = CARTESIAN_POINT ( 'NONE',  ( 5.051173837551413470, 6.873626693707597823, 6.272841856344899547 ) ) ;
#3704 = VERTEX_POINT ( 'NONE', #2714 ) ;
#3705 = FACE_OUTER_BOUND ( 'NONE', #4345, .T. ) ;
#3706 = CARTESIAN_POINT ( 'NONE',  ( 2.292596712923043789, 6.233576818763185479, 5.740848866639837844 ) ) ;
#3707 = CARTESIAN_POINT ( 'NONE',  ( -12.98906599682867657, 7.587172509428484091, -6.821683644173922367 ) ) ;
#3708 = CARTESIAN_POINT ( 'NONE',  ( 39.28422164916992188, 3.769798309980308293, 14.15559577941894354 ) ) ;
#3709 = EDGE_LOOP ( 'NONE', ( #3086, #623, #53, #2754 ) ) ;
#3710 = CARTESIAN_POINT ( 'NONE',  ( -66.39139240586315793, 1.715578595366713310, 13.99205326447140507 ) ) ;
#3711 = CARTESIAN_POINT ( 'NONE',  ( -5.431677692175534311, 3.611921535701213326, 2.602886178756872670 ) ) ;
#3712 = FACE_BOUND ( 'NONE', #331, .T. ) ;
#3713 = CARTESIAN_POINT ( 'NONE',  ( -113.1351941774608605, 5.913032444062413795, 4.481676523227639208 ) ) ;
#3714 = CARTESIAN_POINT ( 'NONE',  ( 15.20513818282916318, 7.329901767049189054, 7.169222369475739320 ) ) ;
#3715 = CARTESIAN_POINT ( 'NONE',  ( -122.3249092352667873, 4.559269415915028212, 8.872943597181826902 ) ) ;
#3716 = CARTESIAN_POINT ( 'NONE',  ( 103.7360654671821720, 6.591019139603679022, 5.308537450533272306 ) ) ;
#3717 = SPHERICAL_SURFACE ( 'NONE', #5306, 0.2500000000000000000 ) ;
#3718 = CARTESIAN_POINT ( 'NONE',  ( 6.007839505984568618, 8.504603450447225654, -0.1221660512302077395 ) ) ;
#3719 = CARTESIAN_POINT ( 'NONE',  ( -54.56729415254257276, 2.406709727569635415, 13.65749263763428445 ) ) ;
#3720 = CARTESIAN_POINT ( 'NONE',  ( 28.48334615905465483, -1.247213103303445259, -17.59041753483642978 ) ) ;
#3721 = ORIENTED_EDGE ( 'NONE', *, *, #232, .T. ) ;
#3722 = CARTESIAN_POINT ( 'NONE',  ( 118.1797170053330603, 6.732593722778934087, 3.656896910928384425 ) ) ;
#3723 = CARTESIAN_POINT ( 'NONE',  ( -1.920478561543149221, 4.606412863449301121, 6.878595350904469719 ) ) ;
#3724 = CARTESIAN_POINT ( 'NONE',  ( -103.7374032708809182, 7.069765444522664311, -5.308537450533260760 ) ) ;
#3725 = CARTESIAN_POINT ( 'NONE',  ( -2.308630009407721229, 6.485316514923535891, -6.014267845432307524 ) ) ;
#3726 = AXIS2_PLACEMENT_3D ( 'NONE', #5831, #1132, #4282 ) ;
#3727 = CARTESIAN_POINT ( 'NONE',  ( -5.141285101191183315, 3.581463155814894606, 3.124219230659635027 ) ) ;
#3728 = DIRECTION ( 'NONE',  ( -0.9952126804911599622, 0.09442688089653494821, -0.02520485575741748113 ) ) ;
#3729 = CARTESIAN_POINT ( 'NONE',  ( -16.39997320868110009, 2.272791213736595761, 11.61886856166475823 ) ) ;
#3730 = DIRECTION ( 'NONE',  ( -0.9967302023258983734, -0.02210727046138723229, 0.07771854581836205866 ) ) ;
#3731 = CARTESIAN_POINT ( 'NONE',  ( 2.283567013711964577, 6.844262209602430147, 5.575084742728551035 ) ) ;
#3732 = CARTESIAN_POINT ( 'NONE',  ( -3.183092850521861195, 7.992846108796851645, -8.270466804504392755 ) ) ;
#3733 = CARTESIAN_POINT ( 'NONE',  ( 43.65002318318885699, -0.4664416396497181871, -16.76965423798889887 ) ) ;
#3734 = DIRECTION ( 'NONE',  ( 0.000000000000000000, 0.000000000000000000, -1.000000000000000000 ) ) ;
#3735 = ORIENTED_EDGE ( 'NONE', *, *, #5316, .T. ) ;
#3736 = CARTESIAN_POINT ( 'NONE',  ( -6.628952072074769220, 6.502992549776277720, -6.098136156740531888 ) ) ;
#3737 = EDGE_CURVE ( 'NONE', #5400, #4158, #3954, .T. ) ;
#3738 = EDGE_CURVE ( 'NONE', #3995, #2396, #3518, .T. ) ;
#3739 = AXIS2_PLACEMENT_3D ( 'NONE', #2465, #6573, #4449 ) ;
#3740 = CARTESIAN_POINT ( 'NONE',  ( 119.2937935212675455, 6.534958059017338172, 2.714343546572478783 ) ) ;
#3741 = CARTESIAN_POINT ( 'NONE',  ( -8.821996932687065751, 7.496457428925864974, -6.264693293315547251 ) ) ;
#3742 = CARTESIAN_POINT ( 'NONE',  ( 13.99014186859130859, 5.959750087438525412, 8.578598022460937500 ) ) ;
#3743 = EDGE_LOOP ( 'NONE', ( #3533, #1977 ) ) ;
#3744 = CARTESIAN_POINT ( 'NONE',  ( -53.62523378857297729, 1.436229042513922138, 13.93932456326376723 ) ) ;
#3745 = CARTESIAN_POINT ( 'NONE',  ( -5.846356993513153633, 4.154978228057579770, -1.441725722651858721 ) ) ;
#3746 = CARTESIAN_POINT ( 'NONE',  ( -9.714451465470119729E-14, -0.5000000000000177636, -5.999999999999998224 ) ) ;
#3747 = CARTESIAN_POINT ( 'NONE',  ( -59.78404992164848153, 2.612904909938374765, 13.14766659435732699 ) ) ;
#3748 = CARTESIAN_POINT ( 'NONE',  ( 97.25652553357349461, 6.820871664173975724, 5.532351615745586315 ) ) ;
#3749 = FACE_OUTER_BOUND ( 'NONE', #3583, .T. ) ;
#3750 = CARTESIAN_POINT ( 'NONE',  ( -3.158795609400285365, 6.035550824870925979, 5.557706756583843166 ) ) ;
#3751 = CARTESIAN_POINT ( 'NONE',  ( 105.7030334661050546, 6.607405845749481088, 5.240136679103327921 ) ) ;
#3752 = ORIENTED_EDGE ( 'NONE', *, *, #1445, .T. ) ;
#3753 = CARTESIAN_POINT ( 'NONE',  ( 6.006019546829967304, 8.565628548547509880, 0.2103944056328167778 ) ) ;
#3754 = CARTESIAN_POINT ( 'NONE',  ( 1.730748412503145373, 4.104414357537554459, -5.761593645975136013 ) ) ;
#3755 = CARTESIAN_POINT ( 'NONE',  ( 27.67869818609777610, -2.643621935780827936, -18.90520041355616954 ) ) ;
#3756 = EDGE_LOOP ( 'NONE', ( #6776, #6800, #534 ) ) ;
#3757 = ADVANCED_FACE ( 'NONE', ( #3788 ), #4309, .F. ) ;
#3758 = CARTESIAN_POINT ( 'NONE',  ( -9.714451465470119729E-14, 7.643375672974132229, 0.000000000000000000 ) ) ;
#3759 = CARTESIAN_POINT ( 'NONE',  ( -37.16008232646128562, 8.333698516403334366, -9.365558889667072506 ) ) ;
#3760 = CARTESIAN_POINT ( 'NONE',  ( 18.82181735739014883, 1.878921673839705431, -13.08646250607290362 ) ) ;
#3761 = CARTESIAN_POINT ( 'NONE',  ( 4.017874680046494618, 3.471669419833943504, -4.852312663467693632 ) ) ;
#3762 = CARTESIAN_POINT ( 'NONE',  ( 1.653159856796269755, 10.01597908276171900, 11.65948295593261719 ) ) ;
#3763 = CARTESIAN_POINT ( 'NONE',  ( 113.1192654839654210, 5.392016053120233465, -4.478851935775012727 ) ) ;
#3764 = DIRECTION ( 'NONE',  ( 0.9018229740163640207, 0.3767165635374835619, -0.2116599969120042946 ) ) ;
#3765 = CARTESIAN_POINT ( 'NONE',  ( 116.8749227609650205, 6.284014352495247202, 4.580598064386772528 ) ) ;
#3766 = CARTESIAN_POINT ( 'NONE',  ( -7.948307844509835185, 4.736526149344938652, 7.747484337678419486 ) ) ;
#3767 = FACE_OUTER_BOUND ( 'NONE', #1591, .T. ) ;
#3768 = DIRECTION ( 'NONE',  ( 1.060575238724909627E-16, -0.4999999999999960032, 0.8660254037844409281 ) ) ;
#3769 = CARTESIAN_POINT ( 'NONE',  ( 28.01686106665625076, -1.113986926434685554, -17.43223023537742478 ) ) ;
#3770 = CARTESIAN_POINT ( 'NONE',  ( -117.0926784550194384, 6.561226851784540237, -4.266190544206851065 ) ) ;
#3771 = ORIENTED_EDGE ( 'NONE', *, *, #4867, .F. ) ;
#3772 = DIRECTION ( 'NONE',  ( 0.03651959981483490769, 0.7593074028904798212, 0.6497065389428359206 ) ) ;
#3773 = AXIS2_PLACEMENT_3D ( 'NONE', #370, #6683, #6747 ) ;
#3774 = CARTESIAN_POINT ( 'NONE',  ( -119.4399598427546181, 6.419713194918081456, -1.204081529157295050 ) ) ;
#3775 = CARTESIAN_POINT ( 'NONE',  ( -16.10250987227270159, 7.983348959096575825, -7.235989420987195331 ) ) ;
#3776 = CARTESIAN_POINT ( 'NONE',  ( 30.12970733642578480, 4.979957373319551017, 12.63849639892578125 ) ) ;
#3777 = ORIENTED_EDGE ( 'NONE', *, *, #5259, .T. ) ;
#3778 = CARTESIAN_POINT ( 'NONE',  ( -62.23922840658170230, 1.376862898469396468, 14.51349608725034201 ) ) ;
#3779 = CARTESIAN_POINT ( 'NONE',  ( -30.76323033385781258, 8.800369497048171397, -9.531974949887791482 ) ) ;
#3780 = CARTESIAN_POINT ( 'NONE',  ( 118.3243555719279669, 5.960275762656277898, 3.799259600748299270 ) ) ;
#3781 = CARTESIAN_POINT ( 'NONE',  ( -9.714451465470119729E-14, -0.5000000000000177636, -6.499999999999999112 ) ) ;
#3782 = CARTESIAN_POINT ( 'NONE',  ( -38.74800374639568901, -1.430778453929197891, 18.03833943676631435 ) ) ;
#3783 = CARTESIAN_POINT ( 'NONE',  ( 69.82387926244746268, 7.257133512819257781, 6.952518037948616225 ) ) ;
#3784 = CARTESIAN_POINT ( 'NONE',  ( -2.289345797883573397, 6.944146264265687485, -5.678341678239673840 ) ) ;
#3785 = DIRECTION ( 'NONE',  ( 0.000000000000000000, 0.000000000000000000, -1.000000000000000000 ) ) ;
#3786 = VERTEX_POINT ( 'NONE', #193 ) ;
#3787 = CARTESIAN_POINT ( 'NONE',  ( 2.864908147841706665, 6.230263762352953982, -5.284644612820506460 ) ) ;
#3788 = FACE_OUTER_BOUND ( 'NONE', #4649, .T. ) ;
#3789 = CARTESIAN_POINT ( 'NONE',  ( 24.29224042714942300, -1.438986153035471061, -17.54262688048722296 ) ) ;
#3790 = ADVANCED_FACE ( 'NONE', ( #1675 ), #1162, .F. ) ;
#3791 = ORIENTED_EDGE ( 'NONE', *, *, #1038, .T. ) ;
#3792 = CARTESIAN_POINT ( 'NONE',  ( -1.721562591971793399, 5.056936047616917840, 6.114898411974608372 ) ) ;
#3793 = CARTESIAN_POINT ( 'NONE',  ( 2.286122357308312036, 6.890450844486342596, 5.628479988899228736 ) ) ;
#3794 = CARTESIAN_POINT ( 'NONE',  ( 8.114887909982055447, 4.605861138627628470, -7.893660139399160336 ) ) ;
#3795 = CARTESIAN_POINT ( 'NONE',  ( -9.647095891517015397E-14, -42.18829223128360439, 5.500000000000000000 ) ) ;
#3796 = CARTESIAN_POINT ( 'NONE',  ( 0.7029049396514929215, 8.633676202474550365, 9.310121536254882813 ) ) ;
#3797 = CARTESIAN_POINT ( 'NONE',  ( 104.0307623674576547, 3.085348985841621872, -10.12120428875214806 ) ) ;
#3798 = DIRECTION ( 'NONE',  ( 0.3854495548728307797, -0.9227289096199038365, 0.000000000000000000 ) ) ;
#3799 = CARTESIAN_POINT ( 'NONE',  ( 117.4865670959498090, 6.251067778912870132, 4.337279383626885476 ) ) ;
#3800 = CARTESIAN_POINT ( 'NONE',  ( -11.06047893450988262, 4.365055840491982586, 8.820286758318621523 ) ) ;
#3801 = CARTESIAN_POINT ( 'NONE',  ( 2.520400149077861141, 6.968575942970677950, 5.889756391797207336 ) ) ;
#3802 = CARTESIAN_POINT ( 'NONE',  ( 3.285535087361313611, 5.882092570963370903, 5.029538815940410856 ) ) ;
#3803 = CARTESIAN_POINT ( 'NONE',  ( -1.943935636474725337, 4.099484332157033784, 6.467152827578304120 ) ) ;
#3804 = FACE_OUTER_BOUND ( 'NONE', #315, .T. ) ;
#3805 = ORIENTED_EDGE ( 'NONE', *, *, #6761, .F. ) ;
#3806 = CARTESIAN_POINT ( 'NONE',  ( -5.320946573151804415, 6.445065289657307517, -6.120199369804769418 ) ) ;
#3807 = CARTESIAN_POINT ( 'NONE',  ( 22.91243393138639917, 0.1359304231430436827, -15.03628700647684546 ) ) ;
#3808 = CARTESIAN_POINT ( 'NONE',  ( -9.867527018403135841, 7.437597532163555236, -6.389923599368562357 ) ) ;
#3809 = CARTESIAN_POINT ( 'NONE',  ( 9.453513145446773791, -0.5713224099293282565, 14.27534675598144531 ) ) ;
#3810 = ORIENTED_EDGE ( 'NONE', *, *, #3609, .F. ) ;
#3811 = CIRCLE ( 'NONE', #1918, 6.499999999999999112 ) ;
#3812 = CARTESIAN_POINT ( 'NONE',  ( -26.19909586575428406, -2.019489844523802979, 18.35322185754110080 ) ) ;
#3813 = FACE_BOUND ( 'NONE', #715, .T. ) ;
#3814 = CARTESIAN_POINT ( 'NONE',  ( 119.6944647615073052, 5.855893813868919828, 1.036302014709976183 ) ) ;
#3815 = CARTESIAN_POINT ( 'NONE',  ( 44.41842602248085115, 8.408171222950556967, 8.922497874438422016 ) ) ;
#3816 = ADVANCED_FACE ( 'NONE', ( #129 ), #1198, .F. ) ;
#3817 = CARTESIAN_POINT ( 'NONE',  ( 27.64111576522186198, 8.518235469888125522, 9.256294360685870970 ) ) ;
#3818 = CARTESIAN_POINT ( 'NONE',  ( 78.26635643773710171, 7.082637094778611697, 6.520402131898289433 ) ) ;
#3819 = CARTESIAN_POINT ( 'NONE',  ( -114.1386553965980113, 5.984198557125678164, 4.215599605705202535 ) ) ;
#3820 = CARTESIAN_POINT ( 'NONE',  ( -1.741373346271987810, 5.753433168218835547, 5.754705720438843208 ) ) ;
#3821 = DIRECTION ( 'NONE',  ( 0.9997773680130623841, -0.02087782676679328722, 0.003054629006872859164 ) ) ;
#3822 = EDGE_CURVE ( 'NONE', #555, #1389, #1959, .T. ) ;
#3823 = ADVANCED_FACE ( 'NONE', ( #5071 ), #6067, .T. ) ;
#3824 = CARTESIAN_POINT ( 'NONE',  ( 5.650082660013793223, 7.989229271194035142, -2.045688668400676757 ) ) ;
#3825 = CARTESIAN_POINT ( 'NONE',  ( -114.9909781963966111, -3.974184983288665318, 24.90293502807618964 ) ) ;
#3826 = VECTOR ( 'NONE', #6444, 1000.000000000000114 ) ;
#3827 = CARTESIAN_POINT ( 'NONE',  ( 24.96613314026978259, -0.5394966604844402269, -15.92700979414973439 ) ) ;
#3828 = ORIENTED_EDGE ( 'NONE', *, *, #16, .T. ) ;
#3829 = CARTESIAN_POINT ( 'NONE',  ( 18.00899559376828307, 2.049293074297870554, -12.58938204025902330 ) ) ;
#3830 = CARTESIAN_POINT ( 'NONE',  ( -119.6542994930634478, 7.004514203030881347, -1.667260815316048639 ) ) ;
#3831 = CARTESIAN_POINT ( 'NONE',  ( -2.649117326594065069, 4.327715865733206435, 6.786012850905148497 ) ) ;
#3832 = CARTESIAN_POINT ( 'NONE',  ( 3.861427884333053395, 3.715078338910899003, -4.603079387894926988 ) ) ;
#3833 = CARTESIAN_POINT ( 'NONE',  ( -2.300058260496252061, 5.928568971119544173, -5.770948338387604792 ) ) ;
#3834 = CARTESIAN_POINT ( 'NONE',  ( 113.9158545932196205, 2.420341400004019761, -11.63893258905967087 ) ) ;
#3835 = CARTESIAN_POINT ( 'NONE',  ( -2.558324417422252584, 6.486832020799942811, -6.002003839226413007 ) ) ;
#3836 = DIRECTION ( 'NONE',  ( 0.000000000000000000, 0.000000000000000000, -1.000000000000000000 ) ) ;
#3837 = CARTESIAN_POINT ( 'NONE',  ( -11.90043111305399570, 3.324488744971236365, 9.292651821430053971 ) ) ;
#3838 = CARTESIAN_POINT ( 'NONE',  ( 2.282900153351195005, 6.412209445871924096, 5.548713629322335805 ) ) ;
#3839 = CARTESIAN_POINT ( 'NONE',  ( -98.08241923638239257, 8.036215121246263138, -4.585349559783918671 ) ) ;
#3840 = CARTESIAN_POINT ( 'NONE',  ( -2.293358977796833731, 6.067896994136698474, -5.651768604980642152 ) ) ;
#3841 = CARTESIAN_POINT ( 'NONE',  ( -119.4410285168620902, 6.418460846002560949, -1.183728820919397240 ) ) ;
#3842 = CARTESIAN_POINT ( 'NONE',  ( -5.855782328699524975, 6.613712396105301927, -6.141416558466306519 ) ) ;
#3843 = CARTESIAN_POINT ( 'NONE',  ( 46.60334794494126243, -0.1243793853627287449, -15.60871331818770358 ) ) ;
#3844 = CARTESIAN_POINT ( 'NONE',  ( -17.65519401253768095, 7.914291217138640810, -7.592441731262737470 ) ) ;
#3845 = CIRCLE ( 'NONE', #2956, 2.000000000000024869 ) ;
#3846 = CARTESIAN_POINT ( 'NONE',  ( 8.956430435180662286, 1.071397812543816830, 12.52569198608398438 ) ) ;
#3847 = ORIENTED_EDGE ( 'NONE', *, *, #3529, .F. ) ;
#3848 = CARTESIAN_POINT ( 'NONE',  ( -31.10098493681947218, -3.283557866280700566, 19.72107283025182412 ) ) ;
#3849 = CARTESIAN_POINT ( 'NONE',  ( -21.41513451494520126, 8.151717477893683395, -8.272764331318571251 ) ) ;
#3850 = EDGE_CURVE ( 'NONE', #1287, #1606, #1081, .T. ) ;
#3851 = CARTESIAN_POINT ( 'NONE',  ( 119.6657848117782379, 6.134574816710366640, 1.504930727955603231 ) ) ;
#3852 = CARTESIAN_POINT ( 'NONE',  ( 30.67372822004715616, 8.655770541873634372, 9.526803696835749236 ) ) ;
#3853 = CIRCLE ( 'NONE', #1411, 0.2499999999999996392 ) ;
#3854 = CIRCLE ( 'NONE', #2630, 0.9999999999999574785 ) ;
#3855 = CARTESIAN_POINT ( 'NONE',  ( -22.94076610978780195, 0.6459560751172963577, 15.32177671110695272 ) ) ;
#3856 = CARTESIAN_POINT ( 'NONE',  ( 101.4777538644552095, 6.715158435763526334, 5.374376618190765065 ) ) ;
#3857 = CARTESIAN_POINT ( 'NONE',  ( -103.2881466289779837, 5.523689529747169757, 6.185107660541860675 ) ) ;
#3858 = CIRCLE ( 'NONE', #1967, 0.9999999999999574785 ) ;
#3859 = CARTESIAN_POINT ( 'NONE',  ( -5.129874518999146815, 8.679106661183531912, -3.118028983725925407 ) ) ;
#3860 = CARTESIAN_POINT ( 'NONE',  ( -22.04076750934030571, 0.5411307157895768327, 14.59544467882592400 ) ) ;
#3861 = CARTESIAN_POINT ( 'NONE',  ( -2.558324417422239705, 6.486832020799955245, -6.002003839226414783 ) ) ;
#3862 = CARTESIAN_POINT ( 'NONE',  ( 29.96248360075442108, -1.610758993378430537, -18.01276632103797937 ) ) ;
#3863 = ORIENTED_EDGE ( 'NONE', *, *, #2954, .T. ) ;
#3864 = CARTESIAN_POINT ( 'NONE',  ( 18.71545151788553696, 1.464109662199035045, -13.02423928868650016 ) ) ;
#3865 = CARTESIAN_POINT ( 'NONE',  ( -2.560761339294888028, 6.041934806043554040, -5.874762450655394375 ) ) ;
#3866 = CARTESIAN_POINT ( 'NONE',  ( -4.793634107952486900, 6.592894775519878792, -6.303329484467563582 ) ) ;
#3867 = CARTESIAN_POINT ( 'NONE',  ( -18.86778250342765872, 1.862787314052444243, 13.10014149704708153 ) ) ;
#3868 = CARTESIAN_POINT ( 'NONE',  ( 5.990949916455832636, 3.866286657587584497, -0.4592340831506647181 ) ) ;
#3869 = CARTESIAN_POINT ( 'NONE',  ( 4.000740528106680571, -3.344995944322629366, -22.83184432983398438 ) ) ;
#3870 = CIRCLE ( 'NONE', #4199, 0.2499999999999998335 ) ;
#3871 = CARTESIAN_POINT ( 'NONE',  ( 103.7977538806443221, 5.065817810396143095, -6.096528011914021050 ) ) ;
#3872 = CARTESIAN_POINT ( 'NONE',  ( 5.340070220103301679, 6.494749849740816927, 6.212018773873904998 ) ) ;
#3873 = CARTESIAN_POINT ( 'NONE',  ( 119.7045557038839831, 6.081218647904189645, 0.6472830906759302616 ) ) ;
#3874 = CARTESIAN_POINT ( 'NONE',  ( -8.003927566431357832, 3.823698812634169109, 7.620571177666130680 ) ) ;
#3875 = CARTESIAN_POINT ( 'NONE',  ( -119.6935424317815091, 6.666751484883218559, -1.137933154919810619 ) ) ;
#3876 = CARTESIAN_POINT ( 'NONE',  ( -77.23425187973091965, 8.727064649385239292, -1.753104329109178794 ) ) ;
#3877 = CARTESIAN_POINT ( 'NONE',  ( -27.65168517628015010, 8.834647935209906322, -9.175046334702106066 ) ) ;
#3878 = CARTESIAN_POINT ( 'NONE',  ( -5.058831358653648635, 3.333359356170543464, 3.727382320398946014 ) ) ;
#3879 = CARTESIAN_POINT ( 'NONE',  ( -15.24408878450239690, 7.180110220926405162, -7.037852311706685349 ) ) ;
#3880 = CARTESIAN_POINT ( 'NONE',  ( 28.50035404521588234, -1.636006746455993532, -17.28143636709904385 ) ) ;
#3881 = CARTESIAN_POINT ( 'NONE',  ( -119.4116356410415563, 6.272646385948278613, 1.959986551795020127 ) ) ;
#3882 =( BOUNDED_CURVE ( )  B_SPLINE_CURVE ( 3, ( #637, #1671, #5310, #4205 ),
 .UNSPECIFIED., .F., .T. ) 
 B_SPLINE_CURVE_WITH_KNOTS ( ( 4, 4 ),
 ( 1.228982067163009839, 1.229232980878274484 ),
 .UNSPECIFIED. ) 
 CURVE ( )  GEOMETRIC_REPRESENTATION_ITEM ( )  RATIONAL_B_SPLINE_CURVE ( ( 1.000000000000000000, 0.9999999947535256339, 0.9999999947535256339, 1.000000000000000000 ) ) 
 REPRESENTATION_ITEM ( '' )  );
#3883 = CARTESIAN_POINT ( 'NONE',  ( 50.37033843994141336, 8.885399372754953617, 7.015694618225095880 ) ) ;
#3884 = VERTEX_POINT ( 'NONE', #359 ) ;
#3885 = CARTESIAN_POINT ( 'NONE',  ( -25.01556452313137058, -1.587480954908868203, 17.85316361262891505 ) ) ;
#3886 = FACE_OUTER_BOUND ( 'NONE', #2681, .T. ) ;
#3887 = CARTESIAN_POINT ( 'NONE',  ( 119.4145785096440022, 5.884751621606074679, 1.495542482732549194 ) ) ;
#3888 = CARTESIAN_POINT ( 'NONE',  ( 59.18078509460972469, 7.916824580622069618, 7.623332948870103820 ) ) ;
#3889 = B_SPLINE_CURVE_WITH_KNOTS ( 'NONE', 3,
 ( #3865, #849, #266, #3965, #814, #197, #2859, #3387, #3899, #5550, #6385, #1882, #3997, #2302, #2894, #3479, #1817, #5970, #2171, #4452, #4809, #6069, #1332, #4420, #2926, #5007, #5485, #6101, #5040, #4520, #2368, #3931 ),
 .UNSPECIFIED., .F., .F.,
 ( 4, 2, 2, 2, 2, 2, 2, 2, 2, 2, 2, 2, 2, 2, 2, 4 ),
 ( 0.000000000000000000, 0.0009872286468595528348, 0.001974457293719105670, 0.002961685940578658287, 0.003948914587438211339, 0.004936143234297765692, 0.005923371881157318310, 0.006910600528016872662, 0.007897829174876426148, 0.008885057821735981368, 0.009872286468595536588, 0.01085951511545509007, 0.01135312943888486768, 0.01184674376231464182, 0.01382120105603374532, 0.01579565834975284883 ),
 .UNSPECIFIED. ) ;
#3890 = CARTESIAN_POINT ( 'NONE',  ( -36.20509464223435003, -1.786321624571258315, 18.40715677272487838 ) ) ;
#3891 = CARTESIAN_POINT ( 'NONE',  ( 40.33433252056252627, 8.277109356223771641, 9.284476607302769580 ) ) ;
#3892 = CARTESIAN_POINT ( 'NONE',  ( -116.7440813390928156, 2.742005300966032788, 12.49862220258313883 ) ) ;
#3893 = CARTESIAN_POINT ( 'NONE',  ( -6.224413422255070216, 8.366721691452385201, 0.8023585166691113990 ) ) ;
#3894 = CARTESIAN_POINT ( 'NONE',  ( -9.714451465470119729E-14, 13.42264973081045554, 0.000000000000000000 ) ) ;
#3895 = CARTESIAN_POINT ( 'NONE',  ( -101.2317066394287650, 7.492315187915423280, -8.392722129821759580 ) ) ;
#3896 = CARTESIAN_POINT ( 'NONE',  ( 22.97466297380144340, -0.9070874323473886447, -16.89319578753315909 ) ) ;
#3897 = EDGE_LOOP ( 'NONE', ( #1113, #6625, #3929, #607, #3273 ) ) ;
#3898 = CARTESIAN_POINT ( 'NONE',  ( 11.98995638113158435, 3.290755583174641785, -9.044153093565823198 ) ) ;
#3899 = CARTESIAN_POINT ( 'NONE',  ( -5.120892597357737941, 4.682637000220833734, -3.779513424609151961 ) ) ;
#3900 = CARTESIAN_POINT ( 'NONE',  ( -119.4289838692067889, 6.884587618723512215, 0.4549500819951852737 ) ) ;
#3901 = CARTESIAN_POINT ( 'NONE',  ( 21.94003176986552717, 0.7746513446473514142, -14.94606730150760221 ) ) ;
#3902 = CARTESIAN_POINT ( 'NONE',  ( 5.362803210708539936, 4.464957098305429639, 3.391338718503801086 ) ) ;
#3903 = CARTESIAN_POINT ( 'NONE',  ( 10.96848201751709162, 6.434825093923514316, 5.845096588134764737 ) ) ;
#3904 = EDGE_CURVE ( 'NONE', #4298, #5567, #5827, .T. ) ;
#3905 = CARTESIAN_POINT ( 'NONE',  ( 86.65454005175331531, 3.896361206084375528, -8.569410400742565770 ) ) ;
#3906 = CARTESIAN_POINT ( 'NONE',  ( 6.620149545603455365, 6.595974768600058269, 6.099116281524674221 ) ) ;
#3907 = CARTESIAN_POINT ( 'NONE',  ( -2.488962502187991532, 4.159285259086828113, 6.785635356287246012 ) ) ;
#3908 = CARTESIAN_POINT ( 'NONE',  ( 1.923743750261290408, 4.127323681570389091, -6.576783346763547478 ) ) ;
#3909 = CARTESIAN_POINT ( 'NONE',  ( -127.7750253304121060, 6.654454525771550166, -3.576096057891823943 ) ) ;
#3910 = CARTESIAN_POINT ( 'NONE',  ( -1.729125723916812296, 4.220983228598667480, 6.064215108844594582 ) ) ;
#3911 = CARTESIAN_POINT ( 'NONE',  ( -119.6972498713867736, 6.595664913070091728, -0.2161637297466625363 ) ) ;
#3912 = CARTESIAN_POINT ( 'NONE',  ( -31.90470052797102340, 8.383065098588788899, -9.476377611927516043 ) ) ;
#3913 = CARTESIAN_POINT ( 'NONE',  ( -119.4212605833391052, 6.277583304402156728, 0.3599714041880927029 ) ) ;
#3914 = CARTESIAN_POINT ( 'NONE',  ( -5.998945313177976857, 7.271946222896616518, -6.056724251091589295 ) ) ;
#3915 = CARTESIAN_POINT ( 'NONE',  ( 50.18105697631835938, 9.119281561551952464, 3.283983230590817648 ) ) ;
#3916 = ORIENTED_EDGE ( 'NONE', *, *, #1510, .T. ) ;
#3917 = CARTESIAN_POINT ( 'NONE',  ( -27.72346368839754760, -2.515781106484832996, 18.90520041345801161 ) ) ;
#3918 = CARTESIAN_POINT ( 'NONE',  ( -101.4753278380796644, 7.244554713183870120, -5.374862876405043011 ) ) ;
#3919 = CARTESIAN_POINT ( 'NONE',  ( 119.4076042443060004, 6.166136163809855297, 2.508460793789150767 ) ) ;
#3920 = CARTESIAN_POINT ( 'NONE',  ( 27.52211976987740272, 8.697085136357754820, 9.158604931681207262 ) ) ;
#3921 =( BOUNDED_SURFACE ( )  B_SPLINE_SURFACE ( 3, 2, ( 
 ( #4181, #5798, #2547 ),
 ( #5700, #5734, #6721 ),
 ( #1026, #3663, #2056 ),
 ( #3696, #5248, #2617 ),
 ( #4766, #4730, #3172 ),
 ( #2131, #4113, #962 ),
 ( #1478, #3075, #444 ),
 ( #3138, #5764, #4660 ),
 ( #6754, #2023, #5218 ),
 ( #995, #473, #4695 ),
 ( #6789, #506, #4217 ),
 ( #2097, #5358, #3247 ),
 ( #2271, #2760, #1098 ),
 ( #66, #3210, #4946 ),
 ( #5324, #5458, #3359 ),
 ( #1647, #6416, #4427 ),
 ( #5832, #6449, #6517 ),
 ( #4804, #578, #1171 ),
 ( #6481, #5975, #3763 ),
 ( #1133, #2687, #614 ),
 ( #4355, #3834, #203 ),
 ( #2309, #5392, #723 ),
 ( #3285, #1719, #1789 ),
 ( #2828, #2165, #4839 ),
 ( #4283, #1755, #3324 ),
 ( #652, #6380, #2793 ),
 ( #689, #5869, #2724 ),
 ( #4911, #103, #2203 ),
 ( #169, #1210, #5939 ),
 ( #4318, #1683, #3871 ),
 ( #1244, #3797, #5903 ),
 ( #4877, #4388, #2237 ),
 ( #5427, #137, #2900 ),
 ( #6010, #367, #5524 ),
 ( #6613, #852, #4980 ),
 ( #4002, #1337, #6681 ),
 ( #2441, #5624, #6645 ),
 ( #3455, #6549, #3970 ),
 ( #820, #2865, #1276 ),
 ( #5111, #4557, #4036 ),
 ( #2999, #6045, #3392 ),
 ( #1916, #270, #2473 ),
 ( #2932, #3521, #4588 ),
 ( #5490, #757, #238 ),
 ( #3905, #2341, #4457 ),
 ( #4491, #788, #890 ),
 ( #2410, #6139, #2375 ),
 ( #6582, #5012, #1821 ),
 ( #1400, #3938, #1305 ),
 ( #2967, #3425, #1853 ),
 ( #6074, #5557, #5046 ),
 ( #303, #4524, #3484 ),
 ( #1887, #6106, #1370 ),
 ( #5590, #5082, #337 ),
 ( #1569, #6306, #4758 ),
 ( #2539, #538, #436 ),
 ( #2572, #2645, #5726 ),
 ( #6172, #4137, #3164 ),
 ( #2089, #6714, #1052 ),
 ( #1438, #6206, #4209 ),
 ( #6779, #5275, #3688 ),
 ( #1948, #4624, #3557 ),
 ( #920, #4070, #5657 ),
 ( #3031, #5145, #4656 ),
 ( #5790, #399, #466 ),
 ( #4172, #2505, #5180 ),
 ( #6273, #499, #6746 ),
 ( #1503, #5211, #1536 ),
 ( #3099, #1982, #2017 ),
 ( #4105, #1470, #3590 ),
 ( #3623, #5691, #955 ),
 ( #988, #3067, #6236 ),
 ( #4686, #2049, #3657 ),
 ( #5756, #1019, #3132 ),
 ( #5242, #2609, #4720 ),
 ( #6819, #2716, #2123 ),
 ( #1234, #130, #571 ),
 ( #5895, #3351, #5931 ),
 ( #4902, #1163, #5315 ),
 ( #6473, #682, #4310 ),
 ( #5967, #4794, #6409 ),
 ( #5419, #3278, #1090 ),
 ( #2680, #5861, #4870 ),
 ( #5450, #3240, #714 ),
 ( #5385, #1746, #2820 ),
 ( #4240, #6337, #5824 ),
 ( #24, #3201, #1605 ),
 ( #606, #1640, #3862 ),
 ( #643, #2786, #5351 ),
 ( #4831, #3755, #3720 ),
 ( #162, #57, #2157 ),
 ( #4348, #4277, #2753 ),
 ( #6372, #1126, #95 ),
 ( #2263, #2229, #6441 ),
 ( #1200, #2194, #1676 ),
 ( #4381, #3789, #1712 ),
 ( #3827, #3315, #5482 ),
 ( #6509, #3896, #1267 ),
 ( #4417, #748, #1781 ),
 ( #4938, #6001, #194 ) ),
 .UNSPECIFIED., .F., .F., .F. ) 
 B_SPLINE_SURFACE_WITH_KNOTS ( ( 4, 2, 2, 2, 2, 2, 2, 2, 2, 2, 2, 2, 2, 2, 2, 2, 2, 2, 2, 2, 2, 2, 2, 2, 2, 2, 2, 2, 2, 2, 2, 2, 2, 2, 2, 2, 2, 2, 2, 2, 2, 2, 2, 2, 2, 2, 2, 2, 2, 4 ),
 ( 3, 3 ),
 ( 0.005455507538931312836, 0.007024943943334599310, 0.008594380347737885784, 0.008790559898288297785, 0.008986739448838708053, 0.009379098549939530322, 0.01016381675214117312, 0.01094853495434281593, 0.01173325315654446047, 0.01251797135874610500, 0.01330268956094774781, 0.01487212596535103515, 0.01644156236975432422, 0.01801099877415760983, 0.02114987158296418451, 0.02271930798736747012, 0.02428874439177075573, 0.02585818079617404480, 0.02742761720057733041, 0.03056649000938390509, 0.03370536281819047630, 0.03684423562699705446, 0.03998310843580362567, 0.04312198124461019688, 0.04626085405341677503, 0.04939972686222334625, 0.05253859967102991746, 0.05567747247983649561, 0.05881634528864307376, 0.06038578169304635590, 0.06195521809744964498, 0.06823296371506279434, 0.07137183652386935862, 0.07451070933267593677, 0.07764958214148251492, 0.07921901854588579706, 0.08078845495028907919, 0.08392732775909565734, 0.08706620056790223550, 0.09020507337670879977, 0.09177450978111209579, 0.09334394618551537792, 0.09491338258991866006, 0.09648281899432195607, 0.09805225539872523821, 0.09962169180312852035, 0.1011911282075318164, 0.1019758464097334505, 0.1027605646119350985, 0.1058994374207416767 ),
 ( 0.000000000000000000, 1.000000000000000000 ),
 .UNSPECIFIED. ) 
 GEOMETRIC_REPRESENTATION_ITEM ( )  RATIONAL_B_SPLINE_SURFACE ( (
 ( 1.000000000000000000, 0.03405470804336500207, 1.000000000000000000),
 ( 1.000000000000000000, 0.03259475207197511798, 1.000000000000000000),
 ( 1.000000000000000000, 0.03123449894062735668, 1.000000000000000000),
 ( 1.000000000000000000, 0.02872016114402784967, 1.000000000000000000),
 ( 1.000000000000000000, 0.02756563332654742016, 1.000000000000000000),
 ( 1.000000000000000000, 0.02639338720210668635, 1.000000000000000000),
 ( 1.000000000000000000, 0.02626491089365031242, 1.000000000000000000),
 ( 1.000000000000000000, 0.02601157630889690611, 1.000000000000000000),
 ( 1.000000000000000000, 0.02588263957807135709, 1.000000000000000000),
 ( 1.000000000000000000, 0.02553364509506977909, 1.000000000000000000),
 ( 1.000000000000000000, 0.02536026463344353415, 1.000000000000000000),
 ( 1.000000000000000000, 0.02502351962191759135, 1.000000000000000000),
 ( 1.000000000000000000, 0.02504647225584228504, 1.000000000000000000),
 ( 1.000000000000000000, 0.02547916448697679775, 1.000000000000000000),
 ( 1.000000000000000000, 0.02589042769930272742, 1.000000000000000000),
 ( 1.000000000000000000, 0.02696563432344171660, 1.000000000000000000),
 ( 1.000000000000000000, 0.02762776336779890901, 1.000000000000000000),
 ( 1.000000000000000000, 0.02907415006618434966, 1.000000000000000000),
 ( 1.000000000000000000, 0.02985809649625817755, 1.000000000000000000),
 ( 1.000000000000000000, 0.03146163103861743249, 1.000000000000000000),
 ( 1.000000000000000000, 0.03228091799118478628, 1.000000000000000000),
 ( 1.000000000000000000, 0.03471555712633908608, 1.000000000000000000),
 ( 1.000000000000000000, 0.03630347536302210021, 1.000000000000000000),
 ( 1.000000000000000000, 0.03933928975975472392, 1.000000000000000000),
 ( 1.000000000000000000, 0.04080379164548147974, 1.000000000000000000),
 ( 1.000000000000000000, 0.04365396901674060276, 1.000000000000000000),
 ( 1.000000000000000000, 0.04502782266175742176, 1.000000000000000000),
 ( 1.000000000000000000, 0.04900120380014617860, 1.000000000000000000),
 ( 1.000000000000000000, 0.05145523784052625366, 1.000000000000000000),
 ( 1.000000000000000000, 0.05489728655147348840, 1.000000000000000000),
 ( 1.000000000000000000, 0.05594708962362778676, 1.000000000000000000),
 ( 1.000000000000000000, 0.05782175352886455982, 1.000000000000000000),
 ( 1.000000000000000000, 0.05868048933936925032, 1.000000000000000000),
 ( 1.000000000000000000, 0.06038227897068577238, 1.000000000000000000),
 ( 1.000000000000000000, 0.06122156791035752305, 1.000000000000000000),
 ( 1.000000000000000000, 0.06299477798863828415, 1.000000000000000000),
 ( 1.000000000000000000, 0.06392806371366731299, 1.000000000000000000),
 ( 1.000000000000000000, 0.06692744308821303723, 1.000000000000000000),
 ( 1.000000000000000000, 0.06921422817062938826, 1.000000000000000000),
 ( 1.000000000000000000, 0.07403424093694498109, 1.000000000000000000),
 ( 1.000000000000000000, 0.07654554273365340999, 1.000000000000000000),
 ( 1.000000000000000000, 0.08107756088748055423, 1.000000000000000000),
 ( 1.000000000000000000, 0.08308776791699061526, 1.000000000000000000),
 ( 1.000000000000000000, 0.08604654194537880718, 1.000000000000000000),
 ( 1.000000000000000000, 0.08676541408201590699, 1.000000000000000000),
 ( 1.000000000000000000, 0.08653649816886446744, 1.000000000000000000),
 ( 1.000000000000000000, 0.08561802145488973947, 1.000000000000000000),
 ( 1.000000000000000000, 0.08351696645072664849, 1.000000000000000000),
 ( 1.000000000000000000, 0.08234325004814471716, 1.000000000000000000),
 ( 1.000000000000000000, 0.08127385760236742474, 1.000000000000000000),
 ( 1.000000000000000000, 0.08145464936532893774, 1.000000000000000000),
 ( 1.000000000000000000, 0.08374668904695185823, 1.000000000000000000),
 ( 1.000000000000000000, 0.08582991168240670932, 1.000000000000000000),
 ( 1.000000000000000000, 0.09109947410893910746, 1.000000000000000000),
 ( 1.000000000000000000, 0.09425211778447117883, 1.000000000000000000),
 ( 1.000000000000000000, 0.1004284154365242265, 1.000000000000000000),
 ( 1.000000000000000000, 0.1034384536251030384, 1.000000000000000000),
 ( 1.000000000000000000, 0.1072247352810667131, 1.000000000000000000),
 ( 1.000000000000000000, 0.1084375993674723399, 1.000000000000000000),
 ( 1.000000000000000000, 0.1101342715817982126, 1.000000000000000000),
 ( 1.000000000000000000, 0.1106461727200465650, 1.000000000000000000),
 ( 1.000000000000000000, 0.1119304584774888506, 1.000000000000000000),
 ( 1.000000000000000000, 0.1090540712435398712, 1.000000000000000000),
 ( 1.000000000000000000, 0.1039905707502136595, 1.000000000000000000),
 ( 1.000000000000000000, 0.1021285627184045364, 1.000000000000000000),
 ( 1.000000000000000000, 0.09869899642548443652, 1.000000000000000000),
 ( 1.000000000000000000, 0.09713381695876247002, 1.000000000000000000),
 ( 1.000000000000000000, 0.09483551299781334265, 1.000000000000000000),
 ( 1.000000000000000000, 0.09410525491697414868, 1.000000000000000000),
 ( 1.000000000000000000, 0.09389588586029298800, 1.000000000000000000),
 ( 1.000000000000000000, 0.09397196371888938415, 1.000000000000000000),
 ( 1.000000000000000000, 0.09443616010758942858, 1.000000000000000000),
 ( 1.000000000000000000, 0.09487812806073195326, 1.000000000000000000),
 ( 1.000000000000000000, 0.09646212191491522481, 1.000000000000000000),
 ( 1.000000000000000000, 0.09793703507008083564, 1.000000000000000000),
 ( 1.000000000000000000, 0.1011788396726172601, 1.000000000000000000),
 ( 1.000000000000000000, 0.1029300255468846986, 1.000000000000000000),
 ( 1.000000000000000000, 0.1062889835780000264, 1.000000000000000000),
 ( 1.000000000000000000, 0.1079120603603094669, 1.000000000000000000),
 ( 1.000000000000000000, 0.1103081508501394248, 1.000000000000000000),
 ( 1.000000000000000000, 0.1110801279665190044, 1.000000000000000000),
 ( 1.000000000000000000, 0.1125593278677828185, 1.000000000000000000),
 ( 1.000000000000000000, 0.1132691972143064635, 1.000000000000000000),
 ( 1.000000000000000000, 0.1145710559472080531, 1.000000000000000000),
 ( 1.000000000000000000, 0.1151636132287668784, 1.000000000000000000),
 ( 1.000000000000000000, 0.1162864035038810168, 1.000000000000000000),
 ( 1.000000000000000000, 0.1168318016838055945, 1.000000000000000000),
 ( 1.000000000000000000, 0.1178325308707722091, 1.000000000000000000),
 ( 1.000000000000000000, 0.1183028164710159258, 1.000000000000000000),
 ( 1.000000000000000000, 0.1193817105550061819, 1.000000000000000000),
 ( 1.000000000000000000, 0.1199854340826154719, 1.000000000000000000),
 ( 1.000000000000000000, 0.1215658193464980025, 1.000000000000000000),
 ( 1.000000000000000000, 0.1225419450498678314, 1.000000000000000000),
 ( 1.000000000000000000, 0.1245011584209994859, 1.000000000000000000),
 ( 1.000000000000000000, 0.1252064983556407385, 1.000000000000000000),
 ( 1.000000000000000000, 0.1270945261943116633, 1.000000000000000000),
 ( 1.000000000000000000, 0.1282470674129453370, 1.000000000000000000),
 ( 1.000000000000000000, 0.1349694576379659172, 1.000000000000000000),
 ( 1.000000000000000000, 0.1433972461147219879, 1.000000000000000000),
 ( 1.000000000000000000, 0.1540276276900516828, 1.000000000000000000) ) ) 
 REPRESENTATION_ITEM ( '' )  SURFACE ( )  );
#3922 = CARTESIAN_POINT ( 'NONE',  ( 5.330576706535651965, 6.868697038229694130, 6.216232829025997830 ) ) ;
#3923 = AXIS2_PLACEMENT_3D ( 'NONE', #653, #32, #4878 ) ;
#3924 = CARTESIAN_POINT ( 'NONE',  ( -115.1230269596577074, 6.696888678952216623, -5.247989395747533869 ) ) ;
#3925 = VERTEX_POINT ( 'NONE', #6637 ) ;
#3926 = CARTESIAN_POINT ( 'NONE',  ( -105.3606377343090372, 5.606232179756060141, 5.833992975838361517 ) ) ;
#3927 = CARTESIAN_POINT ( 'NONE',  ( -4.224110712520470656, 6.581546470143242011, 4.274212670793529512 ) ) ;
#3928 = CARTESIAN_POINT ( 'NONE',  ( 5.833204182709386565, 4.094170208826219515, 2.429817080184886180 ) ) ;
#3929 = ORIENTED_EDGE ( 'NONE', *, *, #3737, .F. ) ;
#3930 = CARTESIAN_POINT ( 'NONE',  ( 8.889375276438617135, 3.710609049862241271, -7.889545564516679654 ) ) ;
#3931 = CARTESIAN_POINT ( 'NONE',  ( -1.970584362600230621, 3.935225997395730868, 6.014264994549617604 ) ) ;
#3932 = EDGE_CURVE ( 'NONE', #3884, #3262, #4197, .T. ) ;
#3933 = CARTESIAN_POINT ( 'NONE',  ( -119.4125933953680487, 6.817523802998892712, 0.7696734117275146891 ) ) ;
#3934 =( NAMED_UNIT ( * ) SI_UNIT ( $, .STERADIAN. ) SOLID_ANGLE_UNIT ( ) );
#3935 = AXIS2_PLACEMENT_3D ( 'NONE', #1869, #1997, #6088 ) ;
#3936 = CARTESIAN_POINT ( 'NONE',  ( 5.799181970019961163, 3.369481377864268268, -2.391137504124566160 ) ) ;
#3937 = CARTESIAN_POINT ( 'NONE',  ( 22.56036376953125355, 6.684041471658639821, 5.352248668670653409 ) ) ;
#3938 = CARTESIAN_POINT ( 'NONE',  ( 80.90296717039967689, 2.421313166492177427, -12.13640070108787228 ) ) ;
#3939 = CARTESIAN_POINT ( 'NONE',  ( -11.82614902878799867, 3.376358384686478864, 8.967724023918220766 ) ) ;
#3940 = CARTESIAN_POINT ( 'NONE',  ( 2.282485517326266589, 6.703067404917163685, 5.548884199849538845 ) ) ;
#3941 = DIRECTION ( 'NONE',  ( 0.000000000000000000, -0.000000000000000000, 1.000000000000000000 ) ) ;
#3942 = CARTESIAN_POINT ( 'NONE',  ( -77.46055957400470504, 8.452163982390272778, -5.600244998931871443 ) ) ;
#3943 = CARTESIAN_POINT ( 'NONE',  ( -1.926033085891026619, 4.204418328165539620, 6.773235956049411755 ) ) ;
#3944 = CARTESIAN_POINT ( 'NONE',  ( -9.683835295491435942E-14, -42.18829223128360439, 2.500000000000020428 ) ) ;
#3945 = CARTESIAN_POINT ( 'NONE',  ( -18.33898653088906627, 7.501882679479642491, -7.708500849701654722 ) ) ;
#3946 = CARTESIAN_POINT ( 'NONE',  ( -1.705426480051245530, 4.387949914653176187, 6.729563127875197281 ) ) ;
#3947 = CARTESIAN_POINT ( 'NONE',  ( 2.636201498281286693, 4.315519960044069236, -6.786012850905149385 ) ) ;
#3948 = CARTESIAN_POINT ( 'NONE',  ( 12.50310420989990412, 8.028304608045521817, 0.3769603073596947684 ) ) ;
#3949 = VERTEX_POINT ( 'NONE', #1298 ) ;
#3950 = CARTESIAN_POINT ( 'NONE',  ( -22.93812543293038786, 0.2438316803094343899, 15.03321497876800628 ) ) ;
#3951 = CARTESIAN_POINT ( 'NONE',  ( -119.6378145729863434, 7.018977307863053738, -1.792289589240607883 ) ) ;
#3952 = CARTESIAN_POINT ( 'NONE',  ( 119.6550350879337401, 5.476594363033682633, -1.903546172208468112 ) ) ;
#3953 = CARTESIAN_POINT ( 'NONE',  ( 41.25582612289613138, 8.584016890065525374, 9.204050256556792320 ) ) ;
#3954 = B_SPLINE_CURVE_WITH_KNOTS ( 'NONE', 3,
 ( #3754, #5860, #6472, #2228, #3239, #4830 ),
 .UNSPECIFIED., .F., .F.,
 ( 4, 2, 4 ),
 ( 2.191805263462181882E-17, 0.0002088560246953182127, 0.0004177120493906144702 ),
 .UNSPECIFIED. ) ;
#3955 = CARTESIAN_POINT ( 'NONE',  ( 3.953315089090943424, 7.778130672325451300, 4.523149727801337505 ) ) ;
#3956 = CARTESIAN_POINT ( 'NONE',  ( 3.652445026260431327, 4.728816166248468456, -6.902713783948667192 ) ) ;
#3957 = ORIENTED_EDGE ( 'NONE', *, *, #227, .T. ) ;
#3958 = CARTESIAN_POINT ( 'NONE',  ( -114.6264365257290052, 5.552771518448640364, 3.901924537222542622 ) ) ;
#3959 = CARTESIAN_POINT ( 'NONE',  ( -5.961839806153742316, 8.123608189859535145, 0.7110637052866807251 ) ) ;
#3960 =( BOUNDED_SURFACE ( )  B_SPLINE_SURFACE ( 3, 2, ( 
 ( #1097, #1754, #5938 ),
 ( #1242, #1611, #1209 ),
 ( #5425, #577, #2164 ),
 ( #2686, #136, #30 ) ),
 .UNSPECIFIED., .F., .F., .T. ) 
 B_SPLINE_SURFACE_WITH_KNOTS ( ( 4, 4 ),
 ( 3, 3 ),
 ( 0.02781150024544691221, 0.02879259628872877716 ),
 ( 0.000000000000000000, 1.000000000000000000 ),
 .UNSPECIFIED. ) 
 GEOMETRIC_REPRESENTATION_ITEM ( )  RATIONAL_B_SPLINE_SURFACE ( (
 ( 1.000000000000000000, 0.7235839602778532109, 1.000000000000000000),
 ( 1.000000000000000000, 0.7268361938540242040, 1.000000000000000000),
 ( 1.000000000000000000, 0.7299678866541428057, 1.000000000000000000),
 ( 1.000000000000000000, 0.7330102370464678385, 1.000000000000000000) ) ) 
 REPRESENTATION_ITEM ( '' )  SURFACE ( )  );
#3961 = CARTESIAN_POINT ( 'NONE',  ( -22.04076750934030571, 0.5411307157895768327, 14.59544467882592400 ) ) ;
#3962 = CIRCLE ( 'NONE', #2747, 2.500000000000026201 ) ;
#3963 = ORIENTED_EDGE ( 'NONE', *, *, #1069, .T. ) ;
#3964 = CARTESIAN_POINT ( 'NONE',  ( 3.395597524914574450, 4.092133391631257666, -6.885573419271668882 ) ) ;
#3965 = CARTESIAN_POINT ( 'NONE',  ( -3.644207226754767603, 5.611577559961255623, -5.263437750509040391 ) ) ;
#3966 = CARTESIAN_POINT ( 'NONE',  ( -119.6693804261353336, 7.222036599149313396, -1.470041114714408348 ) ) ;
#3967 = PERSON_AND_ORGANIZATION ( #1100, #5694 ) ;
#3968 = CARTESIAN_POINT ( 'NONE',  ( 4.728930710666348958, 3.336508714053272318, -4.137404487361763472 ) ) ;
#3969 = CARTESIAN_POINT ( 'NONE',  ( 0.9964106082916239782, 2.968893082319216781, -4.381004810333251953 ) ) ;
#3970 = CARTESIAN_POINT ( 'NONE',  ( 97.06944700345253807, 4.775767059325531250, -7.286548434601444413 ) ) ;
#3971 = CYLINDRICAL_SURFACE ( 'NONE', #2813, 6.499999999999999112 ) ;
#3972 = EDGE_CURVE ( 'NONE', #6099, #44, #6807, .T. ) ;
#3973 = B_SPLINE_CURVE_WITH_KNOTS ( 'NONE', 3,
 ( #4261, #5195, #1588, #3673 ),
 .UNSPECIFIED., .F., .F.,
 ( 4, 4 ),
 ( 1.657659673902390310E-17, 0.0004491231321178176111 ),
 .UNSPECIFIED. ) ;
#3974 = CARTESIAN_POINT ( 'NONE',  ( 5.717883154313226690, 8.474881318523671325, 1.847154012207175677 ) ) ;
#3975 = CARTESIAN_POINT ( 'NONE',  ( 21.24637628548638446, 0.7282336451194424409, -14.16055509744209751 ) ) ;
#3976 = CARTESIAN_POINT ( 'NONE',  ( -4.534328897416466830, 7.501676562036721840, 4.257534503936767578 ) ) ;
#3977 = CARTESIAN_POINT ( 'NONE',  ( -119.4128105572355025, 6.819014771681880305, 0.7629455740628335869 ) ) ;
#3978 = CARTESIAN_POINT ( 'NONE',  ( -10.03306322936580841, 6.763206995177396763, -6.289139292447325502 ) ) ;
#3979 = CARTESIAN_POINT ( 'NONE',  ( -1.743754666216007942, 4.046773229266636740, 5.787898483374609881 ) ) ;
#3980 = CARTESIAN_POINT ( 'NONE',  ( 16.52492122219269888, 2.488983045989788589, -11.70334416175098369 ) ) ;
#3981 = B_SPLINE_CURVE_WITH_KNOTS ( 'NONE', 3,
 ( #5868, #4838, #1646, #688 ),
 .UNSPECIFIED., .F., .F.,
 ( 4, 4 ),
 ( 9.821453437832166798E-05, 0.001356133773636443787 ),
 .UNSPECIFIED. ) ;
#3982 = CARTESIAN_POINT ( 'NONE',  ( 13.83347129821777521, 6.290425868211689142, 8.111748695373535156 ) ) ;
#3983 = ORIENTED_EDGE ( 'NONE', *, *, #1874, .T. ) ;
#3984 = CARTESIAN_POINT ( 'NONE',  ( 25.65782331343456946, 7.947887862367887912, 8.850209419884516038 ) ) ;
#3985 = CARTESIAN_POINT ( 'NONE',  ( 6.190564422931143618, 8.265698575588944053, -1.081175200999124897 ) ) ;
#3986 = DIRECTION ( 'NONE',  ( 0.000000000000000000, 0.000000000000000000, -1.000000000000000000 ) ) ;
#3987 = CARTESIAN_POINT ( 'NONE',  ( 19.72268511495958165, 8.072545921306078398, 7.964109335146217994 ) ) ;
#3988 = CARTESIAN_POINT ( 'NONE',  ( 1.974897819240583274, 7.145473612198228963, 5.671048341492995526 ) ) ;
#3989 = CARTESIAN_POINT ( 'NONE',  ( 4.848890328953475937, 6.675823129892112462, 6.320435523690989044 ) ) ;
#3990 = VERTEX_POINT ( 'NONE', #1844 ) ;
#3991 = CARTESIAN_POINT ( 'NONE',  ( -80.92379126747199791, 2.794729406573118968, 12.13640070145036631 ) ) ;
#3992 = CARTESIAN_POINT ( 'NONE',  ( 5.655551277747347783, 4.263338395689181937, 2.027411046844374898 ) ) ;
#3993 = CARTESIAN_POINT ( 'NONE',  ( 4.929537464415955306, 4.793863205187550491, 4.022358874608938706 ) ) ;
#3994 = FACE_OUTER_BOUND ( 'NONE', #6443, .T. ) ;
#3995 = VERTEX_POINT ( 'NONE', #5649 ) ;
#3996 = CARTESIAN_POINT ( 'NONE',  ( -2.560547696550010244, 4.804057877996184445, 6.788108589571196561 ) ) ;
#3997 = CARTESIAN_POINT ( 'NONE',  ( -5.958286980002585942, 4.039374248265626299, -2.126725683747197948 ) ) ;
#3998 = CARTESIAN_POINT ( 'NONE',  ( -117.1927660935911746, 6.859025789265795758, -4.474183485253695913 ) ) ;
#3999 = MECHANICAL_CONTEXT ( 'NONE', #2256, 'mechanical' ) ;
#4000 = CARTESIAN_POINT ( 'NONE',  ( 3.533485730958301652, 5.755342189630243688, 4.858095788492441613 ) ) ;
#4001 = CARTESIAN_POINT ( 'NONE',  ( 22.40726470947265980, 6.124003024278574792, 1.656092643737791636 ) ) ;
#4002 = CARTESIAN_POINT ( 'NONE',  ( 99.12362209129888413, 4.418526371336454872, -6.714071102018992931 ) ) ;
#4003 = CARTESIAN_POINT ( 'NONE',  ( 5.349582785210396985, 6.614444910806969169, 6.211256543501384009 ) ) ;
#4004 = EDGE_CURVE ( 'NONE', #1662, #4158, #4021, .T. ) ;
#4005 = CARTESIAN_POINT ( 'NONE',  ( 3.812903421426040662, 6.296379781959974054, -4.642195622006465960 ) ) ;
#4006 = FACE_BOUND ( 'NONE', #2003, .T. ) ;
#4007 = CARTESIAN_POINT ( 'NONE',  ( -28.79813127874200163, 6.724392444332705665, 5.101405143737797410 ) ) ;
#4008 = CARTESIAN_POINT ( 'NONE',  ( -116.9630811726855626, 7.063130438874516415, -4.409438120858878207 ) ) ;
#4009 = CARTESIAN_POINT ( 'NONE',  ( -12.11549796392164247, 6.945422160381751198, -6.561791612689592768 ) ) ;
#4010 = CARTESIAN_POINT ( 'NONE',  ( 56.68188117622859323, 1.590792184807270138, -13.37131773822376246 ) ) ;
#4011 = CARTESIAN_POINT ( 'NONE',  ( 5.414770113092560067, 4.181580064567120836, -7.204905933053391998 ) ) ;
#4012 = CARTESIAN_POINT ( 'NONE',  ( 1.885489344596863681, 4.898336918531373207, 7.394479274749755859 ) ) ;
#4013 = ORIENTED_EDGE ( 'NONE', *, *, #3850, .T. ) ;
#4014 = CARTESIAN_POINT ( 'NONE',  ( -2.294571316669423489, 6.767856691593734375, -5.762948202329164715 ) ) ;
#4015 = CARTESIAN_POINT ( 'NONE',  ( 5.072805671467163435, 8.529678861476634566, 3.714258561954993265 ) ) ;
#4016 = DIRECTION ( 'NONE',  ( -0.000000000000000000, -1.000000000000000000, -0.000000000000000000 ) ) ;
#4017 = CARTESIAN_POINT ( 'NONE',  ( 12.99108240964253369, 7.527223157218867478, 6.821683644174060923 ) ) ;
#4018 = DIRECTION ( 'NONE',  ( 0.03530638939064357357, 0.000000000000000000, 0.9993765350798448077 ) ) ;
#4019 = CARTESIAN_POINT ( 'NONE',  ( -20.41364743531879355, 1.374277330221042481, 14.03545292085098417 ) ) ;
#4020 = CARTESIAN_POINT ( 'NONE',  ( -101.4770381001351183, 7.373528733997440021, -5.375629053984711803 ) ) ;
#4021 = B_SPLINE_CURVE_WITH_KNOTS ( 'NONE', 3,
 ( #2432, #6540, #1878, #3510, #4482, #5103, #6671, #3993, #2332, #1814, #3416, #3928, #1329, #6097, #781, #1428, #4061, #2889, #5004, #2922, #2955, #4547, #5580, #1909, #262, #845, #912, #2364, #5547, #5037, #2399, #6129 ),
 .UNSPECIFIED., .F., .F.,
 ( 4, 2, 2, 2, 2, 2, 2, 2, 2, 2, 2, 2, 2, 2, 2, 4 ),
 ( 0.000000000000000000, 0.0009872286468595543527, 0.001974457293719108705, 0.002961685940578663058, 0.003948914587438217411, 0.004936143234297772631, 0.005923371881157326116, 0.006910600528016880469, 0.007897829174876434821, 0.008885057821735990041, 0.009872286468595545261, 0.01085951511545509528, 0.01135312943888487289, 0.01184674376231464703, 0.01382120105603374879, 0.01579565834975284883 ),
 .UNSPECIFIED. ) ;
#4022 = VERTEX_POINT ( 'NONE', #3961 ) ;
#4023 = CARTESIAN_POINT ( 'NONE',  ( -91.30305875446546793, 3.316333250828684243, 10.85154042460033175 ) ) ;
#4024 = CARTESIAN_POINT ( 'NONE',  ( -2.750598647199665514, 6.981147794370817117, -5.364811480015200473 ) ) ;
#4025 = CARTESIAN_POINT ( 'NONE',  ( 3.845034245264275619, 6.754624197795347840, 6.230869737084526072 ) ) ;
#4026 =( BOUNDED_SURFACE ( )  B_SPLINE_SURFACE ( 3, 2, ( 
 ( #3353, #132, #4796 ),
 ( #5353, #684, #6475 ),
 ( #717, #6374, #3280 ),
 ( #2160, #3864, #5387 ),
 ( #4279, #2232, #3829 ),
 ( #4419, #646, #5969 ),
 ( #2822, #1642, #2718 ),
 ( #6511, #4313, #4834 ),
 ( #4350, #5933, #1783 ),
 ( #3898, #1202, #6004 ),
 ( #608, #6412, #1678 ),
 ( #297, #3478, #2367 ),
 ( #3386, #1912, #5583 ),
 ( #3930, #4029, #1816 ),
 ( #5075, #4484, #3449 ),
 ( #6608, #6575, #848 ),
 ( #2858, #4519, #5039 ),
 ( #1847, #6100, #6039 ),
 ( #813, #3964, #5519 ),
 ( #1300, #3419, #2402 ),
 ( #1944, #751, #265 ),
 ( #4550, #6640, #1881 ) ),
 .UNSPECIFIED., .F., .F., .T. ) 
 B_SPLINE_SURFACE_WITH_KNOTS ( ( 4, 2, 2, 2, 2, 2, 2, 2, 2, 2, 4 ),
 ( 3, 3 ),
 ( 0.2234728000696748207, 0.2263214597520294968, 0.2291701194343841452, 0.2320187791167388214, 0.2348674387990934975, 0.2362917686402708217, 0.2377160984814481459, 0.2405647581638028221, 0.2434134178461574982, 0.2448377476873348224, 0.2462620775285121466 ),
 ( 0.000000000000000000, 1.000000000000000000 ),
 .UNSPECIFIED. ) 
 GEOMETRIC_REPRESENTATION_ITEM ( )  RATIONAL_B_SPLINE_SURFACE ( (
 ( 1.000000000000000000, 0.5640378215075867452, 1.000000000000000000),
 ( 1.000000000000000000, 0.5716548403275849566, 1.000000000000000000),
 ( 1.000000000000000000, 0.5786213398693296206, 1.000000000000000000),
 ( 1.000000000000000000, 0.5916874015897226613, 1.000000000000000000),
 ( 1.000000000000000000, 0.5974727106582696790, 1.000000000000000000),
 ( 1.000000000000000000, 0.6116935731407577848, 1.000000000000000000),
 ( 1.000000000000000000, 0.6198984829730354029, 1.000000000000000000),
 ( 1.000000000000000000, 0.6411345116942868128, 1.000000000000000000),
 ( 1.000000000000000000, 0.6551099237157476107, 1.000000000000000000),
 ( 1.000000000000000000, 0.6776975265003144511, 1.000000000000000000),
 ( 1.000000000000000000, 0.6855655812166849827, 1.000000000000000000),
 ( 1.000000000000000000, 0.7016410395750580786, 1.000000000000000000),
 ( 1.000000000000000000, 0.7098767412816461286, 1.000000000000000000),
 ( 1.000000000000000000, 0.7337636189005148912, 1.000000000000000000),
 ( 1.000000000000000000, 0.7481832705158953933, 1.000000000000000000),
 ( 1.000000000000000000, 0.7730827648907293570, 1.000000000000000000),
 ( 1.000000000000000000, 0.7838520756305447090, 1.000000000000000000),
 ( 1.000000000000000000, 0.7976870666530301301, 1.000000000000000000),
 ( 1.000000000000000000, 0.8019234976025569894, 1.000000000000000000),
 ( 1.000000000000000000, 0.8097078505973783757, 1.000000000000000000),
 ( 1.000000000000000000, 0.8131759249769094922, 1.000000000000000000),
 ( 1.000000000000000000, 0.8165679310137839986, 1.000000000000000000) ) ) 
 REPRESENTATION_ITEM ( '' )  SURFACE ( )  );
#4027 = DIRECTION ( 'NONE',  ( -1.000000000000000000, 0.000000000000000000, 0.000000000000000000 ) ) ;
#4028 = EDGE_LOOP ( 'NONE', ( #6150, #1782 ) ) ;
#4029 = CARTESIAN_POINT ( 'NONE',  ( 8.838794231817397318, 3.727579281892370311, -8.116593763213307611 ) ) ;
#4030 = CARTESIAN_POINT ( 'NONE',  ( 41.29939071736313139, 8.657088490700504124, 9.098910129143432002 ) ) ;
#4031 = ADVANCED_FACE ( 'NONE', ( #295 ), #2200, .F. ) ;
#4032 = CARTESIAN_POINT ( 'NONE',  ( -118.4513979995508777, 7.050297146910311064, -3.687051861843620770 ) ) ;
#4033 = PERSON_AND_ORGANIZATION ( #1100, #5694 ) ;
#4034 = EDGE_CURVE ( 'NONE', #1489, #4225, #3811, .T. ) ;
#4035 = CARTESIAN_POINT ( 'NONE',  ( 7.953703880310063923, 9.830009253202387498, 11.60427188873291193 ) ) ;
#4036 = CARTESIAN_POINT ( 'NONE',  ( 93.95929079803273964, 4.628516074412092784, -7.805598071019938189 ) ) ;
#4037 = CARTESIAN_POINT ( 'NONE',  ( 27.71253807667707747, 8.148162695090162444, 9.262288245557961375 ) ) ;
#4038 = CARTESIAN_POINT ( 'NONE',  ( 5.918700424662885595, 8.008465482751352837, -1.033702747382280185 ) ) ;
#4039 = CARTESIAN_POINT ( 'NONE',  ( 119.6656747008048853, 6.430396682553403132, 1.504336103590821594 ) ) ;
#4040 = CARTESIAN_POINT ( 'NONE',  ( 2.568158131930643240, 6.287192910422105818, 6.166481769391779721 ) ) ;
#4041 = CARTESIAN_POINT ( 'NONE',  ( -118.6444941377204714, 7.333048649968355370, -3.206075793931378204 ) ) ;
#4042 = CARTESIAN_POINT ( 'NONE',  ( -65.60304172058658878, 7.644691605051259664, -7.189523998523851489 ) ) ;
#4043 = CARTESIAN_POINT ( 'NONE',  ( -3.923708274133025142, 3.722741331965876643, 4.563386438378834065 ) ) ;
#4044 = CARTESIAN_POINT ( 'NONE',  ( -105.6913510947061354, 6.849518853869456692, -5.026480571735397973 ) ) ;
#4045 = AXIS2_PLACEMENT_3D ( 'NONE', #1986, #1892, #6210 ) ;
#4046 = CARTESIAN_POINT ( 'NONE',  ( -1.765999711663999605, 4.650240234124979999, 6.731572192124451348 ) ) ;
#4047 = ORIENTED_EDGE ( 'NONE', *, *, #6055, .T. ) ;
#4048 = CARTESIAN_POINT ( 'NONE',  ( 50.84062688357055038, 7.661286132232678625, 8.148218810537631640 ) ) ;
#4049 = FACE_OUTER_BOUND ( 'NONE', #4124, .T. ) ;
#4050 = FACE_OUTER_BOUND ( 'NONE', #4848, .T. ) ;
#4051 = CARTESIAN_POINT ( 'NONE',  ( 11.94732088521876712, 7.585583944010739543, 6.668007510415353778 ) ) ;
#4052 = CARTESIAN_POINT ( 'NONE',  ( -61.86869421080994869, 2.390921783389737598, 12.57424360212415593 ) ) ;
#4053 = CARTESIAN_POINT ( 'NONE',  ( -3.301191201822977650, 7.364498144890309739, -5.017702357312789019 ) ) ;
#4054 = CARTESIAN_POINT ( 'NONE',  ( 5.834166988728374470, 7.019535936889305994, 6.146267624389278872 ) ) ;
#4056 = EDGE_CURVE ( 'NONE', #5968, #4022, #1269, .T. ) ;
#4055 = EDGE_LOOP ( 'NONE', ( #2493, #1810, #5611, #2073 ) ) ;
#4057 = ORIENTED_EDGE ( 'NONE', *, *, #6548, .T. ) ;
#4058 = CARTESIAN_POINT ( 'NONE',  ( -74.25398111751620434, 3.916944574120650557, 10.79199398585150682 ) ) ;
#4059 = CARTESIAN_POINT ( 'NONE',  ( 2.837780778296002282, 6.079009539101637216, 5.294862713246371477 ) ) ;
#4060 = CIRCLE ( 'NONE', #3726, 0.2500000000000001110 ) ;
#4061 = CARTESIAN_POINT ( 'NONE',  ( 6.288865918365716290, 3.697523643482355293, 0.2210740606253090712 ) ) ;
#4062 = CIRCLE ( 'NONE', #1078, 0.5000000000000004441 ) ;
#4063 = CARTESIAN_POINT ( 'NONE',  ( 18.98005783023694448, 2.040305208483393695, -13.07439072376406486 ) ) ;
#4064 = ORIENTED_EDGE ( 'NONE', *, *, #4337, .T. ) ;
#4065 = CARTESIAN_POINT ( 'NONE',  ( -8.126405474170372401, 4.643338022983713564, 7.893660139398255282 ) ) ;
#4066 = CARTESIAN_POINT ( 'NONE',  ( 2.568158131930662336, 6.287192910422116476, 6.166481769391797485 ) ) ;
#4067 = CARTESIAN_POINT ( 'NONE',  ( -116.8617534992574321, 6.973394951385118112, -4.586648056835645804 ) ) ;
#4068 = DATE_TIME_ROLE ( 'creation_date' ) ;
#4069 = CARTESIAN_POINT ( 'NONE',  ( 128.0010223388671875, 5.962408454595389706, 0.1534056216478275059 ) ) ;
#4070 = CARTESIAN_POINT ( 'NONE',  ( 60.09442028774665090, 0.8670409929937743509, -14.86050945948053581 ) ) ;
#4071 = CARTESIAN_POINT ( 'NONE',  ( 37.16891176321654910, 8.229604818230241037, 9.507494594103594210 ) ) ;
#4072 = ADVANCED_FACE ( 'NONE', ( #1011 ), #391, .T. ) ;
#4073 = CARTESIAN_POINT ( 'NONE',  ( -1.729040796197209406, 4.321912237860214390, 6.722947946195137803 ) ) ;
#4074 = CARTESIAN_POINT ( 'NONE',  ( 119.6133388070516617, 6.722456984307490835, 1.900187221868755882 ) ) ;
#4075 = AXIS2_PLACEMENT_3D ( 'NONE', #1176, #5874, #6452 ) ;
#4076 = CARTESIAN_POINT ( 'NONE',  ( -28.31633721747467902, 2.894457134216098737, 12.05518627166748402 ) ) ;
#4077 = CARTESIAN_POINT ( 'NONE',  ( 105.6889760478846227, 6.361757449157779298, 5.026480571735409519 ) ) ;
#4078 = CARTESIAN_POINT ( 'NONE',  ( -103.5793930713277149, 6.895927825995011418, -5.102437132996509028 ) ) ;
#4079 = CARTESIAN_POINT ( 'NONE',  ( 4.791149215304088216, 6.799845193043982050, 6.295153951826299554 ) ) ;
#4080 = CARTESIAN_POINT ( 'NONE',  ( 116.0790846613172107, 5.156321567644355675, -3.384638759835808308 ) ) ;
#4081 = CARTESIAN_POINT ( 'NONE',  ( -116.7938906915284605, 6.575798592388623298, -4.368713801195421631 ) ) ;
#4082 = DIRECTION ( 'NONE',  ( 0.000000000000000000, 0.000000000000000000, -1.000000000000000000 ) ) ;
#4083 = ORIENTED_EDGE ( 'NONE', *, *, #2356, .T. ) ;
#4084 = CARTESIAN_POINT ( 'NONE',  ( 1.730748412503145373, 4.104414357537554459, -5.761593645975136013 ) ) ;
#4085 = CARTESIAN_POINT ( 'NONE',  ( -2.287158639227286905, 6.901003718508086138, -5.628479988899227848 ) ) ;
#4086 = FACE_OUTER_BOUND ( 'NONE', #2452, .T. ) ;
#4087 = CARTESIAN_POINT ( 'NONE',  ( 9.864498680997707325, 7.497772499607890495, 6.390094146821459375 ) ) ;
#4088 = CARTESIAN_POINT ( 'NONE',  ( -32.56236641700814261, -2.232827984286592127, 18.13406165418566474 ) ) ;
#4089 = CARTESIAN_POINT ( 'NONE',  ( -2.808117342085373558, 7.036866005985361383, -5.310293540432630799 ) ) ;
#4090 = CARTESIAN_POINT ( 'NONE',  ( -76.08454440664908702, 7.737591065599461970, -6.633586631428569191 ) ) ;
#4091 = EDGE_CURVE ( 'NONE', #6396, #5825, #2377, .T. ) ;
#4092 = VERTEX_POINT ( 'NONE', #1117 ) ;
#4093 = ORIENTED_EDGE ( 'NONE', *, *, #679, .T. ) ;
#4094 = CARTESIAN_POINT ( 'NONE',  ( -86.67841457982622444, 4.738312618016585986, 8.798866539834582667 ) ) ;
#4095 = CARTESIAN_POINT ( 'NONE',  ( -2.485355328304416744, 7.377936097649953950, -5.492610375044126414 ) ) ;
#4096 = CARTESIAN_POINT ( 'NONE',  ( -112.6206111178474600, 5.883905505900656863, 4.595492062962922120 ) ) ;
#4097 = CARTESIAN_POINT ( 'NONE',  ( -9.714451465470119729E-14, 13.42264973081046264, -1.500000000000000000 ) ) ;
#4098 = ORIENTED_EDGE ( 'NONE', *, *, #4034, .T. ) ;
#4099 = CARTESIAN_POINT ( 'NONE',  ( -16.61775097465910989, 2.971760757403342446, 11.63725076503357059 ) ) ;
#4100 = CARTESIAN_POINT ( 'NONE',  ( -1.902263228945476836, 5.448885881666124753, 6.077962805435252136 ) ) ;
#4101 = CARTESIAN_POINT ( 'NONE',  ( -118.3224046488849268, 7.034699691063375226, -3.794025402607430486 ) ) ;
#4102 = CIRCLE ( 'NONE', #563, 3.500000000000023981 ) ;
#4103 = CARTESIAN_POINT ( 'NONE',  ( 54.54585266113280539, -2.535388438524342369, -20.72436141967773793 ) ) ;
#4104 = CARTESIAN_POINT ( 'NONE',  ( -13.72450996372659660, 3.695817677651580979, 5.095381259918214667 ) ) ;
#4105 = CARTESIAN_POINT ( 'NONE',  ( 48.07845650442600771, 0.2000894294945544383, -15.21421613094213399 ) ) ;
#4106 = DIRECTION ( 'NONE',  ( -0.03827654881621850996, -0.9992671843960051481, -3.469446951953620105E-15 ) ) ;
#4107 = DIRECTION ( 'NONE',  ( -1.000000000000000000, 0.000000000000000000, 0.000000000000000000 ) ) ;
#4108 = CARTESIAN_POINT ( 'NONE',  ( -0.7344540840384720104, 1.300085722819901424, 9.300500869750976563 ) ) ;
#4109 = DIRECTION ( 'NONE',  ( 0.000000000000000000, -0.1945420275949392708, -0.9808941836402386150 ) ) ;
#4110 = CARTESIAN_POINT ( 'NONE',  ( -95.13186229311874342, 7.068590626598036053, -5.418806951416897277 ) ) ;
#4111 = EDGE_CURVE ( 'NONE', #96, #6368, #6090, .T. ) ;
#4112 = CARTESIAN_POINT ( 'NONE',  ( -2.571975438379989765, 6.299053800243552992, -6.166481769391778833 ) ) ;
#4113 = CARTESIAN_POINT ( 'NONE',  ( 120.1871515581286332, 2.845662358637762512, -11.61205922751381969 ) ) ;
#4114 = CARTESIAN_POINT ( 'NONE',  ( -71.94178350358991736, 7.742880873703283484, -6.844769386266912115 ) ) ;
#4115 = FACE_OUTER_BOUND ( 'NONE', #5710, .T. ) ;
#4116 = CARTESIAN_POINT ( 'NONE',  ( -9.714451465470119729E-14, 6.488675134594886984, 0.000000000000000000 ) ) ;
#4117 = DIRECTION ( 'NONE',  ( 0.000000000000000000, 0.000000000000000000, -1.000000000000000000 ) ) ;
#4118 = CARTESIAN_POINT ( 'NONE',  ( 12.98823350196722437, 7.636772592213698196, 6.822028775586287175 ) ) ;
#4119 = EDGE_CURVE ( 'NONE', #2334, #3496, #1049, .T. ) ;
#4120 = CARTESIAN_POINT ( 'NONE',  ( -111.5647390809481720, 5.366247358589133931, 4.626026096995153658 ) ) ;
#4121 = CARTESIAN_POINT ( 'NONE',  ( -4.255502772710353376, 6.602833124337196047, 4.242595046203144094 ) ) ;
#4122 = CARTESIAN_POINT ( 'NONE',  ( -50.72510490640348024, 8.275181379699944273, -8.342504507609577402 ) ) ;
#4123 = EDGE_LOOP ( 'NONE', ( #433, #4643, #4582, #1201 ) ) ;
#4124 = EDGE_LOOP ( 'NONE', ( #3568, #5543, #5582, #5577 ) ) ;
#4125 = CARTESIAN_POINT ( 'NONE',  ( -72.19085665694994702, 3.292693273616432048, 10.93942623525577673 ) ) ;
#4126 = B_SPLINE_CURVE_WITH_KNOTS ( 'NONE', 3,
 ( #5141, #2567, #395, #1979, #4100, #5687 ),
 .UNSPECIFIED., .F., .F.,
 ( 4, 2, 4 ),
 ( 1.951563910473907981E-18, 0.0002063138836035183850, 0.0004126277672070348184 ),
 .UNSPECIFIED. ) ;
#4127 = CARTESIAN_POINT ( 'NONE',  ( 6.005432945582334092, 3.943945962200299249, 0.1873267163124676671 ) ) ;
#4128 = CARTESIAN_POINT ( 'NONE',  ( -86.68154546159468055, 4.736828483942660206, 8.804723063987934140 ) ) ;
#4129 = DIRECTION ( 'NONE',  ( 1.000000000000000000, 0.000000000000000000, -1.224646799147353207E-16 ) ) ;
#4130 = ORIENTED_EDGE ( 'NONE', *, *, #780, .F. ) ;
#4131 = CARTESIAN_POINT ( 'NONE',  ( -16.52461026906746611, 2.785816116311713664, 11.69002531994692085 ) ) ;
#4132 = CARTESIAN_POINT ( 'NONE',  ( 103.5931481501300055, 6.892896688042013942, 5.210712077378786056 ) ) ;
#4133 = CARTESIAN_POINT ( 'NONE',  ( -2.293747184332209699, 7.061931770024892252, -5.782508798546552420 ) ) ;
#4134 = B_SPLINE_CURVE_WITH_KNOTS ( 'NONE', 3,
 ( #1779, #2225, #3312, #712, #2457, #5416 ),
 .UNSPECIFIED., .F., .F.,
 ( 4, 2, 4 ),
 ( 1.390486644391990834E-17, 0.005563980211534609761, 0.01112796042306920564 ),
 .UNSPECIFIED. ) ;
#4135 = CARTESIAN_POINT ( 'NONE',  ( 101.5979766845703125, 7.443804712472765317, 10.90947341918944780 ) ) ;
#4136 = CARTESIAN_POINT ( 'NONE',  ( -72.95886909444186585, 7.161513442660734086, -2.703608751296984192 ) ) ;
#4137 = CARTESIAN_POINT ( 'NONE',  ( 66.89615474481682611, 1.442067910527871311, -13.93765203104689832 ) ) ;
#4138 = AXIS2_PLACEMENT_3D ( 'NONE', #5781, #4710, #6806 ) ;
#4139 = DIRECTION ( 'NONE',  ( 0.000000000000000000, 0.000000000000000000, -1.000000000000000000 ) ) ;
#4140 = LOCAL_TIME ( 21, 29, 28.00000000000000000, #6136 ) ;
#4141 = EDGE_CURVE ( 'NONE', #1971, #421, #3539, .T. ) ;
#4142 = CARTESIAN_POINT ( 'NONE',  ( 117.3964506743348437, 6.595008727943319826, 4.216401014539433056 ) ) ;
#4143 = CARTESIAN_POINT ( 'NONE',  ( -112.2032389733160329, -8.355660676451753588, 15.65855407714845171 ) ) ;
#4144 = CARTESIAN_POINT ( 'NONE',  ( 2.082067174849294044, 4.836460371724422558, -6.683782807188572761 ) ) ;
#4145 = CARTESIAN_POINT ( 'NONE',  ( -88.81582666539991067, 7.443955811396063993, -5.936316493143926287 ) ) ;
#4146 = CARTESIAN_POINT ( 'NONE',  ( -98.88300725428234728, 3.123706464511590397, -11.32365798950193536 ) ) ;
#4147 = CARTESIAN_POINT ( 'NONE',  ( -5.147436812449791788, 4.694199425290635830, -3.115133164063329296 ) ) ;
#4148 = CARTESIAN_POINT ( 'NONE',  ( -57.18318083113018702, 7.985307906241717824, -7.780756909534119359 ) ) ;
#4149 = CARTESIAN_POINT ( 'NONE',  ( 28.44938468933104048, -8.829461543382713273, -21.83477592468261719 ) ) ;
#4150 = CARTESIAN_POINT ( 'NONE',  ( 5.837170165966693247, 6.391328719052557616, 6.046231185564341359 ) ) ;
#4151 = DIRECTION ( 'NONE',  ( 0.000000000000000000, 0.000000000000000000, -1.000000000000000000 ) ) ;
#4152 = CARTESIAN_POINT ( 'NONE',  ( -6.000836652768092527, 7.272536682582458667, -6.056415253478264482 ) ) ;
#4153 = CARTESIAN_POINT ( 'NONE',  ( -117.4980342848534320, 6.792807317379547349, -4.333269627005099878 ) ) ;
#4154 = CARTESIAN_POINT ( 'NONE',  ( -84.58639613253424727, 4.215391457979318801, 8.813938701362244998 ) ) ;
#4155 = AXIS2_PLACEMENT_3D ( 'NONE', #5639, #2392, #2982 ) ;
#4156 = CARTESIAN_POINT ( 'NONE',  ( 119.3765340359845766, 6.529069299337220578, 2.569021056184439988 ) ) ;
#4157 = CARTESIAN_POINT ( 'NONE',  ( -88.77944408259860154, 7.544871053330711952, -5.938889461497480760 ) ) ;
#4158 = VERTEX_POINT ( 'NONE', #6601 ) ;
#4159 = ORIENTED_EDGE ( 'NONE', *, *, #6411, .F. ) ;
#4160 = CARTESIAN_POINT ( 'NONE',  ( -41.73732753861298050, -1.151978500340859579, 17.01034209508421924 ) ) ;
#4161 = CC_DESIGN_PERSON_AND_ORGANIZATION_ASSIGNMENT ( #300, #3422, ( #2815 ) ) ;
#4162 = CARTESIAN_POINT ( 'NONE',  ( -4.410701951539148347, 5.176270244795620812, -4.618245582421057982 ) ) ;
#4163 = CARTESIAN_POINT ( 'NONE',  ( 1.923743750261290408, 4.127323681570389091, -6.576783346763547478 ) ) ;
#4164 = CARTESIAN_POINT ( 'NONE',  ( -118.4869235097600324, 6.421838901643393882, 2.491282304484931487 ) ) ;
#4165 = CARTESIAN_POINT ( 'NONE',  ( 1.730967782882252504, 4.518129208949110520, -5.744876568438826325 ) ) ;
#4166 = CARTESIAN_POINT ( 'NONE',  ( -9.524592186661205773, 4.571929060261775923, 8.251583952613044559 ) ) ;
#4167 = CARTESIAN_POINT ( 'NONE',  ( 71.88921523167047667, 7.700243436573522615, 6.753155408826820860 ) ) ;
#4168 = CARTESIAN_POINT ( 'NONE',  ( 63.50679052846963657, 7.574126160839985467, 7.318449937611860356 ) ) ;
#4169 = APPROVAL_DATE_TIME ( #4653, #1325 ) ;
#4170 = CARTESIAN_POINT ( 'NONE',  ( 74.64296722412109375, -2.368763415636180092, -20.13272857666015980 ) ) ;
#4171 = CARTESIAN_POINT ( 'NONE',  ( -13.28589955053374716, -0.6097894852727597792, 19.00410461425781250 ) ) ;
#4172 = CARTESIAN_POINT ( 'NONE',  ( 53.59843093364596456, 1.188809776816730279, -13.93932456327325653 ) ) ;
#4173 = DIRECTION ( 'NONE',  ( 0.000000000000000000, 0.000000000000000000, -1.000000000000000000 ) ) ;
#4174 = CARTESIAN_POINT ( 'NONE',  ( 117.1733509124174049, 6.472694300135829693, 4.482065463543932538 ) ) ;
#4175 = CARTESIAN_POINT ( 'NONE',  ( -31.91406877533802700, 8.383192702415554365, -9.476630114299581464 ) ) ;
#4176 = CARTESIAN_POINT ( 'NONE',  ( 1.611367212046967312, 4.797164980601538176, -6.658420285228978663 ) ) ;
#4177 = AXIS2_PLACEMENT_3D ( 'NONE', #4255, #35, #4117 ) ;
#4178 = CARTESIAN_POINT ( 'NONE',  ( -38.21972162815814755, 8.530119755638489565, -9.444743187398412232 ) ) ;
#4179 = DIRECTION ( 'NONE',  ( -0.9950932921315859270, -0.08949399289939517776, -0.04219200385908617595 ) ) ;
#4180 = ADVANCED_FACE ( 'NONE', ( #876 ), #276, .T. ) ;
#4181 = CARTESIAN_POINT ( 'NONE',  ( 119.4051709218369410, 5.476351854500631333, -1.911351683678231161 ) ) ;
#4182 = CARTESIAN_POINT ( 'NONE',  ( -12.17031459453282416, 7.166822089520489492, -6.696893096003223356 ) ) ;
#4183 = CIRCLE ( 'NONE', #5072, 5.500000000000000000 ) ;
#4184 = CARTESIAN_POINT ( 'NONE',  ( 76.31884002685546875, 1.494044335065721540, -14.73312282562256215 ) ) ;
#4185 = CARTESIAN_POINT ( 'NONE',  ( 4.801962602271269809, 6.483133899094918107, 6.234199713410452759 ) ) ;
#4186 = CARTESIAN_POINT ( 'NONE',  ( 2.282485517326266589, 6.703067404917163685, 5.548884199849538845 ) ) ;
#4187 = CARTESIAN_POINT ( 'NONE',  ( 72.17987856918034595, 3.385860404188351769, -11.19666852971142212 ) ) ;
#4188 = CARTESIAN_POINT ( 'NONE',  ( -118.8489991544079913, 6.476034862844853635, -2.938317509819368123 ) ) ;
#4189 = EDGE_LOOP ( 'NONE', ( #6293, #2124, #1005, #6131 ) ) ;
#4190 = CARTESIAN_POINT ( 'NONE',  ( -78.36450044237783175, 3.846845664619300997, 9.747388250815957278 ) ) ;
#4191 = CARTESIAN_POINT ( 'NONE',  ( 119.6563301418453165, 5.721801137843121943, -1.952177918470599849 ) ) ;
#4192 = CARTESIAN_POINT ( 'NONE',  ( -52.84123685687313809, 8.233124005790896760, -8.151083290834849393 ) ) ;
#4193 = EDGE_LOOP ( 'NONE', ( #5066, #5364, #4549, #3418, #4568, #2979 ) ) ;
#4194 = ORIENTED_EDGE ( 'NONE', *, *, #2384, .F. ) ;
#4195 = CARTESIAN_POINT ( 'NONE',  ( -48.48203931877628037, -0.9656632536990185089, 17.49683429109956023 ) ) ;
#4196 = CARTESIAN_POINT ( 'NONE',  ( -4.701475128413215465, 4.613921402516840686, -3.758658250437621806 ) ) ;
#4197 = B_SPLINE_CURVE_WITH_KNOTS ( 'NONE', 3,
 ( #880, #1940, #2992, #5515, #4025, #328, #6605 ),
 .UNSPECIFIED., .F., .F.,
 ( 4, 3, 4 ),
 ( 3.506612209303673066E-16, 0.0008508986759584469825, 0.002243018096429323129 ),
 .UNSPECIFIED. ) ;
#4198 = CARTESIAN_POINT ( 'NONE',  ( 78.20595139698551179, 7.453038558810057168, 6.526054521221131388 ) ) ;
#4199 = AXIS2_PLACEMENT_3D ( 'NONE', #432, #6203, #2997 ) ;
#4200 = EDGE_CURVE ( 'NONE', #421, #3949, #2038, .T. ) ;
#4201 = CARTESIAN_POINT ( 'NONE',  ( -114.1478595317064446, 5.983267366501860529, 4.218059773044831040 ) ) ;
#4202 = CARTESIAN_POINT ( 'NONE',  ( 15.24420259585642334, 7.109758301085313370, 7.037852311705105279 ) ) ;
#4203 = CARTESIAN_POINT ( 'NONE',  ( -119.4194756264752328, 6.514343511158116939, 2.023398177651003049 ) ) ;
#4204 = CARTESIAN_POINT ( 'NONE',  ( 118.0552645461832810, 5.979333067407586633, 3.999600226657399560 ) ) ;
#4205 = CARTESIAN_POINT ( 'NONE',  ( -1.738992852168564029, 5.177134779849146717, 5.745166017006866355 ) ) ;
#4206 = CARTESIAN_POINT ( 'NONE',  ( 19.45629455460288426, 7.657839264088200260, 7.912849042013862189 ) ) ;
#4207 = CARTESIAN_POINT ( 'NONE',  ( 126.5875396728515767, 6.137454958139244354, 7.251729965209953832 ) ) ;
#4208 = CARTESIAN_POINT ( 'NONE',  ( -56.33938438879039268, 10.17096108986375391, -14.79146289825438387 ) ) ;
#4209 = CARTESIAN_POINT ( 'NONE',  ( 64.95032536167440185, 2.768942806487859620, -12.40608929050523912 ) ) ;
#4210 = ORIENTED_EDGE ( 'NONE', *, *, #122, .F. ) ;
#4211 = CARTESIAN_POINT ( 'NONE',  ( 118.3017674538618280, 6.749568428328393210, 3.546361191718127248 ) ) ;
#4212 = FACE_OUTER_BOUND ( 'NONE', #6607, .T. ) ;
#4213 = CARTESIAN_POINT ( 'NONE',  ( -47.06075391107521000, 9.034936837341973614, -8.706477264660927418 ) ) ;
#4214 = DIRECTION ( 'NONE',  ( -0.0004605127008616707808, -0.09978527011755146392, 0.9950088882998079365 ) ) ;
#4215 = DIRECTION ( 'NONE',  ( 0.08957375645485618487, -0.9959801916476884731, 0.000000000000000000 ) ) ;
#4216 = EDGE_CURVE ( 'NONE', #1425, #422, #5032, .T. ) ;
#4217 = CARTESIAN_POINT ( 'NONE',  ( 115.9742989905859361, 5.621730201030113783, -3.576748127088976492 ) ) ;
#4218 = SPHERICAL_SURFACE ( 'NONE', #4687, 0.2500000000000000000 ) ;
#4219 = CARTESIAN_POINT ( 'NONE',  ( -18.92546585120312841, 1.650911211121903532, 12.75557450770806689 ) ) ;
#4220 = CARTESIAN_POINT ( 'NONE',  ( 5.058697951658043479, 6.447416499007203150, 6.172324538085118384 ) ) ;
#4221 = SPHERICAL_SURFACE ( 'NONE', #530, 0.2500000000000000000 ) ;
#4222 = CARTESIAN_POINT ( 'NONE',  ( -11.92628526181259829, 8.449568288570842967, -9.141432762145994317 ) ) ;
#4223 = CARTESIAN_POINT ( 'NONE',  ( 92.92344572571101935, 4.582013745597827814, -7.965276476007811191 ) ) ;
#4224 = CARTESIAN_POINT ( 'NONE',  ( -9.714451465470119729E-14, -0.5000000000000177636, 0.000000000000000000 ) ) ;
#4225 = VERTEX_POINT ( 'NONE', #1767 ) ;
#4226 = CARTESIAN_POINT ( 'NONE',  ( 2.286058798933926717, 6.113002010928975771, 5.604164654859530970 ) ) ;
#4227 = CARTESIAN_POINT ( 'NONE',  ( -18.17254395587847426, 7.954877543395354245, -7.684123040581360087 ) ) ;
#4228 = CARTESIAN_POINT ( 'NONE',  ( 126.3958129882812642, 2.429019005475823167, 10.13904857635497336 ) ) ;
#4229 = ORIENTED_EDGE ( 'NONE', *, *, #3412, .F. ) ;
#4230 = CARTESIAN_POINT ( 'NONE',  ( -47.61570625040259586, 0.3127623692090026886, 15.34497996100514072 ) ) ;
#4231 = CARTESIAN_POINT ( 'NONE',  ( -6.001577645229626334, 4.009481034212881490, -0.5046764088006684412 ) ) ;
#4232 = CARTESIAN_POINT ( 'NONE',  ( 71.85655376019157359, 7.701189512876567278, 6.754823082812555057 ) ) ;
#4233 = CARTESIAN_POINT ( 'NONE',  ( -90.85336229169328703, 4.913981874907021208, 8.264905241259286939 ) ) ;
#4234 = CARTESIAN_POINT ( 'NONE',  ( 21.48626686232457317, 7.586935428356553324, 8.135403613389858180 ) ) ;
#4235 = CARTESIAN_POINT ( 'NONE',  ( -121.1046915675975981, 3.914801436392304268, 10.48489496333973925 ) ) ;
#4236 = CARTESIAN_POINT ( 'NONE',  ( 10.89924063961777634, 6.478946454825958767, 6.441173497653705837 ) ) ;
#4237 = ORIENTED_EDGE ( 'NONE', *, *, #511, .F. ) ;
#4238 = CARTESIAN_POINT ( 'NONE',  ( 5.536833654547987038, 7.590221030498476296, -3.037820489401567681 ) ) ;
#4239 = CARTESIAN_POINT ( 'NONE',  ( -15.77813758474827566, 9.693813835977339366, -11.53512859344481889 ) ) ;
#4240 = CARTESIAN_POINT ( 'NONE',  ( 31.47125307349693557, -2.250873742999490723, -17.98683499986927004 ) ) ;
#4241 = EDGE_LOOP ( 'NONE', ( #1558, #4819, #3293, #428 ) ) ;
#4242 = EDGE_CURVE ( 'NONE', #92, #555, #2029, .T. ) ;
#4243 = CARTESIAN_POINT ( 'NONE',  ( -119.5676466265992985, 7.106987372386925905, -2.411963718844154059 ) ) ;
#4244 = PRODUCT_DEFINITION ( 'UNKNOWN', '', #1160, #2313 ) ;
#4245 = CARTESIAN_POINT ( 'NONE',  ( -6.102519840589217814, 6.415898288691868956, -6.022695524280020862 ) ) ;
#4246 = CARTESIAN_POINT ( 'NONE',  ( 3.958350232195763763, 4.896445748123859687, -6.882973945668461546 ) ) ;
#4247 = CARTESIAN_POINT ( 'NONE',  ( -22.02577269804559279, 5.004188768096937245, 14.96426237813204807 ) ) ;
#4248 = CARTESIAN_POINT ( 'NONE',  ( 3.574122905731205169, 8.598508746801329039, 9.252750396728515625 ) ) ;
#4249 = CIRCLE ( 'NONE', #5574, 5.500000000000000000 ) ;
#4250 = CARTESIAN_POINT ( 'NONE',  ( -5.294441364414520734, 4.576838587509179490, -2.860757706046785032 ) ) ;
#4251 = CARTESIAN_POINT ( 'NONE',  ( 105.7071607072904129, 6.813137836306637496, 5.134133779987688939 ) ) ;
#4252 = CARTESIAN_POINT ( 'NONE',  ( 119.4154075572105285, 5.963230549560477378, -2.023398177637661277 ) ) ;
#4253 =( BOUNDED_SURFACE ( )  B_SPLINE_SURFACE ( 3, 2, ( 
 ( #3332, #2316, #6523 ),
 ( #3910, #6015, #244 ),
 ( #1281, #143, #3803 ),
 ( #5496, #4464, #3943 ) ),
 .UNSPECIFIED., .F., .F., .F. ) 
 B_SPLINE_SURFACE_WITH_KNOTS ( ( 4, 4 ),
 ( 3, 3 ),
 ( 0.02781150024544691221, 0.02879259628872877716 ),
 ( 0.000000000000000000, 1.000000000000000000 ),
 .UNSPECIFIED. ) 
 GEOMETRIC_REPRESENTATION_ITEM ( )  RATIONAL_B_SPLINE_SURFACE ( (
 ( 1.000000000000000000, 0.7235839602778524338, 1.000000000000000000),
 ( 1.000000000000000000, 0.7268361938540237599, 1.000000000000000000),
 ( 1.000000000000000000, 0.7299678866541415845, 1.000000000000000000),
 ( 1.000000000000000000, 0.7330102370464679495, 1.000000000000000000) ) ) 
 REPRESENTATION_ITEM ( '' )  SURFACE ( )  );
#4254 = DIRECTION ( 'NONE',  ( -0.000000000000000000, -1.000000000000000000, -0.000000000000000000 ) ) ;
#4255 = CARTESIAN_POINT ( 'NONE',  ( -9.714451465470119729E-14, -6.591949208711866959E-14, 0.000000000000000000 ) ) ;
#4256 = CARTESIAN_POINT ( 'NONE',  ( 22.01017013317314408, 0.4394829062993226287, -14.59544467882592400 ) ) ;
#4257 = CARTESIAN_POINT ( 'NONE',  ( 55.63850046444670738, 1.873774762689254025, -13.83692591285130113 ) ) ;
#4258 = CARTESIAN_POINT ( 'NONE',  ( 5.086128312530747486, 6.777099614704570563, 6.264769189998234289 ) ) ;
#4259 = ORIENTED_EDGE ( 'NONE', *, *, #122, .T. ) ;
#4260 = CARTESIAN_POINT ( 'NONE',  ( -5.841939096709263701, 6.418233628859709050, -6.046064778311987631 ) ) ;
#4261 = CARTESIAN_POINT ( 'NONE',  ( -2.521073389775695617, 6.980209174162851582, -5.889756391797206447 ) ) ;
#4262 = CARTESIAN_POINT ( 'NONE',  ( -19.20924585430237386, 8.209277328245827121, -7.793790381624504882 ) ) ;
#4263 = CARTESIAN_POINT ( 'NONE',  ( 117.6635742187500000, 5.292825372396302797, 6.447814464569084691 ) ) ;
#4264 = VERTEX_POINT ( 'NONE', #768 ) ;
#4265 = CARTESIAN_POINT ( 'NONE',  ( -50.59716430667447185, 0.9287233296419207251, 14.59352875811112860 ) ) ;
#4266 = CARTESIAN_POINT ( 'NONE',  ( -6.043526999148299161, 3.474693231437632868, 1.756540534921027019 ) ) ;
#4267 = DIRECTION ( 'NONE',  ( 0.000000000000000000, 1.000000000000000000, 0.000000000000000000 ) ) ;
#4268 = CARTESIAN_POINT ( 'NONE',  ( -31.51683813779348498, -1.749775686368475691, 18.33539079134897420 ) ) ;
#4269 = ADVANCED_FACE ( 'NONE', ( #2350 ), #1800, .T. ) ;
#4270 = CARTESIAN_POINT ( 'NONE',  ( 27.73206134824804892, 8.079664493571575790, 9.126489706597395113 ) ) ;
#4271 = DIRECTION ( 'NONE',  ( 0.4449464842520304830, 0.000000000000000000, -0.8955571596228560916 ) ) ;
#4272 = CARTESIAN_POINT ( 'NONE',  ( -2.886519692395778769, 5.883525359336497118, 5.712401959964633846 ) ) ;
#4273 = CARTESIAN_POINT ( 'NONE',  ( 65.61539454824736595, 7.532364370495221451, 7.190138047832468793 ) ) ;
#4274 = EDGE_LOOP ( 'NONE', ( #6734, #3805, #3221, #3643 ) ) ;
#4275 = CARTESIAN_POINT ( 'NONE',  ( 6.273081088565088059, 8.489884020429391498, -0.1195015839259988555 ) ) ;
#4276 = CARTESIAN_POINT ( 'NONE',  ( -123.3350089400405665, 3.454945667506903906, 9.362627029418963076 ) ) ;
#4277 = CARTESIAN_POINT ( 'NONE',  ( 26.15663697464116311, -2.140301020007617794, -18.35322185752085034 ) ) ;
#4278 = VERTEX_POINT ( 'NONE', #798 ) ;
#4279 = CARTESIAN_POINT ( 'NONE',  ( 18.12156598385207928, 1.816254623696418991, -12.28308533572407768 ) ) ;
#4280 = CARTESIAN_POINT ( 'NONE',  ( -1.950342425525193102, 5.235947051367945804, 6.302289671238446189 ) ) ;
#4281 = CARTESIAN_POINT ( 'NONE',  ( 7.652873335931231757, 4.648850626571128686, -7.758179078350731395 ) ) ;
#4282 = DIRECTION ( 'NONE',  ( -0.09445688917403267937, -0.9955289529127542281, 0.000000000000000000 ) ) ;
#4283 = CARTESIAN_POINT ( 'NONE',  ( 109.4871302232560595, 4.784040701619391101, -4.974865538231615147 ) ) ;
#4284 = CARTESIAN_POINT ( 'NONE',  ( 107.5584928686533601, 6.761819975499705926, 5.040780837724486929 ) ) ;
#4285 = CC_DESIGN_DATE_AND_TIME_ASSIGNMENT ( #5109, #2471, ( #2369 ) ) ;
#4286 = CARTESIAN_POINT ( 'NONE',  ( -4.539414248894945381, 6.880887310137389079, 4.472248272168029004 ) ) ;
#4287 = CARTESIAN_POINT ( 'NONE',  ( -17.96766345684381960, 1.805309452882092769, 12.55132262197776782 ) ) ;
#4288 = CARTESIAN_POINT ( 'NONE',  ( -119.6390021961849328, 6.698985915919767109, -1.794461359692021807 ) ) ;
#4289 = CARTESIAN_POINT ( 'NONE',  ( -9.714451465470119729E-14, -1.000000000000018208, 0.000000000000000000 ) ) ;
#4290 = CARTESIAN_POINT ( 'NONE',  ( -5.433126263501751652, 3.506708601595543318, 0.7392387390136724301 ) ) ;
#4291 = CARTESIAN_POINT ( 'NONE',  ( 25.20985829655861110, -0.2215015307640751940, -16.32655481830481747 ) ) ;
#4292 = CARTESIAN_POINT ( 'NONE',  ( -9.683835295491435942E-14, 13.42264973081045554, 2.500000000000015099 ) ) ;
#4293 = ORIENTED_EDGE ( 'NONE', *, *, #5999, .T. ) ;
#4294 = CARTESIAN_POINT ( 'NONE',  ( -4.804851855427718199, 6.505301682530743257, -6.234199713410450983 ) ) ;
#4295 = CARTESIAN_POINT ( 'NONE',  ( 2.305675107495955611, 6.474668977480729559, 6.014267845441758631 ) ) ;
#4296 = CARTESIAN_POINT ( 'NONE',  ( -8.047256831123318577, 7.533130644002551612, -6.101471626285876582 ) ) ;
#4297 = CARTESIAN_POINT ( 'NONE',  ( 2.286122357308312036, 6.890450844486342596, 5.628479988899228736 ) ) ;
#4298 = VERTEX_POINT ( 'NONE', #3435 ) ;
#4299 = CARTESIAN_POINT ( 'NONE',  ( -64.44685756097206308, 2.610719911278155614, 12.20627730218669349 ) ) ;
#4300 = CARTESIAN_POINT ( 'NONE',  ( -5.060148573494493540, 4.375734502929315539, -3.260449920016306624 ) ) ;
#4301 = CARTESIAN_POINT ( 'NONE',  ( 88.79765035963198727, 7.258168066162932419, 5.938848704549199553 ) ) ;
#4302 = CARTESIAN_POINT ( 'NONE',  ( 105.7030334661050546, 6.607405845749481088, 5.240136679103327921 ) ) ;
#4303 = EDGE_CURVE ( 'NONE', #149, #378, #5920, .T. ) ;
#4304 = CARTESIAN_POINT ( 'NONE',  ( 41.36535370546793899, 8.006485788408593152, 9.039862905719049380 ) ) ;
#4305 = CARTESIAN_POINT ( 'NONE',  ( -115.6075238456684531, 5.643594930719233460, 3.565820845405121897 ) ) ;
#4306 = FACE_OUTER_BOUND ( 'NONE', #1180, .T. ) ;
#4307 = ORIENTED_EDGE ( 'NONE', *, *, #946, .F. ) ;
#4308 = CARTESIAN_POINT ( 'NONE',  ( 3.153755990839855361, 6.020984573235357296, -5.557706756584560814 ) ) ;
#4309 = CYLINDRICAL_SURFACE ( 'NONE', #5280, 4.000000000000020428 ) ;
#4310 = CARTESIAN_POINT ( 'NONE',  ( 36.16136123585793172, -1.953528823223757316, -18.40738744681825168 ) ) ;
#4311 = B_SPLINE_CURVE_WITH_KNOTS ( 'NONE', 3,
 ( #1405, #5115, #3036, #372, #5661, #2478, #4593, #924, #3281, #6785, #2720, #2093, #2052, #3659, #4314, #1574, #1130, #5828, #3759, #5388, #4175, #5864, #6822, #3243, #5354, #6341, #4690, #6276, #5760, #1539, #1679, #2575, #1022, #2198, #98, #3134, #5244, #3167, #1167, #1056, #502, #62, #2613, #4245, #6413, #5898, #5794, #5281 ),
 .UNSPECIFIED., .F., .F.,
 ( 4, 2, 2, 2, 2, 2, 2, 2, 2, 2, 2, 2, 2, 2, 2, 2, 2, 2, 2, 2, 2, 2, 2, 4 ),
 ( 0.1450135166418959898, 0.1513477486452468879, 0.1576819806485978137, 0.1703504446552996654, 0.1830189086620015448, 0.1893531406653524707, 0.1956873726687033965, 0.2083558366754052482, 0.2115229526770807389, 0.2146900686787562018, 0.2210243006821071554, 0.2241914166837826738, 0.2273585326854581368, 0.2305256486871336274, 0.2336927646888091181, 0.2368598806904845810, 0.2400269966921600717, 0.2416105546929978032, 0.2424023336934166828, 0.2431941126938355346, 0.2439858916942543865, 0.2447776706946732661, 0.2455694496950921457, 0.2463612286955109976 ),
 .UNSPECIFIED. ) ;
#4312 = EDGE_LOOP ( 'NONE', ( #2111, #568, #1123, #4891 ) ) ;
#4313 = CARTESIAN_POINT ( 'NONE',  ( 13.97647867758039375, 2.820565732282689808, -10.28687766745373011 ) ) ;
#4314 = CARTESIAN_POINT ( 'NONE',  ( -46.62921387984956567, 8.016389099009684216, -8.558618023284806142 ) ) ;
#4315 = CARTESIAN_POINT ( 'NONE',  ( 13.34252073824584350, 3.772856205483137160, -9.958270521629966510 ) ) ;
#4316 = SPHERICAL_SURFACE ( 'NONE', #6264, 0.2500000000000000000 ) ;
#4317 = CARTESIAN_POINT ( 'NONE',  ( 4.453429698944097126, 9.934870751081417595, 11.63392925262451350 ) ) ;
#4318 = CARTESIAN_POINT ( 'NONE',  ( 103.7812854672592664, 4.605762308712567865, -5.903329220013498357 ) ) ;
#4319 = DIRECTION ( 'NONE',  ( -0.000000000000000000, -1.000000000000000000, -0.000000000000000000 ) ) ;
#4320 = CARTESIAN_POINT ( 'NONE',  ( -105.7240048007908939, 6.939557991372288015, -5.645665848160181355 ) ) ;
#4321 = CARTESIAN_POINT ( 'NONE',  ( 118.3017025025741731, 6.749510410325968657, 3.546282746028736277 ) ) ;
#4322 = CARTESIAN_POINT ( 'NONE',  ( 10.51723183679510143, 3.517107956350831621, -8.457626117902234952 ) ) ;
#4323 = EDGE_CURVE ( 'NONE', #1074, #1606, #5681, .T. ) ;
#4324 = CARTESIAN_POINT ( 'NONE',  ( 1.177488450917529184, 3.224995350939282357, -3.857901573181151900 ) ) ;
#4325 = CARTESIAN_POINT ( 'NONE',  ( -97.24941809263347636, 7.573509093863971309, -5.431118242042199284 ) ) ;
#4326 = CARTESIAN_POINT ( 'NONE',  ( -119.5908373779348466, 6.705738943489293113, -2.015416999547403165 ) ) ;
#4327 = ORIENTED_EDGE ( 'NONE', *, *, #1069, .F. ) ;
#4328 = CARTESIAN_POINT ( 'NONE',  ( -5.090143276187769850, 6.544790080644584229, -6.262435572925375560 ) ) ;
#4329 = CARTESIAN_POINT ( 'NONE',  ( 29.48119236619704964, -1.882515922421668764, -17.56919898265140390 ) ) ;
#4330 = CARTESIAN_POINT ( 'NONE',  ( -19.19869555627787960, 8.134918579823768425, -7.869389620952687459 ) ) ;
#4331 = B_SPLINE_CURVE_WITH_KNOTS ( 'NONE', 3,
 ( #1926, #4599, #4567, #4046 ),
 .UNSPECIFIED., .F., .F.,
 ( 4, 4 ),
 ( 9.578849408473059262E-05, 0.0002758826972114359634 ),
 .UNSPECIFIED. ) ;
#4332 = DIRECTION ( 'NONE',  ( 0.9946696815923687929, -0.09408538319681013229, 0.04219200385908605105 ) ) ;
#4333 = ORIENTED_EDGE ( 'NONE', *, *, #3326, .F. ) ;
#4334 = CARTESIAN_POINT ( 'NONE',  ( -32.29100318121569302, -3.427712966845760434, 19.87426098566927379 ) ) ;
#4335 = EDGE_CURVE ( 'NONE', #5451, #4092, #54, .T. ) ;
#4336 = CARTESIAN_POINT ( 'NONE',  ( -19.34462923581802940, 8.037729427324057596, -7.895068606556197466 ) ) ;
#4337 = EDGE_CURVE ( 'NONE', #2461, #4092, #4768, .T. ) ;
#4338 = CARTESIAN_POINT ( 'NONE',  ( 119.4354548376106351, 5.868506706638856762, 1.204081529157153385 ) ) ;
#4339 = CARTESIAN_POINT ( 'NONE',  ( 38.07891172389714995, 8.589947892677059826, 9.455955968281253732 ) ) ;
#4340 = CARTESIAN_POINT ( 'NONE',  ( -50.58729272595708437, 1.331626188227989172, 14.88565657393909270 ) ) ;
#4341 = CARTESIAN_POINT ( 'NONE',  ( 59.26085219734913068, 7.430463639475619608, 7.435170419263388730 ) ) ;
#4342 = CARTESIAN_POINT ( 'NONE',  ( -109.4967459665291756, 5.289347342513918804, 4.974865538230750062 ) ) ;
#4343 = CARTESIAN_POINT ( 'NONE',  ( 94.33492216493925753, 6.578550821575860574, 5.590398481893436688 ) ) ;
#4344 = LINE ( 'NONE', #1672, #4406 ) ;
#4345 = EDGE_LOOP ( 'NONE', ( #5689, #6038, #5370, #5100 ) ) ;
#4346 = CARTESIAN_POINT ( 'NONE',  ( 3.384061905324393660, 6.493759448713168680, -4.966597428190299368 ) ) ;
#4347 = CARTESIAN_POINT ( 'NONE',  ( -100.3300717040843182, 3.820336096527312986, 9.185523033142105831 ) ) ;
#4348 = CARTESIAN_POINT ( 'NONE',  ( 27.05232140648974593, -1.211524064554868607, -16.77110432073941837 ) ) ;
#4349 = ORIENTED_EDGE ( 'NONE', *, *, #1975, .T. ) ;
#4350 = CARTESIAN_POINT ( 'NONE',  ( 13.27339522530197513, 3.054236460491084326, -9.610813038538179143 ) ) ;
#4351 = CARTESIAN_POINT ( 'NONE',  ( -119.6448216669934652, 6.431915366066695228, 1.337559184121826172 ) ) ;
#4352 = CARTESIAN_POINT ( 'NONE',  ( -12.08440482064156107, 3.567248794318435667, 9.372784686090506412 ) ) ;
#4353 = CARTESIAN_POINT ( 'NONE',  ( -9.714451465470119729E-14, 7.643375672974086932, 0.000000000000000000 ) ) ;
#4354 = CARTESIAN_POINT ( 'NONE',  ( 1.843215107917784756, 3.520756037412598793, 3.625551462173461470 ) ) ;
#4355 = CARTESIAN_POINT ( 'NONE',  ( 112.3343183261908393, 4.884620321531621734, -4.473386456812527001 ) ) ;
#4356 = CARTESIAN_POINT ( 'NONE',  ( 2.556465829389837019, 6.044982251860419709, 5.891683887301043754 ) ) ;
#4357 = ADVANCED_FACE ( 'NONE', ( #3599 ), #2067, .T. ) ;
#4358 = CARTESIAN_POINT ( 'NONE',  ( -105.6913510947061496, 6.849518853869457580, -5.026480571735398861 ) ) ;
#4359 = CARTESIAN_POINT ( 'NONE',  ( 116.8100212925081109, 6.504763850191142893, 4.462925595622190933 ) ) ;
#4360 = CARTESIAN_POINT ( 'NONE',  ( -119.6511007213344016, 6.338244003250807168, 1.630455134346256330 ) ) ;
#4361 = CARTESIAN_POINT ( 'NONE',  ( -1.618129076022278179, 2.995570057652836127, 0.4356298148632050116 ) ) ;
#4362 = CARTESIAN_POINT ( 'NONE',  ( -9.932562103044931590, 7.620298456391366493, -6.322892893216835120 ) ) ;
#4363 = CARTESIAN_POINT ( 'NONE',  ( -3.583365726287863762, 3.494274503952461419, 4.835479709941208348 ) ) ;
#4364 = DIRECTION ( 'NONE',  ( -0.003000023147833869811, -0.6500539933418637562, 0.7598820998032581597 ) ) ;
#4365 = CARTESIAN_POINT ( 'NONE',  ( 40.71845526763215872, -1.579293053356884302, -17.26972764625839218 ) ) ;
#4366 = B_SPLINE_SURFACE_WITH_KNOTS ( 'NONE', 3, 1, ( 
 ( #503, #5696 ),
 ( #2094, #1575 ),
 ( #470, #3724 ),
 ( #959, #5215 ),
 ( #5761, #4691 ),
 ( #2576, #542 ),
 ( #4213, #5282 ),
 ( #3628, #1057 ),
 ( #3660, #6309 ),
 ( #2650, #6277 ),
 ( #6786, #3168 ),
 ( #441, #2684 ),
 ( #28, #4798 ),
 ( #2544, #992 ) ),
 .UNSPECIFIED., .F., .F., .F.,
 ( 4, 1, 1, 1, 1, 1, 1, 1, 1, 1, 1, 4 ),
 ( 2, 2 ),
 ( 0.000000000000000000, 0.007376745251813143778, 0.02111158948581876027, 0.1019433880578284879, 0.1662143942957517440, 0.2372230078623565608, 0.2487017214699079326, 0.2810015303712655732, 0.3213337568362751306, 0.3588768228555810347, 0.3715998865661725437, 0.3752805128043096849 ),
 ( 0.000000000000000000, 1.000000000000000000 ),
 .UNSPECIFIED. ) ;
#4367 = CARTESIAN_POINT ( 'NONE',  ( -11.94892912326925583, 7.533380268857759354, -6.667766348296655821 ) ) ;
#4368 = CARTESIAN_POINT ( 'NONE',  ( 77.75394439697265625, 2.884488613782758115, 12.17317867279052379 ) ) ;
#4369 = ORIENTED_EDGE ( 'NONE', *, *, #3093, .T. ) ;
#4370 = CARTESIAN_POINT ( 'NONE',  ( -28.03908003941343097, -1.365816511111080267, 17.11429114412538155 ) ) ;
#4371 = CARTESIAN_POINT ( 'NONE',  ( -27.63436983289600946, 8.645783992808469876, -9.256294360685860312 ) ) ;
#4372 = CARTESIAN_POINT ( 'NONE',  ( 119.6404283747210400, 5.589555733354317546, -1.295791278770314303 ) ) ;
#4373 = CARTESIAN_POINT ( 'NONE',  ( 50.73128038587664435, 8.116291208406256175, 8.251991374243718980 ) ) ;
#4374 = CARTESIAN_POINT ( 'NONE',  ( 46.56310905292442470, 8.127123512380871162, 8.723100219535451672 ) ) ;
#4375 = CARTESIAN_POINT ( 'NONE',  ( 46.65105189423164944, 8.034505760771278204, 8.721497974379467166 ) ) ;
#4376 = CARTESIAN_POINT ( 'NONE',  ( -103.8061298128169341, 5.544865048625824855, 6.096528011916916512 ) ) ;
#4377 = CARTESIAN_POINT ( 'NONE',  ( -3.635883042867959603, 6.645288681720509238, 4.788111373205966359 ) ) ;
#4378 = DIRECTION ( 'NONE',  ( 0.000000000000000000, -0.1447684304326792293, -0.9894655635998953480 ) ) ;
#4379 = CARTESIAN_POINT ( 'NONE',  ( -126.5907273217596583, 6.721665366085376903, -7.251729965209938733 ) ) ;
#4380 = AXIS2_PLACEMENT_3D ( 'NONE', #5705, #4016, #6217 ) ;
#4381 = CARTESIAN_POINT ( 'NONE',  ( 25.19668639326861026, -0.6144836259434139913, -16.02310347933886803 ) ) ;
#4382 = ORIENTED_EDGE ( 'NONE', *, *, #354, .F. ) ;
#4383 = CARTESIAN_POINT ( 'NONE',  ( 2.283107464193440350, 6.266784807924365097, 5.548628326630665519 ) ) ;
#4384 = CARTESIAN_POINT ( 'NONE',  ( -119.4095492767240358, 7.077232236283170330, -2.509193872523467039 ) ) ;
#4385 = CARTESIAN_POINT ( 'NONE',  ( 15.72404337623751758, 2.971288648027218926, -11.23517677234294432 ) ) ;
#4386 = CARTESIAN_POINT ( 'NONE',  ( 5.958133995590188192, 3.826108010524719383, -0.7753830566719478457 ) ) ;
#4387 = CARTESIAN_POINT ( 'NONE',  ( -2.290563722973676164, 6.121157956481852125, -5.601439031875493413 ) ) ;
#4388 = CARTESIAN_POINT ( 'NONE',  ( 102.9866942419831304, 3.083389226662034854, -10.15689134184848363 ) ) ;
#4389 = CARTESIAN_POINT ( 'NONE',  ( -4.087841090107797726, 6.586516174858337180, 4.906670883062867361 ) ) ;
#4390 = CARTESIAN_POINT ( 'NONE',  ( -6.153812797561859504, 4.177892972482502465, 7.362487844809598947 ) ) ;
#4391 = CARTESIAN_POINT ( 'NONE',  ( -119.3789947172317767, 6.718151809783227790, -2.568544960147747691 ) ) ;
#4392 = CARTESIAN_POINT ( 'NONE',  ( -21.45903741326292646, 9.579376051647399137, -4.790037155151362747 ) ) ;
#4393 = CARTESIAN_POINT ( 'NONE',  ( -12.02747475789957576, 7.718984039671862085, -6.601540914661553572 ) ) ;
#4394 = CARTESIAN_POINT ( 'NONE',  ( -4.520413197381930814, 3.395018056190436617, 4.390005313846511825 ) ) ;
#4395 = CARTESIAN_POINT ( 'NONE',  ( -21.48388441193979048, 7.686089316657750636, -8.135403613393675570 ) ) ;
#4396 = CIRCLE ( 'NONE', #3509, 0.2499999999999997780 ) ;
#4397 = CARTESIAN_POINT ( 'NONE',  ( 49.57660617492948774, 0.5095719416918653710, -14.83074918264761166 ) ) ;
#4398 = CARTESIAN_POINT ( 'NONE',  ( -6.779886568147144743, 7.243405860140206265, -6.092812371976127572 ) ) ;
#4399 = AXIS2_PLACEMENT_3D ( 'NONE', #1396, #3515, #885 ) ;
#4400 = CARTESIAN_POINT ( 'NONE',  ( 117.6951751708984375, 6.723402829347445042, 4.153035163879387426 ) ) ;
#4401 = EDGE_LOOP ( 'NONE', ( #4973, #5438 ) ) ;
#4402 = CARTESIAN_POINT ( 'NONE',  ( -25.92645251870748879, -0.7197659315702658045, 16.30816057373377959 ) ) ;
#4403 = CARTESIAN_POINT ( 'NONE',  ( -78.22400765528671229, 7.692858814422662839, -6.524202146116428125 ) ) ;
#4404 = CARTESIAN_POINT ( 'NONE',  ( 119.4051709218310577, 5.476351854496042115, -1.911351683701568493 ) ) ;
#4405 = CARTESIAN_POINT ( 'NONE',  ( 52.84222232893354487, 7.872525222496868480, 8.150624632691149785 ) ) ;
#4406 = VECTOR ( 'NONE', #5998, 1000.000000000000000 ) ;
#4407 = AXIS2_PLACEMENT_3D ( 'NONE', #1148, #631, #1804 ) ;
#4408 =( BOUNDED_SURFACE ( )  B_SPLINE_SURFACE ( 3, 2, ( 
 ( #2347, #144, #2800 ),
 ( #6555, #1826, #3255 ),
 ( #730, #177, #5399 ),
 ( #2731, #4363, #4847 ),
 ( #5910, #5948, #661 ),
 ( #4394, #4884, #2244 ),
 ( #3333, #5433, #696 ),
 ( #3878, #4497, #795 ),
 ( #278, #5018, #2906 ),
 ( #6588, #2382, #1312 ),
 ( #6050, #5531, #3431 ),
 ( #1860, #2146, #3711 ),
 ( #46, #5232, #3121 ),
 ( #4266, #2635, #977 ),
 ( #6768, #3089, #6360 ),
 ( #1009, #595, #3229 ),
 ( #1525, #6295, #2704 ),
 ( #3645, #3190, #5201 ),
 ( #4821, #488, #4231 ),
 ( #1665, #1628, #2596 ),
 ( #4709, #83, #3745 ),
 ( #1076, #4747, #6803 ),
 ( #2182, #5747, #456 ),
 ( #4674, #5713, #6398 ),
 ( #2562, #4300, #2669 ),
 ( #2076, #4196, #14 ),
 ( #1560, #2037, #3679 ),
 ( #4162, #5779, #5851 ),
 ( #6259, #1042, #4783 ),
 ( #3153, #5813, #1115 ),
 ( #5266, #523, #2113 ),
 ( #6327, #5304, #1594 ),
 ( #557, #5340, #4910 ),
 ( #102, #2202, #65 ) ),
 .UNSPECIFIED., .F., .F., .T. ) 
 B_SPLINE_SURFACE_WITH_KNOTS ( ( 4, 2, 2, 2, 2, 2, 2, 2, 2, 2, 2, 2, 2, 2, 2, 2, 4 ),
 ( 3, 3 ),
 ( 0.003746139107541669473, 0.005737748477620574147, 0.006733553162660026702, 0.007729357847699479256, 0.008227260190219205099, 0.008725162532738930943, 0.009720967217778384364, 0.01071677190281783779, 0.01171257658785728947, 0.01270838127289674116, 0.01370418595793619458, 0.01469999064297564800, 0.01569579532801509969, 0.01669160001305455138, 0.01768740469809400306, 0.01868320938313345475, 0.01967901406817290991 ),
 ( 0.000000000000000000, 1.000000000000000000 ),
 .UNSPECIFIED. ) 
 GEOMETRIC_REPRESENTATION_ITEM ( )  RATIONAL_B_SPLINE_SURFACE ( (
 ( 1.000000000000000000, 0.5877449327255808154, 1.000000000000000000),
 ( 1.000000000000000000, 0.6003371341046671583, 1.000000000000000000),
 ( 1.000000000000000000, 0.6143987441993647991, 1.000000000000000000),
 ( 1.000000000000000000, 0.6384400640043870201, 1.000000000000000000),
 ( 1.000000000000000000, 0.6468496074343286217, 1.000000000000000000),
 ( 1.000000000000000000, 0.6634589761086959747, 1.000000000000000000),
 ( 1.000000000000000000, 0.6723982544219785362, 1.000000000000000000),
 ( 1.000000000000000000, 0.6822527694791561403, 1.000000000000000000),
 ( 1.000000000000000000, 0.6847225301350883253, 1.000000000000000000),
 ( 1.000000000000000000, 0.6880427219069575884, 1.000000000000000000),
 ( 1.000000000000000000, 0.6889054682036844790, 1.000000000000000000),
 ( 1.000000000000000000, 0.6895736869741606601, 1.000000000000000000),
 ( 1.000000000000000000, 0.6874628324316017780, 1.000000000000000000),
 ( 1.000000000000000000, 0.6807705007835155309, 1.000000000000000000),
 ( 1.000000000000000000, 0.6762048322959614000, 1.000000000000000000),
 ( 1.000000000000000000, 0.6675207129231331971, 1.000000000000000000),
 ( 1.000000000000000000, 0.6636540256899337020, 1.000000000000000000),
 ( 1.000000000000000000, 0.6570217305134713470, 1.000000000000000000),
 ( 1.000000000000000000, 0.6538611395929154746, 1.000000000000000000),
 ( 1.000000000000000000, 0.6450608381428151183, 1.000000000000000000),
 ( 1.000000000000000000, 0.6394059370751655758, 1.000000000000000000),
 ( 1.000000000000000000, 0.6229443848772885373, 1.000000000000000000),
 ( 1.000000000000000000, 0.6113135967145645333, 1.000000000000000000),
 ( 1.000000000000000000, 0.5849746809100950795, 1.000000000000000000),
 ( 1.000000000000000000, 0.5715752672558268577, 1.000000000000000000),
 ( 1.000000000000000000, 0.5450253703945732164, 1.000000000000000000),
 ( 1.000000000000000000, 0.5317933002947212717, 1.000000000000000000),
 ( 1.000000000000000000, 0.5065511210594055846, 1.000000000000000000),
 ( 1.000000000000000000, 0.4944697040946560151, 1.000000000000000000),
 ( 1.000000000000000000, 0.4717436254642017324, 1.000000000000000000),
 ( 1.000000000000000000, 0.4610351776638131893, 1.000000000000000000),
 ( 1.000000000000000000, 0.4419655111573968509, 1.000000000000000000),
 ( 1.000000000000000000, 0.4335591032380307630, 1.000000000000000000),
 ( 1.000000000000000000, 0.4263426273163066771, 1.000000000000000000) ) ) 
 REPRESENTATION_ITEM ( '' )  SURFACE ( )  );
#4409 = CARTESIAN_POINT ( 'NONE',  ( 97.24692239702878283, 6.921658121333424951, 5.533409551118410263 ) ) ;
#4410 = CARTESIAN_POINT ( 'NONE',  ( 95.14526805311737689, 6.664526992380039871, 5.625122674558421743 ) ) ;
#4411 = CARTESIAN_POINT ( 'NONE',  ( -103.0042276949732667, 3.558714545711090249, 10.15689134185703324 ) ) ;
#4412 = AXIS2_PLACEMENT_3D ( 'NONE', #4116, #6757, #6247 ) ;
#4413 = CARTESIAN_POINT ( 'NONE',  ( -3.776054652656843036, 6.287988153326790730, 4.675610650313940297 ) ) ;
#4414 = ADVANCED_FACE ( 'NONE', ( #1720 ), #2144, .F. ) ;
#4415 = CARTESIAN_POINT ( 'NONE',  ( -27.11058400880670405, -1.092741862747263371, 16.77874743185751427 ) ) ;
#4416 = CARTESIAN_POINT ( 'NONE',  ( -99.94471093255222627, 5.304012046410321979, 6.131711483001724083 ) ) ;
#4417 = CARTESIAN_POINT ( 'NONE',  ( 22.90614646928236908, 0.1380457409767713584, -15.03321497879089641 ) ) ;
#4418 = EDGE_LOOP ( 'NONE', ( #1626, #4775, #3957, #6423 ) ) ;
#4419 = CARTESIAN_POINT ( 'NONE',  ( 16.54252575371752698, 2.277405306450237532, -11.35227663782873542 ) ) ;
#4420 = CARTESIAN_POINT ( 'NONE',  ( -5.484162454422145672, 3.341570322270386750, 3.059592408595364521 ) ) ;
#4421 = CARTESIAN_POINT ( 'NONE',  ( -119.0444806874014034, 7.325508816789795929, -3.096973133588042160 ) ) ;
#4422 = CARTESIAN_POINT ( 'NONE',  ( -18.10010417959811235, 2.111137177153318500, 12.63067445117380494 ) ) ;
#4423 = B_SPLINE_SURFACE_WITH_KNOTS ( 'NONE', 3, 1, ( 
 ( #26, #5182 ),
 ( #468, #2574 ),
 ( #4689, #6783 ),
 ( #2612, #2125 ),
 ( #4243, #6208 ),
 ( #5826, #1093 ),
 ( #5148, #1473 ),
 ( #3593, #2788 ) ),
 .UNSPECIFIED., .F., .F., .F.,
 ( 4, 1, 1, 1, 1, 4 ),
 ( 2, 2 ),
 ( 0.000000000000000000, 0.004157967074032486998, 0.01470027393665263027, 0.01659322575258537213, 0.02308748523335946157, 0.03071002019924728987 ),
 ( 0.000000000000000000, 1.000000000000000000 ),
 .UNSPECIFIED. ) ;
#4424 = CARTESIAN_POINT ( 'NONE',  ( 5.556580642908619971, 3.355272229920009508, -2.286600901105869443 ) ) ;
#4425 = CARTESIAN_POINT ( 'NONE',  ( 16.31826210021971946, -5.165952174486217352, -23.12770080566406250 ) ) ;
#4426 = CIRCLE ( 'NONE', #6178, 0.2499999999999994449 ) ;
#4427 = CARTESIAN_POINT ( 'NONE',  ( 114.1321969509417755, 5.457462161640544096, -4.215599605701819463 ) ) ;
#4428 = CARTESIAN_POINT ( 'NONE',  ( 6.107436966534653067, 6.583962613598915325, 6.119656160395594569 ) ) ;
#4429 = CARTESIAN_POINT ( 'NONE',  ( 4.822834991405943406, 8.258988826433370178, 3.572806874206635896 ) ) ;
#4430 = CARTESIAN_POINT ( 'NONE',  ( -118.3150824769902272, 6.750045449883812054, -3.810040336827731799 ) ) ;
#4431 = CARTESIAN_POINT ( 'NONE',  ( -98.15847963364720385, 7.794384617032310558, -5.141020298004133515 ) ) ;
#4432 = CARTESIAN_POINT ( 'NONE',  ( -105.7074524455155853, 7.300978356197700414, -5.134133779987664958 ) ) ;
#4433 = CARTESIAN_POINT ( 'NONE',  ( -119.6450528569281886, 6.389491312009831780, 1.337738858486716031 ) ) ;
#4434 = CARTESIAN_POINT ( 'NONE',  ( -28.74615563095973059, 8.486312770068384026, -9.377479845654050905 ) ) ;
#4435 = CARTESIAN_POINT ( 'NONE',  ( -9.714451465470119729E-14, -42.18829223128360439, 0.000000000000000000 ) ) ;
#4436 = CARTESIAN_POINT ( 'NONE',  ( -6.677049727738014973, 6.629233459640853532, -6.098500240990473387 ) ) ;
#4437 = CARTESIAN_POINT ( 'NONE',  ( 117.7251739501953125, 6.888005287824464418, 3.599927186965936166 ) ) ;
#4438 = ORIENTED_EDGE ( 'NONE', *, *, #4867, .T. ) ;
#4439 = CARTESIAN_POINT ( 'NONE',  ( -31.00639724371396611, -2.032543750667399340, 17.90259774293030759 ) ) ;
#4440 = CARTESIAN_POINT ( 'NONE',  ( -57.09635725367241577, 8.073798629795144066, -7.788355545448051309 ) ) ;
#4441 = CARTESIAN_POINT ( 'NONE',  ( 119.7034488757795714, 6.072067515784912217, 0.5360327936081991096 ) ) ;
#4442 = CARTESIAN_POINT ( 'NONE',  ( 50.72989461638065478, 8.041073344422715152, 8.342504507609564968 ) ) ;
#4443 = CIRCLE ( 'NONE', #5320, 0.2499999999999995837 ) ;
#4444 = CARTESIAN_POINT ( 'NONE',  ( -1.744648132852122613, 4.112433856437033519, 5.761593645975135125 ) ) ;
#4445 = CARTESIAN_POINT ( 'NONE',  ( -109.3933574975627039, 6.758724771107789131, -4.838326599041733012 ) ) ;
#4446 = EDGE_LOOP ( 'NONE', ( #1637, #942 ) ) ;
#4447 = CARTESIAN_POINT ( 'NONE',  ( -114.1275859570870068, 5.512856292140257075, 4.049659878496707499 ) ) ;
#4448 = CARTESIAN_POINT ( 'NONE',  ( -5.078750249245094217, 8.554288085260154162, -3.685974765790798635 ) ) ;
#4449 = DIRECTION ( 'NONE',  ( 0.000000000000000000, 0.000000000000000000, -1.000000000000000000 ) ) ;
#4450 = ORIENTED_EDGE ( 'NONE', *, *, #5054, .T. ) ;
#4451 = CARTESIAN_POINT ( 'NONE',  ( -9.073303540325523997, 4.624362844933450845, 8.097760415204747986 ) ) ;
#4452 = CARTESIAN_POINT ( 'NONE',  ( -6.140141866549602589, 3.525723568581090372, 1.394074936702764500 ) ) ;
#4453 = CARTESIAN_POINT ( 'NONE',  ( -118.8610791728833931, 7.341898940423300601, -2.952531750323467818 ) ) ;
#4454 = CARTESIAN_POINT ( 'NONE',  ( 2.555373850527155710, 6.475032130601263702, 6.002003839226415671 ) ) ;
#4455 = CARTESIAN_POINT ( 'NONE',  ( 5.185204032778612415, 3.561628930485756683, -3.023081649716836239 ) ) ;
#4456 = CARTESIAN_POINT ( 'NONE',  ( 15.07486820220947443, 7.704172284780443469, 8.088403701782226563 ) ) ;
#4457 = CARTESIAN_POINT ( 'NONE',  ( 86.66649881303331426, 4.338318164424594947, -8.798866539830330069 ) ) ;
#4458 = CARTESIAN_POINT ( 'NONE',  ( 7.397753595988441511, 6.651279395688049156, 6.120527060339902015 ) ) ;
#4459 = EDGE_CURVE ( 'NONE', #3262, #2365, #4580, .T. ) ;
#4460 = CARTESIAN_POINT ( 'NONE',  ( -6.159293255623157215, 3.972015574152299333, 7.365412080661799088 ) ) ;
#4461 = B_SPLINE_CURVE_WITH_KNOTS ( 'NONE', 3,
 ( #967, #3112, #6216, #5191 ),
 .UNSPECIFIED., .F., .F.,
 ( 4, 4 ),
 ( 2.602085213965210642E-18, 9.317333187040744075E-05 ),
 .UNSPECIFIED. ) ;
#4462 = DIRECTION ( 'NONE',  ( 0.03161256956672452850, 0.2546037459622914056, -0.9665286224356515188 ) ) ;
#4463 = CARTESIAN_POINT ( 'NONE',  ( -7.409528919002594805, 4.554963420057012158, -8.566063880920406604 ) ) ;
#4464 = CARTESIAN_POINT ( 'NONE',  ( -1.695143292765987297, 4.219394278088717698, 6.756291657929487826 ) ) ;
#4465 = CARTESIAN_POINT ( 'NONE',  ( -119.6982284594443513, 6.659204913825385930, -1.019364676403071934 ) ) ;
#4466 = CARTESIAN_POINT ( 'NONE',  ( -34.00298408228159275, 8.610841708215483337, -9.627511963978545140 ) ) ;
#4467 = CARTESIAN_POINT ( 'NONE',  ( 113.1010495272442427, 4.921119437582023970, -4.312819027513232761 ) ) ;
#4468 = CARTESIAN_POINT ( 'NONE',  ( 0.7075861692428552230, 1.296758206067997188, -9.300500869750978339 ) ) ;
#4469 = ORIENTED_EDGE ( 'NONE', *, *, #2107, .T. ) ;
#4470 = CARTESIAN_POINT ( 'NONE',  ( -25.23476734524125575, -0.1020658568422787849, 16.32159804134172276 ) ) ;
#4471 = PLANE ( 'NONE',  #4407 ) ;
#4472 = CARTESIAN_POINT ( 'NONE',  ( 119.6519819574364618, 5.681817011880171187, -0.6905373559561275298 ) ) ;
#4473 = CARTESIAN_POINT ( 'NONE',  ( 33.84153707077832962, 8.809391856539145138, 9.607434645546801377 ) ) ;
#4474 = CARTESIAN_POINT ( 'NONE',  ( 6.230099482521099574, 8.337982826338736331, -0.8023585166690593296 ) ) ;
#4475 = CARTESIAN_POINT ( 'NONE',  ( 8.432500542045477943, 7.332637042490373958, 6.219347543824485847 ) ) ;
#4476 = AXIS2_PLACEMENT_3D ( 'NONE', #2832, #1246, #3361 ) ;
#4477 = ORIENTED_EDGE ( 'NONE', *, *, #1975, .F. ) ;
#4478 = CARTESIAN_POINT ( 'NONE',  ( -116.3079689204846687, 2.757081936407325351, 12.39053283807998085 ) ) ;
#4479 =( BOUNDED_SURFACE ( )  B_SPLINE_SURFACE ( 3, 2, ( 
 ( #2042, #4753, #4203 ),
 ( #6364, #3715, #6403 ),
 ( #2118, #51, #1012 ),
 ( #19, #4235, #5270 ),
 ( #3195, #3270, #5379 ),
 ( #5309, #1634, #3125 ),
 ( #2746, #564, #6331 ),
 ( #1046, #5345, #529 ),
 ( #2674, #6810, #599 ),
 ( #4788, #89, #3234 ),
 ( #2083, #636, #2709 ),
 ( #4305, #4863, #5235 ),
 ( #491, #2600, #4712 ),
 ( #6299, #3346, #1706 ),
 ( #3958, #3379, #5478 ),
 ( #4447, #3892, #3819 ),
 ( #5996, #4478, #5446 ),
 ( #2781, #5925, #743 ),
 ( #1193, #2223, #809 ),
 ( #2816, #2852, #5962 ),
 ( #1739, #3309, #710 ),
 ( #1327, #6504, #1841 ),
 ( #2362, #778, #158 ),
 ( #1263, #2330, #1231 ),
 ( #4342, #2886, #6538 ),
 ( #4898, #5002, #676 ),
 ( #5414, #1777, #6065 ),
 ( #4967, #4932, #1811 ),
 ( #2258, #224, #3926 ),
 ( #190, #6032, #4376 ),
 ( #3445, #6467, #3857 ),
 ( #2291, #4411, #1296 ),
 ( #2920, #6436, #3414 ),
 ( #5513, #5544, #260 ),
 ( #6570, #124, #6094 ),
 ( #3020, #2989, #389 ),
 ( #6635, #1972, #4545 ),
 ( #357, #1876, #1460 ),
 ( #6735, #1907, #4511 ),
 ( #2397, #5679, #2462 ),
 ( #841, #5101, #5612 ),
 ( #5578, #4023, #423 ),
 ( #6603, #6127, #2005 ),
 ( #1390, #6195, #3506 ),
 ( #4578, #3545, #4094 ),
 ( #325, #4610, #4644 ),
 ( #5646, #3579, #6669 ),
 ( #2430, #910, #292 ),
 ( #1426, #3991, #6224 ),
 ( #1356, #5134, #2529 ),
 ( #5067, #3473, #943 ),
 ( #878, #2952, #1937 ),
 ( #2494, #6704, #4058 ),
 ( #4125, #6162, #3055 ),
 ( #1490, #5167, #3612 ),
 ( #5712, #976, #5034 ),
 ( #45, #13, #5231 ),
 ( #2703, #5200, #1593 ),
 ( #3152, #3710, #487 ),
 ( #455, #2112, #6326 ),
 ( #4299, #5265, #2145 ),
 ( #2561, #3778, #4746 ),
 ( #5812, #2075, #6359 ),
 ( #6767, #3678, #1008 ),
 ( #2634, #4820, #5339 ),
 ( #3744, #3120, #1663 ),
 ( #3189, #1559, #1075 ),
 ( #4265, #5884, #6801 ),
 ( #1627, #2181, #6258 ),
 ( #5302, #522, #2595 ),
 ( #4230, #4195, #556 ),
 ( #2668, #4782, #594 ),
 ( #5849, #5746, #4673 ),
 ( #4708, #6294, #1114 ),
 ( #2036, #6397, #1041 ),
 ( #4160, #3228, #82 ),
 ( #3088, #1524, #3644 ),
 ( #5778, #2217, #5371 ),
 ( #5956, #3373, #4992 ),
 ( #4960, #670, #2774 ),
 ( #6460, #737, #771 ),
 ( #5990, #630, #218 ),
 ( #1224, #2251, #2843 ),
 ( #2878, #2354, #703 ),
 ( #5471, #4334, #3264 ),
 ( #2806, #3848, #6497 ),
 ( #4439, #4892, #4855 ),
 ( #5918, #6530, #1257 ),
 ( #6024, #150, #1733 ),
 ( #1771, #3917, #183 ),
 ( #4370, #3340, #2738 ),
 ( #2324, #3812, #1288 ),
 ( #5439, #117, #4926 ),
 ( #4402, #3885, #2285 ),
 ( #1803, #6429, #3405 ),
 ( #5504, #251, #4470 ),
 ( #1698, #6563, #5407 ),
 ( #1834, #1186, #3301 ),
 ( #3950, #1147, #5537 ),
 ( #2485, #3466, #4601 ) ),
 .UNSPECIFIED., .F., .F., .T. ) 
 B_SPLINE_SURFACE_WITH_KNOTS ( ( 4, 2, 2, 2, 2, 2, 2, 2, 2, 2, 2, 2, 2, 2, 2, 2, 2, 2, 2, 2, 2, 2, 2, 2, 2, 2, 2, 2, 2, 2, 2, 2, 2, 2, 2, 2, 2, 2, 2, 2, 2, 2, 2, 2, 2, 2, 2, 2, 2, 4 ),
 ( 3, 3 ),
 ( 0.005455507538931293754, 0.007024943943334583697, 0.008594380347737873641, 0.008790559898288283908, 0.008986739448838695909, 0.009379098549939519913, 0.01016381675214116445, 0.01094853495434280899, 0.01173325315654445353, 0.01251797135874609807, 0.01330268956094774260, 0.01487212596535103341, 0.01644156236975432422, 0.01801099877415761330, 0.02114987158296419492, 0.02271930798736748747, 0.02428874439177077654, 0.02585818079617406562, 0.02742761720057735469, 0.03056649000938393632, 0.03370536281819051794, 0.03684423562699709609, 0.03998310843580367424, 0.04312198124461025933, 0.04626085405341684442, 0.04939972686222342257, 0.05253859967103000073, 0.05567747247983657888, 0.05881634528864315703, 0.06038578169304645304, 0.06195521809744974212, 0.06823296371506290536, 0.07137183652386948352, 0.07451070933267606167, 0.07764958214148263982, 0.07921901854588592196, 0.08078845495028921797, 0.08392732775909579612, 0.08706620056790237427, 0.09020507337670896630, 0.09177450978111226232, 0.09334394618551554446, 0.09491338258991882659, 0.09648281899432212261, 0.09805225539872541862, 0.09962169180312871464, 0.1011911282075320107, 0.1019758464097336448, 0.1027605646119352928, 0.1058994374207418709 ),
 ( 0.000000000000000000, 1.000000000000000000 ),
 .UNSPECIFIED. ) 
 GEOMETRIC_REPRESENTATION_ITEM ( )  RATIONAL_B_SPLINE_SURFACE ( (
 ( 1.000000000000000000, 0.03405470804338386892, 1.000000000000000000),
 ( 1.000000000000000000, 0.03259475206993533297, 1.000000000000000000),
 ( 1.000000000000000000, 0.03123449894336390031, 1.000000000000000000),
 ( 1.000000000000000000, 0.02872016114120386210, 1.000000000000000000),
 ( 1.000000000000000000, 0.02756563331002696154, 1.000000000000000000),
 ( 1.000000000000000000, 0.02639338720419421788, 1.000000000000000000),
 ( 1.000000000000000000, 0.02626491089387412645, 1.000000000000000000),
 ( 1.000000000000000000, 0.02601157630867264800, 1.000000000000000000),
 ( 1.000000000000000000, 0.02588263957909821972, 1.000000000000000000),
 ( 1.000000000000000000, 0.02553364509314790670, 1.000000000000000000),
 ( 1.000000000000000000, 0.02536026463684408830, 1.000000000000000000),
 ( 1.000000000000000000, 0.02502351961513047188, 1.000000000000000000),
 ( 1.000000000000000000, 0.02504647225876611635, 1.000000000000000000),
 ( 1.000000000000000000, 0.02547916448406096004, 1.000000000000000000),
 ( 1.000000000000000000, 0.02589042769995452895, 1.000000000000000000),
 ( 1.000000000000000000, 0.02696563432276061559, 1.000000000000000000),
 ( 1.000000000000000000, 0.02762776337020898115, 1.000000000000000000),
 ( 1.000000000000000000, 0.02907415006376850436, 1.000000000000000000),
 ( 1.000000000000000000, 0.02985809649322942669, 1.000000000000000000),
 ( 1.000000000000000000, 0.03146163104171854213, 1.000000000000000000),
 ( 1.000000000000000000, 0.03228091799112894206, 1.000000000000000000),
 ( 1.000000000000000000, 0.03471555712637088009, 1.000000000000000000),
 ( 1.000000000000000000, 0.03630347536256146868, 1.000000000000000000),
 ( 1.000000000000000000, 0.03933928976022821322, 1.000000000000000000),
 ( 1.000000000000000000, 0.04080379163929887670, 1.000000000000000000),
 ( 1.000000000000000000, 0.04365396902292365683, 1.000000000000000000),
 ( 1.000000000000000000, 0.04502782265768760089, 1.000000000000000000),
 ( 1.000000000000000000, 0.04900120380831975153, 1.000000000000000000),
 ( 1.000000000000000000, 0.05145523784741365403, 1.000000000000000000),
 ( 1.000000000000000000, 0.05489728654803843755, 1.000000000000000000),
 ( 1.000000000000000000, 0.05594708962445618661, 1.000000000000000000),
 ( 1.000000000000000000, 0.05782175352806187552, 1.000000000000000000),
 ( 1.000000000000000000, 0.05868048934431042973, 1.000000000000000000),
 ( 1.000000000000000000, 0.06038227896571933540, 1.000000000000000000),
 ( 1.000000000000000000, 0.06122156790907368196, 1.000000000000000000),
 ( 1.000000000000000000, 0.06299477798991992561, 1.000000000000000000),
 ( 1.000000000000000000, 0.06392806371432099843, 1.000000000000000000),
 ( 1.000000000000000000, 0.06692744308695089406, 1.000000000000000000),
 ( 1.000000000000000000, 0.06921422816971146974, 1.000000000000000000),
 ( 1.000000000000000000, 0.07403424093788062155, 1.000000000000000000),
 ( 1.000000000000000000, 0.07654554273575457646, 1.000000000000000000),
 ( 1.000000000000000000, 0.08107756088539265493, 1.000000000000000000),
 ( 1.000000000000000000, 0.08308776792268414424, 1.000000000000000000),
 ( 1.000000000000000000, 0.08604654193966891629, 1.000000000000000000),
 ( 1.000000000000000000, 0.08676541408703029867, 1.000000000000000000),
 ( 1.000000000000000000, 0.08653649816387616600, 1.000000000000000000),
 ( 1.000000000000000000, 0.08561802145825726795, 1.000000000000000000),
 ( 1.000000000000000000, 0.08351696644735250030, 1.000000000000000000),
 ( 1.000000000000000000, 0.08234325004185509556, 1.000000000000000000),
 ( 1.000000000000000000, 0.08127385760864729025, 1.000000000000000000),
 ( 1.000000000000000000, 0.08145464935881700785, 1.000000000000000000),
 ( 1.000000000000000000, 0.08374668905346512038, 1.000000000000000000),
 ( 1.000000000000000000, 0.08582991167055915860, 1.000000000000000000),
 ( 1.000000000000000000, 0.09109947412080919571, 1.000000000000000000),
 ( 1.000000000000000000, 0.09425211778677718144, 1.000000000000000000),
 ( 1.000000000000000000, 0.1004284154341934659, 1.000000000000000000),
 ( 1.000000000000000000, 0.1034384536295039070, 1.000000000000000000),
 ( 1.000000000000000000, 0.1072247352788517072, 1.000000000000000000),
 ( 1.000000000000000000, 0.1084375993614370565, 1.000000000000000000),
 ( 1.000000000000000000, 0.1101342715878295270, 1.000000000000000000),
 ( 1.000000000000000000, 0.1106461727222559782, 1.000000000000000000),
 ( 1.000000000000000000, 0.1119304584687063481, 1.000000000000000000),
 ( 1.000000000000000000, 0.1090540712421662201, 1.000000000000000000),
 ( 1.000000000000000000, 0.1039905707508965160, 1.000000000000000000),
 ( 1.000000000000000000, 0.1021285627167791282, 1.000000000000000000),
 ( 1.000000000000000000, 0.09869899642710806831, 1.000000000000000000),
 ( 1.000000000000000000, 0.09713381696175742153, 1.000000000000000000),
 ( 1.000000000000000000, 0.09483551299479188457, 1.000000000000000000),
 ( 1.000000000000000000, 0.09410525491604729287, 1.000000000000000000),
 ( 1.000000000000000000, 0.09389588586076039189, 1.000000000000000000),
 ( 1.000000000000000000, 0.09397196371772262302, 1.000000000000000000),
 ( 1.000000000000000000, 0.09443616010874025801, 1.000000000000000000),
 ( 1.000000000000000000, 0.09487812806182885361, 1.000000000000000000),
 ( 1.000000000000000000, 0.09646212191271813507, 1.000000000000000000),
 ( 1.000000000000000000, 0.09793703508202186714, 1.000000000000000000),
 ( 1.000000000000000000, 0.1011788396607067042, 1.000000000000000000),
 ( 1.000000000000000000, 0.1029300255361849381, 1.000000000000000000),
 ( 1.000000000000000000, 0.1062889835887064066, 1.000000000000000000),
 ( 1.000000000000000000, 0.1079120603575505488, 1.000000000000000000),
 ( 1.000000000000000000, 0.1103081508515076359, 1.000000000000000000),
 ( 1.000000000000000000, 0.1110801279659466706, 1.000000000000000000),
 ( 1.000000000000000000, 0.1125593278683719306, 1.000000000000000000),
 ( 1.000000000000000000, 0.1132691972117042811, 1.000000000000000000),
 ( 1.000000000000000000, 0.1145710559498159808, 1.000000000000000000),
 ( 1.000000000000000000, 0.1151636132263547940, 1.000000000000000000),
 ( 1.000000000000000000, 0.1162864035062705914, 1.000000000000000000),
 ( 1.000000000000000000, 0.1168318016850050656, 1.000000000000000000),
 ( 1.000000000000000000, 0.1178325308695674645, 1.000000000000000000),
 ( 1.000000000000000000, 0.1183028164656034498, 1.000000000000000000),
 ( 1.000000000000000000, 0.1193817105604018936, 1.000000000000000000),
 ( 1.000000000000000000, 0.1199854340830678462, 1.000000000000000000),
 ( 1.000000000000000000, 0.1215658193460279896, 1.000000000000000000),
 ( 1.000000000000000000, 0.1225419450498019119, 1.000000000000000000),
 ( 1.000000000000000000, 0.1245011584210205524, 1.000000000000000000),
 ( 1.000000000000000000, 0.1252064983590370495, 1.000000000000000000),
 ( 1.000000000000000000, 0.1270945261909179613, 1.000000000000000000),
 ( 1.000000000000000000, 0.1282470674103722286, 1.000000000000000000),
 ( 1.000000000000000000, 0.1349694576483243535, 1.000000000000000000),
 ( 1.000000000000000000, 0.1433972461069480397, 1.000000000000000000),
 ( 1.000000000000000000, 0.1540276276900591490, 1.000000000000000000) ) ) 
 REPRESENTATION_ITEM ( '' )  SURFACE ( )  );
#4480 = CARTESIAN_POINT ( 'NONE',  ( -4.618398514043308367, 6.939977644855838790, 4.354163146462942890 ) ) ;
#4481 = EDGE_CURVE ( 'NONE', #4609, #1007, #6334, .T. ) ;
#4482 = CARTESIAN_POINT ( 'NONE',  ( 3.879600170629665001, 5.466376457188637517, 5.080542217691199625 ) ) ;
#4483 = VERTEX_POINT ( 'NONE', #2238 ) ;
#4484 = CARTESIAN_POINT ( 'NONE',  ( 7.943539066794998327, 3.813733788031478777, -7.836267461381812183 ) ) ;
#4485 = CARTESIAN_POINT ( 'NONE',  ( 10.45895611264148073, 7.595579088572683268, 6.390332575163789386 ) ) ;
#4486 = CARTESIAN_POINT ( 'NONE',  ( -119.6502870765490627, 6.807264656117287593, 0.7776878782364651244 ) ) ;
#4487 = APPROVAL_DATE_TIME ( #6170, #5715 ) ;
#4488 = LOCAL_TIME ( 21, 29, 28.00000000000000000, #2897 ) ;
#4489 = CARTESIAN_POINT ( 'NONE',  ( 5.819076264071036952, 3.832920256222225319, 1.497702184855882690 ) ) ;
#4490 = CARTESIAN_POINT ( 'NONE',  ( 33.02606582641601563, -3.658083407701565370, -19.47144317626953480 ) ) ;
#4491 = CARTESIAN_POINT ( 'NONE',  ( 84.56784121770323281, 3.817482016329492023, -8.826880940045558788 ) ) ;
#4492 = DIRECTION ( 'NONE',  ( -0.000000000000000000, -1.000000000000000000, -0.000000000000000000 ) ) ;
#4493 = CARTESIAN_POINT ( 'NONE',  ( -3.874277651281699875, 4.273539249104188364, 6.947501781598552029 ) ) ;
#4494 = CARTESIAN_POINT ( 'NONE',  ( 119.3746766061395306, 6.728668051719671084, 1.850591735264486726 ) ) ;
#4495 = CARTESIAN_POINT ( 'NONE',  ( -29.23017288394756008, 8.678110784044866577, 0.7020531296730088133 ) ) ;
#4496 = CARTESIAN_POINT ( 'NONE',  ( 1.949793093754142337, 5.365083993859338207, -6.159285167103706549 ) ) ;
#4497 = CARTESIAN_POINT ( 'NONE',  ( -4.842895589601270423, 3.313910674304916260, 3.569818971623820225 ) ) ;
#4498 = CARTESIAN_POINT ( 'NONE',  ( -16.28434241333301102, 7.269774859361610275, -7.208709683989641626 ) ) ;
#4499 = CARTESIAN_POINT ( 'NONE',  ( -9.714451465470119729E-14, 14.28867513459489835, 0.000000000000000000 ) ) ;
#4500 = CARTESIAN_POINT ( 'NONE',  ( -5.052258317374453966, 6.896940425535960095, -6.272841856343610800 ) ) ;
#4501 = CARTESIAN_POINT ( 'NONE',  ( 50.30420303344726563, 9.171931536374948735, 5.910112380981442648 ) ) ;
#4502 = ORIENTED_EDGE ( 'NONE', *, *, #2807, .F. ) ;
#4503 = CARTESIAN_POINT ( 'NONE',  ( 28.78521704343722831, 8.132679436388755789, 9.242397190968569376 ) ) ;
#4504 = CARTESIAN_POINT ( 'NONE',  ( 2.251830508126593688, 5.549920418865722738, -6.004565829309450820 ) ) ;
#4505 = CYLINDRICAL_SURFACE ( 'NONE', #4380, 5.500000000000000000 ) ;
#4506 = CARTESIAN_POINT ( 'NONE',  ( 6.767155471105929188, 7.318333243086558859, 6.093028648103187450 ) ) ;
#4507 = CIRCLE ( 'NONE', #5283, 0.2500000000000002776 ) ;
#4508 = CARTESIAN_POINT ( 'NONE',  ( 2.486517972839984214, 7.366463469434568090, 5.492610375037887849 ) ) ;
#4509 = CARTESIAN_POINT ( 'NONE',  ( 21.41966656570594907, 8.052875910998238851, 8.272764331318569475 ) ) ;
#4510 = ORIENTED_EDGE ( 'NONE', *, *, #429, .T. ) ;
#4511 = CARTESIAN_POINT ( 'NONE',  ( -96.04381550690180802, 5.168740430236210770, 7.465942106540271794 ) ) ;
#4512 = CIRCLE ( 'NONE', #642, 4.000000000000000000 ) ;
#4513 = CARTESIAN_POINT ( 'NONE',  ( -5.773040428461940543, 7.843154543232865095, 1.654058920126815435 ) ) ;
#4514 = EDGE_CURVE ( 'NONE', #2365, #6368, #827, .T. ) ;
#4515 = CARTESIAN_POINT ( 'NONE',  ( 119.6567207794651750, 6.584754656175503484, -1.989285240158714441 ) ) ;
#4516 = CONICAL_SURFACE ( 'NONE', #4412, 3.500000000000023981, 1.047197551196615173 ) ;
#4517 = CARTESIAN_POINT ( 'NONE',  ( -107.5425696130937183, 6.805038961368919281, -4.933923440498688251 ) ) ;
#4518 = EDGE_LOOP ( 'NONE', ( #2594, #3118, #3165, #770, #5176 ) ) ;
#4519 = CARTESIAN_POINT ( 'NONE',  ( 5.233620965756880850, 3.991646992684609430, -7.170024191102798206 ) ) ;
#4520 = CARTESIAN_POINT ( 'NONE',  ( -3.155947724366691354, 3.687750582269120780, 5.509338490158627977 ) ) ;
#4521 = CARTESIAN_POINT ( 'NONE',  ( -117.1750916886391423, 7.013454772501821921, -4.482065463534024019 ) ) ;
#4522 = CARTESIAN_POINT ( 'NONE',  ( 5.984150034942791407, 3.694956919638283654, 0.5420679589722541269 ) ) ;
#4523 = CARTESIAN_POINT ( 'NONE',  ( 14.06504154205322266, 4.535500080762806085, -1.387419342994691052 ) ) ;
#4524 = CARTESIAN_POINT ( 'NONE',  ( 75.89964974723311286, 2.002346147493007766, -12.96561874276634541 ) ) ;
#4525 = DIRECTION ( 'NONE',  ( -0.000000000000000000, -1.000000000000000000, -0.000000000000000000 ) ) ;
#4526 = CARTESIAN_POINT ( 'NONE',  ( -12.00750187527686030, 3.346129865667590408, 9.044153093565888923 ) ) ;
#4527 = CARTESIAN_POINT ( 'NONE',  ( 119.4099245727288832, 6.266439374208426116, -0.7696734117273785758 ) ) ;
#4528 = CARTESIAN_POINT ( 'NONE',  ( -116.2081318690800202, 3.904748434274265101, 7.224443912506121279 ) ) ;
#4529 = CARTESIAN_POINT ( 'NONE',  ( 119.4064522260069054, 5.721572179643307443, -1.959986551795007248 ) ) ;
#4530 = CARTESIAN_POINT ( 'NONE',  ( -8.435030867032775603, 6.800587723388331618, -6.215563420326680522 ) ) ;
#4531 = CARTESIAN_POINT ( 'NONE',  ( 90.83007809850731462, 4.050132144471113804, -8.040049361123440264 ) ) ;
#4532 = DIRECTION ( 'NONE',  ( 0.000000000000000000, 0.000000000000000000, 1.000000000000000000 ) ) ;
#4533 = CARTESIAN_POINT ( 'NONE',  ( 77.44950866699218750, 8.390475661931867890, 4.578217506408687854 ) ) ;
#4534 = ORIENTED_EDGE ( 'NONE', *, *, #803, .F. ) ;
#4535 = CARTESIAN_POINT ( 'NONE',  ( 65.58829415793626083, 7.292770227175591202, 7.006015862439154418 ) ) ;
#4536 = CARTESIAN_POINT ( 'NONE',  ( 6.272697624548915663, 8.495232679396742981, -0.09085704286447079947 ) ) ;
#4537 = CARTESIAN_POINT ( 'NONE',  ( 108.4709594414452027, 5.217315215424973118, -5.325495852101088445 ) ) ;
#4538 = CARTESIAN_POINT ( 'NONE',  ( 7.271812563767293902, 7.445304346925905037, 6.035387112645304697 ) ) ;
#4539 = CARTESIAN_POINT ( 'NONE',  ( -2.284386610247953531, 6.713605490434369827, -5.548884199849538845 ) ) ;
#4540 = CARTESIAN_POINT ( 'NONE',  ( -11.79750452559436269, 4.036828666494178819, 9.235278306525499303 ) ) ;
#4541 = CARTESIAN_POINT ( 'NONE',  ( 21.90482472583049045, 0.6624148257758566416, -14.92660783862475427 ) ) ;
#4542 = ADVANCED_FACE ( 'NONE', ( #2725 ), #4218, .T. ) ;
#4543 = EDGE_CURVE ( 'NONE', #250, #12, #1158, .T. ) ;
#4544 = EDGE_LOOP ( 'NONE', ( #4327, #5139, #5338, #3465 ) ) ;
#4545 = CARTESIAN_POINT ( 'NONE',  ( -98.63143794506609652, 5.304301583942870657, 7.011569906154758058 ) ) ;
#4546 = CARTESIAN_POINT ( 'NONE',  ( -4.594264837221754938, 8.172586226206856708, -3.856647508750847830 ) ) ;
#4547 = CARTESIAN_POINT ( 'NONE',  ( 5.824467083894508512, 3.376557544553809187, -2.328438369914022754 ) ) ;
#4548 = CARTESIAN_POINT ( 'NONE',  ( -9.714451465470119729E-14, 14.28867513459489835, 0.000000000000000000 ) ) ;
#4549 = ORIENTED_EDGE ( 'NONE', *, *, #5999, .F. ) ;
#4550 = CARTESIAN_POINT ( 'NONE',  ( 1.553165651876591280, 4.152928705876245630, -6.555929395932840187 ) ) ;
#4551 = CARTESIAN_POINT ( 'NONE',  ( 27.65930252898889918, 8.707017490958991246, 9.175046334702113171 ) ) ;
#4552 = CARTESIAN_POINT ( 'NONE',  ( 5.364111829243398688, 6.612973383992985177, 6.208438935233255407 ) ) ;
#4553 =( NAMED_UNIT ( * ) PLANE_ANGLE_UNIT ( ) SI_UNIT ( $, .RADIAN. ) );
#4554 = CARTESIAN_POINT ( 'NONE',  ( 4.205356604634029161, 5.354939539859172370, 4.289560200170550175 ) ) ;
#4555 = B_SPLINE_CURVE_WITH_KNOTS ( 'NONE', 3,
 ( #5628, #894, #6717, #1953 ),
 .UNSPECIFIED., .F., .F.,
 ( 4, 4 ),
 ( 2.602085213965210642E-18, 9.317333187040771180E-05 ),
 .UNSPECIFIED. ) ;
#4556 = CARTESIAN_POINT ( 'NONE',  ( 6.819086074829105115, 7.984299512086817430, 8.165199279785156250 ) ) ;
#4557 = CARTESIAN_POINT ( 'NONE',  ( 94.51555759964544734, 2.936462916587404326, -10.66365694356399629 ) ) ;
#4558 = CARTESIAN_POINT ( 'NONE',  ( 31.90438637492766460, 8.304695439647522548, 9.612361804385869846 ) ) ;
#4559 = DIRECTION ( 'NONE',  ( -0.3196645685324405739, 0.001475263770336215485, -0.9475296234006493901 ) ) ;
#4560 = CARTESIAN_POINT ( 'NONE',  ( 119.4058598262941899, 6.045417391126287399, -1.711536830408585397 ) ) ;
#4561 = CARTESIAN_POINT ( 'NONE',  ( -118.3679708733060778, -13.32698879643124457, 17.89937019348146308 ) ) ;
#4562 = CARTESIAN_POINT ( 'NONE',  ( -117.3993733857101773, 7.136460402902864431, -4.205127466721571672 ) ) ;
#4563 = CARTESIAN_POINT ( 'NONE',  ( -76.13798238954380793, 7.436287853559929495, -6.435290790464453181 ) ) ;
#4564 = ADVANCED_FACE ( 'NONE', ( #6381 ), #4767, .T. ) ;
#4565 = DIRECTION ( 'NONE',  ( 0.000000000000000000, 0.000000000000000000, -1.000000000000000000 ) ) ;
#4566 = CARTESIAN_POINT ( 'NONE',  ( -69.83167581407113289, 7.773028943402962021, -6.953291781901137725 ) ) ;
#4567 = CARTESIAN_POINT ( 'NONE',  ( -1.732553468354772308, 4.599089280480047393, 6.729826435682316976 ) ) ;
#4568 = ORIENTED_EDGE ( 'NONE', *, *, #1159, .F. ) ;
#4569 = DIRECTION ( 'NONE',  ( 0.000000000000000000, 0.000000000000000000, -1.000000000000000000 ) ) ;
#4570 = CARTESIAN_POINT ( 'NONE',  ( 4.462686475993954183, 8.216835762181093017, 4.476147824132477027 ) ) ;
#4571 = CARTESIAN_POINT ( 'NONE',  ( 118.8294552990610669, 5.927975471089300896, 2.956905315555166336 ) ) ;
#4572 = CARTESIAN_POINT ( 'NONE',  ( 22.32243972751194860, 8.085396136916212839, 8.437254321040843053 ) ) ;
#4573 = CARTESIAN_POINT ( 'NONE',  ( 105.6942510740257717, 6.609068768385789383, 4.990296521647266559 ) ) ;
#4574 = DIRECTION ( 'NONE',  ( 0.000000000000000000, 0.000000000000000000, -1.000000000000000000 ) ) ;
#4575 = CARTESIAN_POINT ( 'NONE',  ( 13.12791337017984539, 7.534318608758002966, 6.842424535691022491 ) ) ;
#4576 = ORIENTED_EDGE ( 'NONE', *, *, #2080, .T. ) ;
#4577 = ORIENTED_EDGE ( 'NONE', *, *, #2991, .T. ) ;
#4578 = CARTESIAN_POINT ( 'NONE',  ( -86.66849557184531250, 4.296305176590065500, 8.569410400746985346 ) ) ;
#4579 = CARTESIAN_POINT ( 'NONE',  ( 3.907986922510144900, 3.704669647140587330, -4.563386438378834065 ) ) ;
#4580 = CIRCLE ( 'NONE', #1592, 0.2500000000000002776 ) ;
#4581 = DIRECTION ( 'NONE',  ( -0.000000000000000000, -1.000000000000000000, -0.000000000000000000 ) ) ;
#4582 = ORIENTED_EDGE ( 'NONE', *, *, #2809, .T. ) ;
#4583 = CARTESIAN_POINT ( 'NONE',  ( -7.654053898310555049, 4.568936118097250976, 7.755917631639076326 ) ) ;
#4584 = CARTESIAN_POINT ( 'NONE',  ( -1.957872506573987925, 5.374100956261298023, 6.159285167103705660 ) ) ;
#4585 = CARTESIAN_POINT ( 'NONE',  ( 5.884858461442564526, 6.585692893616585941, 6.137930931168269488 ) ) ;
#4586 = APPROVAL_ROLE ( '' ) ;
#4587 = CARTESIAN_POINT ( 'NONE',  ( 99.93526458740234375, 4.842787773786398908, -6.131711483001714313 ) ) ;
#4588 = CARTESIAN_POINT ( 'NONE',  ( 89.79705141834757853, 4.453924969351811036, -8.404861091511168780 ) ) ;
#4589 = CARTESIAN_POINT ( 'NONE',  ( 21.44241632889713145, 7.811607548638118459, 8.275231663761521972 ) ) ;
#4590 = MANIFOLD_SOLID_BREP ( 'Phantom 3 CW-4-solid1', #3555 ) ;
#4591 = CARTESIAN_POINT ( 'NONE',  ( 1.690853155999016533, 4.473258623540307788, -6.728830203641305019 ) ) ;
#4592 = CARTESIAN_POINT ( 'NONE',  ( 119.6559583873803803, 6.692535650954057225, 1.636143259301671593 ) ) ;
#4593 = CARTESIAN_POINT ( 'NONE',  ( -84.58087894805728979, 7.286772902064881485, -5.978235845806240789 ) ) ;
#4594 = SPHERICAL_SURFACE ( 'NONE', #2156, 0.2500000000000000000 ) ;
#4595 = CARTESIAN_POINT ( 'NONE',  ( -63.49380686571725363, 7.678229899345025977, -7.317870043075811459 ) ) ;
#4596 = CARTESIAN_POINT ( 'NONE',  ( 1.692798680604937989, 4.380108489198436317, -6.729563127875198170 ) ) ;
#4597 = CARTESIAN_POINT ( 'NONE',  ( 74.23663489895716339, 3.144613595883414270, -10.53974290303460926 ) ) ;
#4598 = CARTESIAN_POINT ( 'NONE',  ( 114.9613766439926934, 6.550209683484044199, 4.614619333649702781 ) ) ;
#4599 = CARTESIAN_POINT ( 'NONE',  ( -1.712941458508237647, 4.540300906076243592, 6.729040803095059253 ) ) ;
#4600 = ORIENTED_EDGE ( 'NONE', *, *, #5175, .F. ) ;
#4601 = CARTESIAN_POINT ( 'NONE',  ( -22.03691942285102101, 0.9464409600199205075, 14.87789409133993779 ) ) ;
#4602 = CARTESIAN_POINT ( 'NONE',  ( -119.6738563779558859, 6.658498639843720035, 0.3351465893313247957 ) ) ;
#4603 = LINE ( 'NONE', #3081, #68 ) ;
#4604 = CARTESIAN_POINT ( 'NONE',  ( 5.999581399129919390, 7.244259548726177833, 6.056724251091513800 ) ) ;
#4605 = CARTESIAN_POINT ( 'NONE',  ( -99.13559266849352980, 4.880003301282675565, 6.712428956169891769 ) ) ;
#4606 = CARTESIAN_POINT ( 'NONE',  ( 4.667272642455500886, 8.328253535820980602, 4.236070420588539776 ) ) ;
#4607 = CARTESIAN_POINT ( 'NONE',  ( -71.85457236243873069, 7.957176285090804768, -6.850607612357596743 ) ) ;
#4608 = EDGE_LOOP ( 'NONE', ( #515, #1361, #602 ) ) ;
#4609 = VERTEX_POINT ( 'NONE', #3173 ) ;
#4610 = CARTESIAN_POINT ( 'NONE',  ( -84.96063924997662298, 3.101538863790922473, 11.45682125924808403 ) ) ;
#4611 = CARTESIAN_POINT ( 'NONE',  ( 4.810781853384951567, 4.923360937993296105, 3.597337362090741397 ) ) ;
#4612 = B_SPLINE_CURVE_WITH_KNOTS ( 'NONE', 3,
 ( #5562, #3004, #3037, #5017, #1922, #4077 ),
 .UNSPECIFIED., .F., .F.,
 ( 4, 2, 4 ),
 ( 0.000000000000000000, 0.005562687421673523543, 0.01112537484334704709 ),
 .UNSPECIFIED. ) ;
#4613 = VECTOR ( 'NONE', #5984, 1000.000000000000000 ) ;
#4614 = CARTESIAN_POINT ( 'NONE',  ( 119.6471611200265244, 5.714744723918769864, -1.668295381238421360 ) ) ;
#4615 = CARTESIAN_POINT ( 'NONE',  ( -5.847242262324297890, 8.754973398603052459, -2.223934063320182286 ) ) ;
#4616 = ORIENTED_EDGE ( 'NONE', *, *, #5871, .T. ) ;
#4617 = ADVANCED_FACE ( 'NONE', ( #4840 ), #1134, .T. ) ;
#4618 = CARTESIAN_POINT ( 'NONE',  ( -15.83388078436186852, 3.230859973739829805, 11.17969664686236619 ) ) ;
#4619 = CARTESIAN_POINT ( 'NONE',  ( 57.10581078566409730, 8.003253841424337267, 7.698403211542191649 ) ) ;
#4620 = DIRECTION ( 'NONE',  ( 0.9420337259353067649, 0.1075492144454340132, -0.3178138223435434950 ) ) ;
#4621 = ORIENTED_EDGE ( 'NONE', *, *, #5677, .T. ) ;
#4622 = VECTOR ( 'NONE', #3245, 999.9999999999998863 ) ;
#4623 = CARTESIAN_POINT ( 'NONE',  ( 55.19260787963867188, 4.484124453245064146, -7.232591152191165662 ) ) ;
#4624 = CARTESIAN_POINT ( 'NONE',  ( 62.21205984754346474, 1.089690785719405586, -14.51349608687900350 ) ) ;
#4625 = ADVANCED_FACE ( 'NONE', ( #579 ), #2098, .T. ) ;
#4626 = CARTESIAN_POINT ( 'NONE',  ( 5.006727090876576192, 7.121564925018586401, -3.320253086081524696 ) ) ;
#4627 = CARTESIAN_POINT ( 'NONE',  ( 116.8598311842329309, 6.434080957515876165, 4.586648056835657350 ) ) ;
#4628 = CARTESIAN_POINT ( 'NONE',  ( -38.37240614985317677, 6.392943339354595800, 5.523239135742192829 ) ) ;
#4629 = CARTESIAN_POINT ( 'NONE',  ( -3.384958128533360533, 6.728485433457320752, -6.216196052946805217 ) ) ;
#4630 = LINE ( 'NONE', #6719, #4622 ) ;
#4631 = CARTESIAN_POINT ( 'NONE',  ( -1.744648132852122613, 4.112433856437033519, 5.761593645975135125 ) ) ;
#4632 = CARTESIAN_POINT ( 'NONE',  ( -2.842555977206759010, 6.092116951094756594, -5.294862713246370589 ) ) ;
#4633 = CARTESIAN_POINT ( 'NONE',  ( -78.27208898799906933, 7.643860114164628072, -6.521349484721834955 ) ) ;
#4634 = CARTESIAN_POINT ( 'NONE',  ( 48.62541580200194602, -3.178621737779707690, -20.56069755554199574 ) ) ;
#4635 = CARTESIAN_POINT ( 'NONE',  ( 40.31961987687596149, 8.049848164854914501, 9.135937961267019958 ) ) ;
#4636 = CARTESIAN_POINT ( 'NONE',  ( 3.342913178365631399, 6.128441366167093562, -5.439360034295065205 ) ) ;
#4637 = CARTESIAN_POINT ( 'NONE',  ( 2.555373850527152602, 6.475032130601253932, 6.002003839226406789 ) ) ;
#4638 = CARTESIAN_POINT ( 'NONE',  ( 16.10528445635189243, 7.719638511654483892, 7.322403691003228410 ) ) ;
#4639 = CARTESIAN_POINT ( 'NONE',  ( -77.33510869565773760, 3.763866450803512897, 9.938022025712129448 ) ) ;
#4640 = CARTESIAN_POINT ( 'NONE',  ( 4.891533344593871568, 8.288922083057586931, 3.478309873482088310 ) ) ;
#4641 = CARTESIAN_POINT ( 'NONE',  ( -71.85310762978382115, 8.032800440240684736, -6.754823082809749302 ) ) ;
#4642 = ORIENTED_EDGE ( 'NONE', *, *, #6470, .F. ) ;
#4643 = ORIENTED_EDGE ( 'NONE', *, *, #4887, .F. ) ;
#4644 = CARTESIAN_POINT ( 'NONE',  ( -84.59171103951668158, 4.648848334745132149, 9.058206915955528515 ) ) ;
#4645 = CARTESIAN_POINT ( 'NONE',  ( 3.664935246789964740, 3.761353178920830764, -4.760912940143321670 ) ) ;
#4646 = CARTESIAN_POINT ( 'NONE',  ( -84.59022788432378093, 4.656345763834425888, 9.045688870358562284 ) ) ;
#4647 = ADVANCED_FACE ( 'NONE', ( #5288 ), #2784, .T. ) ;
#4648 = CARTESIAN_POINT ( 'NONE',  ( 6.577625521699262734, 4.813583926189334505, -7.374729338092548048 ) ) ;
#4649 = EDGE_LOOP ( 'NONE', ( #485, #3300, #6161, #4229 ) ) ;
#4650 = FACE_OUTER_BOUND ( 'NONE', #4123, .T. ) ;
#4651 = CARTESIAN_POINT ( 'NONE',  ( 69.77594240322925145, 7.762874895218997651, 6.861289452149520685 ) ) ;
#4652 = CARTESIAN_POINT ( 'NONE',  ( 2.555373850527152602, 6.475032130601253932, 6.002003839226406789 ) ) ;
#4653 = DATE_AND_TIME ( #2604, #2261 ) ;
#4654 = CARTESIAN_POINT ( 'NONE',  ( 56.22401428222656250, 8.338445813833134324, 10.39490318298339488 ) ) ;
#4655 = CARTESIAN_POINT ( 'NONE',  ( -55.96392232968864278, 7.739201152331865785, -7.627748489379873043 ) ) ;
#4656 = CARTESIAN_POINT ( 'NONE',  ( 56.67072895226563389, 1.998573999594257744, -13.65597876134057032 ) ) ;
#4657 = CARTESIAN_POINT ( 'NONE',  ( -98.30533735672399587, -1.031485280018390016, 12.56974220275880327 ) ) ;
#4658 = CARTESIAN_POINT ( 'NONE',  ( -103.5906457491881412, 7.141456174471535689, -5.314799369144720842 ) ) ;
#4659 = CARTESIAN_POINT ( 'NONE',  ( -77.50889036296726431, 6.405950445492145207, -8.191634178161606883 ) ) ;
#4660 = CARTESIAN_POINT ( 'NONE',  ( 116.3354782233894298, 5.658152292264260197, -3.430256264894805174 ) ) ;
#4661 = CARTESIAN_POINT ( 'NONE',  ( -37.19340847996492272, 8.557427748149395441, -9.506839028853534046 ) ) ;
#4662 = EDGE_CURVE ( 'NONE', #2014, #6056, #6018, .T. ) ;
#4663 = CARTESIAN_POINT ( 'NONE',  ( 78.32843780517576704, -11.46793410045063588, -20.04909324645996449 ) ) ;
#4664 = CARTESIAN_POINT ( 'NONE',  ( 4.791149215304088216, 6.677386727414639012, 6.077200002112943089 ) ) ;
#4665 = CARTESIAN_POINT ( 'NONE',  ( 2.286058798933926717, 6.113002010928975771, 5.604164654859530970 ) ) ;
#4666 = CARTESIAN_POINT ( 'NONE',  ( 74.23527573354853359, 3.574011510662045144, -10.79262128309713020 ) ) ;
#4667 = CARTESIAN_POINT ( 'NONE',  ( -118.3343237301274513, 6.749158256086567498, -3.795046893510694908 ) ) ;
#4668 = CARTESIAN_POINT ( 'NONE',  ( -35.70789103354892546, -2.204186162573718466, 18.12424806366912122 ) ) ;
#4669 = CARTESIAN_POINT ( 'NONE',  ( 119.6523357423421885, 6.037546079728304704, -0.6600116186409661356 ) ) ;
#4670 = CARTESIAN_POINT ( 'NONE',  ( -57.05283576801711831, 8.266963403256028187, -7.702367989299726325 ) ) ;
#4671 = VERTEX_POINT ( 'NONE', #5459 ) ;
#4672 = EDGE_LOOP ( 'NONE', ( #5883, #6389, #3721, #6574 ) ) ;
#4673 = CARTESIAN_POINT ( 'NONE',  ( -46.12920820759076435, 0.3629123246952932758, 16.05279527122639394 ) ) ;
#4674 = CARTESIAN_POINT ( 'NONE',  ( -5.533116306112030536, 4.364946213578871692, -3.113892469653032791 ) ) ;
#4675 = CARTESIAN_POINT ( 'NONE',  ( -2.843173020259149641, 7.159181413624487789, -5.763442792076817867 ) ) ;
#4676 = DIRECTION ( 'NONE',  ( -0.000000000000000000, -1.000000000000000000, -0.000000000000000000 ) ) ;
#4677 = B_SPLINE_CURVE_WITH_KNOTS ( 'NONE', 3,
 ( #271, #239, #724, #5013, #2933, #4912, #1822, #1854, #5491, #3939, #4947, #6046, #170, #2342, #6550, #2272, #6614, #758, #2376, #1888 ),
 .UNSPECIFIED., .F., .F.,
 ( 4, 2, 2, 2, 2, 2, 2, 2, 2, 4 ),
 ( 0.000000000000000000, 0.002784644529177275098, 0.005569289058354551930, 0.008353933587531829630, 0.009746255852120466745, 0.01113857811670910559, 0.01392322264588637809, 0.01670786717506365232, 0.01949251170424092655, 0.02227715623341819731 ),
 .UNSPECIFIED. ) ;
#4678 =( BOUNDED_SURFACE ( )  B_SPLINE_SURFACE ( 3, 2, ( 
 ( #2903, #5560, #340 ),
 ( #4560, #792, #2936 ),
 ( #6585, #1309, #5049 ),
 ( #4527, #306, #893 ),
 ( #3002, #6617, #5594 ),
 ( #6110, #2379, #6649 ),
 ( #3428, #1890, #3487 ),
 ( #855, #5528, #5114 ),
 ( #6684, #1920, #371 ),
 ( #5015, #2477, #4039 ),
 ( #274, #4592, #1952 ),
 ( #4494, #4074, #6175 ),
 ( #1441, #3560, #5660 ),
 ( #923, #3035, #242 ),
 ( #2344, #3658, #2092 ),
 ( #439, #4723, #4760 ),
 ( #5759, #3691, #5213 ),
 ( #2542, #1021, #402 ),
 ( #1538, #2510, #6340 ),
 ( #4211, #1607, #6308 ),
 ( #3722, #6821, #2018 ),
 ( #6748, #1984, #5728 ),
 ( #5793, #3133, #5243 ),
 ( #4142, #3625, #3166 ),
 ( #1054, #4174, #500 ),
 ( #990, #4627, #5279 ) ),
 .UNSPECIFIED., .F., .F., .F. ) 
 B_SPLINE_SURFACE_WITH_KNOTS ( ( 4, 2, 2, 2, 2, 2, 2, 2, 2, 2, 2, 2, 4 ),
 ( 3, 3 ),
 ( 0.1363188338334837546, 0.1372796724034922866, 0.1382405109735008186, 0.1392013495435093506, 0.1396817688285136305, 0.1401621881135178826, 0.1404023977560200087, 0.1406426073985221348, 0.1411230266835264147, 0.1420838652535349467, 0.1425642845385391988, 0.1430447038235434509, 0.1440055423935519829 ),
 ( 0.000000000000000000, 1.000000000000000000 ),
 .UNSPECIFIED. ) 
 GEOMETRIC_REPRESENTATION_ITEM ( )  RATIONAL_B_SPLINE_SURFACE ( (
 ( 1.000000000000000000, 0.7172051925495539493, 1.000000000000000000),
 ( 1.000000000000000000, 0.7182544996583833941, 1.000000000000000000),
 ( 1.000000000000000000, 0.7199997691477978412, 1.000000000000000000),
 ( 1.000000000000000000, 0.7243425913411082329, 1.000000000000000000),
 ( 1.000000000000000000, 0.7251078986801611226, 1.000000000000000000),
 ( 1.000000000000000000, 0.7244792861846707233, 1.000000000000000000),
 ( 1.000000000000000000, 0.7231242173619439884, 1.000000000000000000),
 ( 1.000000000000000000, 0.7206823896698799636, 1.000000000000000000),
 ( 1.000000000000000000, 0.7198732063143822302, 1.000000000000000000),
 ( 1.000000000000000000, 0.7187754394955433446, 1.000000000000000000),
 ( 1.000000000000000000, 0.7181777819166500487, 1.000000000000000000),
 ( 1.000000000000000000, 0.7160422510696349274, 1.000000000000000000),
 ( 1.000000000000000000, 0.7151363476364047678, 1.000000000000000000),
 ( 1.000000000000000000, 0.7145039319667998434, 1.000000000000000000),
 ( 1.000000000000000000, 0.7146658732164826722, 1.000000000000000000),
 ( 1.000000000000000000, 0.7164442733586424694, 1.000000000000000000),
 ( 1.000000000000000000, 0.7193880601389771590, 1.000000000000000000),
 ( 1.000000000000000000, 0.7314725704488835856, 1.000000000000000000),
 ( 1.000000000000000000, 0.7425306951467783856, 1.000000000000000000),
 ( 1.000000000000000000, 0.7691081318360610819, 1.000000000000000000),
 ( 1.000000000000000000, 0.7794454145937909084, 1.000000000000000000),
 ( 1.000000000000000000, 0.7989406812743325981, 1.000000000000000000),
 ( 1.000000000000000000, 0.8085547780275721408, 1.000000000000000000),
 ( 1.000000000000000000, 0.8365106430044944030, 1.000000000000000000),
 ( 1.000000000000000000, 0.8497891974291923445, 1.000000000000000000),
 ( 1.000000000000000000, 0.8560622611796410153, 1.000000000000000000) ) ) 
 REPRESENTATION_ITEM ( '' )  SURFACE ( )  );
#4679 = CARTESIAN_POINT ( 'NONE',  ( 1.920323777126774933, 4.821688046860447052, -6.676271772984667230 ) ) ;
#4680 = CARTESIAN_POINT ( 'NONE',  ( -21.93439439578929750, 0.7635740934655472767, 14.92660783864113938 ) ) ;
#4681 = CARTESIAN_POINT ( 'NONE',  ( 59.21609056112557568, 7.992115954093034880, 7.527865410125918366 ) ) ;
#4682 = ADVANCED_FACE ( 'NONE', ( #2901 ), #603, .T. ) ;
#4683 = CARTESIAN_POINT ( 'NONE',  ( 9.038508720931302420, 6.827966157935704494, 6.285680578057720957 ) ) ;
#4684 = CARTESIAN_POINT ( 'NONE',  ( 120.6966857910156250, 3.815164120374512358, -6.377313613891608668 ) ) ;
#4685 = CARTESIAN_POINT ( 'NONE',  ( -13.91536254039054832, 3.027665208321118850, 11.50171756744384943 ) ) ;
#4686 = CARTESIAN_POINT ( 'NONE',  ( 46.10661395470222601, -0.2453895975227313730, -15.75070349148029258 ) ) ;
#4687 = AXIS2_PLACEMENT_3D ( 'NONE', #3697, #1613, #615 ) ;
#4688 = DIRECTION ( 'NONE',  ( 0.004526672695237538360, 0.9808529858195090823, 0.1946970196054998992 ) ) ;
#4689 = CARTESIAN_POINT ( 'NONE',  ( -119.6236390450544604, 7.127052448775632598, 0.5367786216429903945 ) ) ;
#4690 = CARTESIAN_POINT ( 'NONE',  ( -21.49419581376887578, 7.687013095204942914, -8.137344163085350246 ) ) ;
#4691 = CARTESIAN_POINT ( 'NONE',  ( -80.05098003302957466, 6.925971764178987300, -6.476445776164593049 ) ) ;
#4692 = B_SPLINE_CURVE_WITH_KNOTS ( 'NONE', 3,
 ( #998, #6283, #2133, #1063, #34, #5251, #3176 ),
 .UNSPECIFIED., .F., .F.,
 ( 4, 3, 4 ),
 ( 8.031320732540956062E-15, 0.0005573023011880863780, 0.0009770701582450158542 ),
 .UNSPECIFIED. ) ;
#4693 = CARTESIAN_POINT ( 'NONE',  ( -40.32856421080703058, 8.463239486446308746, -9.284476607302009299 ) ) ;
#4694 = CARTESIAN_POINT ( 'NONE',  ( -9.714451465470119729E-14, -1.000000000000018208, 0.000000000000000000 ) ) ;
#4695 = CARTESIAN_POINT ( 'NONE',  ( 116.0948527467413953, 5.633876704122717349, -3.528349745692473949 ) ) ;
#4696 = CARTESIAN_POINT ( 'NONE',  ( -9.696081763482909456E-14, 13.42264973081046264, 1.500000000000000000 ) ) ;
#4697 = CARTESIAN_POINT ( 'NONE',  ( -4.781285410597655883, 6.665046681295841324, -6.433554045592759785 ) ) ;
#4698 = CARTESIAN_POINT ( 'NONE',  ( 8.992682501907612647, 6.613445454599067297, 6.167036377979723483 ) ) ;
#4699 = CARTESIAN_POINT ( 'NONE',  ( 0.000000000000000000, 0.000000000000000000, 0.000000000000000000 ) ) ;
#4700 = CARTESIAN_POINT ( 'NONE',  ( -8.358432199713920596, 7.548896406856818508, -6.135010562783280719 ) ) ;
#4701 = FACE_OUTER_BOUND ( 'NONE', #521, .T. ) ;
#4702 = FACE_OUTER_BOUND ( 'NONE', #2885, .T. ) ;
#4703 = AXIS2_PLACEMENT_3D ( 'NONE', #2447, #1343, #6079 ) ;
#4704 = CARTESIAN_POINT ( 'NONE',  ( 119.6967489086249543, 6.233540006771144171, 0.3169418955811464933 ) ) ;
#4705 = CARTESIAN_POINT ( 'NONE',  ( -31.71919824360900009, 8.941980773658290360, -9.574205323022606962 ) ) ;
#4706 = ORIENTED_EDGE ( 'NONE', *, *, #1006, .F. ) ;
#4707 = ORIENTED_EDGE ( 'NONE', *, *, #1943, .T. ) ;
#4708 = CARTESIAN_POINT ( 'NONE',  ( -44.67178515449987941, -0.3975970789349726475, 16.17102259429100641 ) ) ;
#4709 = CARTESIAN_POINT ( 'NONE',  ( -6.124744736079236418, 3.914218698915339356, -1.555202832500074850 ) ) ;
#4710 = DIRECTION ( 'NONE',  ( -0.9999893508874444503, 0.004614987725603184390, 0.000000000000000000 ) ) ;
#4711 = CARTESIAN_POINT ( 'NONE',  ( 10.01137520375695189, 6.789646567627442231, 6.403827864287403138 ) ) ;
#4712 = CARTESIAN_POINT ( 'NONE',  ( -115.3744255224143984, 6.094486590236568802, 3.810727606365661213 ) ) ;
#4713 = CARTESIAN_POINT ( 'NONE',  ( 117.1900536636215264, 6.268271006417702296, 4.473955767040151521 ) ) ;
#4714 = CARTESIAN_POINT ( 'NONE',  ( -2.034623327075991028, 5.867587964092905395, 5.659168514363236646 ) ) ;
#4715 = EDGE_CURVE ( 'NONE', #3786, #4022, #4677, .T. ) ;
#4716 = DIRECTION ( 'NONE',  ( -0.000000000000000000, -0.000000000000000000, -1.000000000000000000 ) ) ;
#4717 = ORIENTED_EDGE ( 'NONE', *, *, #5554, .T. ) ;
#4718 = CARTESIAN_POINT ( 'NONE',  ( 114.8349990844726420, -2.295687167467276524, -20.95277023315430398 ) ) ;
#4719 = CARTESIAN_POINT ( 'NONE',  ( -22.10523324424346470, 5.214527494008639685, 1.988895893096926715 ) ) ;
#4720 = CARTESIAN_POINT ( 'NONE',  ( 43.65149963937189881, -0.4660621806748780349, -16.76922251441089884 ) ) ;
#4721 = AXIS2_PLACEMENT_3D ( 'NONE', #3746, #5814, #3267 ) ;
#4722 = ORIENTED_EDGE ( 'NONE', *, *, #6338, .T. ) ;
#4723 = CARTESIAN_POINT ( 'NONE',  ( 119.4147119961034775, 6.769266316687320817, 2.497572981251636737 ) ) ;
#4724 = AXIS2_PLACEMENT_3D ( 'NONE', #6123, #678, #5891 ) ;
#4725 = CARTESIAN_POINT ( 'NONE',  ( -1.947188797951798112, 4.440435619952619817, 6.693559900484182812 ) ) ;
#4726 = DIRECTION ( 'NONE',  ( -0.9462597538888526394, -0.04569462798349996357, 0.3201632070423732768 ) ) ;
#4727 = AXIS2_PLACEMENT_3D ( 'NONE', #2844, #2325, #1187 ) ;
#4728 = CARTESIAN_POINT ( 'NONE',  ( -19.04878261585928811, 4.975748979156621843, 13.26910277243234226 ) ) ;
#4729 = DIRECTION ( 'NONE',  ( -0.9000748280852511884, 0.3808744537961503696, 0.2116599969120043223 ) ) ;
#4730 = CARTESIAN_POINT ( 'NONE',  ( 120.6633449220572487, 3.119505881848536610, -11.02788227898218310 ) ) ;
#4731 = CARTESIAN_POINT ( 'NONE',  ( 4.791149215326530708, 6.677386727423476387, 6.077200002107727705 ) ) ;
#4732 = CIRCLE ( 'NONE', #3077, 0.2500000000000000555 ) ;
#4733 = FACE_OUTER_BOUND ( 'NONE', #5033, .T. ) ;
#4734 =( BOUNDED_SURFACE ( )  B_SPLINE_SURFACE ( 3, 2, ( 
 ( #2010, #2043, #632 ),
 ( #1531, #2219, #4713 ),
 ( #3650, #5751, #6812 ),
 ( #1013, #4204, #6399 ),
 ( #1666, #3780, #1149 ),
 ( #5374, #4857, #119 ),
 ( #6168, #1805, #6026 ),
 ( #253, #4894, #705 ),
 ( #5441, #6500, #3919 ),
 ( #2810, #1291, #1259 ),
 ( #739, #3375, #1836 ),
 ( #1226, #3342, #1700 ),
 ( #4928, #1735, #5539 ),
 ( #2357, #2845, #6533 ),
 ( #3887, #773, #3851 ),
 ( #2880, #5474, #6431 ),
 ( #5409, #3814, #185 ),
 ( #5921, #3440, #4441 ),
 ( #5992, #2287, #3407 ),
 ( #1189, #4995, #3303 ),
 ( #4962, #4472, #2253 ),
 ( #220, #4372, #154 ),
 ( #2327, #5506, #6565 ),
 ( #4404, #3952, #5958 ) ),
 .UNSPECIFIED., .F., .F., .F. ) 
 B_SPLINE_SURFACE_WITH_KNOTS ( ( 4, 2, 2, 2, 2, 2, 2, 2, 2, 2, 2, 4 ),
 ( 3, 3 ),
 ( 0.1121355139585706734, 0.1130794089598556873, 0.1140233039611406873, 0.1149671989624256874, 0.1154391464630681874, 0.1156751202133894374, 0.1159110939637106874, 0.1163830414643531874, 0.1168549889649956874, 0.1177988839662806875, 0.1187427789675656875, 0.1196866739688507014 ),
 ( 0.000000000000000000, 1.000000000000000000 ),
 .UNSPECIFIED. ) 
 GEOMETRIC_REPRESENTATION_ITEM ( )  RATIONAL_B_SPLINE_SURFACE ( (
 ( 1.000000000000000000, 0.7397351428078697833, 1.000000000000000000),
 ( 1.000000000000000000, 0.7366624650649948869, 1.000000000000000000),
 ( 1.000000000000000000, 0.7327128281034466228, 1.000000000000000000),
 ( 1.000000000000000000, 0.7233445510166240933, 1.000000000000000000),
 ( 1.000000000000000000, 0.7172079881546161717, 1.000000000000000000),
 ( 1.000000000000000000, 0.7091864344894071026, 1.000000000000000000),
 ( 1.000000000000000000, 0.7070406720730104677, 1.000000000000000000),
 ( 1.000000000000000000, 0.7064597965112821010, 1.000000000000000000),
 ( 1.000000000000000000, 0.7067978198649120802, 1.000000000000000000),
 ( 1.000000000000000000, 0.7070364323069953105, 1.000000000000000000),
 ( 1.000000000000000000, 0.7070168869282125179, 1.000000000000000000),
 ( 1.000000000000000000, 0.7067105610559205608, 1.000000000000000000),
 ( 1.000000000000000000, 0.7063786295707775720, 1.000000000000000000),
 ( 1.000000000000000000, 0.7056365035010231379, 1.000000000000000000),
 ( 1.000000000000000000, 0.7054988234718460038, 1.000000000000000000),
 ( 1.000000000000000000, 0.7052555921850893750, 1.000000000000000000),
 ( 1.000000000000000000, 0.7050218941950816554, 1.000000000000000000),
 ( 1.000000000000000000, 0.7041379012059404419, 1.000000000000000000),
 ( 1.000000000000000000, 0.7032874487729289248, 1.000000000000000000),
 ( 1.000000000000000000, 0.7025403894653462489, 1.000000000000000000),
 ( 1.000000000000000000, 0.7027002283923675652, 1.000000000000000000),
 ( 1.000000000000000000, 0.7053083867141851648, 1.000000000000000000),
 ( 1.000000000000000000, 0.7064642502510815048, 1.000000000000000000),
 ( 1.000000000000000000, 0.7071263368314704145, 1.000000000000000000) ) ) 
 REPRESENTATION_ITEM ( '' )  SURFACE ( )  );
#4735 = CARTESIAN_POINT ( 'NONE',  ( -105.7074524455155853, 7.300978356197700414, -5.134133779987664958 ) ) ;
#4736 = CARTESIAN_POINT ( 'NONE',  ( -1.937535689131979710, 4.136233607620750874, 6.576783346763546589 ) ) ;
#4737 = CARTESIAN_POINT ( 'NONE',  ( -2.552037621244099164, 6.992275110946895467, 11.16884994506835760 ) ) ;
#4738 = CARTESIAN_POINT ( 'NONE',  ( 69.08908957911978632, 3.110034586572204773, -11.75941687411082270 ) ) ;
#4739 = CARTESIAN_POINT ( 'NONE',  ( 2.555757551263492466, 6.030128407240847643, 5.874762450655395263 ) ) ;
#4740 = ORIENTED_EDGE ( 'NONE', *, *, #3178, .F. ) ;
#4741 = CARTESIAN_POINT ( 'NONE',  ( -5.351860207990225327, 6.639138556319750251, -6.211256543501431082 ) ) ;
#4742 = CARTESIAN_POINT ( 'NONE',  ( 119.6541408293073374, 6.447082237566494456, 1.626941451225412560 ) ) ;
#4743 = CARTESIAN_POINT ( 'NONE',  ( -52.83340727866448105, 8.308623003459334910, -8.062346687214354546 ) ) ;
#4744 = CARTESIAN_POINT ( 'NONE',  ( 2.292920483917100238, 6.757271026054257668, 5.762948202329162051 ) ) ;
#4745 = ORIENTED_EDGE ( 'NONE', *, *, #2158, .F. ) ;
#4746 = CARTESIAN_POINT ( 'NONE',  ( -61.85929187115004169, 2.801435386131301719, 12.85428482147818663 ) ) ;
#4747 = CARTESIAN_POINT ( 'NONE',  ( -5.639230663976708691, 3.988697947843431901, -2.115536233388921605 ) ) ;
#4748 = CARTESIAN_POINT ( 'NONE',  ( 103.5956260283250003, 6.817438106595761660, 5.315629903160040470 ) ) ;
#4749 = VECTOR ( 'NONE', #2189, 1000.000000000000000 ) ;
#4750 = CARTESIAN_POINT ( 'NONE',  ( -93.97279603034651529, 5.062314757233576934, 7.805123953524224945 ) ) ;
#4751 = ADVANCED_FACE ( 'NONE', ( #3426 ), #3971, .T. ) ;
#4752 = CARTESIAN_POINT ( 'NONE',  ( 12.08141590226042439, 7.104243410501795530, 6.683990055109933159 ) ) ;
#4753 = CARTESIAN_POINT ( 'NONE',  ( -122.7272475405402758, 4.752239646733547040, 8.330799216036909982 ) ) ;
#4754 = CARTESIAN_POINT ( 'NONE',  ( 6.138723121228339075, 6.476715323890968712, 5.974159613823935899 ) ) ;
#4755 = CARTESIAN_POINT ( 'NONE',  ( 88.81963894776345114, 7.033986383679583732, 5.936141302735128633 ) ) ;
#4756 = CARTESIAN_POINT ( 'NONE',  ( 4.396031136485536450, 6.772529541585162072, -4.587374496064342999 ) ) ;
#4757 = CARTESIAN_POINT ( 'NONE',  ( -34.65472345631275175, 6.277910055307504678, -1.013434767723077501 ) ) ;
#4758 = CARTESIAN_POINT ( 'NONE',  ( 71.15393038126580905, 3.291986907034458731, -11.39169980946594762 ) ) ;
#4759 = ORIENTED_EDGE ( 'NONE', *, *, #2502, .T. ) ;
#4760 = CARTESIAN_POINT ( 'NONE',  ( 119.4080790377307721, 6.526159090398543583, 2.509193872523565183 ) ) ;
#4761 = DIRECTION ( 'NONE',  ( 0.000000000000000000, 0.000000000000000000, -1.000000000000000000 ) ) ;
#4762 = AXIS2_PLACEMENT_3D ( 'NONE', #3675, #4332, #148 ) ;
#4763 = CARTESIAN_POINT ( 'NONE',  ( -2.571975438379989765, 6.299053800243552992, -6.166481769391778833 ) ) ;
#4764 = CARTESIAN_POINT ( 'NONE',  ( 1.836853266159001352, 5.447704524443622631, -6.032988993790971755 ) ) ;
#4765 = CARTESIAN_POINT ( 'NONE',  ( -2.312028531580881729, 6.172628625914506451, -6.044821617370428335 ) ) ;
#4766 = CARTESIAN_POINT ( 'NONE',  ( 117.0440770511734030, 5.250442454147931315, -2.992634169540826505 ) ) ;
#4767 = SPHERICAL_SURFACE ( 'NONE', #5787, 0.2500000000000000000 ) ;
#4768 = B_SPLINE_CURVE_WITH_KNOTS ( 'NONE', 3,
 ( #4081, #1027, #6790, #3139, #1410, #4044 ),
 .UNSPECIFIED., .F., .F.,
 ( 4, 2, 4 ),
 ( 0.000000000000000000, 0.005562687421673522675, 0.01112537484334704535 ),
 .UNSPECIFIED. ) ;
#4769 = CARTESIAN_POINT ( 'NONE',  ( -20.28952477159127454, 1.003577097233445015, 13.96226250056138340 ) ) ;
#4770 = CARTESIAN_POINT ( 'NONE',  ( 6.099204172855136719, 6.387742735499415403, 6.022695524280020862 ) ) ;
#4771 = CARTESIAN_POINT ( 'NONE',  ( 2.282385067566079506, 6.773530568736691571, 5.548925518989460848 ) ) ;
#4772 = CARTESIAN_POINT ( 'NONE',  ( 3.133435035833941118, 5.435850322420932912, 5.127861135500284107 ) ) ;
#4773 = CARTESIAN_POINT ( 'NONE',  ( 53.59323165297723790, 1.595278015610789524, -14.22626545629478123 ) ) ;
#4774 = CARTESIAN_POINT ( 'NONE',  ( -119.0466005758727874, 6.726070796703778498, -3.093728452271064633 ) ) ;
#4775 = ORIENTED_EDGE ( 'NONE', *, *, #780, .T. ) ;
#4776 = CARTESIAN_POINT ( 'NONE',  ( 2.293453513233529417, 7.051346776207423339, 5.782508798546552420 ) ) ;
#4777 = ADVANCED_FACE ( 'NONE', ( #6583 ), #6619, .T. ) ;
#4778 = CARTESIAN_POINT ( 'NONE',  ( -4.623775159384392097, 8.187744116502019054, -3.821029224259472112 ) ) ;
#4779 = CARTESIAN_POINT ( 'NONE',  ( -15.06578286798947452, 7.717342110457138027, -7.149002481805705855 ) ) ;
#4780 = CARTESIAN_POINT ( 'NONE',  ( 1.730748412503145373, 4.104414357537554459, -5.761593645975136013 ) ) ;
#4781 = ORIENTED_EDGE ( 'NONE', *, *, #5516, .T. ) ;
#4782 = CARTESIAN_POINT ( 'NONE',  ( -47.52671167491060800, -1.190076821241312865, 17.73807989247370287 ) ) ;
#4783 = CARTESIAN_POINT ( 'NONE',  ( -3.999805552494659633, 5.510635009689258013, -4.488639143224308015 ) ) ;
#4784 = CARTESIAN_POINT ( 'NONE',  ( 95.13250507861690153, 7.108295555004935373, 5.628643011842776822 ) ) ;
#4785 = CARTESIAN_POINT ( 'NONE',  ( -26.63793134038671795, -0.5538340575950867484, 16.89955208663608133 ) ) ;
#4786 = CARTESIAN_POINT ( 'NONE',  ( 16.26226436427436184, 7.262978654256590616, 7.345847173700539301 ) ) ;
#4787 = B_SPLINE_CURVE_WITH_KNOTS ( 'NONE', 3,
 ( #3602, #1548, #5329, #1030 ),
 .UNSPECIFIED., .F., .F.,
 ( 4, 4 ),
 ( -3.182332112304881913E-06, 0.0002504457612897542911 ),
 .UNSPECIFIED. ) ;
#4788 = CARTESIAN_POINT ( 'NONE',  ( -116.0908468921575860, 5.692469423759662028, 3.379935099235397811 ) ) ;
#4789 = CARTESIAN_POINT ( 'NONE',  ( -1.655179564397907033, 5.141074129473308219, 5.769787514128208450 ) ) ;
#4790 = CARTESIAN_POINT ( 'NONE',  ( 116.7948539192477995, 6.285509907519903905, 4.343771664039970837 ) ) ;
#4791 = ORIENTED_EDGE ( 'NONE', *, *, #4715, .F. ) ;
#4792 = CARTESIAN_POINT ( 'NONE',  ( 5.879896853770090637, 8.440293431581446626, 1.238819663606048449 ) ) ;
#4793 = CARTESIAN_POINT ( 'NONE',  ( -72.84915928476837621, 7.547912373353267590, -6.745057106018053084 ) ) ;
#4794 = CARTESIAN_POINT ( 'NONE',  ( 35.87436036121584237, -3.640466286965906573, -19.95418056901340620 ) ) ;
#4795 = EDGE_LOOP ( 'NONE', ( #1641, #2805, #808, #5676 ) ) ;
#4796 = CARTESIAN_POINT ( 'NONE',  ( 21.90482472585661355, 0.6624148257651161220, -14.92660783863975915 ) ) ;
#4797 = CARTESIAN_POINT ( 'NONE',  ( -9.714451465470119729E-14, -1.000000000000018208, 0.000000000000000000 ) ) ;
#4798 = CARTESIAN_POINT ( 'NONE',  ( -4.565923073143093092, 6.493234770081563134, -6.388173735340061832 ) ) ;
#4799 = B_SPLINE_CURVE_WITH_KNOTS ( 'NONE', 3,
 ( #5732, #6688, #443, #3564 ),
 .UNSPECIFIED., .F., .F.,
 ( 4, 4 ),
 ( 3.769193260769792779E-16, 0.0003890194007000465450 ),
 .UNSPECIFIED. ) ;
#4800 = B_SPLINE_SURFACE_WITH_KNOTS ( 'NONE', 3, 1, ( 
 ( #5762, #504 ),
 ( #2129, #1096 ),
 ( #2615, #2095 ),
 ( #4728, #6310 ),
 ( #4247, #3283 ) ),
 .UNSPECIFIED., .F., .F., .F.,
 ( 4, 1, 4 ),
 ( 2, 2 ),
 ( 0.000000000000000000, 0.06189819702705601223, 0.1145972287719292382 ),
 ( 0.000000000000000000, 1.000000000000000000 ),
 .UNSPECIFIED. ) ;
#4801 = CARTESIAN_POINT ( 'NONE',  ( 3.612736623152080107, 3.773605386780498616, -4.800838721753796889 ) ) ;
#4802 = CARTESIAN_POINT ( 'NONE',  ( 2.238980054855352897, 11.14724734562487640, 13.91060161590576172 ) ) ;
#4803 = AXIS2_PLACEMENT_3D ( 'NONE', #945, #5169, #5716 ) ;
#4804 = CARTESIAN_POINT ( 'NONE',  ( 113.3605169295762209, 4.937263294607091346, -4.247096685000434135 ) ) ;
#4805 = CARTESIAN_POINT ( 'NONE',  ( 2.305675107495474663, 6.474668977491774946, 6.014267845432308413 ) ) ;
#4806 = CARTESIAN_POINT ( 'NONE',  ( -3.089013965661993932, 5.995705576268798964, 5.598665990124964686 ) ) ;
#4807 = CARTESIAN_POINT ( 'NONE',  ( -9.296619001945657601, 4.598872790976657576, 8.172993996471744182 ) ) ;
#4808 = CARTESIAN_POINT ( 'NONE',  ( 18.37638589438400771, 7.352205411207237695, 7.565308234089688888 ) ) ;
#4809 = CARTESIAN_POINT ( 'NONE',  ( -6.056399006845570199, 3.480958124893582806, 1.711194993849174617 ) ) ;
#4810 = CARTESIAN_POINT ( 'NONE',  ( -9.689958529487172699E-14, 14.28867513459489835, 2.000000000000024869 ) ) ;
#4811 = CARTESIAN_POINT ( 'NONE',  ( 50.56003948153225025, 1.098228097179130947, -14.88565657393908381 ) ) ;
#4812 = CARTESIAN_POINT ( 'NONE',  ( 4.811685094909947225, 6.770192034974438222, 6.329874221700584336 ) ) ;
#4813 = EDGE_LOOP ( 'NONE', ( #1355, #4477, #6656, #3025, #2434 ) ) ;
#4814 = CARTESIAN_POINT ( 'NONE',  ( -4.804851855427719087, 6.505301682530743257, -6.234199713410449206 ) ) ;
#4815 = ADVANCED_FACE ( 'NONE', ( #223 ), #5926, .T. ) ;
#4816 = DIRECTION ( 'NONE',  ( -0.4980217025003507159, 4.336808689942016750E-16, -0.8671645656036992555 ) ) ;
#4817 = CARTESIAN_POINT ( 'NONE',  ( -19.72794040089682355, 8.237185511424891970, -7.892592947518057400 ) ) ;
#4818 = CARTESIAN_POINT ( 'NONE',  ( 50.47176361083984375, 6.703869105754756141, 9.684874534606930041 ) ) ;
#4819 = ORIENTED_EDGE ( 'NONE', *, *, #4303, .F. ) ;
#4820 = CARTESIAN_POINT ( 'NONE',  ( -56.17537319007050201, 0.5771870060426166349, 15.64126547364453401 ) ) ;
#4821 = CARTESIAN_POINT ( 'NONE',  ( -6.286020991523920465, 3.765235994233093741, -0.5587909514594893157 ) ) ;
#4822 = CARTESIAN_POINT ( 'NONE',  ( 101.4743535405061863, 6.980687362901477400, 5.271107023358722721 ) ) ;
#4823 = CARTESIAN_POINT ( 'NONE',  ( 59.21091939904157897, 7.797074423075196492, 7.620224148786077123 ) ) ;
#4824 = CARTESIAN_POINT ( 'NONE',  ( 76.15348545616986087, 7.327087724796994550, 6.629803929722847933 ) ) ;
#4825 = CARTESIAN_POINT ( 'NONE',  ( 119.4064522260065644, 5.721572179646064349, -1.959986551784562492 ) ) ;
#4826 = DIRECTION ( 'NONE',  ( -0.000000000000000000, -1.000000000000000000, -0.000000000000000000 ) ) ;
#4827 = CARTESIAN_POINT ( 'NONE',  ( 71.94389071446839523, 7.410863795656346120, 6.844769386266920108 ) ) ;
#4828 = ORIENTED_EDGE ( 'NONE', *, *, #861, .T. ) ;
#4829 = CARTESIAN_POINT ( 'NONE',  ( 5.939378379372559635, 8.405824706674872360, 0.9122698011213619118 ) ) ;
#4830 = CARTESIAN_POINT ( 'NONE',  ( 1.955864424136556146, 3.926165692675630758, -6.014264994549618493 ) ) ;
#4831 = CARTESIAN_POINT ( 'NONE',  ( 28.48053789853531015, -1.630660264642389112, -17.27513216511490413 ) ) ;
#4832 = EDGE_CURVE ( 'NONE', #1016, #92, #3033, .T. ) ;
#4833 = ORIENTED_EDGE ( 'NONE', *, *, #1510, .F. ) ;
#4834 = CARTESIAN_POINT ( 'NONE',  ( 14.01547654239413632, 3.117405611048549297, -10.30487966165349611 ) ) ;
#4835 = FACE_OUTER_BOUND ( 'NONE', #4193, .T. ) ;
#4836 = CARTESIAN_POINT ( 'NONE',  ( -21.16384802288407840, 1.051710894051227640, 14.48484980001761180 ) ) ;
#4837 = LINE ( 'NONE', #3795, #3305 ) ;
#4838 = CARTESIAN_POINT ( 'NONE',  ( 1.712021983482439058, 5.049013030095099275, -6.114898411974610148 ) ) ;
#4839 = CARTESIAN_POINT ( 'NONE',  ( 110.0215534314377663, 5.264561532543990729, -5.073049185944170425 ) ) ;
#4840 = FACE_OUTER_BOUND ( 'NONE', #1185, .T. ) ;
#4841 = ADVANCED_FACE ( 'NONE', ( #5905 ), #2702, .T. ) ;
#4842 = CARTESIAN_POINT ( 'NONE',  ( -3.347454870789445369, 6.143879431581248163, 5.439360034295069646 ) ) ;
#4843 = CARTESIAN_POINT ( 'NONE',  ( 119.4271149527849900, 6.335422795116055994, -0.4454708643179439154 ) ) ;
#4844 = CARTESIAN_POINT ( 'NONE',  ( -119.7080761803445341, 6.633664768184805993, -0.6472830906759164948 ) ) ;
#4845 = CARTESIAN_POINT ( 'NONE',  ( 2.490194721984226423, 6.208022833938634299, 5.467653090190708554 ) ) ;
#4846 = CARTESIAN_POINT ( 'NONE',  ( -8.883400608867459525, 7.573146887475986411, -6.195480522244999122 ) ) ;
#4847 = CARTESIAN_POINT ( 'NONE',  ( -3.628142981336265116, 3.790313760993484937, 4.800838721753844851 ) ) ;
#4848 = EDGE_LOOP ( 'NONE', ( #3810, #2180, #4577, #6320 ) ) ;
#4849 = CARTESIAN_POINT ( 'NONE',  ( 4.768630754101161884, 6.838127782011618194, 6.267345294644600884 ) ) ;
#4850 = CARTESIAN_POINT ( 'NONE',  ( 25.21189707390132639, -0.6196899564260220927, -16.03077367777651929 ) ) ;
#4851 = CARTESIAN_POINT ( 'NONE',  ( -22.32081978500323771, 8.360260267136597534, -8.370021760005846190 ) ) ;
#4852 = AXIS2_PLACEMENT_3D ( 'NONE', #4664, #5328, #3666 ) ;
#4853 = CARTESIAN_POINT ( 'NONE',  ( 1.731493271527389854, 4.162159605101614979, -5.744718187431995915 ) ) ;
#4854 = ORIENTED_EDGE ( 'NONE', *, *, #374, .T. ) ;
#4855 = CARTESIAN_POINT ( 'NONE',  ( -31.00631404585289630, -1.656612091996121805, 18.22704667963776970 ) ) ;
#4856 = CARTESIAN_POINT ( 'NONE',  ( -34.96392746572558963, 8.838872028875083942, -9.591494592336784919 ) ) ;
#4857 = CARTESIAN_POINT ( 'NONE',  ( 118.8179168829686745, 5.933993751489895274, 3.344681122075273461 ) ) ;
#4858 = CARTESIAN_POINT ( 'NONE',  ( 1.712188653619425738, 5.052725502382809708, -6.111395028265139473 ) ) ;
#4859 = CARTESIAN_POINT ( 'NONE',  ( 44.45953449522911427, 8.279994634925342822, 8.917908691990328762 ) ) ;
#4860 = CARTESIAN_POINT ( 'NONE',  ( 65.58646625267323316, 7.292806597135915503, 7.006125526360523992 ) ) ;
#4861 = B_SPLINE_CURVE_WITH_KNOTS ( 'NONE', 3,
 ( #3860, #2818, #5965, #3348, #4934, #192, #4415, #6507, #3381, #5480, #746, #6156, #4088, #6796, #5194, #4668, #3115, #1419, #1932, #450, #6729, #3050, #1002, #2066, #2554, #3672, #5773, #3638, #3605, #1966, #6251, #6288, #4052, #6762, #5225, #5161, #3014, #418, #1455, #3538, #2523, #4639, #4190, #6219, #3083, #4154, #905, #970, #6662, #1999, #5641, #2489, #4605, #1553, #1485, #5707, #5128, #384, #4120, #2031, #1518, #1035, #5741, #481, #3147, #6698, #5258, #516 ),
 .UNSPECIFIED., .F., .F.,
 ( 4, 2, 2, 2, 2, 2, 2, 2, 2, 2, 2, 2, 2, 2, 2, 2, 2, 2, 2, 2, 2, 2, 2, 2, 2, 2, 2, 2, 2, 2, 2, 2, 2, 4 ),
 ( 0.000000000000000000, 0.003138618992747194483, 0.004707928489120797796, 0.006277237985494400242, 0.007846547481868002688, 0.009415856978241606001, 0.01255447597098879181, 0.01412378546736238472, 0.01569309496373597415, 0.01883171395648315996, 0.02197033294923034924, 0.02510895194197753158, 0.02824757093472471739, 0.03138618992747189973, 0.03452480892021908554, 0.03766342791296626441, 0.04394066589846065685, 0.04707928489120785653, 0.05021790388395506316, 0.05335652287670227673, 0.05649514186944948335, 0.05963376086219667610, 0.06277237985494388273, 0.06904961784043829598, 0.07218823683318548179, 0.07532685582593266760, 0.08160409381142702534, 0.08788133179692139696, 0.09101995078966856889, 0.09258926028604212710, 0.09415856978241568531, 0.09572787927878925740, 0.09729718877516281561, 0.1004358077679099320 ),
 .UNSPECIFIED. ) ;
#4862 = B_SPLINE_SURFACE_WITH_KNOTS ( 'NONE', 3, 3, ( 
 ( #2759, #4802, #3762, #3796, #3358, #2792, #1170, #168, #3284, #612, #2723, #3869 ),
 ( #2130, #2270, #4317, #4248, #2236, #5457, #4354, #2652, #3969, #1788, #2931, #1275 ),
 ( #5556, #2827, #4035, #2340, #4556, #3454, #6612, #6073, #5589, #1852, #6009, #1304 ),
 ( #1399, #4945, #851, #237, #202, #3903, #2440, #6547, #6105, #1336, #3391, #5044 ),
 ( #1820, #819, #2307, #6138, #4456, #6644, #302, #4523, #5489, #1915, #1886, #4425 ),
 ( #6516, #1369, #3520, #3483, #756, #3937, #4001, #2864, #2409, #4979, #2373, #722 ),
 ( #6044, #2966, #5081, #336, #3424, #5523, #787, #2899, #5011, #269, #4490, #6581 ),
 ( #5209, #6234, #4654, #2472, #6744, #2047, #5144, #6270, #4623, #434, #4103, #5754 ),
 ( #1534, #464, #3621, #2015, #3030, #986, #5623, #1981, #889, #3097, #4170, #6204 ),
 ( #5177, #4135, #2570, #6680, #1501, #2998, #1468, #4587, #1437, #3556, #3130, #2537 ),
 ( #497, #6777, #6816, #5723, #2606, #1017, #1947, #4684, #3654, #1567, #4718, #5240 ),
 ( #2087, #5110, #4207, #6304, #366, #4069, #6171, #5656, #919, #398, #2504, #6713 ) ),
 .UNSPECIFIED., .F., .F., .F.,
 ( 4, 1, 1, 1, 1, 1, 1, 1, 1, 4 ),
 ( 4, 1, 1, 1, 1, 1, 1, 1, 1, 4 ),
 ( 0.000000000000000000, 0.05188190191984176636, 0.06485237926244735718, 0.08636341243982315063, 0.1132533699274063110, 0.2037699967622756958, 0.3333333432674407959, 0.6666666865348815918, 0.9027069807052612305, 1.000000000000000000 ),
 ( 0.000000000000000000, 0.1259855031967163086, 0.1574818938970565796, 0.1749367564916610718, 0.2014939337968826294, 0.3333333432674407959, 0.4213795065879821777, 0.5193362236022949219, 0.6666666865348815918, 1.000000000000000000 ),
 .UNSPECIFIED. ) ;
#4863 = CARTESIAN_POINT ( 'NONE',  ( -119.2360921895313908, 2.955278591892612106, 12.47470131847037145 ) ) ;
#4864 = CARTESIAN_POINT ( 'NONE',  ( 4.208261057148827256, 6.471116772854853316, 6.485814379771783322 ) ) ;
#4865 = CARTESIAN_POINT ( 'NONE',  ( 2.305675107495955611, 6.474668977480729559, 6.014267845441758631 ) ) ;
#4866 = EDGE_LOOP ( 'NONE', ( #4098, #5347, #4194, #4833 ) ) ;
#4867 = EDGE_CURVE ( 'NONE', #2365, #6703, #3591, .T. ) ;
#4868 = CARTESIAN_POINT ( 'NONE',  ( 4.816563235236086982, 6.978364835186938286, -3.590479800630180574 ) ) ;
#4869 = DIRECTION ( 'NONE',  ( 0.000000000000000000, 0.000000000000000000, -1.000000000000000000 ) ) ;
#4870 = CARTESIAN_POINT ( 'NONE',  ( 34.06708356055479214, -2.051934836770886950, -18.51061139966716595 ) ) ;
#4871 = VERTEX_POINT ( 'NONE', #2795 ) ;
#4872 = DIRECTION ( 'NONE',  ( -1.224646799147472769E-16, 0.000000000000000000, -1.000000000000000000 ) ) ;
#4873 = CARTESIAN_POINT ( 'NONE',  ( -1.725372814809769562, 5.528427061203030846, 5.979058727150543540 ) ) ;
#4874 = CARTESIAN_POINT ( 'NONE',  ( 16.59842867661717492, 2.895114218600231659, -11.63725076503804701 ) ) ;
#4875 = CARTESIAN_POINT ( 'NONE',  ( -116.7974625797946118, 6.824525614258634576, -4.343771664039957514 ) ) ;
#4876 = CARTESIAN_POINT ( 'NONE',  ( -2.318025446145506763, 6.294125551456645873, -6.181932224519038677 ) ) ;
#4877 = CARTESIAN_POINT ( 'NONE',  ( 102.2276049454837761, 4.548870692518249825, -6.168426282498328916 ) ) ;
#4878 = DIRECTION ( 'NONE',  ( 0.000000000000000000, 0.000000000000000000, -1.000000000000000000 ) ) ;
#4879 = CARTESIAN_POINT ( 'NONE',  ( -9.714451465470119729E-14, 12.99999999999993605, 0.000000000000000000 ) ) ;
#4880 = CARTESIAN_POINT ( 'NONE',  ( 119.1121419046842078, 6.784106905566477330, 2.549650677309414082 ) ) ;
#4881 = CARTESIAN_POINT ( 'NONE',  ( -119.5674105045004865, 6.708790276009254150, -2.116728223931441999 ) ) ;
#4882 = CARTESIAN_POINT ( 'NONE',  ( -4.440392940462727367, 9.955393301512172499, -11.63392925262451172 ) ) ;
#4883 = CARTESIAN_POINT ( 'NONE',  ( -2.433964833603202038, 6.005102102478328874, -5.810249827326567029 ) ) ;
#4884 = CARTESIAN_POINT ( 'NONE',  ( -4.313099829550076869, 3.361171926856144410, 4.201072429011595943 ) ) ;
#4885 = ORIENTED_EDGE ( 'NONE', *, *, #5348, .T. ) ;
#4886 = FACE_OUTER_BOUND ( 'NONE', #4241, .T. ) ;
#4887 = EDGE_CURVE ( 'NONE', #3690, #4671, #2116, .T. ) ;
#4888 = CARTESIAN_POINT ( 'NONE',  ( -118.8336923099442686, 6.476384645646824367, -2.956905315555259151 ) ) ;
#4889 = CARTESIAN_POINT ( 'NONE',  ( -16.09161545137847327, 7.907946530054460688, -7.321455765538618543 ) ) ;
#4890 = CARTESIAN_POINT ( 'NONE',  ( 63.24808883666992188, 3.031028301893125665, 12.96321487426757635 ) ) ;
#4891 = ORIENTED_EDGE ( 'NONE', *, *, #3822, .T. ) ;
#4892 = CARTESIAN_POINT ( 'NONE',  ( -30.51283093681541203, -3.186364303618368865, 19.61945852708911175 ) ) ;
#4893 = CARTESIAN_POINT ( 'NONE',  ( -12.08521856971749564, 7.540147301814784875, -6.687402183911363984 ) ) ;
#4894 = CARTESIAN_POINT ( 'NONE',  ( 119.3217270039314002, 5.918306237161405470, 2.664828897970399346 ) ) ;
#4895 = CARTESIAN_POINT ( 'NONE',  ( 63.39924665378085678, 7.729859883920034314, 7.326318710707836246 ) ) ;
#4896 = CARTESIAN_POINT ( 'NONE',  ( -55.66212048942695390, 2.130601629955486409, 13.83692591285130646 ) ) ;
#4897 = CARTESIAN_POINT ( 'NONE',  ( 84.61565614064957686, 6.935230686330427829, 6.177213787908165443 ) ) ;
#4898 = CARTESIAN_POINT ( 'NONE',  ( -108.4590676873191768, 5.253618166006565282, 5.141930138900338676 ) ) ;
#4899 = CARTESIAN_POINT ( 'NONE',  ( -5.646012269787977544, 8.015295079707147607, 2.045688668400609256 ) ) ;
#4900 = CARTESIAN_POINT ( 'NONE',  ( -9.714451465470119729E-14, 14.28867513459489835, -2.000000000000024869 ) ) ;
#4901 = CARTESIAN_POINT ( 'NONE',  ( -100.5176681666432472, 1.609406580853847579, 15.05822372436525036 ) ) ;
#4902 = CARTESIAN_POINT ( 'NONE',  ( 37.70350854076074398, -2.157962871156664075, -17.89862360968020738 ) ) ;
#4903 = ORIENTED_EDGE ( 'NONE', *, *, #5782, .F. ) ;
#4904 = EDGE_CURVE ( 'NONE', #1007, #4609, #6660, .T. ) ;
#4905 = CARTESIAN_POINT ( 'NONE',  ( -2.558324417422239705, 6.486832020799955245, -6.002003839226414783 ) ) ;
#4906 = ADVANCED_BREP_SHAPE_REPRESENTATION ( '¦ЁюяхыыхЁ 9450 CW', ( #2185, #2246, #2196, #4590, #3606 ), #5260 ) ;
#4907 = CARTESIAN_POINT ( 'NONE',  ( -119.6621435692245541, 6.508928619502196256, 2.014034762344294904 ) ) ;
#4908 = CARTESIAN_POINT ( 'NONE',  ( 16.53332441884557369, 2.823654576909041314, -11.70624737091555723 ) ) ;
#4909 = CARTESIAN_POINT ( 'NONE',  ( 5.041300925938664967, 3.310053238815647170, -3.727382320399052151 ) ) ;
#4910 = CARTESIAN_POINT ( 'NONE',  ( -2.494378227605668741, 6.219524766670159188, -5.467653090190806253 ) ) ;
#4911 = CARTESIAN_POINT ( 'NONE',  ( 106.3735679310009914, 4.690941193506375839, -5.475145849393893371 ) ) ;
#4912 = CARTESIAN_POINT ( 'NONE',  ( -8.330904626054682183, 3.799018479102044932, 7.715219752557923805 ) ) ;
#4913 = CARTESIAN_POINT ( 'NONE',  ( -1.960633113991565146, 5.426621648270276488, 6.106718297155746988 ) ) ;
#4914 = CARTESIAN_POINT ( 'NONE',  ( -10.69473895152722775, 3.544665604924392088, 8.517770035647094673 ) ) ;
#4915 = CARTESIAN_POINT ( 'NONE',  ( -118.8014128250210746, 6.731592466457901658, -3.365842983346521322 ) ) ;
#4916 = CARTESIAN_POINT ( 'NONE',  ( -50.29419896003116008, 9.404062967579468690, -5.910112380981436431 ) ) ;
#4917 = CARTESIAN_POINT ( 'NONE',  ( -38.13305231448344301, 8.963367809376563855, -9.354119908922399418 ) ) ;
#4918 = CARTESIAN_POINT ( 'NONE',  ( -119.6558096172840635, 6.443387135178143765, -1.678761781941763731 ) ) ;
#4919 = CARTESIAN_POINT ( 'NONE',  ( -10.53267093013775657, 6.884574200397007182, -6.471562015571592497 ) ) ;
#4920 = CARTESIAN_POINT ( 'NONE',  ( 28.02004627451219321, -1.500995085787526273, -17.12130378317371182 ) ) ;
#4921 = B_SPLINE_SURFACE_WITH_KNOTS ( 'NONE', 3, 1, ( 
 ( #6404, #493 ),
 ( #1084, #90 ),
 ( #20, #3716 ),
 ( #566, #4343 ),
 ( #5785, #531 ),
 ( #6437, #2188 ),
 ( #2710, #1155 ),
 ( #6300, #2748 ),
 ( #2675, #1047 ),
 ( #2602, #5271 ),
 ( #2641, #4236 ),
 ( #3235, #4754 ),
 ( #5856, #5237 ),
 ( #2119, #4864 ) ),
 .UNSPECIFIED., .F., .F., .F.,
 ( 4, 1, 1, 1, 1, 1, 1, 1, 1, 1, 1, 4 ),
 ( 2, 2 ),
 ( 0.000000000000000000, 0.007376745251813032755, 0.02111158948581864925, 0.1019433880578283769, 0.1662143942957516329, 0.2372230078623564498, 0.2487017214699078216, 0.2810015303712654622, 0.3213337568362750196, 0.3588768228555809237, 0.3715998865661724326, 0.3752805128043095739 ),
 ( 0.000000000000000000, 1.000000000000000000 ),
 .UNSPECIFIED. ) ;
#4922 = CARTESIAN_POINT ( 'NONE',  ( -8.307245013817418311, 7.546389652999231146, -6.129363083742144447 ) ) ;
#4924 = EDGE_CURVE ( 'NONE', #5256, #2014, #6770, .T. ) ;
#4923 = CARTESIAN_POINT ( 'NONE',  ( 2.340597391128540039, 4.020118267713502114, 8.148217201232910156 ) ) ;
#4925 = VERTEX_POINT ( 'NONE', #691 ) ;
#4926 = CARTESIAN_POINT ( 'NONE',  ( -26.62509428008393897, -0.5497501348751608896, 16.89441024148974080 ) ) ;
#4927 = CARTESIAN_POINT ( 'NONE',  ( -10.52109494792533262, 7.466734395920426870, -6.474366765200130658 ) ) ;
#4928 = CARTESIAN_POINT ( 'NONE',  ( 119.3602161730649129, 5.901375632381981262, 1.885532799053238007 ) ) ;
#4929 = CARTESIAN_POINT ( 'NONE',  ( 27.52586599080959218, 8.509924124057805628, 9.242539377650558663 ) ) ;
#4930 = CARTESIAN_POINT ( 'NONE',  ( -30.01391764743927837, -1.474751011264690437, 18.01552299013700775 ) ) ;
#4931 = CARTESIAN_POINT ( 'NONE',  ( 57.17477065777650580, 7.721705782005724217, 7.781716544473511021 ) ) ;
#4932 = CARTESIAN_POINT ( 'NONE',  ( -107.2666543543251265, 3.496421034332872324, 10.20281360548937322 ) ) ;
#4933 = CARTESIAN_POINT ( 'NONE',  ( -5.999285290602498932, 8.593330863282854892, -0.2103944056326312873 ) ) ;
#4934 = CARTESIAN_POINT ( 'NONE',  ( -25.71130136681726697, -0.6516192608244149032, 16.22167804744498198 ) ) ;
#4935 = B_SPLINE_CURVE_WITH_KNOTS ( 'NONE', 3,
 ( #4913, #172, #6606, #4806, #4842, #4389, #4286, #2311, #2726, #1879, #6484, #1757, #6382, #5979, #1976, #1941, #6198, #2957, #2532, #3059, #4615, #981, #392, #2497, #2466, #1463, #913, #5581, #6708, #3024 ),
 .UNSPECIFIED., .F., .F.,
 ( 4, 2, 2, 2, 2, 2, 2, 2, 2, 2, 2, 2, 2, 2, 4 ),
 ( 0.000000000000000000, 0.001027194411010287373, 0.002054388822020574747, 0.004108777644041146891, 0.005135972055051432963, 0.006163166466061720770, 0.007190360877072007710, 0.008217555288082295517, 0.009244749699092582457, 0.01027194411010286940, 0.01129913852111315807, 0.01232633293212344501, 0.01335352734313373195, 0.01438072175414401889, 0.01643511057616459103 ),
 .UNSPECIFIED. ) ;
#4936 = DIRECTION ( 'NONE',  ( 0.000000000000000000, 0.000000000000000000, -1.000000000000000000 ) ) ;
#4937 = CIRCLE ( 'NONE', #1055, 0.5000000000000004441 ) ;
#4938 = CARTESIAN_POINT ( 'NONE',  ( 22.01017013317262183, 0.4394829062989533686, -14.59544467882672691 ) ) ;
#4939 = ORIENTED_EDGE ( 'NONE', *, *, #3349, .T. ) ;
#4940 = LINE ( 'NONE', #5863, #2273 ) ;
#4941 = DIRECTION ( 'NONE',  ( 0.03590852244036428498, 0.6597309659043406604, 0.7506434777196665520 ) ) ;
#4942 = CARTESIAN_POINT ( 'NONE',  ( -119.6675841389697865, 6.982659649045723782, -1.504336103589764218 ) ) ;
#4943 = CARTESIAN_POINT ( 'NONE',  ( 13.31999141164991229, 3.654998613620021874, -9.947980314603984908 ) ) ;
#4944 = CARTESIAN_POINT ( 'NONE',  ( 6.109883611069188092, 3.885987218770484031, 1.555202832500089061 ) ) ;
#4945 = CARTESIAN_POINT ( 'NONE',  ( 12.95272159576416726, 10.85052088039964602, 13.80774021148681641 ) ) ;
#4946 = CARTESIAN_POINT ( 'NONE',  ( 114.8780737929306071, 5.517412785060748170, -3.983175643773879226 ) ) ;
#4947 = CARTESIAN_POINT ( 'NONE',  ( -12.24867854452140925, 3.304555746882551936, 9.147925673885367814 ) ) ;
#4948 = CARTESIAN_POINT ( 'NONE',  ( 119.6901748048839664, 6.114372085329658368, 1.137933154919823941 ) ) ;
#4949 = CARTESIAN_POINT ( 'NONE',  ( 4.628652285715872949, 8.166394083276978577, 3.821029224259472112 ) ) ;
#4950 = CARTESIAN_POINT ( 'NONE',  ( -119.0207581922602742, 6.726591584199303142, -3.123067901170734295 ) ) ;
#4951 = CARTESIAN_POINT ( 'NONE',  ( -6.817541872099450728, 5.504362536723293786, -7.246949195861814630 ) ) ;
#4952 = CARTESIAN_POINT ( 'NONE',  ( -50.77423186974424851, 8.348984527665230360, -8.247660680637391550 ) ) ;
#4953 = CARTESIAN_POINT ( 'NONE',  ( -119.6100527655474650, 6.452788634388640254, -1.936109280633008245 ) ) ;
#4954 = CARTESIAN_POINT ( 'NONE',  ( -27.69822262223346243, 8.429083995183070499, -9.262345420096620430 ) ) ;
#4955 = CARTESIAN_POINT ( 'NONE',  ( 35.66447851094847721, -2.368878344184076834, -18.12424806366914254 ) ) ;
#4956 = CARTESIAN_POINT ( 'NONE',  ( 15.73984309965802453, 2.699724381716748223, -11.24570935836730001 ) ) ;
#4957 = TOROIDAL_SURFACE ( 'NONE', #3511, 4.500000000000000888, 0.5000000000000004441 ) ;
#4958 = CARTESIAN_POINT ( 'NONE',  ( 39.00983810424804688, 9.651046545682824274, 7.625375270843504083 ) ) ;
#4959 = VERTEX_POINT ( 'NONE', #2689 ) ;
#4960 = CARTESIAN_POINT ( 'NONE',  ( -36.20684287402957580, -2.160899762481321762, 18.08057812656183927 ) ) ;
#4961 = CARTESIAN_POINT ( 'NONE',  ( -9.714451465470119729E-14, -0.5000000000000177636, -4.000000000000000000 ) ) ;
#4962 = CARTESIAN_POINT ( 'NONE',  ( 119.3989762635073930, 5.684489845890134951, -0.6813557626159841840 ) ) ;
#4963 = CARTESIAN_POINT ( 'NONE',  ( 59.17463589507834598, 7.797453335478419234, 7.622987214178466253 ) ) ;
#4964 = AXIS2_PLACEMENT_3D ( 'NONE', #4573, #3821, #4378 ) ;
#4965 = CARTESIAN_POINT ( 'NONE',  ( 8.955485737477671293, 7.354752784134612753, 6.279499632897213246 ) ) ;
#4966 = CARTESIAN_POINT ( 'NONE',  ( 69.82115657657391239, 7.450992682359769859, 6.953968957892632474 ) ) ;
#4967 = CARTESIAN_POINT ( 'NONE',  ( -106.3836464840457268, 5.181879774070488942, 5.475145849380673724 ) ) ;
#4968 = CIRCLE ( 'NONE', #5725, 1.000000000000039968 ) ;
#4969 = CARTESIAN_POINT ( 'NONE',  ( -5.362608879238321968, 8.665680254432833962, -3.246720509077706929 ) ) ;
#4970 = EDGE_CURVE ( 'NONE', #1295, #6199, #4249, .T. ) ;
#4971 = EDGE_CURVE ( 'NONE', #5536, #1942, #4935, .T. ) ;
#4972 = CARTESIAN_POINT ( 'NONE',  ( -127.4639627529389259, 6.492707580977545412, -3.077728986740090544 ) ) ;
#4973 = ORIENTED_EDGE ( 'NONE', *, *, #4111, .T. ) ;
#4974 = CARTESIAN_POINT ( 'NONE',  ( -2.093672720039719604, 4.774994734548863029, 6.750012710744358380 ) ) ;
#4975 = CARTESIAN_POINT ( 'NONE',  ( 8.360321280923686871, 7.510317780392483655, 6.135010562783284271 ) ) ;
#4976 = CARTESIAN_POINT ( 'NONE',  ( -119.4502366368381558, 7.179458092195844188, -1.127914493612252267 ) ) ;
#4977 = CARTESIAN_POINT ( 'NONE',  ( 18.15048630571467214, 2.347299651981828550, -12.56624123430000672 ) ) ;
#4978 = CARTESIAN_POINT ( 'NONE',  ( 4.825277700982665507, 3.291601304985165566, -3.569818971624071580 ) ) ;
#4979 = CARTESIAN_POINT ( 'NONE',  ( 21.42941474914550781, 1.850094826398786196, -11.87713050842285334 ) ) ;
#4980 = CARTESIAN_POINT ( 'NONE',  ( 100.1741205162131934, 4.920092715248268966, -6.733612946019263745 ) ) ;
#4981 = CARTESIAN_POINT ( 'NONE',  ( 7.409692871862544550, 6.524654795924055506, 6.120341932084728320 ) ) ;
#4982 = CARTESIAN_POINT ( 'NONE',  ( 2.282485517326266589, 6.703067404917163685, 5.548884199849538845 ) ) ;
#4983 = CARTESIAN_POINT ( 'NONE',  ( 16.66534284647799780, 2.243443406770683879, -11.42361013821752458 ) ) ;
#4984 = CARTESIAN_POINT ( 'NONE',  ( -21.11660452959510792, 8.607117416141203847, 0.2431351542472873772 ) ) ;
#4985 = FACE_OUTER_BOUND ( 'NONE', #5636, .T. ) ;
#4986 = CARTESIAN_POINT ( 'NONE',  ( -119.3645702897449468, 6.452234545122947473, -1.885532799053228459 ) ) ;
#4987 = CARTESIAN_POINT ( 'NONE',  ( -19.40356059922403986, 7.513175296868806363, -7.749874064383647898 ) ) ;
#4988 = CARTESIAN_POINT ( 'NONE',  ( 111.5554562080124299, 4.851396135938345289, -4.626026096995139447 ) ) ;
#4989 = CARTESIAN_POINT ( 'NONE',  ( 21.13561630638686495, 0.9541046200015146361, -14.48484980001762423 ) ) ;
#4990 = CARTESIAN_POINT ( 'NONE',  ( 76.39117431640625000, 5.404613049207566355, -8.020893096923831678 ) ) ;
#4991 = ORIENTED_EDGE ( 'NONE', *, *, #5554, .F. ) ;
#4992 = CARTESIAN_POINT ( 'NONE',  ( -37.74024369755673547, -1.607426273973818986, 18.22321258625639828 ) ) ;
#4993 = CARTESIAN_POINT ( 'NONE',  ( -31.81057717131308848, 8.827514677127998866, -9.576400946327069619 ) ) ;
#4994 = EDGE_CURVE ( 'NONE', #1074, #3017, #2586, .T. ) ;
#4995 = CARTESIAN_POINT ( 'NONE',  ( 119.6684466504916315, 5.722152491098242422, -0.3836535983785912540 ) ) ;
#4996 = CARTESIAN_POINT ( 'NONE',  ( 27.51857220996006603, 8.622191000066521838, 9.242461832243449749 ) ) ;
#4997 = CIRCLE ( 'NONE', #5865, 0.2500000000000000555 ) ;
#4998 = CARTESIAN_POINT ( 'NONE',  ( 4.105938623316983005, 6.897645753045091865, -4.388182452490929641 ) ) ;
#4999 = CARTESIAN_POINT ( 'NONE',  ( 18.11428024364543887, 2.140655893781838959, -12.65281184521477797 ) ) ;
#5000 = CARTESIAN_POINT ( 'NONE',  ( -109.4900362407247769, 6.844503283936574256, -5.487987385361344117 ) ) ;
#5001 = ORIENTED_EDGE ( 'NONE', *, *, #4924, .T. ) ;
#5002 = CARTESIAN_POINT ( 'NONE',  ( -109.3957660321185301, 3.373793815077773317, 10.46391847429372213 ) ) ;
#5003 = CARTESIAN_POINT ( 'NONE',  ( -4.979274678070839677, 8.510195758643373409, -3.827913239036112358 ) ) ;
#5004 = CARTESIAN_POINT ( 'NONE',  ( 6.240186268451078710, 3.582644964449588354, -0.7562887724240809906 ) ) ;
#5005 = ORIENTED_EDGE ( 'NONE', *, *, #3021, .F. ) ;
#5006 = FACE_OUTER_BOUND ( 'NONE', #3054, .T. ) ;
#5007 = CARTESIAN_POINT ( 'NONE',  ( -5.228901655952790328, 3.329306950499280493, 3.480511755890646874 ) ) ;
#5008 = CARTESIAN_POINT ( 'NONE',  ( -119.4286427205169758, 7.228741511395679886, -1.447805877709304578 ) ) ;
#5009 = CALENDAR_DATE ( 2022, 12, 7 ) ;
#5010 = CARTESIAN_POINT ( 'NONE',  ( 6.026638334397970809, 3.446841250708019277, -1.756540534921259722 ) ) ;
#5011 = CARTESIAN_POINT ( 'NONE',  ( 34.24699020385742188, 4.039793522535246595, -6.075063228607179511 ) ) ;
#5012 = CARTESIAN_POINT ( 'NONE',  ( 81.89068375119025234, 2.504400863976169678, -11.95241210906388574 ) ) ;
#5013 = CARTESIAN_POINT ( 'NONE',  ( -5.630580458263410470, 3.954234952264082725, 7.048107194495903727 ) ) ;
#5014 = CARTESIAN_POINT ( 'NONE',  ( 5.179592535547915766, 8.399666878902324996, 3.045235149243022743 ) ) ;
#5015 = CARTESIAN_POINT ( 'NONE',  ( 119.4278714916378163, 6.677578636063163486, 1.447805877709101186 ) ) ;
#5016 = CARTESIAN_POINT ( 'NONE',  ( -7.193834073135805696, 4.970743830579002598, -8.174040794372556817 ) ) ;
#5017 = CARTESIAN_POINT ( 'NONE',  ( 109.3912150863359898, 6.253858798572297317, 4.838290547197956926 ) ) ;
#5018 = CARTESIAN_POINT ( 'NONE',  ( -4.940785308882633231, 3.312222298953236610, 3.433659408025807824 ) ) ;
#5019 = CARTESIAN_POINT ( 'NONE',  ( -10.55340005022810601, 6.812265031671785209, -6.354692999452560720 ) ) ;
#5020 = B_SPLINE_CURVE_WITH_KNOTS ( 'NONE', 3,
 ( #4294, #1181, #2139, #2769 ),
 .UNSPECIFIED., .F., .F.,
 ( 4, 4 ),
 ( 0.0003686073094640896245, 0.002612014963950326854 ),
 .UNSPECIFIED. ) ;
#5021 = CARTESIAN_POINT ( 'NONE',  ( -1.744648132852122613, 4.112433856437033519, 5.761593645975135125 ) ) ;
#5022 = CARTESIAN_POINT ( 'NONE',  ( -6.043620571065706493, 7.096798333204727527, -6.127915433908007969 ) ) ;
#5023 = CARTESIAN_POINT ( 'NONE',  ( 5.672840595245364881, 8.286244900403927360, 5.603064537048340732 ) ) ;
#5024 = ORIENTED_EDGE ( 'NONE', *, *, #4459, .F. ) ;
#5025 = CARTESIAN_POINT ( 'NONE',  ( -2.308630009408252803, 6.485316514912490504, -6.014267845441757743 ) ) ;
#5026 = CARTESIAN_POINT ( 'NONE',  ( -118.3096865297434448, 7.036365287532603929, -3.815062289019195862 ) ) ;
#5027 = EDGE_CURVE ( 'NONE', #3017, #1287, #6448, .T. ) ;
#5028 = CARTESIAN_POINT ( 'NONE',  ( 119.4520075033399991, 5.824135583392913595, 0.5776595353246792852 ) ) ;
#5029 = CARTESIAN_POINT ( 'NONE',  ( 5.254337126407968128, 7.033487963001442189, 6.156713313669079035 ) ) ;
#5030 = CARTESIAN_POINT ( 'NONE',  ( 4.853645945902215431, 8.560987085402105734, 3.532005703278283892 ) ) ;
#5031 = CARTESIAN_POINT ( 'NONE',  ( 8.170596601619843469, 7.321072991603156055, 6.190359486617852625 ) ) ;
#5032 = CIRCLE ( 'NONE', #5357, 4.000000000000039968 ) ;
#5033 = EDGE_LOOP ( 'NONE', ( #5848, #3472, #2429, #4791, #1157 ) ) ;
#5034 = CARTESIAN_POINT ( 'NONE',  ( -69.10923641821437968, 3.429137777586312552, 11.75901316482247694 ) ) ;
#5035 = CARTESIAN_POINT ( 'NONE',  ( -5.444792069172972759, 7.509682686124925510, 2.536439545761525860 ) ) ;
#5036 = B_SPLINE_CURVE_WITH_KNOTS ( 'NONE', 3,
 ( #3908, #3363, #3395, #619, #6384, #1794, #5494, #4322, #1651, #5944, #6013, #761, #2170, #2869, #4983, #107, #6552, #1856, #3975, #6077 ),
 .UNSPECIFIED., .F., .F.,
 ( 4, 2, 2, 2, 2, 2, 2, 2, 2, 4 ),
 ( 0.000000000000000000, 0.002784644529177273797, 0.005569289058354547593, 0.008353933587531820956, 0.009746255852120458071, 0.01113857811670909519, 0.01392322264588637115, 0.01670786717506364885, 0.01949251170424092308, 0.02227715623341820078 ),
 .UNSPECIFIED. ) ;
#5037 = CARTESIAN_POINT ( 'NONE',  ( 3.140073066831963189, 3.673222475577636370, -5.509338490158628865 ) ) ;
#5038 = ORIENTED_EDGE ( 'NONE', *, *, #2404, .T. ) ;
#5039 = CARTESIAN_POINT ( 'NONE',  ( 5.231821783568343598, 4.190061862179302210, -7.168765167096454505 ) ) ;
#5040 = CARTESIAN_POINT ( 'NONE',  ( -4.200598381943430049, 3.453553214012720307, 4.738763042062405617 ) ) ;
#5041 = FACE_OUTER_BOUND ( 'NONE', #111, .T. ) ;
#5042 = AXIS2_PLACEMENT_3D ( 'NONE', #4905, #5421, #2266 ) ;
#5043 = CARTESIAN_POINT ( 'NONE',  ( 6.237466632800710897, 3.579617701161192045, -0.7797850173638947169 ) ) ;
#5044 = CARTESIAN_POINT ( 'NONE',  ( 13.49426555633544211, -4.692141978563361349, -23.07477951049804688 ) ) ;
#5045 = EDGE_CURVE ( 'NONE', #361, #1348, #5684, .T. ) ;
#5046 = CARTESIAN_POINT ( 'NONE',  ( 77.32138719219510392, 3.841940519772580220, -10.18143975913047683 ) ) ;
#5047 = CARTESIAN_POINT ( 'NONE',  ( 6.626032737250802995, 6.472406590820338756, 6.098136156740413760 ) ) ;
#5048 = CARTESIAN_POINT ( 'NONE',  ( -1.560752518186286464, 4.220018740957665493, 6.722090870049764355 ) ) ;
#5049 = CARTESIAN_POINT ( 'NONE',  ( 119.6403707931228979, 5.879763313040528239, -1.337559184121934974 ) ) ;
#5050 = CARTESIAN_POINT ( 'NONE',  ( -128.1677645003906605, 6.918036670084621420, -1.982965230941750701 ) ) ;
#5051 = CARTESIAN_POINT ( 'NONE',  ( -3.102739109071348977, 6.701660083226340880, -6.207227047689113597 ) ) ;
#5052 = CARTESIAN_POINT ( 'NONE',  ( -19.35935038013757037, 7.740329010962080147, -7.895597587226979464 ) ) ;
#5053 = EDGE_CURVE ( 'NONE', #4298, #941, #3858, .T. ) ;
#5054 = EDGE_CURVE ( 'NONE', #378, #4092, #2078, .T. ) ;
#5055 = CARTESIAN_POINT ( 'NONE',  ( 117.5211515571013763, 5.296973680652873107, -2.798925854241003375 ) ) ;
#5056 = CARTESIAN_POINT ( 'NONE',  ( 14.13938181889108314, 3.089249811131664192, -10.36979625564383589 ) ) ;
#5057 = CARTESIAN_POINT ( 'NONE',  ( 62.20157623291015625, 5.749030740438354492, -6.826422691345218396 ) ) ;
#5058 = VERTEX_POINT ( 'NONE', #460 ) ;
#5059 = CARTESIAN_POINT ( 'NONE',  ( -1.657082126583657722, 11.07366903469033659, 6.684208090855991102 ) ) ;
#5060 = CARTESIAN_POINT ( 'NONE',  ( 6.052495394560232889, 8.078202573337005532, -1.723417125123973381 ) ) ;
#5061 = CARTESIAN_POINT ( 'NONE',  ( 116.1013417358118005, 5.634542155890451376, -3.528869414777129343 ) ) ;
#5062 = CARTESIAN_POINT ( 'NONE',  ( 10.39196026419813279, 7.592822169454874093, 6.381614863806030158 ) ) ;
#5063 = CARTESIAN_POINT ( 'NONE',  ( 1.934800644837082029, 4.431477905442071652, -6.693559900484183700 ) ) ;
#5064 = CARTESIAN_POINT ( 'NONE',  ( -10.94563812871934694, 4.179744144066961375, 8.877117509384651939 ) ) ;
#5065 = CARTESIAN_POINT ( 'NONE',  ( -103.5959204068468438, 7.295533874089270121, -5.315629903125545397 ) ) ;
#5066 = ORIENTED_EDGE ( 'NONE', *, *, #227, .F. ) ;
#5067 = CARTESIAN_POINT ( 'NONE',  ( -77.32639502863368364, 3.763141553252258298, 9.939662859713958909 ) ) ;
#5068 = AXIS2_PLACEMENT_3D ( 'NONE', #6165, #4581, #3023 ) ;
#5069 = CARTESIAN_POINT ( 'NONE',  ( -4.071854184464459792, 8.239152540340525022, -4.417138342113655192 ) ) ;
#5070 = AXIS2_PLACEMENT_3D ( 'NONE', #1481, #6349, #4151 ) ;
#5071 = FACE_OUTER_BOUND ( 'NONE', #5811, .T. ) ;
#5072 = AXIS2_PLACEMENT_3D ( 'NONE', #1547, #4254, #2550 ) ;
#5073 = CARTESIAN_POINT ( 'NONE',  ( 3.808137829929794549, 4.904826363840249392, -6.849877537042220688 ) ) ;
#5074 = ORIENTED_EDGE ( 'NONE', *, *, #6615, .F. ) ;
#5075 = CARTESIAN_POINT ( 'NONE',  ( 7.988628681627298889, 3.786795890749047100, -7.620571177661970452 ) ) ;
#5076 = CARTESIAN_POINT ( 'NONE',  ( 31.83957667845700712, 8.891201046457460677, 9.525013354444885394 ) ) ;
#5077 = EDGE_CURVE ( 'NONE', #6368, #5518, #4732, .T. ) ;
#5078 = CARTESIAN_POINT ( 'NONE',  ( -4.769882069799885826, 6.860137959007452046, -6.267345294644599107 ) ) ;
#5079 = DATE_AND_TIME ( #5009, #4488 ) ;
#5080 = CARTESIAN_POINT ( 'NONE',  ( 4.602521996900985179, 5.079773312055545276, 3.860329280135157415 ) ) ;
#5081 = CARTESIAN_POINT ( 'NONE',  ( 34.90393447875976563, 9.151181490598597534, 11.26232337951659979 ) ) ;
#5082 = CARTESIAN_POINT ( 'NONE',  ( 72.76636312942981988, 1.792264966084654132, -13.33815268887778416 ) ) ;
#5083 = CARTESIAN_POINT ( 'NONE',  ( 27.70396780675396542, 8.301243100087550175, 9.262345420096547599 ) ) ;
#5084 = CARTESIAN_POINT ( 'NONE',  ( 21.90482472583049045, 0.6624148257758566416, -14.92660783862475427 ) ) ;
#5085 = CARTESIAN_POINT ( 'NONE',  ( -119.4116356410424089, 6.272646385941435199, 1.959986551821017553 ) ) ;
#5086 = CARTESIAN_POINT ( 'NONE',  ( -78.41338802510136929, -11.10625137350285030, 20.04909324645997160 ) ) ;
#5087 = CARTESIAN_POINT ( 'NONE',  ( -119.4561266966924507, 7.013340363965836488, -0.1906656342281342897 ) ) ;
#5088 = AXIS2_PLACEMENT_3D ( 'NONE', #495, #4716, #3236 ) ;
#5089 = CARTESIAN_POINT ( 'NONE',  ( -65.58497157523858334, 7.595485496530914205, -7.006125526365440059 ) ) ;
#5090 = CARTESIAN_POINT ( 'NONE',  ( 111.0381664379452076, 4.833057576859708604, -4.717166068946971436 ) ) ;
#5091 = CARTESIAN_POINT ( 'NONE',  ( -5.322655464864406660, 6.889622853022487448, -6.218231683188489178 ) ) ;
#5092 = CARTESIAN_POINT ( 'NONE',  ( -4.769882069799896485, 6.860137959007449382, -6.267345294644599996 ) ) ;
#5093 = ORIENTED_EDGE ( 'NONE', *, *, #4971, .T. ) ;
#5094 = CARTESIAN_POINT ( 'NONE',  ( -1.697494389936696324, 4.438920114060669775, 6.681295894292136772 ) ) ;
#5095 = DIRECTION ( 'NONE',  ( -0.000000000000000000, -1.000000000000000000, -0.000000000000000000 ) ) ;
#5096 = CARTESIAN_POINT ( 'NONE',  ( 4.848890328953475937, 6.675823129892112462, 6.320435523690989044 ) ) ;
#5097 = CARTESIAN_POINT ( 'NONE',  ( 5.775463221636843336, 7.112024447583873865, 6.153568242147803069 ) ) ;
#5098 = CARTESIAN_POINT ( 'NONE',  ( 4.985636129018208962, 8.487201665679281248, 3.827913239036139892 ) ) ;
#5099 = CARTESIAN_POINT ( 'NONE',  ( -97.24096234203734923, 7.573732394399471879, -5.431469399007972321 ) ) ;
#5100 = ORIENTED_EDGE ( 'NONE', *, *, #5592, .F. ) ;
#5101 = CARTESIAN_POINT ( 'NONE',  ( -93.45197031134451038, 3.354981492266438714, 10.72153851571637695 ) ) ;
#5102 = CARTESIAN_POINT ( 'NONE',  ( 5.282647064051483987, 4.552431890919351964, 2.860757706046785920 ) ) ;
#5103 = CARTESIAN_POINT ( 'NONE',  ( 4.330258254851158561, 5.202000212482997377, 4.687324146539645575 ) ) ;
#5104 = CARTESIAN_POINT ( 'NONE',  ( 11.89991136497134327, 4.166050595443731908, -9.181472514246348027 ) ) ;
#5105 = ORIENTED_EDGE ( 'NONE', *, *, #6063, .T. ) ;
#5106 = CARTESIAN_POINT ( 'NONE',  ( -6.282269860602154310, 4.786499914897307306, 7.388375260637311648 ) ) ;
#5107 = CARTESIAN_POINT ( 'NONE',  ( 24.53260100438012259, 8.418530064183810779, 8.735336270230460443 ) ) ;
#5108 = CARTESIAN_POINT ( 'NONE',  ( -117.9291468922674824, 7.236653595546453488, -3.860822333182867272 ) ) ;
#5109 = DATE_AND_TIME ( #5143, #5575 ) ;
#5110 = CARTESIAN_POINT ( 'NONE',  ( 126.2952423095703125, 6.605461807428184784, 9.809649467468254613 ) ) ;
#5111 = CARTESIAN_POINT ( 'NONE',  ( 93.94514917598718284, 4.180701481762355343, -7.586733571132995735 ) ) ;
#5112 = CARTESIAN_POINT ( 'NONE',  ( 19.36200577045109483, 7.650979243541319086, 7.895597587227253911 ) ) ;
#5113 = SPHERICAL_SURFACE ( 'NONE', #3773, 0.2500000000000000000 ) ;
#5114 = CARTESIAN_POINT ( 'NONE',  ( 119.6946232752122796, 6.355276819030525992, 1.018748471792392030 ) ) ;
#5115 = CARTESIAN_POINT ( 'NONE',  ( -103.5794902559100876, 6.895925690409771214, -5.102433637655819254 ) ) ;
#5116 = FACE_OUTER_BOUND ( 'NONE', #736, .T. ) ;
#5117 = B_SPLINE_CURVE_WITH_KNOTS ( 'NONE', 3,
 ( #3291, #3840, #763, #4883, #6421, #2243 ),
 .UNSPECIFIED., .F., .F.,
 ( 4, 2, 4 ),
 ( 2.491306920542243817E-18, 0.0002165082964679659753, 0.0004330165929359294568 ),
 .UNSPECIFIED. ) ;
#5118 = CARTESIAN_POINT ( 'NONE',  ( -95.14635810339918010, 7.103626089882399519, -5.625122674556352287 ) ) ;
#5119 = CARTESIAN_POINT ( 'NONE',  ( 68.06015682108237286, 2.604550797630595049, -11.66130719014590156 ) ) ;
#5120 = CARTESIAN_POINT ( 'NONE',  ( -97.25920482794333566, 7.269664438372473114, -5.532252326774097284 ) ) ;
#5121 = B_SPLINE_CURVE_WITH_KNOTS ( 'NONE', 3,
 ( #447, #3731, #4771, #4186 ),
 .UNSPECIFIED., .F., .F.,
 ( 4, 4 ),
 ( 0.000000000000000000, 0.0002085507655000569795 ),
 .UNSPECIFIED. ) ;
#5122 = CARTESIAN_POINT ( 'NONE',  ( 37.09969711303709516, -8.741700618089755181, -22.49291419982910512 ) ) ;
#5123 = ORIENTED_EDGE ( 'NONE', *, *, #2167, .F. ) ;
#5124 = CARTESIAN_POINT ( 'NONE',  ( -1.706481652778647273, 4.378849027866024812, 6.505738971479601673 ) ) ;
#5125 = CARTESIAN_POINT ( 'NONE',  ( -119.2952243701679294, 7.085503684944976399, -2.714343546572492105 ) ) ;
#5126 = CARTESIAN_POINT ( 'NONE',  ( 117.5384741588840569, 5.779486815507636877, -2.928662210133925026 ) ) ;
#5127 = CARTESIAN_POINT ( 'NONE',  ( 8.051078058380348068, 7.314836359898129636, 6.178269434488836254 ) ) ;
#5128 = CARTESIAN_POINT ( 'NONE',  ( -109.4939557399636669, 5.287787322887441022, 4.979182932013237028 ) ) ;
#5129 = CARTESIAN_POINT ( 'NONE',  ( -16.60630950712194576, 2.758233673427603616, 11.73811826692419302 ) ) ;
#5130 = CARTESIAN_POINT ( 'NONE',  ( -57.06097917395712926, 8.191411069926063604, -7.791964567217963378 ) ) ;
#5131 = ADVANCED_FACE ( 'NONE', ( #3994 ), #874, .F. ) ;
#5132 = EDGE_LOOP ( 'NONE', ( #3198, #2034, #58, #5821, #2750, #4210 ) ) ;
#5133 = VERTEX_POINT ( 'NONE', #1393 ) ;
#5134 = CARTESIAN_POINT ( 'NONE',  ( -78.93746175636961482, 2.613407503877001492, 12.49528871052984869 ) ) ;
#5135 = CARTESIAN_POINT ( 'NONE',  ( 5.834147943284447635, 4.126802424025376226, 1.434703308690028045 ) ) ;
#5136 = AXIS2_PLACEMENT_3D ( 'NONE', #2419, #248, #4532 ) ;
#5137 = CARTESIAN_POINT ( 'NONE',  ( -75.27711201094408011, 4.015161748727535951, 10.58444159498483828 ) ) ;
#5138 = DIRECTION ( 'NONE',  ( -0.000000000000000000, -1.000000000000000000, -0.000000000000000000 ) ) ;
#5139 = ORIENTED_EDGE ( 'NONE', *, *, #2779, .T. ) ;
#5140 = CARTESIAN_POINT ( 'NONE',  ( -13.35782694033155593, 3.834467421935914277, 9.958270521633370009 ) ) ;
#5141 = CARTESIAN_POINT ( 'NONE',  ( -1.734482413292082637, 5.350331025327276002, 5.815595811549686189 ) ) ;
#5142 = CARTESIAN_POINT ( 'NONE',  ( -2.308630009408251915, 6.485316514912488728, -6.014267845441756855 ) ) ;
#5143 = CALENDAR_DATE ( 2022, 12, 7 ) ;
#5144 = CARTESIAN_POINT ( 'NONE',  ( 55.33754730224609375, 6.309666485963720817, -0.1084410250186952224 ) ) ;
#5145 = CARTESIAN_POINT ( 'NONE',  ( 57.13718575501160046, 0.4681443006223738323, -15.43285636495129864 ) ) ;
#5146 = CARTESIAN_POINT ( 'NONE',  ( 8.188924208432336371, 6.602292643844255515, 6.187383055091698836 ) ) ;
#5147 = CARTESIAN_POINT ( 'NONE',  ( -1.937535689131979710, 4.136233607620750874, 6.576783346763546589 ) ) ;
#5148 = CARTESIAN_POINT ( 'NONE',  ( -117.5007092830771569, 7.081952804100893673, -4.378795126189282350 ) ) ;
#5149 = CARTESIAN_POINT ( 'NONE',  ( -112.2180424488504258, -2.603099229412699334, 12.48796749114992011 ) ) ;
#5150 = CARTESIAN_POINT ( 'NONE',  ( -119.4294652347241197, 6.886585822687201208, 0.4454708643179181582 ) ) ;
#5151 = CARTESIAN_POINT ( 'NONE',  ( -78.26569666044201767, 7.443835769851859574, -6.520402131893339615 ) ) ;
#5152 = CARTESIAN_POINT ( 'NONE',  ( -8.376288974321036918, 2.819520241041649999, -10.54588317871093395 ) ) ;
#5153 = CARTESIAN_POINT ( 'NONE',  ( -4.875076035057954726, 3.580422906332429100, 3.523945862604272339 ) ) ;
#5154 = CARTESIAN_POINT ( 'NONE',  ( -34.04403841269684960, 8.610573407265722068, -9.626922919673447154 ) ) ;
#5155 = CARTESIAN_POINT ( 'NONE',  ( -22.03691942286645400, 0.9464409600145442525, 14.87789409134778751 ) ) ;
#5156 = EDGE_LOOP ( 'NONE', ( #2353, #1732, #346 ) ) ;
#5157 = CARTESIAN_POINT ( 'NONE',  ( -2.301721904490532378, 6.628948297040029303, -5.891368335055516603 ) ) ;
#5158 = CARTESIAN_POINT ( 'NONE',  ( -119.5132133205017482, 7.062212216448506830, -2.270140957929470016 ) ) ;
#5159 = CARTESIAN_POINT ( 'NONE',  ( -1.947188797951798112, 4.440435619952619817, 6.693559900484182812 ) ) ;
#5160 = CARTESIAN_POINT ( 'NONE',  ( 22.32366346160284110, 8.184948264254531480, 8.438096870945281935 ) ) ;
#5161 = CARTESIAN_POINT ( 'NONE',  ( -68.08027204401449239, 2.918695674398136042, 11.66130719014588202 ) ) ;
#5162 = EDGE_CURVE ( 'NONE', #1770, #387, #5953, .T. ) ;
#5163 = CARTESIAN_POINT ( 'NONE',  ( 4.098904809933355153, 7.992721713577711995, 4.839146213364221794 ) ) ;
#5164 = CARTESIAN_POINT ( 'NONE',  ( -37.01507721533786821, 8.921594212200620433, -9.518568914175475015 ) ) ;
#5165 = VERTEX_POINT ( 'NONE', #2993 ) ;
#5166 = ORIENTED_EDGE ( 'NONE', *, *, #6499, .F. ) ;
#5167 = CARTESIAN_POINT ( 'NONE',  ( -71.72925846351648715, 2.059854118889147045, 13.44813993328595458 ) ) ;
#5168 = CARTESIAN_POINT ( 'NONE',  ( 4.630615122837881792, 5.059099930741430384, 3.826226991668172595 ) ) ;
#5169 = DIRECTION ( 'NONE',  ( 0.8249140965001400261, 0.3096010671978337569, -0.4729311922313017003 ) ) ;
#5170 = CARTESIAN_POINT ( 'NONE',  ( 15.92876866644710177, 3.120816873892377163, -11.24485782750671348 ) ) ;
#5171 = VERTEX_POINT ( 'NONE', #360 ) ;
#5172 = CARTESIAN_POINT ( 'NONE',  ( -11.72727352538951351, 4.254906208985540950, 9.100140385470597337 ) ) ;
#5173 = CARTESIAN_POINT ( 'NONE',  ( 3.296444137155611465, 6.513721694971667198, 6.373213625849722064 ) ) ;
#5174 = CARTESIAN_POINT ( 'NONE',  ( -2.287025508561804976, 6.903393895919043288, -5.626064819312839305 ) ) ;
#5175 = EDGE_CURVE ( 'NONE', #6541, #2143, #236, .T. ) ;
#5176 = ORIENTED_EDGE ( 'NONE', *, *, #3738, .F. ) ;
#5177 = CARTESIAN_POINT ( 'NONE',  ( 101.8081359863281250, 7.800554008661119809, 12.92763328552245561 ) ) ;
#5178 = CARTESIAN_POINT ( 'NONE',  ( -14.35622095086948846, 5.351697002707364703, -2.349538326263424626 ) ) ;
#5179 = AXIS2_PLACEMENT_3D ( 'NONE', #846, #5718, #3092 ) ;
#5180 = CARTESIAN_POINT ( 'NONE',  ( 53.59625152379962287, 1.595718899847240468, -14.22566141678072071 ) ) ;
#5181 = CARTESIAN_POINT ( 'NONE',  ( 1.687134362965788226, 0.5596565617694264638, -6.754553284076795450 ) ) ;
#5182 = CARTESIAN_POINT ( 'NONE',  ( -119.6628996067555164, 6.269178426955689609, 1.995095670779302832 ) ) ;
#5183 = CARTESIAN_POINT ( 'NONE',  ( -9.170593784838484197, -9.474147555787199693, 19.72513580322265270 ) ) ;
#5184 = CARTESIAN_POINT ( 'NONE',  ( -2.568215959731723341, 6.213494226362680450, -6.069113667805472900 ) ) ;
#5185 = CARTESIAN_POINT ( 'NONE',  ( -101.4782312774506181, 6.970803470045115802, -5.372983075855812807 ) ) ;
#5186 = CARTESIAN_POINT ( 'NONE',  ( 1.705552854685269848, 4.334747738761779878, -6.727516193313116233 ) ) ;
#5187 = CARTESIAN_POINT ( 'NONE',  ( -4.251538697820424595, 5.349258634302049842, -4.251687074795338361 ) ) ;
#5188 = CARTESIAN_POINT ( 'NONE',  ( -16.33519516404916772, 7.499630296328429147, -7.359584837613099673 ) ) ;
#5189 = DIRECTION ( 'NONE',  ( -0.000000000000000000, -1.000000000000000000, -0.000000000000000000 ) ) ;
#5190 = CARTESIAN_POINT ( 'NONE',  ( 21.49658241757480326, 7.587811610075140045, 8.137344163085343141 ) ) ;
#5191 = CARTESIAN_POINT ( 'NONE',  ( -1.703051089436808718, 4.481090078456606562, 6.728830203641304131 ) ) ;
#5192 = CARTESIAN_POINT ( 'NONE',  ( 111.0645754352364918, 5.299594129037626722, -4.894512457806132311 ) ) ;
#5193 = DIRECTION ( 'NONE',  ( -0.000000000000000000, -1.000000000000000000, -0.000000000000000000 ) ) ;
#5194 = CARTESIAN_POINT ( 'NONE',  ( -34.66528747483821604, -2.258371929399076716, 18.17612663234326931 ) ) ;
#5195 = CARTESIAN_POINT ( 'NONE',  ( -2.526806950105025429, 6.872740036795816465, -5.993929988312185486 ) ) ;
#5196 = CARTESIAN_POINT ( 'NONE',  ( -59.16497950368196257, 8.265625241701478387, -7.531446140646852250 ) ) ;
#5198 = EDGE_CURVE ( 'NONE', #5171, #1942, #2308, .T. ) ;
#5197 = CARTESIAN_POINT ( 'NONE',  ( 1.729911466402516806, 5.233692762609341464, -5.745194716322525430 ) ) ;
#5199 = VERTEX_POINT ( 'NONE', #3649 ) ;
#5200 = CARTESIAN_POINT ( 'NONE',  ( -66.92164720716905890, 1.750853311359632292, 13.93765203115101947 ) ) ;
#5201 = CARTESIAN_POINT ( 'NONE',  ( -6.020397636073311354, 3.970938793515776943, -0.1809712519965559485 ) ) ;
#5202 = CARTESIAN_POINT ( 'NONE',  ( 5.986731656207251007, 3.982254866311923269, 0.5076121428472791797 ) ) ;
#5203 = CARTESIAN_POINT ( 'NONE',  ( 119.5672887555267607, 5.687374313595712216, 2.406153288223566111 ) ) ;
#5204 = CARTESIAN_POINT ( 'NONE',  ( 8.388007095962420223, 4.655922175665301310, -7.882416647527676901 ) ) ;
#5205 = CARTESIAN_POINT ( 'NONE',  ( -21.96908309471501397, 0.8759718972054257868, 14.94606730150759866 ) ) ;
#5206 = CARTESIAN_POINT ( 'NONE',  ( 3.280453841758072642, 6.703277348929494117, 6.211059366731463527 ) ) ;
#5207 = CARTESIAN_POINT ( 'NONE',  ( 12.17039981429313222, 7.110655741345022207, 6.696893096003225132 ) ) ;
#5208 = B_SPLINE_CURVE_WITH_KNOTS ( 'NONE', 3,
 ( #2734, #3807, #2802, #4850, #113, #1694, #2213, #4920, #3880, #4329, #5914, #1253, #1182, #3297, #5402, #4955, #665, #213, #2770, #4365, #146, #5435, #1729, #3843, #179, #4397, #6492, #2319, #3530, #3006, #4010, #1345, #6082, #2349, #281, #5119, #1377, #862, #1957, #4597, #2449, #1895, #6559, #6114, #6147, #2385, #5633, #1862, #4531, #2908, #2874, #3491, #897, #6052, #2940, #2976, #247, #5090, #4988, #3462, #4467, #5564, #1409, #1829, #4080, #5055, #1924, #6182 ),
 .UNSPECIFIED., .F., .F.,
 ( 4, 2, 2, 2, 2, 2, 2, 2, 2, 2, 2, 2, 2, 2, 2, 2, 2, 2, 2, 2, 2, 2, 2, 2, 2, 2, 2, 2, 2, 2, 2, 2, 2, 4 ),
 ( 0.000000000000000000, 0.003138618992747162391, 0.004707928489120740551, 0.006277237985494318710, 0.007846547481867898605, 0.009415856978241475897, 0.01255447597098862007, 0.01412378546736219043, 0.01569309496373576598, 0.01883171395648292751, 0.02197033294923009250, 0.02510895194197725402, 0.02824757093472441555, 0.03138618992747158054, 0.03452480892021874553, 0.03766342791296590359, 0.04394066589846023357, 0.04707928489120741244, 0.05021790388395459825, 0.05335652287670177712, 0.05649514186944896293, 0.05963376086219614874, 0.06277237985494332762, 0.06904961784043771311, 0.07218823683318491280, 0.07532685582593211249, 0.08160409381142652574, 0.08788133179692093899, 0.09101995078966818031, 0.09258926028604179403, 0.09415856978241540776, 0.09572787927878902148, 0.09729718877516263520, 0.1004358077679098626 ),
 .UNSPECIFIED. ) ;
#5209 = CARTESIAN_POINT ( 'NONE',  ( 56.35286331176757813, 9.910923035322085184, 14.79146289825439098 ) ) ;
#5210 = CARTESIAN_POINT ( 'NONE',  ( -13.54863600518499389, -4.629740316916641341, 23.07477951049804688 ) ) ;
#5211 = CARTESIAN_POINT ( 'NONE',  ( 51.29560077482226887, -0.5658246102860474691, -16.77706106007670428 ) ) ;
#5212 = CARTESIAN_POINT ( 'NONE',  ( 4.835050722484782071, 6.992094230205892380, -3.565193167421686571 ) ) ;
#5213 = CARTESIAN_POINT ( 'NONE',  ( 119.3244126576622079, 6.533232891327474867, 2.663170446043707784 ) ) ;
#5214 = CARTESIAN_POINT ( 'NONE',  ( -21.41692680089086309, -2.175604074802549803, 18.89848709106445313 ) ) ;
#5215 = CARTESIAN_POINT ( 'NONE',  ( -94.33641762360583982, 7.013911098324868476, -5.590398481893425142 ) ) ;
#5216 = CARTESIAN_POINT ( 'NONE',  ( -78.26330244965025429, 7.644010976745284403, -6.521815359469918860 ) ) ;
#5217 = DIRECTION ( 'NONE',  ( -0.000000000000000000, -1.000000000000000000, -0.000000000000000000 ) ) ;
#5218 = CARTESIAN_POINT ( 'NONE',  ( 116.2753603869441577, 5.652086136332260757, -3.454883577494827662 ) ) ;
#5219 = CARTESIAN_POINT ( 'NONE',  ( -88.81909130977285827, 7.443888846093532408, -5.936141302735113534 ) ) ;
#5220 = CARTESIAN_POINT ( 'NONE',  ( 118.4612960815429545, -9.466125933946768711, -15.40836811065674894 ) ) ;
#5221 = CARTESIAN_POINT ( 'NONE',  ( 0.000000000000000000, 12.99999999999999822, 0.000000000000000000 ) ) ;
#5222 = DIRECTION ( 'NONE',  ( -0.000000000000000000, -1.000000000000000000, -0.000000000000000000 ) ) ;
#5223 = CARTESIAN_POINT ( 'NONE',  ( 99.14198551330990483, 4.877494911068461114, -6.916717961689292871 ) ) ;
#5224 = FACE_OUTER_BOUND ( 'NONE', #3513, .T. ) ;
#5225 = CARTESIAN_POINT ( 'NONE',  ( -66.01232139732991300, 2.741870067714797798, 11.98087739243457506 ) ) ;
#5226 = CARTESIAN_POINT ( 'NONE',  ( -5.314125231533163074, 7.394884992176906202, 2.799750030314573923 ) ) ;
#5227 = CARTESIAN_POINT ( 'NONE',  ( -37.00942463580245345, 8.799023613468209604, -9.518018847931850601 ) ) ;
#5228 = EDGE_CURVE ( 'NONE', #4298, #76, #1599, .T. ) ;
#5229 = ORIENTED_EDGE ( 'NONE', *, *, #654, .F. ) ;
#5230 = EDGE_LOOP ( 'NONE', ( #6765, #259, #4621, #6358 ) ) ;
#5231 = CARTESIAN_POINT ( 'NONE',  ( -68.07619125042791097, 3.336687960694130872, 11.93097369081597314 ) ) ;
#5232 = CARTESIAN_POINT ( 'NONE',  ( -5.573896903263314329, 3.380955875301197011, 2.286600901106180306 ) ) ;
#5233 = CARTESIAN_POINT ( 'NONE',  ( 1.941625514319158308, 5.226966311414070532, -6.302289671238504809 ) ) ;
#5234 = CARTESIAN_POINT ( 'NONE',  ( 116.8274980089764341, 5.669652154949197609, 4.592467151269787884 ) ) ;
#5235 = CARTESIAN_POINT ( 'NONE',  ( -115.6174816741475837, 6.119191443050860713, 3.719311215924327119 ) ) ;
#5236 = CARTESIAN_POINT ( 'NONE',  ( -14.23222893137478096, 3.699762548058517453, 10.30109207923355363 ) ) ;
#5237 = CARTESIAN_POINT ( 'NONE',  ( 4.562980675713303569, 6.472169768545185775, 6.388173735340061832 ) ) ;
#5238 = SPHERICAL_SURFACE ( 'NONE', #5088, 6.915440399266786109 ) ;
#5239 = ORIENTED_EDGE ( 'NONE', *, *, #3040, .F. ) ;
#5240 = CARTESIAN_POINT ( 'NONE',  ( 114.9385528564452983, -4.504748790086906318, -24.90293502807617898 ) ) ;
#5241 = CARTESIAN_POINT ( 'NONE',  ( -14.07682045780500424, 4.600437600378777248, 1.387419342994692162 ) ) ;
#5242 = CARTESIAN_POINT ( 'NONE',  ( 43.66096405518502621, -0.8558160809406432090, -16.45999881014799371 ) ) ;
#5243 = CARTESIAN_POINT ( 'NONE',  ( 117.9180576900658082, 6.432433264579414001, 4.082990437236714953 ) ) ;
#5244 = CARTESIAN_POINT ( 'NONE',  ( -8.994925741386978757, 6.654951971230739005, -6.167036377979721706 ) ) ;
#5245 = DIRECTION ( 'NONE',  ( -0.3205617319464988402, 0.001479404212571803828, -0.9472264710060825932 ) ) ;
#5246 = CARTESIAN_POINT ( 'NONE',  ( -105.6954847259479777, 7.096851883633039648, -4.990296521648042827 ) ) ;
#5247 = CARTESIAN_POINT ( 'NONE',  ( -4.793142109217551017, 6.699502538591047163, -6.077200002107725929 ) ) ;
#5248 = CARTESIAN_POINT ( 'NONE',  ( 121.0886086990856256, 3.355938907270093807, -10.48489496135020183 ) ) ;
#5249 = CARTESIAN_POINT ( 'NONE',  ( 109.4096682531368572, 6.709004860136144721, 4.943939042114543270 ) ) ;
#5250 = CARTESIAN_POINT ( 'NONE',  ( 118.6442126354946396, 6.785503499941953898, 3.206075793931346229 ) ) ;
#5251 = CARTESIAN_POINT ( 'NONE',  ( 1.724218512689711158, 4.151641171732467939, -5.893145863417381669 ) ) ;
#5252 = CARTESIAN_POINT ( 'NONE',  ( -1.961268000869483163, 3.992281272467038900, 6.172569723303465317 ) ) ;
#5253 = CARTESIAN_POINT ( 'NONE',  ( -6.143984748732746581, -0.3943172645944070798, 18.73341941833495738 ) ) ;
#5254 = CARTESIAN_POINT ( 'NONE',  ( 93.96229785076774021, 4.628653372443323200, -7.805123953524215175 ) ) ;
#5255 = CARTESIAN_POINT ( 'NONE',  ( -119.3469142364139941, 6.454886965407626853, -1.962287875503953227 ) ) ;
#5256 = VERTEX_POINT ( 'NONE', #3158 ) ;
#5257 = ADVANCED_FACE ( 'NONE', ( #3749 ), #2187, .T. ) ;
#5258 = CARTESIAN_POINT ( 'NONE',  ( -118.4753184988437056, 5.936903973652671418, 2.370639392367986709 ) ) ;
#5259 = EDGE_CURVE ( 'NONE', #4483, #3413, #5617, .T. ) ;
#5260 =( GEOMETRIC_REPRESENTATION_CONTEXT ( 3 ) GLOBAL_UNCERTAINTY_ASSIGNED_CONTEXT ( ( #1213 ) ) GLOBAL_UNIT_ASSIGNED_CONTEXT ( ( #785, #4553, #3934 ) ) REPRESENTATION_CONTEXT ( 'NONE', 'WORKASPACE' ) );
#5261 = CARTESIAN_POINT ( 'NONE',  ( -5.681086468574465975, 7.740469417254947970, 1.946614072993375855 ) ) ;
#5262 = CARTESIAN_POINT ( 'NONE',  ( -76.08560796428645290, 7.858655757629223082, -6.634308609110093791 ) ) ;
#5263 = EDGE_LOOP ( 'NONE', ( #1673, #4759, #1571, #1040 ) ) ;
#5264 = ORIENTED_EDGE ( 'NONE', *, *, #6096, .T. ) ;
#5265 = CARTESIAN_POINT ( 'NONE',  ( -64.81721976203039048, 1.596995801835068285, 14.17550154579736343 ) ) ;
#5266 = CARTESIAN_POINT ( 'NONE',  ( -3.445584729739303853, 5.707225162194171197, -5.399857451766054695 ) ) ;
#5267 = CARTESIAN_POINT ( 'NONE',  ( 84.54799531599897477, 7.395972679970089558, 6.088862101242630942 ) ) ;
#5268 = CARTESIAN_POINT ( 'NONE',  ( 119.6223964458643394, 6.574990750697016217, -0.5367786216429853985 ) ) ;
#5269 = CARTESIAN_POINT ( 'NONE',  ( 8.207686666943944331, 6.528811087246917388, 6.081064046690956459 ) ) ;
#5270 = CARTESIAN_POINT ( 'NONE',  ( -117.5366798720001782, 6.321222016793611509, 2.921216195692858619 ) ) ;
#5271 = CARTESIAN_POINT ( 'NONE',  ( 19.12132680104318538, 6.479208743771077472, 7.784130263630827606 ) ) ;
#5272 = CARTESIAN_POINT ( 'NONE',  ( 28.82171798117208539, 8.356616129582052466, 9.384090385854641170 ) ) ;
#5273 = CARTESIAN_POINT ( 'NONE',  ( 5.919196167778360440, 8.009058959440700676, -1.031912338338472956 ) ) ;
#5274 = CARTESIAN_POINT ( 'NONE',  ( -33.80493341733745183, 1.790349178036916955, 12.04385662078857777 ) ) ;
#5275 = CARTESIAN_POINT ( 'NONE',  ( 64.79103965874269022, 1.297923946187214073, -14.17550154588487210 ) ) ;
#5276 = CIRCLE ( 'NONE', #5609, 4.500000000000000888 ) ;
#5277 = ORIENTED_EDGE ( 'NONE', *, *, #3972, .T. ) ;
#5278 = ADVANCED_FACE ( 'NONE', ( #5750 ), #4479, .T. ) ;
#5279 = CARTESIAN_POINT ( 'NONE',  ( 116.8749227609650063, 6.284014352495265854, 4.580598064386783186 ) ) ;
#5280 = AXIS2_PLACEMENT_3D ( 'NONE', #6408, #2819, #4936 ) ;
#5281 = CARTESIAN_POINT ( 'NONE',  ( -4.804851855427718199, 6.505301682530743257, -6.234199713410450983 ) ) ;
#5282 = CARTESIAN_POINT ( 'NONE',  ( -47.07403244517708174, 6.721837212913927218, -8.690989637005609225 ) ) ;
#5283 = AXIS2_PLACEMENT_3D ( 'NONE', #6274, #1537, #4688 ) ;
#5284 = CARTESIAN_POINT ( 'NONE',  ( 2.555373850527152602, 6.475032130601253932, 6.002003839226406789 ) ) ;
#5285 = CARTESIAN_POINT ( 'NONE',  ( -126.5294544971919350, 4.261846369500448262, -8.177586555480933939 ) ) ;
#5286 = EDGE_CURVE ( 'NONE', #5722, #422, #4968, .T. ) ;
#5287 = CARTESIAN_POINT ( 'NONE',  ( -5.574089761632575524, 3.647072384529753020, 2.282233000229634712 ) ) ;
#5288 = FACE_OUTER_BOUND ( 'NONE', #4813, .T. ) ;
#5289 = AXIS2_PLACEMENT_3D ( 'NONE', #5361, #3330, #1688 ) ;
#5290 = CARTESIAN_POINT ( 'NONE',  ( 119.4101486130828960, 6.267929324814649483, -0.7629455740628576788 ) ) ;
#5291 = FACE_OUTER_BOUND ( 'NONE', #6602, .T. ) ;
#5292 = CARTESIAN_POINT ( 'NONE',  ( 3.561682694222448653, 7.646001030972338519, 5.308953758495538189 ) ) ;
#5293 = CARTESIAN_POINT ( 'NONE',  ( -6.815025986532597280, 8.015760309507950154, -8.165199279785152697 ) ) ;
#5294 = CARTESIAN_POINT ( 'NONE',  ( 46.58564444317099174, 0.2701394264867764128, -15.91188783732287071 ) ) ;
#5295 = CARTESIAN_POINT ( 'NONE',  ( -118.1745914686817969, 6.499808189886080889, -3.610790686738124311 ) ) ;
#5296 = VERTEX_POINT ( 'NONE', #832 ) ;
#5297 = DIRECTION ( 'NONE',  ( -0.0006681045294776318628, -0.1447668887773688740, 0.9894655635998953480 ) ) ;
#5298 = CARTESIAN_POINT ( 'NONE',  ( -5.451329108430228665, 7.515718889360360144, 2.521831616803714926 ) ) ;
#5299 = CARTESIAN_POINT ( 'NONE',  ( -8.043871638612289487, 7.458818745453768884, -6.178412465500774609 ) ) ;
#5300 = CARTESIAN_POINT ( 'NONE',  ( 50.52038955688476563, 3.301976235090160028, 13.48834323883056285 ) ) ;
#5301 = ORIENTED_EDGE ( 'NONE', *, *, #1472, .T. ) ;
#5302 = CARTESIAN_POINT ( 'NONE',  ( -48.10988107443164807, 0.4220446099453192268, 15.21421613093933800 ) ) ;
#5303 = ADVANCED_FACE ( 'NONE', ( #6693 ), #649, .T. ) ;
#5304 = CARTESIAN_POINT ( 'NONE',  ( -2.623473810569340703, 5.640683864208028808, -5.410068382669015463 ) ) ;
#5305 = CARTESIAN_POINT ( 'NONE',  ( 1.946811471010928773, 3.983263355053928034, -6.172569723303466205 ) ) ;
#5306 = AXIS2_PLACEMENT_3D ( 'NONE', #4790, #567, #2676 ) ;
#5307 = CARTESIAN_POINT ( 'NONE',  ( 101.4748207738062860, 6.776245997271058030, 5.374862876405054557 ) ) ;
#5308 = CARTESIAN_POINT ( 'NONE',  ( 15.22181645333313327, 7.179093383009180762, 7.170889507563735776 ) ) ;
#5309 = CARTESIAN_POINT ( 'NONE',  ( -116.5116898826409084, 5.735456637770832700, 3.212037960076520537 ) ) ;
#5310 = CARTESIAN_POINT ( 'NONE',  ( -1.740975574634410661, 4.851632787292935234, 5.745021322864143798 ) ) ;
#5311 = CARTESIAN_POINT ( 'NONE',  ( 78.27367180715202721, 7.282629808491033252, 6.521349484721842060 ) ) ;
#5312 = EDGE_LOOP ( 'NONE', ( #3671, #800, #6373, #4013 ) ) ;
#5313 = CARTESIAN_POINT ( 'NONE',  ( 5.931177640605755919, 7.945824147224757716, -2.122268682628230430 ) ) ;
#5314 = CARTESIAN_POINT ( 'NONE',  ( -72.98454710712512394, 8.962431212259543756, -11.95975494384764204 ) ) ;
#5315 = CARTESIAN_POINT ( 'NONE',  ( 37.69956357177176187, -1.781504093151804691, -18.22321258626175222 ) ) ;
#5316 = EDGE_CURVE ( 'NONE', #5567, #4298, #5834, .T. ) ;
#5317 = ORIENTED_EDGE ( 'NONE', *, *, #2744, .F. ) ;
#5318 = DIRECTION ( 'NONE',  ( -0.000000000000000000, -1.000000000000000000, -0.000000000000000000 ) ) ;
#5319 = CARTESIAN_POINT ( 'NONE',  ( 0.000000000000000000, 3.365003494668334927, 0.000000000000000000 ) ) ;
#5320 = AXIS2_PLACEMENT_3D ( 'NONE', #438, #1471, #4106 ) ;
#5321 = CARTESIAN_POINT ( 'NONE',  ( 5.337261008392363060, 4.696493055998039345, -7.185857679624643168 ) ) ;
#5322 = FACE_OUTER_BOUND ( 'NONE', #5132, .T. ) ;
#5323 = FACE_OUTER_BOUND ( 'NONE', #1898, .T. ) ;
#5324 = CARTESIAN_POINT ( 'NONE',  ( 114.6179818551406129, 5.023788613352858867, -3.901924537225923029 ) ) ;
#5325 = DIRECTION ( 'NONE',  ( 0.000000000000000000, 0.000000000000000000, 1.000000000000000000 ) ) ;
#5326 = CARTESIAN_POINT ( 'NONE',  ( 119.6812708819914945, 6.123957708669234279, 1.301557358227123151 ) ) ;
#5327 = CARTESIAN_POINT ( 'NONE',  ( 119.4543611014845652, 6.462052944251581721, 0.1906656342280927119 ) ) ;
#5328 = DIRECTION ( 'NONE',  ( 1.000000000000000000, -7.996734198290766312E-16, 0.000000000000000000 ) ) ;
#5329 = CARTESIAN_POINT ( 'NONE',  ( -1.812685761294921871, 4.721639462386910679, 6.734009012043120634 ) ) ;
#5330 = CARTESIAN_POINT ( 'NONE',  ( -5.334777989234404494, 12.01489931197849081, -15.66879367828368963 ) ) ;
#5331 = CARTESIAN_POINT ( 'NONE',  ( 25.67288719274498021, -0.3736752711624362067, -16.51987585645820644 ) ) ;
#5332 = CARTESIAN_POINT ( 'NONE',  ( -119.3274907384375325, 6.719417799240277489, -2.661438479476636587 ) ) ;
#5333 = ORIENTED_EDGE ( 'NONE', *, *, #2502, .F. ) ;
#5334 = CARTESIAN_POINT ( 'NONE',  ( 0.000000000000000000, 6.938893903907228378E-15, 0.000000000000000000 ) ) ;
#5335 = CARTESIAN_POINT ( 'NONE',  ( 119.6397393521745727, 5.887365585153092162, -1.307666052780780408 ) ) ;
#5336 = CARTESIAN_POINT ( 'NONE',  ( -8.826898787438953065, 7.390300921717428473, -6.264487317736153749 ) ) ;
#5337 = CARTESIAN_POINT ( 'NONE',  ( 29.77405548095703836, 9.734184057889862629, 8.876574516296384942 ) ) ;
#5338 = ORIENTED_EDGE ( 'NONE', *, *, #59, .F. ) ;
#5339 = CARTESIAN_POINT ( 'NONE',  ( -55.66493793218474906, 2.130968739396486011, 13.83641852177596654 ) ) ;
#5340 = CARTESIAN_POINT ( 'NONE',  ( -2.357257505345269344, 5.721595580532723879, -5.529830730183109111 ) ) ;
#5341 = CARTESIAN_POINT ( 'NONE',  ( 88.77887480084247329, 7.334231408841006328, 5.842201958074870305 ) ) ;
#5342 = ADVANCED_FACE ( 'NONE', ( #2912 ), #1867, .T. ) ;
#5343 = CARTESIAN_POINT ( 'NONE',  ( 76.11234129986530661, 7.385773287002849408, 6.632277750147117068 ) ) ;
#5344 = CARTESIAN_POINT ( 'NONE',  ( 59.28022137237215361, 7.668731432801618730, 7.614138920118040943 ) ) ;
#5345 = CARTESIAN_POINT ( 'NONE',  ( -120.0411124080639240, 3.304069547676207641, 11.81252752770249792 ) ) ;
#5346 = CARTESIAN_POINT ( 'NONE',  ( 31.95521699671020954, 8.457389580648783323, 9.614497543136732105 ) ) ;
#5347 = ORIENTED_EDGE ( 'NONE', *, *, #1570, .T. ) ;
#5348 = EDGE_CURVE ( 'NONE', #4925, #1927, #100, .T. ) ;
#5349 = CARTESIAN_POINT ( 'NONE',  ( 1.940948109990410453, 5.257067527052389444, -5.685651519006253096 ) ) ;
#5350 = CARTESIAN_POINT ( 'NONE',  ( -114.8772307349062487, -1.765624784601490971, 20.95277023315431464 ) ) ;
#5351 = CARTESIAN_POINT ( 'NONE',  ( 29.46644565909113211, -1.498524204022574580, -17.88413441607756482 ) ) ;
#5352 = ORIENTED_EDGE ( 'NONE', *, *, #5592, .T. ) ;
#5353 = CARTESIAN_POINT ( 'NONE',  ( 21.22861213567312433, 0.7349493471890021778, -14.15044052955384757 ) ) ;
#5354 = CARTESIAN_POINT ( 'NONE',  ( -24.61306385586067336, 7.980279660994593627, -8.688829564121085980 ) ) ;
#5355 = CARTESIAN_POINT ( 'NONE',  ( 11.71392500710090623, 4.200815499225460492, -9.100140385472114346 ) ) ;
#5356 = CARTESIAN_POINT ( 'NONE',  ( 2.755067196845441213, 3.648698123894610124, -5.370688060140452080 ) ) ;
#5357 = AXIS2_PLACEMENT_3D ( 'NONE', #6527, #5565, #311 ) ;
#5358 = CARTESIAN_POINT ( 'NONE',  ( 119.2156010373633990, 2.405049844961457239, -12.47470131345021116 ) ) ;
#5359 = CARTESIAN_POINT ( 'NONE',  ( 119.0176738912416283, 6.177316438409168775, 3.123067901170766270 ) ) ;
#5360 = CARTESIAN_POINT ( 'NONE',  ( 119.4058125830522812, 6.045824105795168713, -1.709993534147367322 ) ) ;
#5361 = CARTESIAN_POINT ( 'NONE',  ( 105.6942510740034464, 6.609068768386644699, 4.990296521648052597 ) ) ;
#5362 = CARTESIAN_POINT ( 'NONE',  ( 2.038784029108641871, 2.930239898694349421, 4.204326152801512784 ) ) ;
#5363 = CARTESIAN_POINT ( 'NONE',  ( -40.23848366100699536, 8.890922190852734275, -9.193419829625360862 ) ) ;
#5364 = ORIENTED_EDGE ( 'NONE', *, *, #5162, .T. ) ;
#5365 = CARTESIAN_POINT ( 'NONE',  ( 2.307291251746468319, 6.768484771041833881, 6.055873279937601161 ) ) ;
#5366 = B_SPLINE_CURVE_WITH_KNOTS ( 'NONE', 3,
 ( #4665, #2101, #548, #2584, #1616, #6284 ),
 .UNSPECIFIED., .F., .F.,
 ( 4, 2, 4 ),
 ( 2.491306920542243817E-18, 0.0002165082964679655687, 0.0004330165929359286437 ),
 .UNSPECIFIED. ) ;
#5367 = CARTESIAN_POINT ( 'NONE',  ( -116.7938906915284605, 6.575798592388623298, -4.368713801195421631 ) ) ;
#5368 = CARTESIAN_POINT ( 'NONE',  ( -18.16251505217189433, 8.065498240612710035, -7.683192500943523129 ) ) ;
#5369 = CARTESIAN_POINT ( 'NONE',  ( 117.5499954223632813, 2.566689999280763690, 10.53608989715575461 ) ) ;
#5370 = ORIENTED_EDGE ( 'NONE', *, *, #1445, .F. ) ;
#5371 = CARTESIAN_POINT ( 'NONE',  ( -38.74769194452898091, -1.430848396864376149, 18.03841461033382032 ) ) ;
#5372 = CARTESIAN_POINT ( 'NONE',  ( -24.52323362237794058, 8.349195181015744538, -8.813062866112883142 ) ) ;
#5373 = EDGE_CURVE ( 'NONE', #3925, #941, #3962, .T. ) ;
#5374 = CARTESIAN_POINT ( 'NONE',  ( 118.6352903485646095, 5.933520072090316511, 3.175047543978465114 ) ) ;
#5375 = CARTESIAN_POINT ( 'NONE',  ( 101.4699285161067337, 6.776437533534694246, 5.375018732174594582 ) ) ;
#5376 = CIRCLE ( 'NONE', #5042, 0.2500000000000002220 ) ;
#5377 = CARTESIAN_POINT ( 'NONE',  ( 33.91853196141342153, 8.690247221562408697, 9.606167163635870310 ) ) ;
#5378 = CARTESIAN_POINT ( 'NONE',  ( 38.22582104685576354, 8.353721195831974811, 9.444743187397659057 ) ) ;
#5379 = CARTESIAN_POINT ( 'NONE',  ( -117.0605004240825053, 6.270982998500580941, 3.130509391018021947 ) ) ;
#5380 = CARTESIAN_POINT ( 'NONE',  ( -1.949526111669523498, 5.266044820243568125, 5.685651519006379218 ) ) ;
#5381 = CARTESIAN_POINT ( 'NONE',  ( -9.714451465470119729E-14, -0.5000000000000177636, 0.000000000000000000 ) ) ;
#5382 = ORIENTED_EDGE ( 'NONE', *, *, #2460, .T. ) ;
#5383 = CARTESIAN_POINT ( 'NONE',  ( 4.221579512500845510, 6.562057988013770604, -4.274212670793488655 ) ) ;
#5384 = DIRECTION ( 'NONE',  ( -0.003466446012709980835, -0.7511198954887221557, -0.6601567134802555081 ) ) ;
#5385 = CARTESIAN_POINT ( 'NONE',  ( 32.49804525878138861, -2.360734857703181255, -18.10971180994709684 ) ) ;
#5386 = ORIENTED_EDGE ( 'NONE', *, *, #4056, .F. ) ;
#5387 = CARTESIAN_POINT ( 'NONE',  ( 18.78789847238296673, 1.794602414119970790, -13.06637199990335851 ) ) ;
#5388 = CARTESIAN_POINT ( 'NONE',  ( -34.00993053324700810, 8.388719361722015933, -9.488902530869928853 ) ) ;
#5389 = CARTESIAN_POINT ( 'NONE',  ( 18.08352121541201996, 2.276224540650657602, -12.63326061965390856 ) ) ;
#5390 = CARTESIAN_POINT ( 'NONE',  ( 1.751229292370861668, 5.423693011344349557, -5.927399003457874294 ) ) ;
#5391 = CARTESIAN_POINT ( 'NONE',  ( -2.306049219431365760, 6.050540128612347246, -5.907996291776906439 ) ) ;
#5392 = CARTESIAN_POINT ( 'NONE',  ( 112.8989452759380328, 2.530367913782261891, -11.30528120277928394 ) ) ;
#5393 = CARTESIAN_POINT ( 'NONE',  ( 2.301087857315529561, 6.039909131477122273, 5.907996291777122266 ) ) ;
#5394 = CARTESIAN_POINT ( 'NONE',  ( 119.6971002782028819, 6.053283428861857551, 0.3204698691717590142 ) ) ;
#5395 = CARTESIAN_POINT ( 'NONE',  ( 117.3981978905682979, 6.594663563354249192, 4.205127466721577889 ) ) ;
#5396 = CARTESIAN_POINT ( 'NONE',  ( -119.5139699335256864, 6.712461168083697416, -2.270985540393060997 ) ) ;
#5397 = CARTESIAN_POINT ( 'NONE',  ( -4.969639359263932299, 11.09594472248642560, -13.88324165344238104 ) ) ;
#5398 = CARTESIAN_POINT ( 'NONE',  ( -13.07272322988148794, 7.776053083180864967, -6.754086497262490774 ) ) ;
#5399 = CARTESIAN_POINT ( 'NONE',  ( -2.840036253262308907, 3.973230169915433763, 5.330736751753254232 ) ) ;
#5400 = VERTEX_POINT ( 'NONE', #4084 ) ;
#5401 = CARTESIAN_POINT ( 'NONE',  ( 2.522344655611572950, 6.930898690896163394, 5.929966261555454921 ) ) ;
#5402 = CARTESIAN_POINT ( 'NONE',  ( 34.62163598839160983, -2.418251931352981554, -18.17612663234326931 ) ) ;
#5403 = CARTESIAN_POINT ( 'NONE',  ( -22.31774798257600168, 8.188403644560157346, -8.437254321041070426 ) ) ;
#5404 = AXIS2_PLACEMENT_3D ( 'NONE', #5085, #4462, #1404 ) ;
#5405 = CARTESIAN_POINT ( 'NONE',  ( 63.12008666992187500, 6.446186931310545098, 9.219183921813961291 ) ) ;
#5406 = EDGE_LOOP ( 'NONE', ( #6529, #2300, #6325, #1875 ) ) ;
#5407 = CARTESIAN_POINT ( 'NONE',  ( -25.00383761048822251, -0.02736454159528495592, 16.22434445862644381 ) ) ;
#5408 = CARTESIAN_POINT ( 'NONE',  ( -95.13286065969219862, 7.420570886873441907, -5.627783222603247815 ) ) ;
#5409 = CARTESIAN_POINT ( 'NONE',  ( 119.4431027231778302, 5.857149138647666398, 1.027906051631588991 ) ) ;
#5410 = CARTESIAN_POINT ( 'NONE',  ( 40.19534603193390865, 8.707401263232320332, 9.197821359702098576 ) ) ;
#5411 = CARTESIAN_POINT ( 'NONE',  ( -27.10572850325619498, -0.7017912626422534439, 17.08453514989760080 ) ) ;
#5412 = EDGE_CURVE ( 'NONE', #2712, #5171, #3216, .T. ) ;
#5413 = CARTESIAN_POINT ( 'NONE',  ( 41.38468903280980982, 8.070715622920459964, 9.189370000724222720 ) ) ;
#5414 = CARTESIAN_POINT ( 'NONE',  ( -107.9401506599970730, 5.235875538267012352, 5.224953299300564069 ) ) ;
#5415 = CARTESIAN_POINT ( 'NONE',  ( -3.678865595296703983, 6.339792385666036978, 5.209462096225499828 ) ) ;
#5416 = CARTESIAN_POINT ( 'NONE',  ( -116.8116179372816532, 7.043847219311385466, -4.462925595622176722 ) ) ;
#5417 = CARTESIAN_POINT ( 'NONE',  ( 2.778583119167945092, 5.682002432385933055, -5.326389135782881645 ) ) ;
#5418 = DIRECTION ( 'NONE',  ( -0.000000000000000000, -1.000000000000000000, -0.000000000000000000 ) ) ;
#5419 = CARTESIAN_POINT ( 'NONE',  ( 34.59992466371118525, -2.418804310825761306, -18.17669032120075556 ) ) ;
#5420 = ORIENTED_EDGE ( 'NONE', *, *, #4994, .T. ) ;
#5421 = DIRECTION ( 'NONE',  ( -0.03286348973661772782, 0.6598896577453354784, -0.7506434777196663299 ) ) ;
#5422 = CARTESIAN_POINT ( 'NONE',  ( -119.5948200727492718, 7.283584037961944979, -1.990477841823039773 ) ) ;
#5423 = CARTESIAN_POINT ( 'NONE',  ( 9.061688322298207865, 4.582516239694424343, -8.097760415204017903 ) ) ;
#5424 = CARTESIAN_POINT ( 'NONE',  ( 5.891739370325352887, 3.781805318489274370, 1.181082906464556492 ) ) ;
#5425 = CARTESIAN_POINT ( 'NONE',  ( 1.700447885241799906, 4.325203960911020218, -6.371983351726184353 ) ) ;
#5426 = EDGE_CURVE ( 'NONE', #387, #2334, #1235, .T. ) ;
#5427 = CARTESIAN_POINT ( 'NONE',  ( 101.7100626278333664, 4.528588758154405980, -6.258489187614800997 ) ) ;
#5428 = CARTESIAN_POINT ( 'NONE',  ( 119.6462174884077996, 5.786063969983163524, -1.630455134346244117 ) ) ;
#5429 = CARTESIAN_POINT ( 'NONE',  ( -7.958333363594656262, 4.072608069639456652, 7.835448456046844257 ) ) ;
#5430 = CARTESIAN_POINT ( 'NONE',  ( 2.404827809421216323, 6.989708255036620521, 5.827789074180269147 ) ) ;
#5431 = CARTESIAN_POINT ( 'NONE',  ( -2.354879642546956475, 4.030953109842359439, -8.148217201232908380 ) ) ;
#5432 = CARTESIAN_POINT ( 'NONE',  ( -28.69525293140064548, 8.899592088991639116, -9.289794837258479987 ) ) ;
#5433 = CARTESIAN_POINT ( 'NONE',  ( -4.535895041460217492, 3.331307590845624667, 3.961813593132990974 ) ) ;
#5434 = CARTESIAN_POINT ( 'NONE',  ( -6.897062420997799315, 6.443821963143519405, -5.999421864458576614 ) ) ;
#5435 = CARTESIAN_POINT ( 'NONE',  ( 43.66691921363633355, -0.8542910086529950098, -16.45825976855288530 ) ) ;
#5436 = CARTESIAN_POINT ( 'NONE',  ( -19.72503913833991263, 8.060668040855587080, -7.964579228708794645 ) ) ;
#5437 = CARTESIAN_POINT ( 'NONE',  ( 3.647655248641965997, 1.749896557508422212, 10.51206398010253906 ) ) ;
#5438 = ORIENTED_EDGE ( 'NONE', *, *, #2830, .T. ) ;
#5439 = CARTESIAN_POINT ( 'NONE',  ( -26.62325502664005228, -0.9406583723338528547, 16.58872613641181815 ) ) ;
#5440 = CARTESIAN_POINT ( 'NONE',  ( -6.864814733932535162, 7.256192200119177649, -6.092648440493079853 ) ) ;
#5441 = CARTESIAN_POINT ( 'NONE',  ( 119.1805863137557822, 5.916680946655772821, 2.400399537709915876 ) ) ;
#5442 = CARTESIAN_POINT ( 'NONE',  ( 28.57232963122756075, 8.572204647308437231, 9.361074669334112031 ) ) ;
#5443 = CARTESIAN_POINT ( 'NONE',  ( -34.64493865760346836, -1.885842849971199886, 18.50468993723258038 ) ) ;
#5444 = EDGE_CURVE ( 'NONE', #4959, #5518, #1556, .T. ) ;
#5445 = CARTESIAN_POINT ( 'NONE',  ( 88.81637464731700504, 7.034068414562924865, 5.936316493137941741 ) ) ;
#5446 = CARTESIAN_POINT ( 'NONE',  ( -113.8873176741398083, 5.965166321765473789, 4.285979712261190677 ) ) ;
#5447 = CARTESIAN_POINT ( 'NONE',  ( -6.175520646931885516, 8.277756631365901896, 1.142937965252889487 ) ) ;
#5448 = DIRECTION ( 'NONE',  ( 0.000000000000000000, 0.3199733906605403688, -0.9474265297473980496 ) ) ;
#5449 = CARTESIAN_POINT ( 'NONE',  ( -121.6125294900339213, 6.380114945382392655, -3.360336303710917072 ) ) ;
#5450 = CARTESIAN_POINT ( 'NONE',  ( 33.01733972331737021, -2.395614615063495823, -18.14867977918664010 ) ) ;
#5451 = VERTEX_POINT ( 'NONE', #4735 ) ;
#5452 = DIRECTION ( 'NONE',  ( 0.000000000000000000, 0.000000000000000000, -1.000000000000000000 ) ) ;
#5453 = CARTESIAN_POINT ( 'NONE',  ( 5.007885420159312595, 6.941249799084343586, 6.208504527641472315 ) ) ;
#5454 = CARTESIAN_POINT ( 'NONE',  ( -119.0437882918241996, 7.092391186625611965, -3.097296230845338005 ) ) ;
#5455 = CARTESIAN_POINT ( 'NONE',  ( 9.473913374111372576, 4.453986233020185814, -8.336843768658489751 ) ) ;
#5456 = CARTESIAN_POINT ( 'NONE',  ( 5.329352207348696524, 3.307103116767571738, -3.294941074481615217 ) ) ;
#5457 = CARTESIAN_POINT ( 'NONE',  ( 2.274122476577760565, 6.407193989931061040, 6.097687244415283203 ) ) ;
#5458 = CARTESIAN_POINT ( 'NONE',  ( 117.6034593457352315, 2.206130363146872497, -12.63967737389678980 ) ) ;
#5459 = CARTESIAN_POINT ( 'NONE',  ( 119.6563301418453165, 5.721801137843121943, -1.952177918470599849 ) ) ;
#5460 = CARTESIAN_POINT ( 'NONE',  ( 3.539798295541076278, 7.509416169168694921, 4.853355729850755473 ) ) ;
#5461 = PLANE ( 'NONE',  #4075 ) ;
#5462 = CARTESIAN_POINT ( 'NONE',  ( -2.588369017282944551, 3.627888279931765325, -8.567511558532713067 ) ) ;
#5463 = CARTESIAN_POINT ( 'NONE',  ( -19.32189353223492034, 8.215975619628171245, -7.814999510218946455 ) ) ;
#5464 = CARTESIAN_POINT ( 'NONE',  ( -119.6573462274023285, 6.234024758233889685, 0.6905373559527036020 ) ) ;
#5465 = CARTESIAN_POINT ( 'NONE',  ( -24.57492380109555441, 8.048204176405311827, -8.819129092499101930 ) ) ;
#5466 = AXIS2_PLACEMENT_3D ( 'NONE', #4731, #3764, #3798 ) ;
#5467 = DIRECTION ( 'NONE',  ( 0.08986152939381183979, -0.9959542687970192043, 0.000000000000000000 ) ) ;
#5468 = CARTESIAN_POINT ( 'NONE',  ( -5.887262874218254005, 6.612857135988319257, -6.137930931168271265 ) ) ;
#5469 = CARTESIAN_POINT ( 'NONE',  ( 77.24084472656251421, 8.370612414060468964, 1.753104329109187676 ) ) ;
#5470 = ORIENTED_EDGE ( 'NONE', *, *, #3676, .T. ) ;
#5471 = CARTESIAN_POINT ( 'NONE',  ( -32.54145391899542261, -2.210655813408195502, 18.10971180994964769 ) ) ;
#5472 = CARTESIAN_POINT ( 'NONE',  ( -40.24147214109117954, 8.689621555097000183, -9.293286710035575382 ) ) ;
#5473 = EDGE_CURVE ( 'NONE', #2988, #2461, #2637, .T. ) ;
#5474 = CARTESIAN_POINT ( 'NONE',  ( 119.6875427812618540, 5.866133555078829609, 1.196513789471014055 ) ) ;
#5475 = CARTESIAN_POINT ( 'NONE',  ( 31.72726762063807371, 8.795577663527998524, 9.574205323027069170 ) ) ;
#5476 = CARTESIAN_POINT ( 'NONE',  ( 10.52258182202409031, 7.418175982370971866, 6.474366765200133322 ) ) ;
#5477 = CARTESIAN_POINT ( 'NONE',  ( 105.7030334661053956, 6.607405845749478424, 5.240136679103315487 ) ) ;
#5478 = CARTESIAN_POINT ( 'NONE',  ( -114.6371296024106243, 6.025404385959363118, 4.064220855101601693 ) ) ;
#5479 = CARTESIAN_POINT ( 'NONE',  ( -5.747780808241566675, 8.117273189570850533, 1.739642806719943424 ) ) ;
#5480 = CARTESIAN_POINT ( 'NONE',  ( -29.52242617870097874, -1.746364709801412562, 17.56919898265139324 ) ) ;
#5481 = CARTESIAN_POINT ( 'NONE',  ( -100.6933809047366424, -1.706495388772933719, 20.81249237060548296 ) ) ;
#5482 = CARTESIAN_POINT ( 'NONE',  ( 24.97058508162121626, -0.1426808292624568431, -16.22434445862659302 ) ) ;
#5483 = ORIENTED_EDGE ( 'NONE', *, *, #3102, .F. ) ;
#5484 = CARTESIAN_POINT ( 'NONE',  ( -1.622071168077441117, 4.804626159546893760, 6.658420285228975111 ) ) ;
#5485 = CARTESIAN_POINT ( 'NONE',  ( -5.135880609888489268, 3.330448481070479527, 3.618231982149011650 ) ) ;
#5486 = CARTESIAN_POINT ( 'NONE',  ( -119.4095487060062908, 6.596485414848752171, 1.711536830406845677 ) ) ;
#5487 = CARTESIAN_POINT ( 'NONE',  ( 18.05324895705477317, 2.163095377937836350, -12.61561917147160550 ) ) ;
#5488 = CARTESIAN_POINT ( 'NONE',  ( 5.105364267490209329, 3.293078017897338672, -3.156344939370898661 ) ) ;
#5489 = CARTESIAN_POINT ( 'NONE',  ( 13.70855998992919744, 3.632515700040761075, -5.095381259918213779 ) ) ;
#5490 = CARTESIAN_POINT ( 'NONE',  ( 87.69842490184271355, 3.933299560888000368, -8.443152111099468726 ) ) ;
#5491 = CARTESIAN_POINT ( 'NONE',  ( -10.96925811847123100, 3.506866460836928212, 8.622772540392865892 ) ) ;
#5492 = ADVANCED_FACE ( 'NONE', ( #3601 ), #3699, .T. ) ;
#5493 = CARTESIAN_POINT ( 'NONE',  ( -8.854357347032911107, 3.768406337961202723, 8.116593763212186730 ) ) ;
#5494 = CARTESIAN_POINT ( 'NONE',  ( 9.202172790056851071, 3.679318900941694448, -7.989896792783949486 ) ) ;
#5495 = CARTESIAN_POINT ( 'NONE',  ( -0.7131038075897290218, 7.487547151867189221, -5.650328636169432706 ) ) ;
#5496 = CARTESIAN_POINT ( 'NONE',  ( -1.697494389936774706, 4.438920114067934186, 6.681295894289654314 ) ) ;
#5497 = CARTESIAN_POINT ( 'NONE',  ( -119.6515579223008956, 6.335423458039270095, 1.644586203592374618 ) ) ;
#5498 = CARTESIAN_POINT ( 'NONE',  ( -34.00112260656413810, 8.388765599257919092, -9.489000675579079669 ) ) ;
#5499 = CIRCLE ( 'NONE', #5819, 0.2500000000000001110 ) ;
#5500 = CARTESIAN_POINT ( 'NONE',  ( -117.3782328544607054, 6.544798367830902741, -4.132565017545349662 ) ) ;
#5501 = CARTESIAN_POINT ( 'NONE',  ( 12.06787896868996768, 3.511517250956166514, -9.372784686090508188 ) ) ;
#5502 = CARTESIAN_POINT ( 'NONE',  ( 29.73232460021973367, 9.917860062299654444, 8.245769500732420099 ) ) ;
#5503 = ORIENTED_EDGE ( 'NONE', *, *, #5045, .F. ) ;
#5504 = CARTESIAN_POINT ( 'NONE',  ( -25.23211387847494080, -0.4981188592182234642, 16.02310347934067281 ) ) ;
#5505 = CARTESIAN_POINT ( 'NONE',  ( -41.29474465759557233, 8.646050256590926963, -9.199214579407415826 ) ) ;
#5506 = CARTESIAN_POINT ( 'NONE',  ( 119.6458544071482493, 5.536856192701447910, -1.599440255911007469 ) ) ;
#5507 = CARTESIAN_POINT ( 'NONE',  ( 41.25126713600844397, 8.659510470473227528, 9.103145405503408227 ) ) ;
#5508 = AXIS2_PLACEMENT_3D ( 'NONE', #2984, #638, #1708 ) ;
#5509 = CARTESIAN_POINT ( 'NONE',  ( 16.58600190604563451, 2.681642210733957477, -11.73811826692419125 ) ) ;
#5510 = CARTESIAN_POINT ( 'NONE',  ( -113.1122658218677799, 7.124766185373375471, -4.730776856381297968 ) ) ;
#5511 = CC_DESIGN_PERSON_AND_ORGANIZATION_ASSIGNMENT ( #1366, #1334, ( #4244 ) ) ;
#5512 = ORIENTED_EDGE ( 'NONE', *, *, #5228, .F. ) ;
#5513 = CARTESIAN_POINT ( 'NONE',  ( -100.6864007115504762, 4.950786446003173857, 6.440136050989429428 ) ) ;
#5514 = CARTESIAN_POINT ( 'NONE',  ( -5.915031397965139881, 8.036366512320039845, 1.031912338338422108 ) ) ;
#5515 = CARTESIAN_POINT ( 'NONE',  ( 3.383113986256109040, 6.712868065433889697, 6.216196052946806994 ) ) ;
#5516 = EDGE_CURVE ( 'NONE', #4671, #3413, #3525, .T. ) ;
#5517 = B_SPLINE_CURVE_WITH_KNOTS ( 'NONE', 3,
 ( #3460, #5662, #5051, #4629, #6651, #925, #308 ),
 .UNSPECIFIED., .F., .F.,
 ( 4, 3, 4 ),
 ( 3.503883779802208078E-16, 0.0008508986759584471994, 0.002243018096429323129 ),
 .UNSPECIFIED. ) ;
#5518 = VERTEX_POINT ( 'NONE', #4185 ) ;
#5519 = CARTESIAN_POINT ( 'NONE',  ( 3.402815355550206089, 4.278276952575018832, -6.885316423114073103 ) ) ;
#5520 = CARTESIAN_POINT ( 'NONE',  ( 16.20401019575608004, 7.916138920173537485, 7.252468088083277920 ) ) ;
#5521 = CARTESIAN_POINT ( 'NONE',  ( -119.4029933903038057, 6.673476953669755574, 1.397881140125433186 ) ) ;
#5522 = CARTESIAN_POINT ( 'NONE',  ( 5.993467180072787670, 3.586556310154522809, -0.4252670590599391676 ) ) ;
#5523 = CARTESIAN_POINT ( 'NONE',  ( 34.75486755371093750, 7.231899076579491492, 4.541779994964597833 ) ) ;
#5524 = CARTESIAN_POINT ( 'NONE',  ( 100.6914690719752343, 4.942868392712291836, -6.640715070212085180 ) ) ;
#5525 = CARTESIAN_POINT ( 'NONE',  ( 2.550642608842360826, 5.923461088424598842, 5.753851633149150935 ) ) ;
#5526 = EDGE_CURVE ( 'NONE', #4278, #5400, #4692, .T. ) ;
#5527 = CARTESIAN_POINT ( 'NONE',  ( -3.427190313994924242, 4.053636601687457208, 6.708246751290976917 ) ) ;
#5528 = CARTESIAN_POINT ( 'NONE',  ( 119.6957547243680438, 6.592369583749782436, 0.9784715689339555933 ) ) ;
#5529 = CARTESIAN_POINT ( 'NONE',  ( -117.9816398567902667, 7.075934127229793091, 0.1048991531133847271 ) ) ;
#5530 = CARTESIAN_POINT ( 'NONE',  ( 1.943848390079613964, 5.259030043490056983, -6.263377540641653418 ) ) ;
#5531 = CARTESIAN_POINT ( 'NONE',  ( -5.207669735845024128, 3.322722287159331156, 3.014902946518970062 ) ) ;
#5532 = CARTESIAN_POINT ( 'NONE',  ( -7.672054167100768041, 6.584580199651546728, -6.139391614220838456 ) ) ;
#5533 = CARTESIAN_POINT ( 'NONE',  ( -1.718389857617431682, 4.342648507625089138, 6.727516193313114456 ) ) ;
#5534 = CARTESIAN_POINT ( 'NONE',  ( -7.270235110408080459, 7.478860211357356569, -6.035387112644838403 ) ) ;
#5535 = CARTESIAN_POINT ( 'NONE',  ( 0.3016478717327157333, 9.766450436292606341, 1.228441119194030984 ) ) ;
#5536 = VERTEX_POINT ( 'NONE', #3079 ) ;
#5537 = CARTESIAN_POINT ( 'NONE',  ( -22.93782830139309326, 0.6469327528008136374, 15.32033394214532862 ) ) ;
#5538 = CARTESIAN_POINT ( 'NONE',  ( -119.4116356410412152, 6.272646385951032855, 1.959986551784575370 ) ) ;
#5539 = CARTESIAN_POINT ( 'NONE',  ( 119.6076043727197487, 6.151150326679945657, 1.927281889738563514 ) ) ;
#5540 = CARTESIAN_POINT ( 'NONE',  ( 57.06306666698018404, 7.810610891051736893, 7.791373819163114334 ) ) ;
#5541 = CARTESIAN_POINT ( 'NONE',  ( 5.308755690349482137, 8.695842814516993258, 2.817500618426900250 ) ) ;
#5542 = CARTESIAN_POINT ( 'NONE',  ( 20.38691234793570217, 1.280129787628411453, -14.03545292085100726 ) ) ;
#5543 = ORIENTED_EDGE ( 'NONE', *, *, #5850, .T. ) ;
#5544 = CARTESIAN_POINT ( 'NONE',  ( -101.4368273303403640, 3.528645269348300140, 10.24725597299060809 ) ) ;
#5545 = CARTESIAN_POINT ( 'NONE',  ( -5.998017656152318189, 8.335355581163168992, -0.2563251111337602195 ) ) ;
#5546 = EDGE_CURVE ( 'NONE', #264, #5133, #4183, .T. ) ;
#5547 = CARTESIAN_POINT ( 'NONE',  ( 4.183631781826391283, 3.434206551353111259, -4.738763042062405617 ) ) ;
#5548 = ORIENTED_EDGE ( 'NONE', *, *, #917, .F. ) ;
#5549 = CARTESIAN_POINT ( 'NONE',  ( -2.092584770596355614, 4.846093406752019384, 6.683782807195514764 ) ) ;
#5550 = CARTESIAN_POINT ( 'NONE',  ( -5.445720154250832223, 4.434475406137051934, -3.269422517961396935 ) ) ;
#5551 = ADVANCED_FACE ( 'NONE', ( #5291 ), #3215, .T. ) ;
#5552 = CARTESIAN_POINT ( 'NONE',  ( -117.9008331637818969, 7.157175418902135711, -4.095920453224381141 ) ) ;
#5553 = PERSON_AND_ORGANIZATION_ROLE ( 'design_supplier' ) ;
#5554 = EDGE_CURVE ( 'NONE', #2014, #5256, #2305, .T. ) ;
#5555 = CARTESIAN_POINT ( 'NONE',  ( 5.012394883754843100, 4.732009470797735595, 3.914807432464938231 ) ) ;
#5556 = CARTESIAN_POINT ( 'NONE',  ( 8.782485961914069605, 11.89314988392442984, 15.63732814788818359 ) ) ;
#5557 = CARTESIAN_POINT ( 'NONE',  ( 77.93969139781631839, 2.163505269478181781, -12.66304742371935887 ) ) ;
#5558 = CARTESIAN_POINT ( 'NONE',  ( 0.000000000000000000, 3.365003494668334927, 21.91068183522258295 ) ) ;
#5559 = CARTESIAN_POINT ( 'NONE',  ( -10.60685505646272730, 3.541126959126275509, 8.756139231771967957 ) ) ;
#5560 = CARTESIAN_POINT ( 'NONE',  ( 119.6580479261104273, 5.956695805987323844, -2.014034762344440121 ) ) ;
#5561 = CARTESIAN_POINT ( 'NONE',  ( -29.71909714806121272, 10.05504458356537434, -8.245769500732414770 ) ) ;
#5562 = CARTESIAN_POINT ( 'NONE',  ( 116.7901341968661342, 6.036802018592450025, 4.368713801195434954 ) ) ;
#5563 = CARTESIAN_POINT ( 'NONE',  ( -9.216278041677032462, 6.889165840278282715, -6.306828390702203357 ) ) ;
#5564 = CARTESIAN_POINT ( 'NONE',  ( 114.1144138588829264, 4.984267772099800098, -4.055833742674733955 ) ) ;
#5565 = DIRECTION ( 'NONE',  ( -0.000000000000000000, -1.000000000000000000, -0.000000000000000000 ) ) ;
#5566 = CARTESIAN_POINT ( 'NONE',  ( 4.536040782928468573, 7.480746628223372774, -4.257534503936767578 ) ) ;
#5567 = VERTEX_POINT ( 'NONE', #477 ) ;
#5568 = CARTESIAN_POINT ( 'NONE',  ( -9.714451465470119729E-14, 5.622649730810398871, -3.000000000000000000 ) ) ;
#5569 = CARTESIAN_POINT ( 'NONE',  ( -118.7980714360346326, 7.083201033543939040, -3.369724310126937628 ) ) ;
#5570 = SPHERICAL_SURFACE ( 'NONE', #5587, 0.2500000000000000000 ) ;
#5571 = CARTESIAN_POINT ( 'NONE',  ( 8.309123071487029222, 7.508047281464068412, 6.129363083742312313 ) ) ;
#5572 = CARTESIAN_POINT ( 'NONE',  ( -7.832152309965407788, 4.553267415542201491, 7.807119565715215259 ) ) ;
#5573 = CARTESIAN_POINT ( 'NONE',  ( 6.445506443543242092, 4.634065283501205279, -7.430509673200645260 ) ) ;
#5574 = AXIS2_PLACEMENT_3D ( 'NONE', #206, #3249, #617 ) ;
#5575 = LOCAL_TIME ( 21, 29, 28.00000000000000000, #6071 ) ;
#5576 = ADVANCED_FACE ( 'NONE', ( #71 ), #4516, .F. ) ;
#5577 = ORIENTED_EDGE ( 'NONE', *, *, #6003, .F. ) ;
#5578 = CARTESIAN_POINT ( 'NONE',  ( -90.83938386682197574, 4.469172663066536266, 8.040582269371618906 ) ) ;
#5579 = CARTESIAN_POINT ( 'NONE',  ( 5.848169276030811048, 3.742438521370999638, -1.377455523824374639 ) ) ;
#5580 = CARTESIAN_POINT ( 'NONE',  ( 5.694424916940528547, 3.344770348608734345, -2.626649768950750197 ) ) ;
#5581 = CARTESIAN_POINT ( 'NONE',  ( -3.559218537719113673, 7.662432554353232561, -5.308953758495541742 ) ) ;
#5582 = ORIENTED_EDGE ( 'NONE', *, *, #4034, .F. ) ;
#5583 = CARTESIAN_POINT ( 'NONE',  ( 10.17259252092920185, 3.804217208402287831, -8.594146949613794106 ) ) ;
#5584 = CARTESIAN_POINT ( 'NONE',  ( -2.288627621784927957, 6.166318931107207746, -5.567600830003864409 ) ) ;
#5585 = DIRECTION ( 'NONE',  ( 0.9460387969149569587, -0.05006111852569369164, -0.3201632070423732768 ) ) ;
#5586 = DIRECTION ( 'NONE',  ( 0.000000000000000000, -0.7511278943342117875, 0.6601567134802562853 ) ) ;
#5587 = AXIS2_PLACEMENT_3D ( 'NONE', #5159, #416, #1383 ) ;
#5588 = CARTESIAN_POINT ( 'NONE',  ( 4.492626914869175536, 4.720009428371962024, 3.990965135207834358 ) ) ;
#5589 = CARTESIAN_POINT ( 'NONE',  ( 4.813670635223386896, 2.944608242689086275, -4.603000164031982422 ) ) ;
#5590 = CARTESIAN_POINT ( 'NONE',  ( 72.17242365426764650, 2.959574116576362268, -10.93942623524810998 ) ) ;
#5591 = CARTESIAN_POINT ( 'NONE',  ( 10.55186621222410714, 6.763564499988941492, 6.354692999451368784 ) ) ;
#5592 = EDGE_CURVE ( 'NONE', #2569, #6257, #6665, .T. ) ;
#5593 = CARTESIAN_POINT ( 'NONE',  ( 4.253069476040922225, 6.583199541551877587, -4.242595046203142317 ) ) ;
#5594 = CARTESIAN_POINT ( 'NONE',  ( 119.6663187481075710, 6.089335624532478342, -0.4159477688176396737 ) ) ;
#5595 = CARTESIAN_POINT ( 'NONE',  ( -61.73459936976141194, 3.030742457100241705, 14.61188983917237216 ) ) ;
#5596 = CARTESIAN_POINT ( 'NONE',  ( -119.4268752240756015, 7.231689476396168104, -1.468332511060349344 ) ) ;
#5597 = CARTESIAN_POINT ( 'NONE',  ( -18.36380245414912338, 7.436135549515048737, -7.563324742205194795 ) ) ;
#5598 = CARTESIAN_POINT ( 'NONE',  ( -1.773015781204894337, 3.993381428423939283, 5.833559861126782486 ) ) ;
#5599 = DIRECTION ( 'NONE',  ( -0.0008978090694777850255, -0.1945399558949888752, 0.9808941836402389480 ) ) ;
#5600 = B_SPLINE_CURVE_WITH_KNOTS ( 'NONE', 3,
 ( #5981, #3251, #727, #2276 ),
 .UNSPECIFIED., .F., .F.,
 ( 4, 4 ),
 ( 7.424835560035853755E-05, 0.0006213977146888291546 ),
 .UNSPECIFIED. ) ;
#5601 = CARTESIAN_POINT ( 'NONE',  ( 14.55351066589354581, -4.681156604112679531, -16.47033500671386719 ) ) ;
#5602 = ORIENTED_EDGE ( 'NONE', *, *, #3586, .T. ) ;
#5603 = CARTESIAN_POINT ( 'NONE',  ( -9.714451465470119729E-14, 6.777350269189689413, 0.000000000000000000 ) ) ;
#5604 = CARTESIAN_POINT ( 'NONE',  ( -117.1868917480657757, 6.858361881405068416, -4.476166541205240712 ) ) ;
#5605 = CARTESIAN_POINT ( 'NONE',  ( 119.2935788992469384, 5.909908299348636262, 2.136944720776377871 ) ) ;
#5606 = CARTESIAN_POINT ( 'NONE',  ( 19.73288485270262527, 8.146129414496432020, 7.892592947519242230 ) ) ;
#5607 = DIRECTION ( 'NONE',  ( 0.000000000000000000, 0.000000000000000000, -1.000000000000000000 ) ) ;
#5608 = CARTESIAN_POINT ( 'NONE',  ( -9.714451465470119729E-14, 13.00000000000006040, 0.000000000000000000 ) ) ;
#5609 = AXIS2_PLACEMENT_3D ( 'NONE', #4289, #6512, #1652 ) ;
#5610 = CARTESIAN_POINT ( 'NONE',  ( 6.092204205238403780, 7.080096630498803556, 6.123976418645434627 ) ) ;
#5611 = ORIENTED_EDGE ( 'NONE', *, *, #625, .T. ) ;
#5612 = CARTESIAN_POINT ( 'NONE',  ( -92.93115702758630903, 5.010735629653025214, 7.965729568122212001 ) ) ;
#5613 = AXIS2_PLACEMENT_3D ( 'NONE', #6508, #3547, #3447 ) ;
#5614 = CARTESIAN_POINT ( 'NONE',  ( -4.421494050829538836, 8.405928290753653442, -4.053938442924406083 ) ) ;
#5615 = CIRCLE ( 'NONE', #4177, 5.500000000000000000 ) ;
#5616 = CARTESIAN_POINT ( 'NONE',  ( 1.675309353637619125, 11.06597952085802739, -6.684208090855991991 ) ) ;
#5617 = CIRCLE ( 'NONE', #2862, 0.2499999999999991673 ) ;
#5618 = DIRECTION ( 'NONE',  ( -0.02814404713050918869, 0.7461237731487195823, -0.6652121674724792433 ) ) ;
#5619 = ORIENTED_EDGE ( 'NONE', *, *, #6558, .T. ) ;
#5620 = CARTESIAN_POINT ( 'NONE',  ( -5.348389886656821801, 4.721150261144122062, 7.185857679624670702 ) ) ;
#5621 = CARTESIAN_POINT ( 'NONE',  ( 46.56588309184141394, 8.324263766843067458, 8.627841700135054026 ) ) ;
#5622 = CARTESIAN_POINT ( 'NONE',  ( -2.308630009408252803, 6.485316514912490504, -6.014267845441757743 ) ) ;
#5623 = CARTESIAN_POINT ( 'NONE',  ( 72.74777984619140625, 6.287608416257739918, -0.8968986272811930727 ) ) ;
#5624 = CARTESIAN_POINT ( 'NONE',  ( 99.31041891751775097, 3.016328361247775369, -10.38763777333667626 ) ) ;
#5625 = CARTESIAN_POINT ( 'NONE',  ( 28.77532336930277168, 8.132240768237473105, 9.241432443227486360 ) ) ;
#5626 = CARTESIAN_POINT ( 'NONE',  ( 5.676214744820930136, 0.5657214562830286120, -6.989805004752549067 ) ) ;
#5627 = FACE_OUTER_BOUND ( 'NONE', #4189, .T. ) ;
#5628 = CARTESIAN_POINT ( 'NONE',  ( 1.692798680604937989, 4.380108489198436317, -6.729563127875198170 ) ) ;
#5629 = DIRECTION ( 'NONE',  ( 0.000000000000000000, 0.000000000000000000, -1.000000000000000000 ) ) ;
#5630 = AXIS2_PLACEMENT_3D ( 'NONE', #2405, #1499, #6610 ) ;
#5631 = CARTESIAN_POINT ( 'NONE',  ( -76.15501510416382303, 7.479900515156933771, -6.628363076349169880 ) ) ;
#5632 = EDGE_CURVE ( 'NONE', #6023, #2712, #5600, .T. ) ;
#5633 = CARTESIAN_POINT ( 'NONE',  ( 86.66150505141632721, 3.895102865182635821, -8.574653275732076807 ) ) ;
#5634 = CARTESIAN_POINT ( 'NONE',  ( -50.86773673210990410, 8.131385862629086247, -8.317396708787367032 ) ) ;
#5635 = CARTESIAN_POINT ( 'NONE',  ( -2.538198793749445681, 6.648280027600224074, -6.191818223222992579 ) ) ;
#5636 = EDGE_LOOP ( 'NONE', ( #900, #4307, #5123, #1713, #5862 ) ) ;
#5637 = DIRECTION ( 'NONE',  ( 0.000000000000000000, 0.000000000000000000, -1.000000000000000000 ) ) ;
#5638 = CARTESIAN_POINT ( 'NONE',  ( -119.6560583232650856, 6.589751670601463829, 0.6600116186409807906 ) ) ;
#5639 = CARTESIAN_POINT ( 'NONE',  ( 4.791149215303739162, 6.677386727421425583, 6.077200002106761367 ) ) ;
#5640 = CARTESIAN_POINT ( 'NONE',  ( 15.06392277784092570, 7.760836119446782533, 7.149038806412622016 ) ) ;
#5641 = CARTESIAN_POINT ( 'NONE',  ( -93.96022413608532986, 4.614412085470518399, 7.586341293046093170 ) ) ;
#5642 = CARTESIAN_POINT ( 'NONE',  ( 4.427380248561464171, 8.385509458894196300, 4.053938442924547303 ) ) ;
#5643 = CARTESIAN_POINT ( 'NONE',  ( -69.74062516503398967, 8.010069173602330395, -6.959613436277977350 ) ) ;
#5644 = ORIENTED_EDGE ( 'NONE', *, *, #5373, .T. ) ;
#5645 = ORIENTED_EDGE ( 'NONE', *, *, #5871, .F. ) ;
#5646 = CARTESIAN_POINT ( 'NONE',  ( -83.53956395756831910, 4.160897693897369187, 8.958477509070046807 ) ) ;
#5647 = CLOSED_SHELL ( 'NONE', ( #2671, #5551, #1307, #4031, #1543, #5913, #6391, #151, #1813, #355, #3823, #2918, #1188, #3327, #6752, #1843, #1364, #459, #4777, #3047, #4357, #2895, #6202, #6633, #2231, #4617, #6120, #2975, #1764, #3615, #4647, #3468 ) ) ;
#5648 = CARTESIAN_POINT ( 'NONE',  ( 5.124898786406798301, 3.557773873364953321, -3.124219230659636359 ) ) ;
#5649 = CARTESIAN_POINT ( 'NONE',  ( -2.559191028925414280, 6.299052046927774207, -6.167043017596479437 ) ) ;
#5650 = CARTESIAN_POINT ( 'NONE',  ( 22.00819258948016355, 0.8448065932017230217, -14.87789409134778751 ) ) ;
#5651 = ORIENTED_EDGE ( 'NONE', *, *, #3018, .F. ) ;
#5652 = CARTESIAN_POINT ( 'NONE',  ( -9.024447340528858774, 4.432195135365878613, 8.179319459148567617 ) ) ;
#5653 = CARTESIAN_POINT ( 'NONE',  ( 63.43843344489812353, 7.927042249749053582, 7.228225005670429582 ) ) ;
#5654 = CARTESIAN_POINT ( 'NONE',  ( -2.316058595820574162, 6.630432103019328949, -6.183445843096894379 ) ) ;
#5655 = APPLICATION_PROTOCOL_DEFINITION ( 'international standard', 'config_control_design', 1994, #2256 ) ;
#5656 = CARTESIAN_POINT ( 'NONE',  ( 126.3573303222656250, 3.753883392988031531, -6.584117889404303980 ) ) ;
#5657 = CARTESIAN_POINT ( 'NONE',  ( 59.76470689125281410, 2.337242284050828012, -13.14735756245970499 ) ) ;
#5658 = CARTESIAN_POINT ( 'NONE',  ( 31.90393433901421361, 8.457162689975955772, 9.613586174475095447 ) ) ;
#5659 = CARTESIAN_POINT ( 'NONE',  ( 22.01577243968982955, 4.902562631869217036, -14.96426237813199300 ) ) ;
#5660 = CARTESIAN_POINT ( 'NONE',  ( 119.5880567472820957, 6.488561470983785107, 2.014565866897984225 ) ) ;
#5661 = CARTESIAN_POINT ( 'NONE',  ( -95.13233530447925546, 7.068580794831326841, -5.418785204183664383 ) ) ;
#5662 = CARTESIAN_POINT ( 'NONE',  ( -2.820486543345816166, 6.674887693671868405, -6.199117261013322278 ) ) ;
#5663 = CARTESIAN_POINT ( 'NONE',  ( -59.27931777939796376, 7.756082145474957557, -7.612835976399490612 ) ) ;
#5664 = CARTESIAN_POINT ( 'NONE',  ( -15.24445619331086377, 2.459619936404673801, -12.57690525054931285 ) ) ;
#5665 = CARTESIAN_POINT ( 'NONE',  ( -4.375602643782392498, 3.634216337127623486, 4.134234738012092514 ) ) ;
#5666 = CARTESIAN_POINT ( 'NONE',  ( 113.1110820119485822, 6.602754419144782894, 4.730776856379555362 ) ) ;
#5667 = CARTESIAN_POINT ( 'NONE',  ( -19.00329969913562422, 2.127952039551525676, 13.07439072376405775 ) ) ;
#5668 = ORIENTED_EDGE ( 'NONE', *, *, #4887, .T. ) ;
#5669 = DIRECTION ( 'NONE',  ( 0.000000000000000000, 0.000000000000000000, 1.000000000000000000 ) ) ;
#5670 = CARTESIAN_POINT ( 'NONE',  ( -119.6441551483769388, 6.439514643129231608, 1.307666052780792842 ) ) ;
#5671 = CARTESIAN_POINT ( 'NONE',  ( 2.520400149077861141, 6.968575942970677950, 5.889756391797207336 ) ) ;
#5672 = CARTESIAN_POINT ( 'NONE',  ( 5.749204403021102472, 7.183719730147248406, 6.081728902938153603 ) ) ;
#5673 = CARTESIAN_POINT ( 'NONE',  ( 1.716107982211564131, 4.313962535868965276, -6.722947946195138691 ) ) ;
#5674 = CARTESIAN_POINT ( 'NONE',  ( 3.832942138466772786, 8.092816537320263848, 4.628285847075805925 ) ) ;
#5675 = CARTESIAN_POINT ( 'NONE',  ( -46.51322584183395037, 8.466656292142703322, -8.727974185654518990 ) ) ;
#5676 = ORIENTED_EDGE ( 'NONE', *, *, #6063, .F. ) ;
#5677 = EDGE_CURVE ( 'NONE', #3990, #4959, #6818, .T. ) ;
#5678 = ORIENTED_EDGE ( 'NONE', *, *, #437, .T. ) ;
#5679 = CARTESIAN_POINT ( 'NONE',  ( -94.53385932500323463, 3.372695608720226002, 10.66365694368060701 ) ) ;
#5680 = CARTESIAN_POINT ( 'NONE',  ( 1.676315480172803296, 4.586897183632899555, -6.855577081615678914 ) ) ;
#5681 = CIRCLE ( 'NONE', #6226, 1.000000000000014877 ) ;
#5682 = CARTESIAN_POINT ( 'NONE',  ( -68.07406665439626181, 3.336500295373460823, 11.93131838416147161 ) ) ;
#5683 = CARTESIAN_POINT ( 'NONE',  ( 11.04764585618580597, 4.314041206589096511, -8.820286758318628628 ) ) ;
#5684 = B_SPLINE_CURVE_WITH_KNOTS ( 'NONE', 3,
 ( #5650, #1495, #329, #4063, #3582, #1360, #5170, #6166, #1430, #5104, #5683, #948, #3616, #5204, #3548, #4648, #6739, #5073, #3476, #4679 ),
 .UNSPECIFIED., .F., .F.,
 ( 4, 2, 2, 2, 2, 2, 2, 2, 2, 4 ),
 ( 0.2223684044126668091, 0.2251431290224689408, 0.2279178536322710724, 0.2306925782420732318, 0.2334673028518753635, 0.2362420274616774951, 0.2376293897665785748, 0.2390167520714796268, 0.2417914766812817862, 0.2445662012910839178 ),
 .UNSPECIFIED. ) ;
#5685 = ORIENTED_EDGE ( 'NONE', *, *, #5546, .F. ) ;
#5686 = CARTESIAN_POINT ( 'NONE',  ( -18.84580569444218412, 1.965839945661379540, 13.08646250607370476 ) ) ;
#5687 = CARTESIAN_POINT ( 'NONE',  ( -1.960633113991565146, 5.426621648270276488, 6.106718297155746988 ) ) ;
#5688 = CARTESIAN_POINT ( 'NONE',  ( 116.7948539192478279, 6.285509907519912787, 4.343771664039954850 ) ) ;
#5689 = ORIENTED_EDGE ( 'NONE', *, *, #61, .F. ) ;
#5690 = CARTESIAN_POINT ( 'NONE',  ( -34.99769832158919769, 11.19872090721698399, -15.36818313598632102 ) ) ;
#5691 = CARTESIAN_POINT ( 'NONE',  ( 48.44420653078790195, -1.189321162032048296, -17.49683429107165367 ) ) ;
#5692 = FACE_OUTER_BOUND ( 'NONE', #5263, .T. ) ;
#5693 = PLANE ( 'NONE',  #2942 ) ;
#5694 = ORGANIZATION ( 'UNSPECIFIED', 'UNSPECIFIED', '' ) ;
#5695 = CARTESIAN_POINT ( 'NONE',  ( -12.04330104912445698, 3.923862329141285521, 11.79829883575439453 ) ) ;
#5696 = CARTESIAN_POINT ( 'NONE',  ( -106.3052525954879286, 7.085108071679075969, -5.218675380050381563 ) ) ;
#5697 = CARTESIAN_POINT ( 'NONE',  ( -71.91625768332775692, 7.501698428831583776, -6.654667339043376373 ) ) ;
#5698 = CARTESIAN_POINT ( 'NONE',  ( -39.10714342576117986, 8.455350756513935195, -10.86705780029295987 ) ) ;
#5699 = EDGE_CURVE ( 'NONE', #4278, #1317, #215, .T. ) ;
#5700 = CARTESIAN_POINT ( 'NONE',  ( 118.9376431898600970, 5.433323083997811942, -2.140622878604130808 ) ) ;
#5701 = CARTESIAN_POINT ( 'NONE',  ( -105.6954847259479777, 7.096851883633037872, -4.990296521648041050 ) ) ;
#5702 = CARTESIAN_POINT ( 'NONE',  ( 14.71674442291258522, -8.723437754930548849, -20.78794097900390625 ) ) ;
#5703 = CARTESIAN_POINT ( 'NONE',  ( 119.4064522260074028, 5.721572179639256461, -1.959986551810375621 ) ) ;
#5704 = DIRECTION ( 'NONE',  ( -0.4981507536027363070, 4.336808689941998508E-16, -0.8670904374314284402 ) ) ;
#5705 = CARTESIAN_POINT ( 'NONE',  ( -9.714451465470119729E-14, -42.18829223128360439, 0.000000000000000000 ) ) ;
#5706 = CARTESIAN_POINT ( 'NONE',  ( 9.088477503981341243, 7.360208169854312032, 6.295241102665044330 ) ) ;
#5707 = CARTESIAN_POINT ( 'NONE',  ( -108.4561756851182821, 5.253778077214090736, 5.142005411309063412 ) ) ;
#5708 = CARTESIAN_POINT ( 'NONE',  ( -2.521073389775695617, 6.980209174162851582, -5.889756391797206447 ) ) ;
#5709 = CARTESIAN_POINT ( 'NONE',  ( -33.83338142632251078, 8.965552147120718018, -9.607434645551457209 ) ) ;
#5710 = EDGE_LOOP ( 'NONE', ( #2195, #2265, #1086, #1552, #1236, #2667 ) ) ;
#5711 = ORIENTED_EDGE ( 'NONE', *, *, #2558, .F. ) ;
#5712 = CARTESIAN_POINT ( 'NONE',  ( -69.10200044230612093, 3.008413434888522531, 11.49362400375776261 ) ) ;
#5713 = CARTESIAN_POINT ( 'NONE',  ( -5.223564020442452716, 4.263158831472833477, -2.995578966916552233 ) ) ;
#5714 = CARTESIAN_POINT ( 'NONE',  ( -4.327247717704024943, 8.159415111165600365, -4.614198303698132442 ) ) ;
#5715 = APPROVAL ( #2371, 'UNSPECIFIED' ) ;
#5716 = DIRECTION ( 'NONE',  ( 0.4980163990111881045, -0.002298364044122937298, 0.8671645656036977012 ) ) ;
#5717 = CIRCLE ( 'NONE', #2856, 7.900000000000000355 ) ;
#5718 = DIRECTION ( 'NONE',  ( -0.9991378251740700156, -0.02186181026213970466, 0.03529401590201861755 ) ) ;
#5719 = CARTESIAN_POINT ( 'NONE',  ( -15.74302344165347201, 3.043899098205849807, 11.23517677234244871 ) ) ;
#5720 = CARTESIAN_POINT ( 'NONE',  ( -1.955133799742483580, 5.321225318191321385, 6.211500675189344456 ) ) ;
#5721 = CARTESIAN_POINT ( 'NONE',  ( 8.255303714113177094, 6.741130923799475205, 6.195324079809261697 ) ) ;
#5722 = VERTEX_POINT ( 'NONE', #693 ) ;
#5723 = CARTESIAN_POINT ( 'NONE',  ( 121.4121017456054688, 5.919352920232602955, 4.626738548278801488 ) ) ;
#5724 = CARTESIAN_POINT ( 'NONE',  ( -23.18474849088295286, 10.64816594939822458, -13.70991897583007280 ) ) ;
#5725 = AXIS2_PLACEMENT_3D ( 'NONE', #5568, #801, #5669 ) ;
#5726 = CARTESIAN_POINT ( 'NONE',  ( 68.05800510021370542, 3.022557465497614615, -11.93097369080933134 ) ) ;
#5727 = CARTESIAN_POINT ( 'NONE',  ( 5.683888168231812088, 7.714244668394466764, -1.946614072993375633 ) ) ;
#5728 = CARTESIAN_POINT ( 'NONE',  ( 118.0551866358767654, 6.453000598187144554, 3.991696749644963571 ) ) ;
#5729 = CARTESIAN_POINT ( 'NONE',  ( -20.37760257423996180, 4.035143539019339087, 12.32885360717773615 ) ) ;
#5730 = CARTESIAN_POINT ( 'NONE',  ( 6.271432625195328292, 4.757532169215743068, -7.388375260636887099 ) ) ;
#5731 = CARTESIAN_POINT ( 'NONE',  ( -40.30804176147878337, 8.236159373549240215, -9.136542754958648871 ) ) ;
#5732 = CARTESIAN_POINT ( 'NONE',  ( 2.568158131930643240, 6.287192910422105818, 6.166481769391779721 ) ) ;
#5733 = EDGE_CURVE ( 'NONE', #2701, #1053, #405, .T. ) ;
#5734 = CARTESIAN_POINT ( 'NONE',  ( 122.3117875831690071, 3.994768734071682204, -8.872943595183635068 ) ) ;
#5735 = CARTESIAN_POINT ( 'NONE',  ( -28.81570534775210390, 8.489614838340374448, -9.384090385854632288 ) ) ;
#5736 = CARTESIAN_POINT ( 'NONE',  ( -3.282343338313985281, 6.718421043775685497, -6.211059366734119180 ) ) ;
#5737 = CARTESIAN_POINT ( 'NONE',  ( 10.03749587004990040, 6.717491188500820165, 6.289895460837687580 ) ) ;
#5738 = DIRECTION ( 'NONE',  ( -0.8162594180344855399, 0.3373550425051351498, 0.4689479051732310388 ) ) ;
#5739 = CARTESIAN_POINT ( 'NONE',  ( -6.772845606715570455, 7.426132137532032829, -6.015445821186078845 ) ) ;
#5740 = CARTESIAN_POINT ( 'NONE',  ( -4.792576964879375012, 6.821959700137465887, -6.295153951826297778 ) ) ;
#5741 = CARTESIAN_POINT ( 'NONE',  ( -114.6222018063511570, 5.551016201001788275, 3.908883889525814226 ) ) ;
#5742 = CARTESIAN_POINT ( 'NONE',  ( -5.878232361303759035, 8.465353819620602849, -1.216663294122039440 ) ) ;
#5743 = CARTESIAN_POINT ( 'NONE',  ( -37.01002176736854921, 8.997302021438601471, -9.422145292214297640 ) ) ;
#5744 = ORIENTED_EDGE ( 'NONE', *, *, #1992, .F. ) ;
#5745 = ORIENTED_EDGE ( 'NONE', *, *, #5733, .F. ) ;
#5746 = CARTESIAN_POINT ( 'NONE',  ( -47.05241430085278154, -1.302862300816411079, 17.85656025494614951 ) ) ;
#5747 = CARTESIAN_POINT ( 'NONE',  ( -5.512244613527824910, 4.069812741976426729, -2.424130688879333917 ) ) ;
#5748 = CARTESIAN_POINT ( 'NONE',  ( 105.7080556433943315, 6.737877841197491335, 5.240828553885779506 ) ) ;
#5749 = CARTESIAN_POINT ( 'NONE',  ( 119.5663120235974901, 6.555184292307463245, 2.411963718844167825 ) ) ;
#5750 = FACE_OUTER_BOUND ( 'NONE', #4055, .T. ) ;
#5751 = CARTESIAN_POINT ( 'NONE',  ( 117.4850541600671363, 6.018601141845699942, 4.336868504590236206 ) ) ;
#5752 = CARTESIAN_POINT ( 'NONE',  ( 21.40851325780104020, 8.223492959024722992, 8.203268399573106606 ) ) ;
#5753 = EDGE_LOOP ( 'NONE', ( #5645, #2091, #3549 ) ) ;
#5754 = CARTESIAN_POINT ( 'NONE',  ( 54.60816192626952414, -6.081517665208912682, -24.72922134399414418 ) ) ;
#5755 = CARTESIAN_POINT ( 'NONE',  ( -22.95701329042200456, 9.521344068253085879, -11.45815849304198686 ) ) ;
#5756 = CARTESIAN_POINT ( 'NONE',  ( 44.63661456082419932, -0.6036767604578999746, -16.17102259429101707 ) ) ;
#5757 = ADVANCED_FACE ( 'NONE', ( #3767, #1724 ), #5461, .F. ) ;
#5758 = EDGE_CURVE ( 'NONE', #296, #6099, #3492, .T. ) ;
#5759 = CARTESIAN_POINT ( 'NONE',  ( 119.1205304931346944, 6.783533358714200823, 2.534752840734535884 ) ) ;
#5760 = CARTESIAN_POINT ( 'NONE',  ( -18.37511983761790901, 7.437009736677980598, -7.565308234089690664 ) ) ;
#5761 = CARTESIAN_POINT ( 'NONE',  ( -80.03770149892770291, 9.239071388607033697, -6.491933403819911241 ) ) ;
#5762 = CARTESIAN_POINT ( 'NONE',  ( -1.692911171682902616, 4.832306085522594330, 6.725997862639950142 ) ) ;
#5763 = CARTESIAN_POINT ( 'NONE',  ( -4.387434831376712197, 0.1357269889061176737, -12.46649932861327947 ) ) ;
#5764 = CARTESIAN_POINT ( 'NONE',  ( 120.0222223442123806, 2.750121926572126174, -11.81252752754009805 ) ) ;
#5765 = CARTESIAN_POINT ( 'NONE',  ( -84.60090413503469620, 7.530401656459180693, -6.179284237689577353 ) ) ;
#5766 = CARTESIAN_POINT ( 'NONE',  ( -21.14866232889670528, 1.057389407520609836, 14.47614376670300018 ) ) ;
#5767 = CARTESIAN_POINT ( 'NONE',  ( 16.29531637754645246, 7.195440176950904210, 7.210439394019345194 ) ) ;
#5768 = DIRECTION ( 'NONE',  ( -0.000000000000000000, -1.000000000000000000, -0.000000000000000000 ) ) ;
#5769 = CARTESIAN_POINT ( 'NONE',  ( -6.493971628682772668, -3.628849118937589768, 22.89933395385741832 ) ) ;
#5770 = CARTESIAN_POINT ( 'NONE',  ( 64.94878204885912965, 2.769363172881293522, -12.40682907423297543 ) ) ;
#5771 = CARTESIAN_POINT ( 'NONE',  ( -119.5113180428599406, 6.712202622136417496, -2.267605706399085985 ) ) ;
#5772 = ORIENTED_EDGE ( 'NONE', *, *, #1243, .F. ) ;
#5773 = CARTESIAN_POINT ( 'NONE',  ( -50.60648646765114478, 0.9304608827131022331, 14.59134784944710006 ) ) ;
#5774 = CARTESIAN_POINT ( 'NONE',  ( -4.817528473597846528, 8.281234024409846128, -3.572806874206634120 ) ) ;
#5775 = CARTESIAN_POINT ( 'NONE',  ( -78.20358286469314635, 7.813954520916635005, -6.526054521216723359 ) ) ;
#5776 = CARTESIAN_POINT ( 'NONE',  ( 1.730006773736293413, 5.169130041880634963, -5.745166017006867243 ) ) ;
#5777 = ORIENTED_EDGE ( 'NONE', *, *, #6499, .T. ) ;
#5778 = CARTESIAN_POINT ( 'NONE',  ( -38.75460255770720153, -1.809162389585879938, 17.71589543040214210 ) ) ;
#5779 = CARTESIAN_POINT ( 'NONE',  ( -4.084845768158038126, 4.989498574343874893, -4.418015319089995785 ) ) ;
#5780 = CARTESIAN_POINT ( 'NONE',  ( 97.24017988746608410, 6.921866681054304138, 5.533690076498098520 ) ) ;
#5781 = CARTESIAN_POINT ( 'NONE',  ( -4.793142109195150269, 6.699502538582107647, -6.077200002112941313 ) ) ;
#5782 = EDGE_CURVE ( 'NONE', #6594, #3620, #5036, .T. ) ;
#5783 = CARTESIAN_POINT ( 'NONE',  ( 9.996778964116460386, 6.926124359229113736, 6.402911229604671739 ) ) ;
#5784 = DIRECTION ( 'NONE',  ( 0.9987776320580689093, -0.006062023505647471527, -0.04905602482359980310 ) ) ;
#5785 = CARTESIAN_POINT ( 'NONE',  ( 80.04662739632568957, 8.869675815282917597, 6.491933403819921011 ) ) ;
#5786 = CARTESIAN_POINT ( 'NONE',  ( 40.35321706027880140, 8.276357292381772979, 9.282835066892673126 ) ) ;
#5787 = AXIS2_PLACEMENT_3D ( 'NONE', #1579, #5870, #5325 ) ;
#5788 = CARTESIAN_POINT ( 'NONE',  ( 3.535682600060144232, 6.123219332135048987, -4.856642665472515219 ) ) ;
#5789 = CARTESIAN_POINT ( 'NONE',  ( -34.26084187944803716, 4.197875766339150161, 6.075063228607183063 ) ) ;
#5790 = CARTESIAN_POINT ( 'NONE',  ( 55.64162655014689562, 1.465607711997537921, -13.55268138496583497 ) ) ;
#5791 = VERTEX_POINT ( 'NONE', #1341 ) ;
#5792 = CC_DESIGN_APPROVAL ( #1325, ( #2369 ) ) ;
#5793 = CARTESIAN_POINT ( 'NONE',  ( 117.7986154683448490, 6.669218057783728781, 3.955231376100361018 ) ) ;
#5794 = CARTESIAN_POINT ( 'NONE',  ( -5.061749306173854102, 6.470769493287790830, -6.172324538085116608 ) ) ;
#5795 = CARTESIAN_POINT ( 'NONE',  ( 2.551955290456600078, 4.863827997738036757, -6.720079637765525860 ) ) ;
#5796 = DIRECTION ( 'NONE',  ( -0.000000000000000000, -1.000000000000000000, -0.000000000000000000 ) ) ;
#5797 = CARTESIAN_POINT ( 'NONE',  ( 113.1117344785034362, 6.602735816559128779, 4.730736886930583474 ) ) ;
#5798 = CARTESIAN_POINT ( 'NONE',  ( 122.7150121587363429, 4.185880123190517388, -8.330799216044514566 ) ) ;
#5799 = CARTESIAN_POINT ( 'NONE',  ( 109.3905240140827999, 6.253879619163110526, 4.838326599042515497 ) ) ;
#5800 = CARTESIAN_POINT ( 'NONE',  ( 117.5360323929581341, 6.620782707615319396, 4.125989657339876437 ) ) ;
#5801 = DIRECTION ( 'NONE',  ( -0.9974714263279139681, -0.06218614409192944198, -0.03440402799578466675 ) ) ;
#5802 = CARTESIAN_POINT ( 'NONE',  ( -1.729040796197209406, 4.321912237860214390, 6.722947946195137803 ) ) ;
#5803 = CARTESIAN_POINT ( 'NONE',  ( 2.764072961635047676, 6.108157748321374036, 5.333938711130044474 ) ) ;
#5804 = CARTESIAN_POINT ( 'NONE',  ( 56.66807790011267087, 1.998265132890322482, -13.65643229010297865 ) ) ;
#5805 = CARTESIAN_POINT ( 'NONE',  ( -117.1831618376520225, 6.579818988789123857, -4.477001075396186636 ) ) ;
#5806 = ORIENTED_EDGE ( 'NONE', *, *, #5198, .F. ) ;
#5807 = CARTESIAN_POINT ( 'NONE',  ( 1.923743750261290408, 4.127323681570389091, -6.576783346763547478 ) ) ;
#5808 = CARTESIAN_POINT ( 'NONE',  ( -2.031519920413819236, 5.304642176243807405, 5.656902869730840777 ) ) ;
#5809 = CARTESIAN_POINT ( 'NONE',  ( -24.39168005982153886, 8.444718353335506578, -8.792531874426160243 ) ) ;
#5810 = CARTESIAN_POINT ( 'NONE',  ( 1.731264429080981548, 4.132730318100644062, -5.750248925688816293 ) ) ;
#5811 = EDGE_LOOP ( 'NONE', ( #3188, #5277, #4349, #1935, #4828 ) ) ;
#5812 = CARTESIAN_POINT ( 'NONE',  ( -59.78486736245854161, 2.202264859654052831, 12.86763433826516767 ) ) ;
#5813 = CARTESIAN_POINT ( 'NONE',  ( -3.391573856281647537, 5.342188565420223689, -4.967470939825020970 ) ) ;
#5814 = DIRECTION ( 'NONE',  ( -1.000000000000000000, 0.000000000000000000, 0.000000000000000000 ) ) ;
#5815 = CARTESIAN_POINT ( 'NONE',  ( -92.93417020944839635, 5.010881337252863332, 7.965276476007816520 ) ) ;
#5816 = CARTESIAN_POINT ( 'NONE',  ( 25.64812978638257945, 7.947183582071599695, 8.848767068531557811 ) ) ;
#5817 = CARTESIAN_POINT ( 'NONE',  ( 1.731448260212689050, 4.192650577675097523, -5.744731753733194779 ) ) ;
#5818 = CARTESIAN_POINT ( 'NONE',  ( -2.785191131405763798, 5.694840875682148251, 5.326389135782853224 ) ) ;
#5819 = AXIS2_PLACEMENT_3D ( 'NONE', #1219, #2177, #5467 ) ;
#5820 = FACE_OUTER_BOUND ( 'NONE', #4608, .T. ) ;
#5821 = ORIENTED_EDGE ( 'NONE', *, *, #3972, .F. ) ;
#5822 = CARTESIAN_POINT ( 'NONE',  ( 5.958857667775349753, 8.360674934943116199, -0.7785106393291345572 ) ) ;
#5823 = CARTESIAN_POINT ( 'NONE',  ( -54.58983255589626538, -2.283557173783610228, 20.72436141967774148 ) ) ;
#5824 = CARTESIAN_POINT ( 'NONE',  ( 31.47250121838552417, -1.875951140462300826, -18.31249166993080735 ) ) ;
#5825 = VERTEX_POINT ( 'NONE', #3524 ) ;
#5826 = CARTESIAN_POINT ( 'NONE',  ( -118.6461087233370506, 7.093087836061358509, -3.697786197467309854 ) ) ;
#5827 = CIRCLE ( 'NONE', #3739, 3.000000000000021316 ) ;
#5828 = CARTESIAN_POINT ( 'NONE',  ( -38.21121371513108755, 8.304793725419154171, -9.300232734582438709 ) ) ;
#5829 = CARTESIAN_POINT ( 'NONE',  ( 4.791149215304088216, 6.570777829062253161, 6.303329484467564470 ) ) ;
#5830 = LINE ( 'NONE', #2163, #6705 ) ;
#5831 = CARTESIAN_POINT ( 'NONE',  ( -2.558324417422252584, 6.486832020799942811, -6.002003839226413007 ) ) ;
#5832 = CARTESIAN_POINT ( 'NONE',  ( 113.8673454273283454, 4.968897182303156690, -4.118409833071721593 ) ) ;
#5833 = CARTESIAN_POINT ( 'NONE',  ( 113.0912438777656916, 6.142385783501136842, 4.629266342491016317 ) ) ;
#5834 = CIRCLE ( 'NONE', #6060, 3.000000000000021316 ) ;
#5835 = CARTESIAN_POINT ( 'NONE',  ( 119.6707874641001013, 5.983766311991544740, -0.3321342839986495821 ) ) ;
#5836 = CARTESIAN_POINT ( 'NONE',  ( -5.671970389404982882, 4.892183572322197804, 7.168823183939804444 ) ) ;
#5837 = DIRECTION ( 'NONE',  ( 0.000000000000000000, 0.000000000000000000, -1.000000000000000000 ) ) ;
#5838 = CARTESIAN_POINT ( 'NONE',  ( -6.500000000000110134, 13.00000000000006040, 0.000000000000000000 ) ) ;
#5839 = ADVANCED_FACE ( 'NONE', ( #4006, #2970 ), #3458, .F. ) ;
#5840 = CARTESIAN_POINT ( 'NONE',  ( -2.277389110736903088, 6.417696630907162358, -6.097687244415282315 ) ) ;
#5841 = CARTESIAN_POINT ( 'NONE',  ( 31.47556734495716313, -1.895131049375857746, -18.33539079134896710 ) ) ;
#5842 = DIRECTION ( 'NONE',  ( -0.000000000000000000, 0.000000000000000000, 1.000000000000000000 ) ) ;
#5843 = ORIENTED_EDGE ( 'NONE', *, *, #272, .T. ) ;
#5844 = CARTESIAN_POINT ( 'NONE',  ( -7.425137089773738097, 6.484975788768059246, -6.017592277903364817 ) ) ;
#5845 = CARTESIAN_POINT ( 'NONE',  ( -3.991439995524919571, 7.822644010800759773, -4.486434406873601510 ) ) ;
#5846 = CARTESIAN_POINT ( 'NONE',  ( -28.56062715367075100, 8.817099616493983660, -9.361412097808301525 ) ) ;
#5847 = CARTESIAN_POINT ( 'NONE',  ( 22.08511352539062855, 7.818960757432871667, 8.698816299438474786 ) ) ;
#5848 = ORIENTED_EDGE ( 'NONE', *, *, #2107, .F. ) ;
#5849 = CARTESIAN_POINT ( 'NONE',  ( -46.14011540332371197, -0.03252970228115172752, 15.75070349148026416 ) ) ;
#5850 = EDGE_CURVE ( 'NONE', #4871, #4225, #823, .T. ) ;
#5851 = CARTESIAN_POINT ( 'NONE',  ( -4.213458814234780192, 5.374366008208355971, -4.289560200170642545 ) ) ;
#5852 = CARTESIAN_POINT ( 'NONE',  ( 1.718008090985355008, 5.520481438588711320, -5.979058727150541763 ) ) ;
#5853 = CARTESIAN_POINT ( 'NONE',  ( -52.60279959749408363, 1.683878342769476566, 14.43526274896250783 ) ) ;
#5854 = CARTESIAN_POINT ( 'NONE',  ( 38.20874035039971517, 8.128696154194351209, 9.300751529176721988 ) ) ;
#5855 = CARTESIAN_POINT ( 'NONE',  ( -1.657082126583657722, 11.07366903469033659, 6.684208090855991102 ) ) ;
#5856 = CARTESIAN_POINT ( 'NONE',  ( 4.560377209390870767, 8.785306040786865722, 6.403661362995380912 ) ) ;
#5857 = CYLINDRICAL_SURFACE ( 'NONE', #5508, 5.999988000000000099 ) ;
#5858 = EDGE_LOOP ( 'NONE', ( #2593, #229 ) ) ;
#5859 = CARTESIAN_POINT ( 'NONE',  ( 5.952731631481941399, 8.725620884043216563, 1.948394633416141053 ) ) ;
#5860 = CARTESIAN_POINT ( 'NONE',  ( 1.729551932393210256, 4.038758552932125490, -5.787898483374610770 ) ) ;
#5861 = CARTESIAN_POINT ( 'NONE',  ( 34.06053885685096816, -3.679161118640829287, -19.98322774517475153 ) ) ;
#5862 = ORIENTED_EDGE ( 'NONE', *, *, #2558, .T. ) ;
#5863 = CARTESIAN_POINT ( 'NONE',  ( -9.714451465470119729E-14, -42.18829223128360439, -6.499999999999999112 ) ) ;
#5864 = CARTESIAN_POINT ( 'NONE',  ( -28.78023826381023298, 8.265512078494515080, -9.242397190968558718 ) ) ;
#5865 = AXIS2_PLACEMENT_3D ( 'NONE', #2541, #2444, #4559 ) ;
#5866 = CARTESIAN_POINT ( 'NONE',  ( 20.36040076750266792, 1.290645522916782362, -14.01953610017923424 ) ) ;
#5867 = CARTESIAN_POINT ( 'NONE',  ( 2.185963645764674279, 3.770104710975923812, -5.622207611885089662 ) ) ;
#5868 = CARTESIAN_POINT ( 'NONE',  ( 1.726295681438985374, 5.342345258592503754, -5.815595811549686189 ) ) ;
#5869 = CARTESIAN_POINT ( 'NONE',  ( 108.8288987900598954, 2.907715934457780094, -10.38318374465572091 ) ) ;
#5870 = DIRECTION ( 'NONE',  ( -0.9999893508874444503, 0.004614987725603184390, 0.000000000000000000 ) ) ;
#5871 = EDGE_CURVE ( 'NONE', #1053, #6396, #1528, .T. ) ;
#5872 = CARTESIAN_POINT ( 'NONE',  ( -107.6152887575615438, 6.892776564188877408, -5.566378864529898607 ) ) ;
#5873 = CARTESIAN_POINT ( 'NONE',  ( 116.9615719067845276, 6.523347863432833016, 4.409438120858877319 ) ) ;
#5874 = DIRECTION ( 'NONE',  ( 0.000000000000000000, -1.000000000000000000, -0.000000000000000000 ) ) ;
#5875 = FACE_OUTER_BOUND ( 'NONE', #6562, .T. ) ;
#5876 = CARTESIAN_POINT ( 'NONE',  ( 22.91064291718086565, 0.5401536668358659643, -15.32177671110694384 ) ) ;
#5877 = CARTESIAN_POINT ( 'NONE',  ( -117.3819904006346491, 6.544579791026357007, -4.130877703757176889 ) ) ;
#5878 = ORIENTED_EDGE ( 'NONE', *, *, #4335, .F. ) ;
#5879 = CARTESIAN_POINT ( 'NONE',  ( 2.299388721880858188, 6.619279169962210219, 5.890557296069270699 ) ) ;
#5880 = CARTESIAN_POINT ( 'NONE',  ( 22.02895240704565083, 0.6611015828367778902, -14.70960416550116001 ) ) ;
#5881 = CARTESIAN_POINT ( 'NONE',  ( -30.66491138364602165, 8.987987148708475260, -9.440261471680539529 ) ) ;
#5882 = CARTESIAN_POINT ( 'NONE',  ( -4.850889823936294754, 6.698205432241261192, -6.320435523690987267 ) ) ;
#5883 = ORIENTED_EDGE ( 'NONE', *, *, #3904, .F. ) ;
#5884 = CARTESIAN_POINT ( 'NONE',  ( -51.33052576831509839, -0.3290141923797608725, 16.77706106027601507 ) ) ;
#5885 = CARTESIAN_POINT ( 'NONE',  ( -28.67510118039747269, 8.710050776556181873, -9.371974592602960286 ) ) ;
#5886 = CARTESIAN_POINT ( 'NONE',  ( -15.77017362640275522, 3.158923673862634729, 11.25019777504742180 ) ) ;
#5887 = CARTESIAN_POINT ( 'NONE',  ( 1.726552397227252511, 5.347618316640846636, -5.810212861153392083 ) ) ;
#5888 = CARTESIAN_POINT ( 'NONE',  ( 103.5891431747448053, 6.688347750640335043, 5.314982987699221617 ) ) ;
#5889 = CARTESIAN_POINT ( 'NONE',  ( 63.49368140276262551, 7.574397570433027305, 7.319290489129339328 ) ) ;
#5890 = DIRECTION ( 'NONE',  ( 0.000000000000000000, 0.000000000000000000, -1.000000000000000000 ) ) ;
#5891 = DIRECTION ( 'NONE',  ( 0.000000000000000000, 0.9669766421645275001, -0.2548650103647332466 ) ) ;
#5892 = EDGE_LOOP ( 'NONE', ( #683, #1522, #5386 ) ) ;
#5893 = CARTESIAN_POINT ( 'NONE',  ( 4.733635966089221547, 7.288994788455210205, -3.701610260421674958 ) ) ;
#5894 = CARTESIAN_POINT ( 'NONE',  ( -122.0710916448914958, 5.819656809584513368, 3.301088809967061000 ) ) ;
#5895 = CARTESIAN_POINT ( 'NONE',  ( 38.71298062020422037, -1.987919314133487436, -17.71589543039867110 ) ) ;
#5896 = ORIENTED_EDGE ( 'NONE', *, *, #5444, .F. ) ;
#5897 = FACE_OUTER_BOUND ( 'NONE', #1697, .T. ) ;
#5898 = CARTESIAN_POINT ( 'NONE',  ( -5.319996951222278447, 6.445148587171790844, -6.120377035743770122 ) ) ;
#5899 = CARTESIAN_POINT ( 'NONE',  ( -13.34192726022652309, 3.332196047016322549, 9.952434064679202663 ) ) ;
#5900 = SPHERICAL_SURFACE ( 'NONE', #6375, 0.2500000000000000000 ) ;
#5901 = FACE_OUTER_BOUND ( 'NONE', #3897, .T. ) ;
#5902 = AXIS2_PLACEMENT_3D ( 'NONE', #3835, #3728, #138 ) ;
#5903 = CARTESIAN_POINT ( 'NONE',  ( 103.2796784880903118, 5.047033003057156186, -6.185107660533069485 ) ) ;
#5904 = CARTESIAN_POINT ( 'NONE',  ( 2.568158131934171085, 6.287192910422412240, 6.166481769391856993 ) ) ;
#5905 = FACE_OUTER_BOUND ( 'NONE', #4866, .T. ) ;
#5906 = CARTESIAN_POINT ( 'NONE',  ( -2.880917327330323907, 4.904481888875356965, 6.736774396337413151 ) ) ;
#5907 = CARTESIAN_POINT ( 'NONE',  ( -117.4893273403659180, 6.793276100249816984, -4.337279383626883700 ) ) ;
#5908 = CARTESIAN_POINT ( 'NONE',  ( -8.412333866038334662, 11.02002406463592088, -13.84894084930419567 ) ) ;
#5909 = CARTESIAN_POINT ( 'NONE',  ( -19.84213385117025652, 8.243176367916630554, -7.913996885466707987 ) ) ;
#5910 = CARTESIAN_POINT ( 'NONE',  ( -4.034670154651124108, 3.490250716557107502, 4.852312663467714060 ) ) ;
#5911 = VERTEX_POINT ( 'NONE', #1824 ) ;
#5912 = DIRECTION ( 'NONE',  ( 0.000000000000000000, 0.000000000000000000, -1.000000000000000000 ) ) ;
#5913 = ADVANCED_FACE ( 'NONE', ( #5627 ), #4678, .T. ) ;
#5914 = CARTESIAN_POINT ( 'NONE',  ( 29.98178599387923882, -1.993795305815984964, -17.69659543732244344 ) ) ;
#5915 = CARTESIAN_POINT ( 'NONE',  ( -19.71808035868806286, 8.163555730169839819, -7.964109335144400781 ) ) ;
#5916 = CARTESIAN_POINT ( 'NONE',  ( 15.22278499603271662, 2.389316590009630481, 12.57690525054931641 ) ) ;
#5917 = ORIENTED_EDGE ( 'NONE', *, *, #1358, .T. ) ;
#5918 = CARTESIAN_POINT ( 'NONE',  ( -30.00198647327831836, -1.850880049788440340, 17.69139781000280465 ) ) ;
#5919 = DIRECTION ( 'NONE',  ( 0.03158709947624619568, 0.7459859431606226110, 0.6652121674724794653 ) ) ;
#5920 = B_SPLINE_CURVE_WITH_KNOTS ( 'NONE', 3,
 ( #5987, #1896, #2909, #5468, #214, #4436, #1830, #1958, #3076, #963, #6755, #2057, #1512, #1545, #6722, #4182, #2581, #2516, #5188, #3664, #6654, #6213, #2548, #1448, #3042, #2450, #5735, #445, #5154, #4661, #6148, #996, #6281, #3109, #5634, #4148, #2024, #1991, #6245, #4566, #4114, #1925, #4633, #5765, #5219, #474, #5120, #3007, #410, #929 ),
 .UNSPECIFIED., .F., .F.,
 ( 4, 2, 2, 2, 2, 2, 2, 2, 2, 2, 2, 2, 2, 2, 2, 2, 2, 2, 2, 2, 2, 2, 2, 2, 4 ),
 ( 5.114174140709536284E-15, 0.0007888167787165354999, 0.001577633557427956818, 0.002366450336139378028, 0.003155267114850799238, 0.003944083893562220881, 0.004732900672273642091, 0.006310534229696490582, 0.009465801344542189300, 0.01262106845938788975, 0.01577633557423358673, 0.01893160268907928892, 0.02208686980392498764, 0.02524213691877068635, 0.03155267114846209420, 0.03470793826330779291, 0.03786320537815349163, 0.05048427383753628650, 0.05679480806722768393, 0.06310534229691909525, 0.06941587652661050656, 0.07572641075630190399, 0.08834747921568472662, 0.09465801344537613793, 0.1009685476750675492 ),
 .UNSPECIFIED. ) ;
#5921 = CARTESIAN_POINT ( 'NONE',  ( 119.4517476787633825, 5.822668208556658342, 0.5607332671658550316 ) ) ;
#5922 = CARTESIAN_POINT ( 'NONE',  ( 63.39740139062357827, 7.927933734573151980, 7.230858669379049530 ) ) ;
#5923 = CARTESIAN_POINT ( 'NONE',  ( 25.56451980089179798, 8.343204288863217855, 8.976812932160802561 ) ) ;
#5924 = CARTESIAN_POINT ( 'NONE',  ( 84.59704563297061952, 7.140087779503960341, 6.179564426940045152 ) ) ;
#5925 = CARTESIAN_POINT ( 'NONE',  ( -115.4680740540195529, 2.806140142685195293, 12.14878488583111960 ) ) ;
#5926 =( BOUNDED_SURFACE ( )  B_SPLINE_SURFACE ( 3, 2, ( 
 ( #2186, #257, #1294 ),
 ( #3411, #3924, #776 ),
 ( #5510, #6536, #1809 ),
 ( #2884, #5000, #4445 ),
 ( #6030, #5872, #4517 ),
 ( #5942, #4320, #4358 ) ),
 .UNSPECIFIED., .F., .F., .T. ) 
 B_SPLINE_SURFACE_WITH_KNOTS ( ( 4, 2, 4 ),
 ( 3, 3 ),
 ( 0.005497618829347974967, 0.01105786032530008643, 0.01661810182125219790 ),
 ( 0.000000000000000000, 1.000000000000000000 ),
 .UNSPECIFIED. ) 
 GEOMETRIC_REPRESENTATION_ITEM ( )  RATIONAL_B_SPLINE_SURFACE ( (
 ( 1.000000000000000000, 0.2948922880281512615, 1.000000000000000000),
 ( 1.000000000000000000, 0.3166927810347360817, 1.000000000000000000),
 ( 1.000000000000000000, 0.3311051930750839034, 1.000000000000000000),
 ( 1.000000000000000000, 0.3543185215834839807, 1.000000000000000000),
 ( 1.000000000000000000, 0.3630967868088607053, 1.000000000000000000),
 ( 1.000000000000000000, 0.3705987102656364551, 1.000000000000000000) ) ) 
 REPRESENTATION_ITEM ( '' )  SURFACE ( )  );
#5927 = CARTESIAN_POINT ( 'NONE',  ( -5.154650982235703616, 8.417681729194969265, -3.077622606260871585 ) ) ;
#5928 = SPHERICAL_SURFACE ( 'NONE', #2742, 0.2500000000000000000 ) ;
#5929 = CARTESIAN_POINT ( 'NONE',  ( 5.776315039487218250, 7.816504334470498527, -1.654058920126780574 ) ) ;
#5930 = CARTESIAN_POINT ( 'NONE',  ( -128.1184425091720414, 5.966902717450114579, 3.583880662918111693 ) ) ;
#5931 = CARTESIAN_POINT ( 'NONE',  ( 38.70781599504409343, -1.609577457724770122, -18.03841461033057669 ) ) ;
#5932 = EDGE_LOOP ( 'NONE', ( #412, #4854 ) ) ;
#5933 = CARTESIAN_POINT ( 'NONE',  ( 13.16132849668210092, 3.012073170645348519, -9.873612116402430416 ) ) ;
#5934 = CARTESIAN_POINT ( 'NONE',  ( -119.3752126244664993, 7.279584889251760949, -1.850591735264493831 ) ) ;
#5935 = CARTESIAN_POINT ( 'NONE',  ( -1.705426480051245530, 4.387949914653176187, 6.729563127875197281 ) ) ;
#5936 = CARTESIAN_POINT ( 'NONE',  ( 4.503173052485827554, 3.374196075430603514, -4.390005313846534918 ) ) ;
#5937 = AXIS2_PLACEMENT_3D ( 'NONE', #1848, #298, #2823 ) ;
#5938 = CARTESIAN_POINT ( 'NONE',  ( 1.965155203925070593, 3.867708245920560284, -5.851952450373539172 ) ) ;
#5939 = CARTESIAN_POINT ( 'NONE',  ( 105.3525284565255475, 5.120010253041442638, -5.833992975844056517 ) ) ;
#5940 = CARTESIAN_POINT ( 'NONE',  ( 107.5399695782786580, 6.308734679589294458, 4.933923440500683988 ) ) ;
#5941 = AXIS2_PLACEMENT_3D ( 'NONE', #2733, #3772, #4364 ) ;
#5942 = CARTESIAN_POINT ( 'NONE',  ( -105.7074524455152300, 7.300978356197714625, -5.134133779987675616 ) ) ;
#5943 = CARTESIAN_POINT ( 'NONE',  ( -3.868674733003369948, 4.084583534653908110, 6.947848199986256468 ) ) ;
#5944 = CARTESIAN_POINT ( 'NONE',  ( 11.80874497013400592, 3.321820721447135583, -8.967724023918222542 ) ) ;
#5945 = CIRCLE ( 'NONE', #2965, 5.500000000000000000 ) ;
#5946 = CARTESIAN_POINT ( 'NONE',  ( -77.44282192942968379, 8.747890667254534236, -4.578217506408678084 ) ) ;
#5947 = CARTESIAN_POINT ( 'NONE',  ( -21.40319393023067107, 8.322281236620929334, -8.203268399573103054 ) ) ;
#5948 = CARTESIAN_POINT ( 'NONE',  ( -3.838606845612146046, 3.442513011272310575, 4.637237558812913107 ) ) ;
#5949 = CARTESIAN_POINT ( 'NONE',  ( -4.850889823955545133, 6.698205432249574542, -6.320435523686459334 ) ) ;
#5950 = ADVANCED_FACE ( 'NONE', ( #540 ), #1573, .T. ) ;
#5951 = DIRECTION ( 'NONE',  ( -0.8234765067721255827, 0.3134047386512477384, 0.4729311922313016447 ) ) ;
#5952 = CARTESIAN_POINT ( 'NONE',  ( -21.27072896525157120, 8.243764947279677457, -8.247233120882182078 ) ) ;
#5953 = CIRCLE ( 'NONE', #1752, 0.2499999999999997224 ) ;
#5954 = DIRECTION ( 'NONE',  ( -1.734723475976806700E-15, -0.6500609159137241688, -0.7598820998032591589 ) ) ;
#5955 = ORIENTED_EDGE ( 'NONE', *, *, #1894, .T. ) ;
#5956 = CARTESIAN_POINT ( 'NONE',  ( -37.74592597718055487, -1.983862837044956695, 17.89862360967400079 ) ) ;
#5957 = CARTESIAN_POINT ( 'NONE',  ( -76.11030549107678667, 7.737027980527829030, -6.632277750147107298 ) ) ;
#5958 = CARTESIAN_POINT ( 'NONE',  ( 119.6563301418453165, 5.721801137844394702, -1.952177918470904494 ) ) ;
#5959 = CARTESIAN_POINT ( 'NONE',  ( 28.57117808731150888, 8.760366466016289877, 9.276826568769651615 ) ) ;
#5960 = CARTESIAN_POINT ( 'NONE',  ( -61.85771085340017805, 2.801294902595661274, 12.85450812214076244 ) ) ;
#5961 = CARTESIAN_POINT ( 'NONE',  ( 97.24153460722953923, 6.575942135146384260, 5.323495456618013932 ) ) ;
#5962 = CARTESIAN_POINT ( 'NONE',  ( -112.6132947636490229, 5.884496098277239184, 4.594332558069358363 ) ) ;
#5963 = CARTESIAN_POINT ( 'NONE',  ( -5.397673697515351421, 7.796624362601432878, 2.635955440993143828 ) ) ;
#5964 = AXIS2_PLACEMENT_3D ( 'NONE', #5319, #2649, #4761 ) ;
#5965 = CARTESIAN_POINT ( 'NONE',  ( -23.86048878211307667, -0.05773240987767527116, 15.44580025223616637 ) ) ;
#5966 = CARTESIAN_POINT ( 'NONE',  ( -118.1838697893176260, 3.611866613677436888, 9.284583091735857607 ) ) ;
#5967 = CARTESIAN_POINT ( 'NONE',  ( 35.64600105647124195, -2.370210789902242876, -18.12566419723444255 ) ) ;
#5968 = VERTEX_POINT ( 'NONE', #6238 ) ;
#5969 = CARTESIAN_POINT ( 'NONE',  ( 16.43355609312556354, 2.514505702048206892, -11.64960953476457206 ) ) ;
#5970 = CARTESIAN_POINT ( 'NONE',  ( -6.289625932954296950, 3.650902991794201746, 0.4332066963528112269 ) ) ;
#5971 = CARTESIAN_POINT ( 'NONE',  ( -119.1208160151770699, 7.333276730787283704, -2.534752840734038948 ) ) ;
#5972 = CARTESIAN_POINT ( 'NONE',  ( -15.76007626257755412, 2.772410639345929795, 11.24570935836728935 ) ) ;
#5973 = CARTESIAN_POINT ( 'NONE',  ( 5.900404515862077481, 4.074145589376486853, 1.134010296974289789 ) ) ;
#5974 = CARTESIAN_POINT ( 'NONE',  ( -2.566668780018269924, 6.178282951879062068, -6.029042699763034641 ) ) ;
#5975 = CARTESIAN_POINT ( 'NONE',  ( 115.0451046323416335, 2.307942599207999379, -12.01752823122941827 ) ) ;
#5976 = DIRECTION ( 'NONE',  ( 0.000000000000000000, 0.000000000000000000, -1.000000000000000000 ) ) ;
#5977 = ADVANCED_FACE ( 'NONE', ( #2648, #1505 ), #5693, .F. ) ;
#5978 = ADVANCED_FACE ( 'NONE', ( #3103 ), #4423, .F. ) ;
#5979 = CARTESIAN_POINT ( 'NONE',  ( -6.185212374608396679, 8.294255756650988687, 1.081175200999125119 ) ) ;
#5980 = CARTESIAN_POINT ( 'NONE',  ( -13.18014763267069434, 3.072856288792717994, 9.873612116405515948 ) ) ;
#5981 = CARTESIAN_POINT ( 'NONE',  ( -2.290682998353894551, 6.123562870769736932, -5.604164654859530081 ) ) ;
#5982 = CARTESIAN_POINT ( 'NONE',  ( -97.87529465550997543, 8.103902759747052542, -1.043814897537215014 ) ) ;
#5983 = CARTESIAN_POINT ( 'NONE',  ( -71.88577311954647087, 8.032005106302079867, -6.753155408826816419 ) ) ;
#5984 = DIRECTION ( 'NONE',  ( -0.000000000000000000, -1.000000000000000000, -0.000000000000000000 ) ) ;
#5985 = CARTESIAN_POINT ( 'NONE',  ( -18.32043608111412070, 7.662085935216509824, -7.706455939391433141 ) ) ;
#5986 = CARTESIAN_POINT ( 'NONE',  ( -119.4476101292437136, 6.346861559914434459, -0.2647956637027391591 ) ) ;
#5987 = CARTESIAN_POINT ( 'NONE',  ( -4.850889823936294754, 6.698205432241261192, -6.320435523690987267 ) ) ;
#5988 = CARTESIAN_POINT ( 'NONE',  ( 38.96236801147460938, 9.795089752851403375, 6.533321380615232599 ) ) ;
#5989 = ORIENTED_EDGE ( 'NONE', *, *, #6702, .T. ) ;
#5990 = CARTESIAN_POINT ( 'NONE',  ( -34.64357893058483739, -2.259024500488324261, 18.17669032120337036 ) ) ;
#5991 = DIRECTION ( 'NONE',  ( -8.673617379884033500E-16, -0.6655442720180856364, 0.7463583736945117453 ) ) ;
#5992 = CARTESIAN_POINT ( 'NONE',  ( 119.4422170070217106, 5.794114637208887864, 0.2496713708604318682 ) ) ;
#5993 = CARTESIAN_POINT ( 'NONE',  ( 38.07981083342778561, 8.789535009937001320, 9.358257237974262566 ) ) ;
#5994 = CARTESIAN_POINT ( 'NONE',  ( 50.77417613476226421, 7.921913874274866707, 8.337702921735482775 ) ) ;
#5995 = CARTESIAN_POINT ( 'NONE',  ( 97.25518378818689769, 6.610131963463249605, 5.531026005004704871 ) ) ;
#5996 = CARTESIAN_POINT ( 'NONE',  ( -113.8760614148032175, 5.494416494041463928, 4.118409833074214710 ) ) ;
#5997 = CARTESIAN_POINT ( 'NONE',  ( -6.260805976803283102, 8.582810383002325239, -0.2253814198824048709 ) ) ;
#5998 = DIRECTION ( 'NONE',  ( -0.000000000000000000, -1.000000000000000000, -0.000000000000000000 ) ) ;
#5999 = EDGE_CURVE ( 'NONE', #2626, #387, #6254, .T. ) ;
#6000 = CARTESIAN_POINT ( 'NONE',  ( -99.72381371259368166, 6.395327652426261444, 2.224943161010758175 ) ) ;
#6001 = CARTESIAN_POINT ( 'NONE',  ( 21.19559291351772856, -0.1379384401052831388, -15.85041674640261711 ) ) ;
#6002 = ORIENTED_EDGE ( 'NONE', *, *, #4715, .T. ) ;
#6003 = EDGE_CURVE ( 'NONE', #6292, #1489, #4940, .T. ) ;
#6004 = CARTESIAN_POINT ( 'NONE',  ( 11.91809800909412687, 3.538358072464586002, -9.306373527586496053 ) ) ;
#6005 = CARTESIAN_POINT ( 'NONE',  ( 7.308096951951111642, 7.448728514578975890, 6.037219743540376271 ) ) ;
#6006 = CARTESIAN_POINT ( 'NONE',  ( -119.5102768850566264, 7.061308368243847333, -2.267417459759529574 ) ) ;
#6007 = CARTESIAN_POINT ( 'NONE',  ( -5.428274483088989300, 4.206600456649388420, 7.204905933053386669 ) ) ;
#6008 = CARTESIAN_POINT ( 'NONE',  ( 5.120704251571067900, 4.682829943443954868, 3.140946794822329746 ) ) ;
#6009 = CARTESIAN_POINT ( 'NONE',  ( 9.195939064025871801, -0.7456202195301560032, -18.84527206420898438 ) ) ;
#6010 = CARTESIAN_POINT ( 'NONE',  ( 100.6753163362577794, 4.486143045690726971, -6.440136050992767203 ) ) ;
#6011 = CARTESIAN_POINT ( 'NONE',  ( 6.888062192575487686, 6.486237902490151974, 6.099672600534095324 ) ) ;
#6012 = CARTESIAN_POINT ( 'NONE',  ( -1.571917003771858834, 4.396395490679376294, 6.721628531519023397 ) ) ;
#6013 = CARTESIAN_POINT ( 'NONE',  ( 12.23093861801092075, 3.248068879748763571, -9.147925673885364262 ) ) ;
#6014 = CARTESIAN_POINT ( 'NONE',  ( -38.99774319590820681, 9.831049519220931288, -7.625375270843498754 ) ) ;
#6015 = CARTESIAN_POINT ( 'NONE',  ( -1.726596638268520723, 3.998360074056742430, 6.143217453309500975 ) ) ;
#6016 = CARTESIAN_POINT ( 'NONE',  ( -119.7086718300420500, 6.373295998380715588, -0.5573277731043162486 ) ) ;
#6017 = CARTESIAN_POINT ( 'NONE',  ( -22.47947590226804593, 8.008379637305214516, -8.464620209733302758 ) ) ;
#6018 = CIRCLE ( 'NONE', #935, 30.00000000000000355 ) ;
#6019 = PRODUCT_RELATED_PRODUCT_CATEGORY ( 'detail', '', ( #2815 ) ) ;
#6020 = CARTESIAN_POINT ( 'NONE',  ( -119.4031533347873619, 6.444192587475850331, -1.674663017738357240 ) ) ;
#6021 = DIRECTION ( 'NONE',  ( -0.9999994179238199665, -0.0004123146088994948406, -0.0009970700499875588714 ) ) ;
#6022 = CARTESIAN_POINT ( 'NONE',  ( 21.12324142456055043, 8.509648711858684322, -0.2431351542472850180 ) ) ;
#6023 = VERTEX_POINT ( 'NONE', #3204 ) ;
#6024 = CARTESIAN_POINT ( 'NONE',  ( -29.50523543427394557, -1.742480753375262648, 17.56463314237805662 ) ) ;
#6025 = CARTESIAN_POINT ( 'NONE',  ( -69.76957201540547260, 7.886687526867310005, -6.957294804639606589 ) ) ;
#6026 = CARTESIAN_POINT ( 'NONE',  ( 119.0435135962267452, 6.176676394175589557, 3.093728452272592300 ) ) ;
#6027 = CARTESIAN_POINT ( 'NONE',  ( 24.39783766472517001, 8.406002381628347564, 8.714253404477290132 ) ) ;
#6028 = B_SPLINE_CURVE_WITH_KNOTS ( 'NONE', 3,
 ( #2469, #951, #1466, #2535, #5720, #4584, #1945 ),
 .UNSPECIFIED., .F., .F.,
 ( 4, 3, 4 ),
 ( 1.939479807224432123E-18, 0.0006019161706854860103, 0.0008249696272816827011 ),
 .UNSPECIFIED. ) ;
#6029 = CARTESIAN_POINT ( 'NONE',  ( 9.176346537608988996, 4.370810240335353924, -8.234774011018897610 ) ) ;
#6030 = CARTESIAN_POINT ( 'NONE',  ( -107.5590017231290290, 7.258204917094008835, -5.040780837706348549 ) ) ;
#6031 = ORIENTED_EDGE ( 'NONE', *, *, #6255, .T. ) ;
#6032 = CARTESIAN_POINT ( 'NONE',  ( -104.5747068991192208, 3.562380160006147989, 10.11592074774773664 ) ) ;
#6033 = AXIS2_PLACEMENT_3D ( 'NONE', #3126, #2534, #6773 ) ;
#6034 = CARTESIAN_POINT ( 'NONE',  ( -4.106922321393142283, 6.916596980178081111, 4.388182452491448338 ) ) ;
#6035 = EDGE_CURVE ( 'NONE', #2712, #3995, #5376, .T. ) ;
#6036 = CARTESIAN_POINT ( 'NONE',  ( 2.286058798933926717, 6.113002010928975771, 5.604164654859530970 ) ) ;
#6037 =( BOUNDED_SURFACE ( )  B_SPLINE_SURFACE ( 3, 2, ( 
 ( #1546, #2483, #5635 ),
 ( #2025, #3008, #5736 ),
 ( #997, #476, #377 ),
 ( #2582, #4697, #5092 ) ),
 .UNSPECIFIED., .F., .F., .T. ) 
 B_SPLINE_SURFACE_WITH_KNOTS ( ( 4, 4 ),
 ( 3, 3 ),
 ( 0.01056702713729503439, 0.01281322300788569762 ),
 ( 0.000000000000000000, 1.000000000000000000 ),
 .UNSPECIFIED. ) 
 GEOMETRIC_REPRESENTATION_ITEM ( )  RATIONAL_B_SPLINE_SURFACE ( (
 ( 1.000000000000000000, 0.7106567230695682857, 1.000000000000000000),
 ( 1.000000000000000000, 0.7071616356240255641, 1.000000000000000000),
 ( 1.000000000000000000, 0.7030368183318709274, 1.000000000000000000),
 ( 1.000000000000000000, 0.6979103135330207985, 1.000000000000000000) ) ) 
 REPRESENTATION_ITEM ( '' )  SURFACE ( )  );
#6038 = ORIENTED_EDGE ( 'NONE', *, *, #86, .T. ) ;
#6039 = CARTESIAN_POINT ( 'NONE',  ( 3.861098751677837004, 4.255689820487003061, -6.947501781598547588 ) ) ;
#6040 = CARTESIAN_POINT ( 'NONE',  ( 9.934763940750363176, 7.574454479376191429, 6.322892893216837784 ) ) ;
#6041 = CARTESIAN_POINT ( 'NONE',  ( -119.6969163392570152, 7.144769644311924850, -0.9784715689348350010 ) ) ;
#6042 = DIRECTION ( 'NONE',  ( 0.000000000000000000, 0.000000000000000000, 1.000000000000000000 ) ) ;
#6043 = CARTESIAN_POINT ( 'NONE',  ( 4.295705692886010674, 3.341307055175603669, -4.201072429011435183 ) ) ;
#6044 = CARTESIAN_POINT ( 'NONE',  ( 35.01614761352539773, 11.03716352718917371, 15.36818313598632635 ) ) ;
#6045 = CARTESIAN_POINT ( 'NONE',  ( 93.43359835398146629, 2.923741893320892071, -10.72153851605479957 ) ) ;
#6046 = CARTESIAN_POINT ( 'NONE',  ( -13.49995802124548838, 3.072783708094777300, 9.710780400669504431 ) ) ;
#6047 = CARTESIAN_POINT ( 'NONE',  ( 3.302283142445749942, 7.349260587234510034, 5.017702357312789907 ) ) ;
#6048 = CARTESIAN_POINT ( 'NONE',  ( -21.75933949824490199, 9.307799102444002770, -7.415659427642817825 ) ) ;
#6049 = CARTESIAN_POINT ( 'NONE',  ( -10.45665120294246719, 7.643841981068661084, -6.390332575163793827 ) ) ;
#6050 = CARTESIAN_POINT ( 'NONE',  ( -5.434412476777393586, 3.337131520370788973, 3.147636262359156056 ) ) ;
#6051 = CARTESIAN_POINT ( 'NONE',  ( -28.77034671947884803, 8.265027755831848566, -9.241432443231122562 ) ) ;
#6052 = CARTESIAN_POINT ( 'NONE',  ( 103.2620571592678260, 4.592250136386890169, -5.986042443749283848 ) ) ;
#6053 = CARTESIAN_POINT ( 'NONE',  ( -5.087657891405089394, 6.800575688933311547, -6.264769189998289356 ) ) ;
#6055 = EDGE_CURVE ( 'NONE', #1016, #1389, #4937, .T. ) ;
#6054 = CARTESIAN_POINT ( 'NONE',  ( 49.73125076293945313, 6.041997344671155901, -6.074058055877688211 ) ) ;
#6056 = VERTEX_POINT ( 'NONE', #3242 ) ;
#6057 = CARTESIAN_POINT ( 'NONE',  ( -116.8775374708177992, 6.823399591882040482, -4.580598064386759205 ) ) ;
#6058 = CARTESIAN_POINT ( 'NONE',  ( 119.3953870431486308, 5.537515468089322823, -1.603218328622354028 ) ) ;
#6059 = CARTESIAN_POINT ( 'NONE',  ( 40.20203444396234005, 8.631780188271228837, 9.298097616420658795 ) ) ;
#6060 = AXIS2_PLACEMENT_3D ( 'NONE', #5603, #2453, #5637 ) ;
#6061 = CARTESIAN_POINT ( 'NONE',  ( 5.160583614470989566, 8.393879261932379876, 3.077622606260921323 ) ) ;
#6062 = CARTESIAN_POINT ( 'NONE',  ( 13.43873947922232404, 3.625986640220806301, -10.00705535858826778 ) ) ;
#6063 = EDGE_CURVE ( 'NONE', #941, #3925, #1721, .T. ) ;
#6064 = ORIENTED_EDGE ( 'NONE', *, *, #5412, .T. ) ;
#6065 = CARTESIAN_POINT ( 'NONE',  ( -107.9540092705976519, 5.699322240751574675, 5.410747958414777514 ) ) ;
#6066 = CARTESIAN_POINT ( 'NONE',  ( -5.953069772192265852, 8.388161780759530117, 0.7785106393285942117 ) ) ;
#6067 = PLANE ( 'NONE',  #2628 ) ;
#6068 = ORIENTED_EDGE ( 'NONE', *, *, #5077, .F. ) ;
#6069 = CARTESIAN_POINT ( 'NONE',  ( -5.841682260030504281, 3.403477255902964238, 2.328438369914024531 ) ) ;
#6070 = CARTESIAN_POINT ( 'NONE',  ( -119.6095818424541335, 7.032177013603683413, -1.926195572357340957 ) ) ;
#6071 = COORDINATED_UNIVERSAL_TIME_OFFSET ( 5, 0, .AHEAD. ) ;
#6072 = CARTESIAN_POINT ( 'NONE',  ( 5.498108075699754238, 4.044406285440523163, 2.424130688879684747 ) ) ;
#6073 = CARTESIAN_POINT ( 'NONE',  ( 5.416391849517821377, 3.481673271833372052, -0.7392387390136725411 ) ) ;
#6074 = CARTESIAN_POINT ( 'NONE',  ( 77.31007845007323454, 3.406316939802617405, -9.939662859712518284 ) ) ;
#6075 = CARTESIAN_POINT ( 'NONE',  ( 4.801962602271270697, 6.483133899094917219, 6.234199713410451871 ) ) ;
#6076 = CARTESIAN_POINT ( 'NONE',  ( -10.16593255265909690, 3.604165404884152935, 8.587028737410342671 ) ) ;
#6077 = CARTESIAN_POINT ( 'NONE',  ( 22.01017013317314408, 0.4394829062993226287, -14.59544467882592400 ) ) ;
#6078 = CARTESIAN_POINT ( 'NONE',  ( -5.667399239185100690, 8.312412573555825190, -5.603064537048338956 ) ) ;
#6079 = DIRECTION ( 'NONE',  ( 0.07774627742895855176, 0.000000000000000000, 0.9969731773452782386 ) ) ;
#6080 = CARTESIAN_POINT ( 'NONE',  ( -25.60682360043962902, 8.286550871879844848, -8.982810585910575796 ) ) ;
#6081 = ADVANCED_FACE ( 'NONE', ( #5897 ), #1237, .F. ) ;
#6082 = CARTESIAN_POINT ( 'NONE',  ( 61.84620946564037069, 2.105448882402652711, -12.57424360212414705 ) ) ;
#6083 = CARTESIAN_POINT ( 'NONE',  ( 11.64348447772988315, 3.585972231475348160, -9.186858036387096860 ) ) ;
#6084 = CARTESIAN_POINT ( 'NONE',  ( 97.87879180908203125, 7.652199001489494279, 1.043814897537226116 ) ) ;
#6085 = ORIENTED_EDGE ( 'NONE', *, *, #6577, .T. ) ;
#6086 = CARTESIAN_POINT ( 'NONE',  ( 24.61677066809120973, 7.866681515104095190, 8.688829564121085980 ) ) ;
#6087 = CARTESIAN_POINT ( 'NONE',  ( 6.266049092167818912, 8.556493757522440902, 0.2425033471831965215 ) ) ;
#6088 = DIRECTION ( 'NONE',  ( 0.000000000000000000, 0.000000000000000000, -1.000000000000000000 ) ) ;
#6089 = CARTESIAN_POINT ( 'NONE',  ( 21.27568735174188319, 8.145588830004168557, 8.247233120878464163 ) ) ;
#6090 = B_SPLINE_CURVE_WITH_KNOTS ( 'NONE', 3,
 ( #4302, #5888, #5307, #4409, #674, #156, #3231, #6502, #5343, #1152, #2255, #1775, #2148, #4823, #2778, #634, #5994, #4374, #4859, #3193, #48, #3268, #6362, #85, #5377, #121, #2221, #1702, #3817, #5923, #256, #6632, #4509, #2428, #1934, #741, #2360, #6092, #3377, #4575, #2883, #5476, #2848, #2329, #4965, #4475, #5031, #222, #353, #5610, #4054, #3922, #1839, #3989 ),
 .UNSPECIFIED., .F., .F.,
 ( 4, 2, 2, 2, 2, 2, 2, 2, 2, 2, 2, 2, 2, 2, 2, 2, 2, 2, 2, 2, 2, 2, 2, 2, 2, 2, 4 ),
 ( 0.1483744347174021094, 0.1549006080360176008, 0.1614267813546330921, 0.1744791279918640747, 0.1810053013104795661, 0.1875314746290950574, 0.1940576479477105487, 0.2005838212663260400, 0.2071099945849415036, 0.2136361679035569949, 0.2168992545628647406, 0.2201623412221724863, 0.2234254278814802042, 0.2266885145407879498, 0.2299516012000956677, 0.2332146878594034134, 0.2364777745187111591, 0.2381093178483650041, 0.2397408611780188492, 0.2430039478373265949, 0.2462670344966342850, 0.2478985778262881579, 0.2487143494911150665, 0.2495301211559419752, 0.2511616644855958480, 0.2519774361504227844, 0.2527932078152497208 ),
 .UNSPECIFIED. ) ;
#6091 = CARTESIAN_POINT ( 'NONE',  ( -1.765999711663999605, 4.650240234124979999, 6.731572192124451348 ) ) ;
#6092 = CARTESIAN_POINT ( 'NONE',  ( 16.24292680374452402, 7.729598383983929288, 7.345770072734345568 ) ) ;
#6093 = VERTEX_POINT ( 'NONE', #1714 ) ;
#6094 = CARTESIAN_POINT ( 'NONE',  ( -100.1832075564023938, 5.382418481824095657, 6.733612946016813261 ) ) ;
#6095 = CARTESIAN_POINT ( 'NONE',  ( 4.243320212480225173, 5.329656695129535215, 4.251687074795336585 ) ) ;
#6096 = EDGE_CURVE ( 'NONE', #4264, #3017, #2682, .T. ) ;
#6097 = CARTESIAN_POINT ( 'NONE',  ( 6.119566288231953699, 3.878374595429363580, 1.511075017391656949 ) ) ;
#6098 = DIRECTION ( 'NONE',  ( 0.000000000000000000, 0.000000000000000000, -1.000000000000000000 ) ) ;
#6099 = VERTEX_POINT ( 'NONE', #4383 ) ;
#6100 = CARTESIAN_POINT ( 'NONE',  ( 3.854623864763083496, 4.066761975646739025, -6.947848199986478512 ) ) ;
#6101 = CARTESIAN_POINT ( 'NONE',  ( -4.651840427515606002, 3.357817897833175191, 4.281509380916912022 ) ) ;
#6102 = CARTESIAN_POINT ( 'NONE',  ( 116.7948539192738480, 6.285509907522878414, 4.343771664031180535 ) ) ;
#6103 = CALENDAR_DATE ( 2022, 12, 7 ) ;
#6104 = CARTESIAN_POINT ( 'NONE',  ( 3.698267242658358711, 5.563026357917489229, 5.219322795944995264 ) ) ;
#6105 = CARTESIAN_POINT ( 'NONE',  ( 10.00359535217284979, 3.246295006452508236, -4.895333290100098544 ) ) ;
#6106 = CARTESIAN_POINT ( 'NONE',  ( 74.87679473256562801, 1.929370850755177003, -13.09640394760764082 ) ) ;
#6107 = CARTESIAN_POINT ( 'NONE',  ( 5.838636981495246125, 6.391280627732836450, 6.046064778312411292 ) ) ;
#6108 = B_SPLINE_CURVE_WITH_KNOTS ( 'NONE', 3,
 ( #1799, #699, #1765, #1143, #3913, #5986, #1659, #1284, #3774, #732, #6020, #2839, #3400, #2247, #626, #4888, #2281, #6392, #6456, #5500, #767, #5367 ),
 .UNSPECIFIED., .F., .F.,
 ( 4, 2, 2, 2, 2, 2, 2, 2, 2, 2, 4 ),
 ( 0.1263345663779046057, 0.1272776461576980433, 0.1282207259374915087, 0.1291638057172849463, 0.1296353456071816790, 0.1301068854970784117, 0.1305784253869751166, 0.1310499652768718493, 0.1319930450566652869, 0.1329361248364586967, 0.1338792046162521343 ),
 .UNSPECIFIED. ) ;
#6109 = CARTESIAN_POINT ( 'NONE',  ( 1.701016676989480558, 4.532423176685310473, -6.729040803095061030 ) ) ;
#6110 = CARTESIAN_POINT ( 'NONE',  ( 119.4538264409067949, 6.459294626826555863, 0.1762816709207941646 ) ) ;
#6111 = CARTESIAN_POINT ( 'NONE',  ( -78.00419471709162167, -7.034120867971301649, 16.75580024719239347 ) ) ;
#6112 = CARTESIAN_POINT ( 'NONE',  ( -117.8034153156183521, 7.213595695065420976, -3.952406466080294667 ) ) ;
#6113 = CARTESIAN_POINT ( 'NONE',  ( -10.51845489017711266, 7.022835916782153021, -6.470713102645385462 ) ) ;
#6114 = CARTESIAN_POINT ( 'NONE',  ( 80.41553832022184167, 3.620090136411685755, -9.400935403098850784 ) ) ;
#6115 = CARTESIAN_POINT ( 'NONE',  ( -6.020961490548606854, 7.199674452265417024, -6.130251483211408114 ) ) ;
#6116 = CARTESIAN_POINT ( 'NONE',  ( 98.08560180664062500, 7.583556206403587296, 4.585349559783931106 ) ) ;
#6117 = EDGE_LOOP ( 'NONE', ( #6820, #3146, #3916, #3060 ) ) ;
#6118 = CARTESIAN_POINT ( 'NONE',  ( -1.724407302741820747, 4.254240294505181375, 6.156172180971376307 ) ) ;
#6119 = CARTESIAN_POINT ( 'NONE',  ( -5.088617555992263064, 6.800990607528722087, -6.264543564057498237 ) ) ;
#6120 = ADVANCED_FACE ( 'NONE', ( #97 ), #4026, .T. ) ;
#6121 = FACE_OUTER_BOUND ( 'NONE', #3404, .T. ) ;
#6122 = CARTESIAN_POINT ( 'NONE',  ( 5.800704560886971173, 7.010361674106430740, 6.150237113575039771 ) ) ;
#6123 = CARTESIAN_POINT ( 'NONE',  ( 119.4064522260077297, 5.721572179636459587, -1.959986551821004674 ) ) ;
#6124 = CARTESIAN_POINT ( 'NONE',  ( -21.17129402993901977, 1.073705657073208197, 14.48903409032040202 ) ) ;
#6125 = CARTESIAN_POINT ( 'NONE',  ( -97.24560113983730503, 7.498168616575188850, -5.534288094103415823 ) ) ;
#6126 = EDGE_LOOP ( 'NONE', ( #520, #5678, #3352, #4616 ) ) ;
#6127 = CARTESIAN_POINT ( 'NONE',  ( -90.22324805790253777, 3.295227388523071621, 10.92375505302646665 ) ) ;
#6128 = CARTESIAN_POINT ( 'NONE',  ( 1.920323777126774933, 4.821688046860447052, -6.676271772984667230 ) ) ;
#6129 = CARTESIAN_POINT ( 'NONE',  ( 1.955864424136556146, 3.926165692675630758, -6.014264994549618493 ) ) ;
#6130 = DIRECTION ( 'NONE',  ( 0.000000000000000000, 0.000000000000000000, -1.000000000000000000 ) ) ;
#6131 = ORIENTED_EDGE ( 'NONE', *, *, #3040, .T. ) ;
#6132 = ADVANCED_FACE ( 'NONE', ( #5006 ), #2608, .T. ) ;
#6133 = CARTESIAN_POINT ( 'NONE',  ( -2.099131031401244130, 4.677965434913214260, 6.750951627273253486 ) ) ;
#6134 = CARTESIAN_POINT ( 'NONE',  ( 101.4786179220350135, 6.980516032929883430, 5.270976352079229876 ) ) ;
#6135 = CARTESIAN_POINT ( 'NONE',  ( -118.3079018989756293, 7.234842297002275657, -3.806238861704585474 ) ) ;
#6136 = COORDINATED_UNIVERSAL_TIME_OFFSET ( 5, 0, .AHEAD. ) ;
#6137 = AXIS2_PLACEMENT_3D ( 'NONE', #4637, #3469, #3048 ) ;
#6138 = CARTESIAN_POINT ( 'NONE',  ( 15.29584598541260121, 8.262849481283128128, 9.120211601257324219 ) ) ;
#6139 = CARTESIAN_POINT ( 'NONE',  ( 83.90813501143435360, 2.648101479298925476, -11.61320868453487165 ) ) ;
#6140 = CARTESIAN_POINT ( 'NONE',  ( 34.00661460191857799, 8.231837327454186948, 9.489000675581918287 ) ) ;
#6141 = CARTESIAN_POINT ( 'NONE',  ( 19.03868281052914568, 4.887861918475950418, -13.26910277243230318 ) ) ;
#6142 = CARTESIAN_POINT ( 'NONE',  ( -4.500000000000097700, -1.000000000000018208, 0.000000000000000000 ) ) ;
#6143 = CARTESIAN_POINT ( 'NONE',  ( -116.7938906915284605, 6.575798592388623298, -4.368713801195421631 ) ) ;
#6144 =( BOUNDED_CURVE ( )  B_SPLINE_CURVE ( 3, ( #4539, #1903, #6438, #873 ),
 .UNSPECIFIED., .F., .T. ) 
 B_SPLINE_CURVE_WITH_KNOTS ( ( 4, 4 ),
 ( 5.053558214783514302, 5.053670302400453451 ),
 .UNSPECIFIED. ) 
 CURVE ( )  GEOMETRIC_REPRESENTATION_ITEM ( )  RATIONAL_B_SPLINE_CURVE ( ( 1.000000000000000000, 0.9999999989530304889, 0.9999999989530304889, 1.000000000000000000 ) ) 
 REPRESENTATION_ITEM ( '' )  );
#6145 = CARTESIAN_POINT ( 'NONE',  ( -119.4029214663198672, 6.674139169419419204, 1.395215323790018891 ) ) ;
#6146 = CARTESIAN_POINT ( 'NONE',  ( -71.93313191291231590, 7.547586015722512975, -6.843963707837498411 ) ) ;
#6147 = CARTESIAN_POINT ( 'NONE',  ( 81.45266729072294254, 3.676997815723338281, -9.244723970645647881 ) ) ;
#6148 = CARTESIAN_POINT ( 'NONE',  ( -38.24428294197529965, 8.529405354867886757, -9.443078486805896787 ) ) ;
#6149 = CARTESIAN_POINT ( 'NONE',  ( 4.739367485046378725, -5.347802607835814293, -15.16591072082519709 ) ) ;
#6150 = ORIENTED_EDGE ( 'NONE', *, *, #2384, .T. ) ;
#6151 = DIRECTION ( 'NONE',  ( -0.000000000000000000, -1.000000000000000000, -0.000000000000000000 ) ) ;
#6152 = CARTESIAN_POINT ( 'NONE',  ( 5.966298499287050028, 8.724218570335056100, 1.904193509161206999 ) ) ;
#6153 = AXIS2_PLACEMENT_3D ( 'NONE', #2174, #1001, #2625 ) ;
#6154 = CARTESIAN_POINT ( 'NONE',  ( 117.0861286901620133, 6.020996921512336009, 4.267125052868387058 ) ) ;
#6155 = CARTESIAN_POINT ( 'NONE',  ( 21.28402471542690577, 8.047081088893023093, 8.248070414232859804 ) ) ;
#6156 = CARTESIAN_POINT ( 'NONE',  ( -31.53485004410284276, -2.126970706433864322, 18.01233371618575418 ) ) ;
#6157 = CARTESIAN_POINT ( 'NONE',  ( 4.539985489811980912, 8.435678936904100311, 3.927518904766970298 ) ) ;
#6158 = AXIS2_PLACEMENT_3D ( 'NONE', #3122, #6260, #2706 ) ;
#6159 = CARTESIAN_POINT ( 'NONE',  ( -84.55203317879559677, 7.710459676869069412, -6.183218779562448475 ) ) ;
#6160 = ORIENTED_EDGE ( 'NONE', *, *, #2830, .F. ) ;
#6161 = ORIENTED_EDGE ( 'NONE', *, *, #3074, .T. ) ;
#6162 = CARTESIAN_POINT ( 'NONE',  ( -72.79017692444460863, 2.128137577512100087, 13.33815268862501746 ) ) ;
#6163 = VECTOR ( 'NONE', #1743, 1000.000000000000000 ) ;
#6164 = CARTESIAN_POINT ( 'NONE',  ( -4.094834820796663166, 8.011628818160978938, -4.839146213364172944 ) ) ;
#6165 = CARTESIAN_POINT ( 'NONE',  ( -9.714451465470119729E-14, 13.42264973081045554, 0.000000000000000000 ) ) ;
#6166 = CARTESIAN_POINT ( 'NONE',  ( 14.35779232143025119, 3.594836343426608849, -10.37619825873155932 ) ) ;
#6167 = ORIENTED_EDGE ( 'NONE', *, *, #4242, .T. ) ;
#6168 = CARTESIAN_POINT ( 'NONE',  ( 118.8447603662643388, 5.927555051113047035, 2.938317509819251327 ) ) ;
#6169 = CARTESIAN_POINT ( 'NONE',  ( 4.058100116636025767, 6.418374112799878795, 6.205307311499143275 ) ) ;
#6170 = DATE_AND_TIME ( #1436, #4140 ) ;
#6171 = CARTESIAN_POINT ( 'NONE',  ( 128.1117553710937500, 5.375649960218253476, -3.583880662918097926 ) ) ;
#6172 = CARTESIAN_POINT ( 'NONE',  ( 66.49739922200417652, 2.478192768607906604, -11.90268049712454612 ) ) ;
#6173 = CARTESIAN_POINT ( 'NONE',  ( 8.969067598991777857, 6.686238452408516331, 6.276534414209035795 ) ) ;
#6174 = CARTESIAN_POINT ( 'NONE',  ( 3.581375503318291464, 6.151391188409843558, -4.822774178505083498 ) ) ;
#6175 = CARTESIAN_POINT ( 'NONE',  ( 119.6079015439920568, 6.480181199681498860, 1.926195572356594665 ) ) ;
#6176 = CARTESIAN_POINT ( 'NONE',  ( -14.60781913735445414, -4.613866656271429889, 16.47033500671386719 ) ) ;
#6177 = CARTESIAN_POINT ( 'NONE',  ( -117.9323065936652597, 7.237203992167631661, -3.858391653979122982 ) ) ;
#6178 = AXIS2_PLACEMENT_3D ( 'NONE', #6102, #5585, #2961 ) ;
#6179 = CARTESIAN_POINT ( 'NONE',  ( -97.25650240202442376, 7.058968875446672619, -5.531026005007692703 ) ) ;
#6180 = CARTESIAN_POINT ( 'NONE',  ( -4.898017768366484503, -1.503773163733217011, -14.22724914550781072 ) ) ;
#6181 = ADVANCED_FACE ( 'NONE', ( #2566 ), #2387, .F. ) ;
#6182 = CARTESIAN_POINT ( 'NONE',  ( 119.4051709218307593, 5.476351854498174632, -1.911351683690770686 ) ) ;
#6183 = DIRECTION ( 'NONE',  ( -0.9985041076085631184, -0.02388337777858064517, 0.04918466584935406172 ) ) ;
#6184 = CARTESIAN_POINT ( 'NONE',  ( -2.538198793752959315, 6.648280027600558029, -6.191818223223068962 ) ) ;
#6185 = ORIENTED_EDGE ( 'NONE', *, *, #3100, .F. ) ;
#6186 = CARTESIAN_POINT ( 'NONE',  ( 101.4649331073708254, 6.469868779799967662, 5.163153926237738389 ) ) ;
#6187 = CARTESIAN_POINT ( 'NONE',  ( -2.284816482826132589, 6.854803782612814977, -5.575084742728549259 ) ) ;
#6188 = CARTESIAN_POINT ( 'NONE',  ( 119.1687623377131047, 5.917182896160666061, 2.423557832586002103 ) ) ;
#6189 = CARTESIAN_POINT ( 'NONE',  ( 15.06837789672059991, 7.647807349193430859, 7.149002481805589504 ) ) ;
#6190 = DIRECTION ( 'NONE',  ( -0.000000000000000000, -1.000000000000000000, -0.000000000000000000 ) ) ;
#6191 = CARTESIAN_POINT ( 'NONE',  ( 5.596782700922362075, 8.731655837555361899, 2.189451294663135705 ) ) ;
#6192 = CARTESIAN_POINT ( 'NONE',  ( -50.72614353162494893, 8.350404837985839990, -8.251991374239700860 ) ) ;
#6193 = ORIENTED_EDGE ( 'NONE', *, *, #2527, .T. ) ;
#6194 = ORIENTED_EDGE ( 'NONE', *, *, #6303, .F. ) ;
#6195 = CARTESIAN_POINT ( 'NONE',  ( -88.10207212233535756, 3.241306578695418494, 11.09345686731893643 ) ) ;
#6196 = CARTESIAN_POINT ( 'NONE',  ( 5.430733787321663897, 3.589993338389927402, -2.570385658190893263 ) ) ;
#6197 = CARTESIAN_POINT ( 'NONE',  ( -78.36306904094278991, 4.283012332238065767, 9.988694593596951776 ) ) ;
#6198 = CARTESIAN_POINT ( 'NONE',  ( -6.259354223805042139, 8.585396202695859458, -0.2425033471831974929 ) ) ;
#6199 = VERTEX_POINT ( 'NONE', #430 ) ;
#6200 = CARTESIAN_POINT ( 'NONE',  ( -18.17232023322955214, 2.431114751425145215, 12.56624123430447426 ) ) ;
#6201 = CARTESIAN_POINT ( 'NONE',  ( 28.70315888751148847, 8.767144900762405157, 9.289794837258481763 ) ) ;
#6202 = ADVANCED_FACE ( 'NONE', ( #4650 ), #4734, .T. ) ;
#6203 = DIRECTION ( 'NONE',  ( -0.9999893508874444503, 0.004614987725603183523, 2.057820001911795508E-16 ) ) ;
#6204 = CARTESIAN_POINT ( 'NONE',  ( 75.36135864257812500, -4.581447093309519936, -24.41950035095215199 ) ) ;
#6205 = CARTESIAN_POINT ( 'NONE',  ( -34.75398229290775021, 7.392291175027749794, -4.541779994964592504 ) ) ;
#6206 = CARTESIAN_POINT ( 'NONE',  ( 65.31577998840471366, 1.337183104976301884, -14.11100347932746857 ) ) ;
#6207 = CARTESIAN_POINT ( 'NONE',  ( 19.04348296970704979, 0.6230007941818950234, -13.29765819386914671 ) ) ;
#6208 = CARTESIAN_POINT ( 'NONE',  ( -119.5726282805271552, 6.239191142687166014, -2.406153288223551900 ) ) ;
#6209 = CARTESIAN_POINT ( 'NONE',  ( -119.1538939196590974, -2.939095875940627600, 12.03594112396242011 ) ) ;
#6210 = DIRECTION ( 'NONE',  ( -1.224646799147352961E-16, 0.000000000000000000, -1.000000000000000000 ) ) ;
#6211 = CARTESIAN_POINT ( 'NONE',  ( -101.4785428158774039, 7.183481338380277137, -5.374376618189291577 ) ) ;
#6212 = CARTESIAN_POINT ( 'NONE',  ( -22.88650266503073283, 4.115238712673514598, -12.76580333709716442 ) ) ;
#6213 = CARTESIAN_POINT ( 'NONE',  ( -21.53204395407930605, 7.918632342429630100, -8.292167866819225353 ) ) ;
#6214 = CARTESIAN_POINT ( 'NONE',  ( 119.1062011718750000, -3.488882510484858646, -12.03594112396241123 ) ) ;
#6215 = CARTESIAN_POINT ( 'NONE',  ( 19.41669882229326305, 7.424462860717147450, 7.751981073734118155 ) ) ;
#6216 = CARTESIAN_POINT ( 'NONE',  ( -1.697839110887523706, 4.449887444742440579, 6.728719222966315527 ) ) ;
#6217 = DIRECTION ( 'NONE',  ( 0.000000000000000000, 0.000000000000000000, -1.000000000000000000 ) ) ;
#6218 = CARTESIAN_POINT ( 'NONE',  ( 11.95070836208724963, 7.478231708395151500, 6.667766348296703782 ) ) ;
#6219 = CARTESIAN_POINT ( 'NONE',  ( -80.43083526772245762, 3.991244132550169965, 9.400935403098877430 ) ) ;
#6220 = CARTESIAN_POINT ( 'NONE',  ( -3.101094929432500535, 5.875791819528751070, 5.148242786882143207 ) ) ;
#6221 = CARTESIAN_POINT ( 'NONE',  ( -46.51299281521914963, 8.344684168351442111, -8.727246297368683514 ) ) ;
#6222 = EDGE_LOOP ( 'NONE', ( #1034, #2138, #25, #388 ) ) ;
#6223 = EDGE_LOOP ( 'NONE', ( #3227, #2065 ) ) ;
#6224 = CARTESIAN_POINT ( 'NONE',  ( -80.43192335516710045, 4.429665935327663284, 9.637922704113663031 ) ) ;
#6225 = CARTESIAN_POINT ( 'NONE',  ( 1.924834290248422786, 4.914870457216645505, -6.596013931985329037 ) ) ;
#6226 = AXIS2_PLACEMENT_3D ( 'NONE', #4696, #3531, #1479 ) ;
#6227 = CC_DESIGN_SECURITY_CLASSIFICATION ( #2369, ( #1160 ) ) ;
#6228 = DIRECTION ( 'NONE',  ( -1.224646799147402511E-16, 0.000000000000000000, -1.000000000000000000 ) ) ;
#6229 = ORIENTED_EDGE ( 'NONE', *, *, #2460, .F. ) ;
#6230 = CARTESIAN_POINT ( 'NONE',  ( -18.07593402052394538, 2.246463689823917864, 12.61561917147364831 ) ) ;
#6231 = CARTESIAN_POINT ( 'NONE',  ( 18.28597907220233765, 8.063950548655336448, 7.621744053017835974 ) ) ;
#6232 = EDGE_CURVE ( 'NONE', #3413, #2923, #2464, .T. ) ;
#6233 = DIRECTION ( 'NONE',  ( 1.000000000000000000, -7.996734198290766312E-16, 0.000000000000000000 ) ) ;
#6234 = CARTESIAN_POINT ( 'NONE',  ( 56.30365371704101563, 9.209449560819521707, 12.84433937072753551 ) ) ;
#6235 = CARTESIAN_POINT ( 'NONE',  ( -71.87686886702510947, 4.756840177839725570, 8.386945724487315346 ) ) ;
#6236 = CARTESIAN_POINT ( 'NONE',  ( 46.58908100272358155, 0.2670602605810674657, -15.91378709427508298 ) ) ;
#6237 = CARTESIAN_POINT ( 'NONE',  ( -1.778100467554734943, 4.226398159768795182, 6.701905978791026008 ) ) ;
#6238 = CARTESIAN_POINT ( 'NONE',  ( -21.93439439576071592, 0.7635740934771734212, 14.92660783862475427 ) ) ;
#6239 = TOROIDAL_SURFACE ( 'NONE', #3277, 1.500000000000000000, 1.000000000000014877 ) ;
#6240 = CARTESIAN_POINT ( 'NONE',  ( -5.526960257960754852, 2.062239100755034915, 10.09981060028076172 ) ) ;
#6241 = CARTESIAN_POINT ( 'NONE',  ( 7.682390958713104290, 4.722990972248838126, -7.674381487633385568 ) ) ;
#6242 = CARTESIAN_POINT ( 'NONE',  ( -37.16339639524710492, 8.401127076394088178, -9.507494594104487717 ) ) ;
#6243 = FACE_OUTER_BOUND ( 'NONE', #6307, .T. ) ;
#6244 = CARTESIAN_POINT ( 'NONE',  ( -6.020027704009407010, 3.971694786596773330, -0.1873267163124667789 ) ) ;
#6245 = CARTESIAN_POINT ( 'NONE',  ( -65.61279400657529948, 7.835174222540210565, -7.190138047832459911 ) ) ;
#6246 = CARTESIAN_POINT ( 'NONE',  ( 37.00337982177733664, -2.220727412523346711, -20.60619926452637074 ) ) ;
#6247 = DIRECTION ( 'NONE',  ( 0.000000000000000000, 0.000000000000000000, -1.000000000000000000 ) ) ;
#6248 = CARTESIAN_POINT ( 'NONE',  ( -9.714451465470119729E-14, 7.643375672974086932, -3.500000000000000000 ) ) ;
#6249 = CARTESIAN_POINT ( 'NONE',  ( -7.306503309702416793, 7.482451794551550073, -6.037219743540372718 ) ) ;
#6250 = CARTESIAN_POINT ( 'NONE',  ( -117.9209968516522196, 6.513714368654851761, -3.804490533124659013 ) ) ;
#6251 = CARTESIAN_POINT ( 'NONE',  ( -56.70679605125368994, 1.852437254764829788, 13.37131773822376601 ) ) ;
#6252 = CARTESIAN_POINT ( 'NONE',  ( -5.602768299996540691, 8.504000468051570394, -2.155806710628517919 ) ) ;
#6253 = CARTESIAN_POINT ( 'NONE',  ( -95.12496622078006681, 7.420750547836640898, -5.628143166452193924 ) ) ;
#6254 = B_SPLINE_CURVE_WITH_KNOTS ( 'NONE', 3,
 ( #60, #3792, #1129, #1749 ),
 .UNSPECIFIED., .F., .F.,
 ( 4, 4 ),
 ( 9.821453437832146469E-05, 0.001356133773636443570 ),
 .UNSPECIFIED. ) ;
#6255 = EDGE_CURVE ( 'NONE', #1295, #264, #4603, .T. ) ;
#6256 = ORIENTED_EDGE ( 'NONE', *, *, #5546, .T. ) ;
#6257 = VERTEX_POINT ( 'NONE', #5671 ) ;
#6258 = CARTESIAN_POINT ( 'NONE',  ( -49.58998043481210516, 1.138682357910417942, 15.12639312822531146 ) ) ;
#6259 = CARTESIAN_POINT ( 'NONE',  ( -4.186860822036625684, 5.315059341647931035, -4.829071520570986209 ) ) ;
#6260 = DIRECTION ( 'NONE',  ( -0.000000000000000000, -1.000000000000000000, -0.000000000000000000 ) ) ;
#6261 = CARTESIAN_POINT ( 'NONE',  ( -77.33310888180585607, 4.198594911077029757, 10.18193191273745768 ) ) ;
#6262 = EDGE_CURVE ( 'NONE', #1880, #2944, #1938, .T. ) ;
#6263 = ADVANCED_FACE ( 'NONE', ( #4086 ), #6239, .F. ) ;
#6264 = AXIS2_PLACEMENT_3D ( 'NONE', #4875, #1681, #4214 ) ;
#6265 = CARTESIAN_POINT ( 'NONE',  ( -2.521073389775695617, 6.980209174162851582, -5.889756391797206447 ) ) ;
#6266 = AXIS2_PLACEMENT_3D ( 'NONE', #219, #5919, #5991 ) ;
#6267 = CARTESIAN_POINT ( 'NONE',  ( -13.41378797571802650, 3.907537863963090441, 9.880496127582754085 ) ) ;
#6268 = CARTESIAN_POINT ( 'NONE',  ( 95.13673345560351891, 7.183670223098922669, 5.526690783680886732 ) ) ;
#6269 = CARTESIAN_POINT ( 'NONE',  ( 18.41656342554646741, 7.584470906257997136, 7.723242984648282849 ) ) ;
#6270 = CARTESIAN_POINT ( 'NONE',  ( 55.21729278564453125, 5.449688108144661314, -3.880985498428347835 ) ) ;
#6271 = CARTESIAN_POINT ( 'NONE',  ( -34.83259671641276611, 7.826184199742217906, -7.426989078521721410 ) ) ;
#6272 = AXIS2_PLACEMENT_3D ( 'NONE', #2051, #6716, #4107 ) ;
#6273 = CARTESIAN_POINT ( 'NONE',  ( 52.58334681796853260, 1.035729973451060770, -14.14676134349690528 ) ) ;
#6274 = CARTESIAN_POINT ( 'NONE',  ( -119.4116356410420678, 6.272646385944229408, 1.959986551810388500 ) ) ;
#6275 = CARTESIAN_POINT ( 'NONE',  ( -5.500000000000000000, 3.575857766892257316E-15, 0.000000000000000000 ) ) ;
#6276 = CARTESIAN_POINT ( 'NONE',  ( -19.41508821987511269, 7.514067448103261881, -7.751981073734126149 ) ) ;
#6277 = CARTESIAN_POINT ( 'NONE',  ( -19.12408168022219712, 6.567460259022110058, -7.784130263630824054 ) ) ;
#6278 = CARTESIAN_POINT ( 'NONE',  ( -57.15187588002699215, 7.747743605033493353, -7.604706483296038044 ) ) ;
#6279 = CARTESIAN_POINT ( 'NONE',  ( -63.26628711540823957, 3.322961002370874439, -12.96321487426756747 ) ) ;
#6280 = CARTESIAN_POINT ( 'NONE',  ( -3.354050904382722464, 5.866708332047442909, -4.987777737788626098 ) ) ;
#6281 = CARTESIAN_POINT ( 'NONE',  ( -41.39963788848083226, 8.424936597480895628, -9.188649241236735321 ) ) ;
#6282 = CARTESIAN_POINT ( 'NONE',  ( -9.714451465470119729E-14, 5.622649730810450386, 0.000000000000000000 ) ) ;
#6283 = CARTESIAN_POINT ( 'NONE',  ( 1.693811841614871527, 4.371002829718467986, -6.505738971479602561 ) ) ;
#6284 = CARTESIAN_POINT ( 'NONE',  ( 2.555757551263492466, 6.030128407240847643, 5.874762450655395263 ) ) ;
#6285 = CARTESIAN_POINT ( 'NONE',  ( 89.79985093526492790, 4.454032234941873725, -8.404493232619682175 ) ) ;
#6286 = CARTESIAN_POINT ( 'NONE',  ( -119.2757927025920566, 6.461527001881947285, -2.185157613430034562 ) ) ;
#6287 = VERTEX_POINT ( 'NONE', #6597 ) ;
#6288 = CARTESIAN_POINT ( 'NONE',  ( -59.79707104110410398, 2.203472342926369620, 12.86580711524168841 ) ) ;
#6289 = ADVANCED_FACE ( 'NONE', ( #4050 ), #4505, .T. ) ;
#6290 = CARTESIAN_POINT ( 'NONE',  ( 6.499999999999915623, 13.00000000000006040, -7.960204194457811254E-16 ) ) ;
#6291 = CARTESIAN_POINT ( 'NONE',  ( -52.83818797207788975, 8.116383419118252007, -8.150624632689101645 ) ) ;
#6292 = VERTEX_POINT ( 'NONE', #1482 ) ;
#6293 = ORIENTED_EDGE ( 'NONE', *, *, #272, .F. ) ;
#6294 = CARTESIAN_POINT ( 'NONE',  ( -45.61180621171424576, -1.653893972319142591, 18.21894108545485125 ) ) ;
#6295 = CARTESIAN_POINT ( 'NONE',  ( -6.009711414781757632, 3.614253718572341345, 0.4252670590600841627 ) ) ;
#6296 = CARTESIAN_POINT ( 'NONE',  ( 78.20267020203087327, 7.332381239866762712, 6.525427414286260053 ) ) ;
#6297 = CARTESIAN_POINT ( 'NONE',  ( 117.4992811568983910, 6.539688881087315941, 4.378795126189302778 ) ) ;
#6298 = CARTESIAN_POINT ( 'NONE',  ( 16.28485894812024881, 7.194621226942463643, 7.208709683986495698 ) ) ;
#6299 = CARTESIAN_POINT ( 'NONE',  ( -114.8737440387751150, 5.574259378933096087, 3.822893939002226738 ) ) ;
#6300 = CARTESIAN_POINT ( 'NONE',  ( 36.63861241669796698, 8.799988484666194211, 9.603125648012467153 ) ) ;
#6301 = B_SPLINE_CURVE_WITH_KNOTS ( 'NONE', 3,
 ( #4780, #5810, #4853, #3187 ),
 .UNSPECIFIED., .F., .F.,
 ( 4, 4 ),
 ( 0.000000000000000000, 8.983564849744450187E-05 ),
 .UNSPECIFIED. ) ;
#6302 = CARTESIAN_POINT ( 'NONE',  ( 69.83394462869557628, 7.450749665392676135, 6.953291781901146607 ) ) ;
#6303 = EDGE_CURVE ( 'NONE', #6292, #4871, #842, .T. ) ;
#6304 = CARTESIAN_POINT ( 'NONE',  ( 127.2058486938476563, 5.916887672124687469, 4.337222576141350316 ) ) ;
#6305 = CARTESIAN_POINT ( 'NONE',  ( -34.89419016574344568, 9.312241092421798427, -11.26232337951659446 ) ) ;
#6306 = CARTESIAN_POINT ( 'NONE',  ( 71.70514083907099234, 1.728878360440111672, -13.44813993325251644 ) ) ;
#6307 = EDGE_LOOP ( 'NONE', ( #2768, #6668, #5619, #1451, #2004, #908, #5093, #5955, #6085 ) ) ;
#6308 = CARTESIAN_POINT ( 'NONE',  ( 118.4498136589096191, 6.503646144243321103, 3.687051861845457523 ) ) ;
#6309 = CARTESIAN_POINT ( 'NONE',  ( -28.95989703522317882, 6.610909686146547060, -9.727769193870834386 ) ) ;
#6310 = CARTESIAN_POINT ( 'NONE',  ( -19.07326500565978122, 0.7109554245243940862, 13.29765819386918579 ) ) ;
#6311 = CARTESIAN_POINT ( 'NONE',  ( -117.5697583495534957, 3.109230276919242808, -10.53608989715574040 ) ) ;
#6312 = FACE_OUTER_BOUND ( 'NONE', #539, .T. ) ;
#6313 = DIRECTION ( 'NONE',  ( 0.9971738158507372773, -0.06678880025382261110, 0.03440402799579051624 ) ) ;
#6314 = CARTESIAN_POINT ( 'NONE',  ( -18.14585098562597665, 1.899941911369324554, 12.28308533572815620 ) ) ;
#6315 = CARTESIAN_POINT ( 'NONE',  ( 4.801962602271269809, 6.483133899094918107, 6.234199713410452759 ) ) ;
#6316 = CARTESIAN_POINT ( 'NONE',  ( -2.558324417422236596, 6.486832020799945475, -6.002003839226405901 ) ) ;
#6317 = CARTESIAN_POINT ( 'NONE',  ( -11.64962482915951369, 7.912368322448657842, -8.098406791687008166 ) ) ;
#6318 = CARTESIAN_POINT ( 'NONE',  ( 41.68944583315846586, -0.9597778990051698544, -17.32554551877791482 ) ) ;
#6319 = CARTESIAN_POINT ( 'NONE',  ( -119.3023602695731711, 6.459528879387957723, -2.111969778423011590 ) ) ;
#6320 = ORIENTED_EDGE ( 'NONE', *, *, #735, .F. ) ;
#6321 = DIRECTION ( 'NONE',  ( 0.000000000000000000, 0.000000000000000000, -1.000000000000000000 ) ) ;
#6322 = CARTESIAN_POINT ( 'NONE',  ( -4.521825272382105965, 8.134238917274156933, -3.941441941309479446 ) ) ;
#6323 = CARTESIAN_POINT ( 'NONE',  ( -31.71981087975712299, 8.825708861564367069, -9.573435794880843730 ) ) ;
#6324 = CARTESIAN_POINT ( 'NONE',  ( 8.356351852416992188, 2.780909569440790374, 10.54588317871093750 ) ) ;
#6325 = ORIENTED_EDGE ( 'NONE', *, *, #834, .F. ) ;
#6326 = CARTESIAN_POINT ( 'NONE',  ( -64.96971503444888185, 3.068734098608881578, 12.40608929050959830 ) ) ;
#6327 = CARTESIAN_POINT ( 'NONE',  ( -2.899775874731487679, 5.933165196544618603, -5.719887968397861400 ) ) ;
#6328 = CARTESIAN_POINT ( 'NONE',  ( 71.85766947272460925, 7.625559403333310726, 6.850607612360544607 ) ) ;
#6329 = CARTESIAN_POINT ( 'NONE',  ( -9.714451465470119729E-14, -0.5000000000000177636, 0.000000000000000000 ) ) ;
#6330 = CARTESIAN_POINT ( 'NONE',  ( 24.57894449029206640, 7.934781323065227099, 8.819129092502791423 ) ) ;
#6331 = CARTESIAN_POINT ( 'NONE',  ( -116.4610663759232949, 6.207728635649870874, 3.380733085404921123 ) ) ;
#6332 = FACE_OUTER_BOUND ( 'NONE', #777, .T. ) ;
#6333 = FACE_OUTER_BOUND ( 'NONE', #1330, .T. ) ;
#6334 = CIRCLE ( 'NONE', #2475, 5.500000000000000000 ) ;
#6335 = CARTESIAN_POINT ( 'NONE',  ( 5.446531207224671434, 7.484550890691507696, -2.536439545761298930 ) ) ;
#6336 = CARTESIAN_POINT ( 'NONE',  ( -55.20418592119779078, 4.738865733797803514, 7.232591152191170991 ) ) ;
#6337 = CARTESIAN_POINT ( 'NONE',  ( 31.05264018645249280, -3.426977738465542433, -19.72107283028861957 ) ) ;
#6338 = EDGE_CURVE ( 'NONE', #6703, #3262, #3157, .T. ) ;
#6339 = EDGE_LOOP ( 'NONE', ( #3863, #1256, #6410, #6064, #2250 ) ) ;
#6340 = CARTESIAN_POINT ( 'NONE',  ( 118.8191799785183917, 6.536230134441196604, 3.346420964068397730 ) ) ;
#6341 = CARTESIAN_POINT ( 'NONE',  ( -22.53328473117825226, 7.788599709081936773, -8.333977472267342534 ) ) ;
#6342 = CARTESIAN_POINT ( 'NONE',  ( 3.948435407369923045, 4.823605589434685648, -6.956386809407369753 ) ) ;
#6343 = CARTESIAN_POINT ( 'NONE',  ( 2.930017073069314471, 3.722479831309852827, -5.629960636790615425 ) ) ;
#6344 = CARTESIAN_POINT ( 'NONE',  ( -2.556138719710416396, 5.935245017743099538, -5.753851633149148270 ) ) ;
#6345 = CARTESIAN_POINT ( 'NONE',  ( -6.006691533705492247, 3.895516159534448519, 0.4464345158384697143 ) ) ;
#6346 = DIRECTION ( 'NONE',  ( 0.9018229740163640207, 0.3767165635374835619, -0.2116599969120042946 ) ) ;
#6347 = CARTESIAN_POINT ( 'NONE',  ( -18.81227630298928588, 1.881365048626617131, 13.06637199990390741 ) ) ;
#6348 = CARTESIAN_POINT ( 'NONE',  ( 6.892637129246050876, 6.411921174450028182, 5.999398875071005222 ) ) ;
#6349 = DIRECTION ( 'NONE',  ( -0.000000000000000000, -1.000000000000000000, -0.000000000000000000 ) ) ;
#6350 = CARTESIAN_POINT ( 'NONE',  ( -2.220371775194864394, 11.15753732739437964, -13.91060161590575994 ) ) ;
#6351 = CARTESIAN_POINT ( 'NONE',  ( 61.83712009210168503, 2.515868319558671740, -12.85450812214075711 ) ) ;
#6352 = DIRECTION ( 'NONE',  ( 0.9946696815923687929, -0.09408538319681013229, 0.04219200385908605105 ) ) ;
#6353 = ORIENTED_EDGE ( 'NONE', *, *, #3403, .T. ) ;
#6354 = CARTESIAN_POINT ( 'NONE',  ( -6.110840580986818260, 6.490402116711857516, -6.118751097737302302 ) ) ;
#6355 = CARTESIAN_POINT ( 'NONE',  ( 119.6812091485984411, 6.400479472236278333, 1.299485808402898401 ) ) ;
#6356 = CARTESIAN_POINT ( 'NONE',  ( -9.862651477947693479, 7.543293019907268970, -6.390094146820443299 ) ) ;
#6357 = CARTESIAN_POINT ( 'NONE',  ( 126.9317321777343750, 5.335521371541801727, 6.109177589416496801 ) ) ;
#6358 = ORIENTED_EDGE ( 'NONE', *, *, #6548, .F. ) ;
#6359 = CARTESIAN_POINT ( 'NONE',  ( -59.78614407886959015, 2.613106607816456872, 13.14735756245492659 ) ) ;
#6360 = CARTESIAN_POINT ( 'NONE',  ( -5.858628600331598157, 3.766286158826428032, 1.399609540214714842 ) ) ;
#6361 = CARTESIAN_POINT ( 'NONE',  ( 1.942288116658877462, 4.011703575194052185, -6.251761327870812401 ) ) ;
#6362 = CARTESIAN_POINT ( 'NONE',  ( 37.08173196912662206, 8.626087031012220407, 9.514637391829239732 ) ) ;
#6363 = CARTESIAN_POINT ( 'NONE',  ( 40.33120850053260398, 8.115223177173447766, 9.283700530281262076 ) ) ;
#6364 = CARTESIAN_POINT ( 'NONE',  ( -118.9441618633066184, 5.982236811959636746, 2.140622878567769227 ) ) ;
#6365 = CARTESIAN_POINT ( 'NONE',  ( -3.044795168441710942, 5.842992644977756278, 5.182017950275010776 ) ) ;
#6366 = AXIS2_PLACEMENT_3D ( 'NONE', #5608, #875, #4574 ) ;
#6367 = CARTESIAN_POINT ( 'NONE',  ( 101.4804428328253891, 6.715091522859863993, 5.374287979232953205 ) ) ;
#6368 = VERTEX_POINT ( 'NONE', #5096 ) ;
#6369 = ADVANCED_FACE ( 'NONE', ( #934 ), #5570, .T. ) ;
#6370 = CARTESIAN_POINT ( 'NONE',  ( 6.134577792695880660, 8.689497836302329858, 1.271145294716339080 ) ) ;
#6371 = CARTESIAN_POINT ( 'NONE',  ( 116.8749227609650205, 6.284014352495247202, 4.580598064386772528 ) ) ;
#6372 = CARTESIAN_POINT ( 'NONE',  ( 26.58577041259232132, -1.063438525729080153, -16.58872613640985705 ) ) ;
#6373 = ORIENTED_EDGE ( 'NONE', *, *, #5027, .T. ) ;
#6374 = CARTESIAN_POINT ( 'NONE',  ( 20.26108022898576166, 0.9100063268370313097, -13.96226250056589002 ) ) ;
#6375 = AXIS2_PLACEMENT_3D ( 'NONE', #5284, #3136, #6824 ) ;
#6376 = DIRECTION ( 'NONE',  ( -0.04837910856664727477, -0.3233671531846838976, -0.9450360554473727914 ) ) ;
#6377 = CARTESIAN_POINT ( 'NONE',  ( 21.12925464845470458, 0.9817925134678244792, -14.48104332630277824 ) ) ;
#6378 = CARTESIAN_POINT ( 'NONE',  ( 1.952796054122662106, 5.417591386400208542, -6.106718297155747877 ) ) ;
#6379 = DIRECTION ( 'NONE',  ( 0.000000000000000000, 0.000000000000000000, -1.000000000000000000 ) ) ;
#6380 = CARTESIAN_POINT ( 'NONE',  ( 109.3773111028169751, 2.868973593771126485, -10.46391847601400293 ) ) ;
#6381 = FACE_OUTER_BOUND ( 'NONE', #3448, .T. ) ;
#6382 = CARTESIAN_POINT ( 'NONE',  ( -6.048010108299099130, 8.106124564193864401, 1.723417125123974269 ) ) ;
#6383 = CARTESIAN_POINT ( 'NONE',  ( -15.61196126380298566, 2.486137398303680079, 11.16213886597499538 ) ) ;
#6384 = CARTESIAN_POINT ( 'NONE',  ( 6.522351689647465811, 3.884372286222649073, -7.244114921249004801 ) ) ;
#6385 = CARTESIAN_POINT ( 'NONE',  ( -5.591171541339373441, 4.319359511142971009, -3.000821893008089436 ) ) ;
#6386 = CARTESIAN_POINT ( 'NONE',  ( 2.350777522855339363, 5.710731760752492114, 5.529830730183671328 ) ) ;
#6387 = CARTESIAN_POINT ( 'NONE',  ( 23.82540072209437199, 0.2345884041187769053, -15.73498671015836869 ) ) ;
#6388 = FACE_OUTER_BOUND ( 'NONE', #3316, .T. ) ;
#6389 = ORIENTED_EDGE ( 'NONE', *, *, #5228, .T. ) ;
#6390 = CARTESIAN_POINT ( 'NONE',  ( -5.103036590629383973, 6.664093039748873792, -6.260390235647005142 ) ) ;
#6391 = ADVANCED_FACE ( 'NONE', ( #6121 ), #349, .T. ) ;
#6392 = CARTESIAN_POINT ( 'NONE',  ( -118.1632232384409633, 6.500379792482783969, -3.619773771872421886 ) ) ;
#6393 = B_SPLINE_SURFACE_WITH_KNOTS ( 'NONE', 3, 3, ( 
 ( #1138, #6350, #3253, #512, #108, #3290, #4324, #4, #5362, #620, #3218, #2729 ),
 ( #5330, #5397, #4882, #2135, #3732, #5840, #6420, #4361, #2623, #4737, #5253, #5769 ),
 ( #584, #5908, #1065, #3143, #5293, #659, #2693, #4290, #1689, #1177, #142, #2242 ),
 ( #1549, #2102, #3179, #4222, #6317, #1583, #549, #2658, #3163, #2048, #4171, #5210 ),
 ( #2644, #465, #4239, #3656, #498, #1568, #5178, #5241, #4104, #4685, #3066, #2607 ),
 ( #536, #5724, #5755, #435, #2538, #2571, #2088, #4719, #2122, #987, #6745, #2016 ),
 ( #5690, #3131, #6305, #6778, #6271, #6205, #4757, #3687, #5789, #5274, #1535, #570 ),
 ( #4208, #1018, #1604, #4655, #6817, #1051, #1469, #23, #6336, #3719, #5823, #1088 ),
 ( #3200, #5314, #2679, #4793, #56, #4136, #3589, #954, #6235, #1502, #3622, #3098 ),
 ( #2785, #1744, #3895, #3350, #3383, #1711, #6000, #4416, #4347, #4901, #5481, #1639 ),
 ( #2262, #641, #681, #161, #5449, #747, #5894, #1266, #5966, #2855, #5350, #3825 ),
 ( #1125, #2193, #4379, #6440, #4972, #1233, #5930, #2155, #4276, #94, #605, #1780 ) ),
 .UNSPECIFIED., .F., .F., .F.,
 ( 4, 1, 1, 1, 1, 1, 1, 1, 1, 4 ),
 ( 4, 1, 1, 1, 1, 1, 1, 1, 1, 4 ),
 ( 0.000000000000000000, 0.05188190191984176636, 0.06485237926244735718, 0.08636341243982315063, 0.1132533699274063110, 0.2037699967622756958, 0.3333333432674407959, 0.6666666865348815918, 0.9027069807052612305, 1.000000000000000000 ),
 ( 0.000000000000000000, 0.1259855031967163086, 0.1574818938970565796, 0.1749367564916610718, 0.2014939337968826294, 0.3333333432674407959, 0.4213795065879821777, 0.5193362236022949219, 0.6666666865348815918, 1.000000000000000000 ),
 .UNSPECIFIED. ) ;
#6394 = CARTESIAN_POINT ( 'NONE',  ( -8.050094414692031464, 7.351989914390459013, -6.178269434488787404 ) ) ;
#6395 = CARTESIAN_POINT ( 'NONE',  ( 30.33986473083496449, 3.212104351697847360, 14.42791557312011541 ) ) ;
#6396 = VERTEX_POINT ( 'NONE', #2455 ) ;
#6397 = CARTESIAN_POINT ( 'NONE',  ( -44.62981656833011357, -1.902199177696157317, 18.46723141984771743 ) ) ;
#6398 = CARTESIAN_POINT ( 'NONE',  ( -5.282208647549864189, 4.586515538046088025, -2.883553788213769842 ) ) ;
#6399 = CARTESIAN_POINT ( 'NONE',  ( 118.0638456333173991, 6.217797650463327663, 3.994836790874030985 ) ) ;
#6400 = CARTESIAN_POINT ( 'NONE',  ( -5.500000000000096811, 12.99999999999999822, 0.000000000000000000 ) ) ;
#6401 = CARTESIAN_POINT ( 'NONE',  ( -56.69111243947646273, 2.259842161672751981, 13.65643229010298221 ) ) ;
#6402 = CARTESIAN_POINT ( 'NONE',  ( 71.93169012691011233, 7.411099575648385951, 6.845395198089796018 ) ) ;
#6403 = CARTESIAN_POINT ( 'NONE',  ( -118.9523057282779916, 6.468002541680158757, 2.257788702986206264 ) ) ;
#6404 = CARTESIAN_POINT ( 'NONE',  ( 106.3013547861862094, 8.907647282502145103, 5.234163007705713078 ) ) ;
#6405 = CARTESIAN_POINT ( 'NONE',  ( 16.33677193731691091, 7.424239531333982178, 7.359584837613106778 ) ) ;
#6406 = EDGE_LOOP ( 'NONE', ( #3771, #5024, #2533 ) ) ;
#6407 = CARTESIAN_POINT ( 'NONE',  ( 5.021734756771101260, 7.198137261855127811, -3.859332959412068220 ) ) ;
#6408 = CARTESIAN_POINT ( 'NONE',  ( -9.714451465470119729E-14, -42.18829223128360439, 0.000000000000000000 ) ) ;
#6409 = CARTESIAN_POINT ( 'NONE',  ( 35.64421999698518562, -1.996414038800914392, -18.45306105498805493 ) ) ;
#6410 = ORIENTED_EDGE ( 'NONE', *, *, #5632, .T. ) ;
#6411 = EDGE_CURVE ( 'NONE', #4483, #361, #745, .T. ) ;
#6412 = CARTESIAN_POINT ( 'NONE',  ( 11.45642100051033374, 3.348569824917850823, -9.108617124027428957 ) ) ;
#6413 = CARTESIAN_POINT ( 'NONE',  ( -5.840472074860296736, 6.418274950331984030, -6.046231185564336030 ) ) ;
#6414 = CARTESIAN_POINT ( 'NONE',  ( 20.39355921776564173, 1.403294856574760274, -14.03875938981643046 ) ) ;
#6415 = CARTESIAN_POINT ( 'NONE',  ( 3.821593149983781856, 3.424837052677832894, -4.637237558813039229 ) ) ;
#6416 = CARTESIAN_POINT ( 'NONE',  ( 116.7226324671357247, 2.203279423318101671, -12.49862220204407670 ) ) ;
#6417 = CARTESIAN_POINT ( 'NONE',  ( 107.6130928561599660, 6.396135750127561082, 5.566378864409577076 ) ) ;
#6418 = CARTESIAN_POINT ( 'NONE',  ( 118.0479548684999855, 6.218706205558550693, 4.005416742015023956 ) ) ;
#6419 = CARTESIAN_POINT ( 'NONE',  ( -15.94705648079427363, 3.194370536432003860, 11.24485782750671703 ) ) ;
#6420 = CARTESIAN_POINT ( 'NONE',  ( -1.859807206579586980, 3.529300784174101757, -3.625551462173461470 ) ) ;
#6421 = CARTESIAN_POINT ( 'NONE',  ( -2.498320198843666518, 6.015307248504303317, -5.850254780704759128 ) ) ;
#6422 = CARTESIAN_POINT ( 'NONE',  ( -119.4190087670156402, 6.435861592894054795, -1.495542482732540757 ) ) ;
#6423 = ORIENTED_EDGE ( 'NONE', *, *, #1865, .T. ) ;
#6424 = CARTESIAN_POINT ( 'NONE',  ( 2.292834572912449964, 6.759090141320682754, 5.761252895578614641 ) ) ;
#6425 = CYLINDRICAL_SURFACE ( 'NONE', #415, 4.000000000000020428 ) ;
#6426 = CARTESIAN_POINT ( 'NONE',  ( -12.98571155019449641, 7.696707630145747991, -6.822028775585553539 ) ) ;
#6427 = CARTESIAN_POINT ( 'NONE',  ( 50.40038299560546875, 8.632981331525705571, 7.558977603912350851 ) ) ;
#6428 = ORIENTED_EDGE ( 'NONE', *, *, #3850, .F. ) ;
#6429 = CARTESIAN_POINT ( 'NONE',  ( -24.78738811124804542, -1.501935611808676851, 17.75249262622309487 ) ) ;
#6430 = CARTESIAN_POINT ( 'NONE',  ( -17.79268798386670269, 7.924988736441011206, -7.616692462199592839 ) ) ;
#6431 = CARTESIAN_POINT ( 'NONE',  ( 119.6881566198786828, 6.116970862310002310, 1.181039277619514660 ) ) ;
#6432 = CARTESIAN_POINT ( 'NONE',  ( 69.74139680907472894, 7.763871117703110336, 6.863108415127532780 ) ) ;
#6433 = CARTESIAN_POINT ( 'NONE',  ( -49.58716449201452292, 1.138116337774819575, 15.12709149351112714 ) ) ;
#6434 = CARTESIAN_POINT ( 'NONE',  ( 76.13862999163191603, 7.084908634103827652, 6.435290790467096400 ) ) ;
#6435 = B_SPLINE_CURVE_WITH_KNOTS ( 'NONE', 3,
 ( #6622, #1447, #3565, #6653, #4043, #5665, #1990, #5153, #31, #3727, #409, #545, #5287, #928, #3598, #1511, #6345, #6244, #3041, #1544, #1612, #2580, #2653, #4250, #4147, #3631, #3108, #5187, #6826, #1060, #6280, #4632, #2515, #1578 ),
 .UNSPECIFIED., .F., .F.,
 ( 4, 2, 2, 2, 2, 2, 2, 2, 2, 2, 2, 2, 2, 2, 2, 2, 4 ),
 ( 2.168404344971008868E-19, 0.001919909440279718308, 0.002879864160419577136, 0.003839818880559436182, 0.004319796240629365271, 0.004799773600699295227, 0.005759728320839156007, 0.006719683040979017655, 0.007679637761118879302, 0.008639592481258739215, 0.009599547201398600862, 0.01055950192153846078, 0.01151945664167832242, 0.01247941136181818407, 0.01343936608195804398, 0.01439932080209790390, 0.01535927552223776207 ),
 .UNSPECIFIED. ) ;
#6436 = CARTESIAN_POINT ( 'NONE',  ( -102.4827031208471482, 3.550339237111015400, 10.18433914087801817 ) ) ;
#6437 = CARTESIAN_POINT ( 'NONE',  ( 60.33733928943591707, 8.841536919050467347, 7.381458514917739855 ) ) ;
#6438 = CARTESIAN_POINT ( 'NONE',  ( -2.286143547768263673, 6.422752542308495904, -5.548713629322336693 ) ) ;
#6439 = CARTESIAN_POINT ( 'NONE',  ( 5.205974143316562497, 7.332466859302392059, -3.596382279312236196 ) ) ;
#6440 = CARTESIAN_POINT ( 'NONE',  ( -127.2100476736310384, 6.503953917459201151, -4.337222576141336106 ) ) ;
#6441 = CARTESIAN_POINT ( 'NONE',  ( 25.89410971230067915, -0.4457856087542665935, -16.61020527514984835 ) ) ;
#6442 = EDGE_CURVE ( 'NONE', #2821, #5451, #2128, .T. ) ;
#6443 = EDGE_LOOP ( 'NONE', ( #3241, #5470, #5420 ) ) ;
#6444 = DIRECTION ( 'NONE',  ( 0.000000000000000000, -0.4999999999999960032, -0.8660254037844409281 ) ) ;
#6445 = CARTESIAN_POINT ( 'NONE',  ( -119.6908237288210728, 7.172108644032666902, -1.141589159909832230 ) ) ;
#6446 = CARTESIAN_POINT ( 'NONE',  ( 9.512730181538710639, 4.528000321832746700, -8.251583952612161710 ) ) ;
#6447 = CARTESIAN_POINT ( 'NONE',  ( -2.561401059568113592, 6.056791761177731992, -5.891683887301049971 ) ) ;
#6448 = CIRCLE ( 'NONE', #1420, 1.000000000000014877 ) ;
#6449 = CARTESIAN_POINT ( 'NONE',  ( 116.2865942672085140, 2.220368551032982474, -12.39053283990479315 ) ) ;
#6450 = CARTESIAN_POINT ( 'NONE',  ( 119.6357839115960360, 6.146857875615955535, 1.794461359692037350 ) ) ;
#6451 = CARTESIAN_POINT ( 'NONE',  ( 119.4639858596667352, 6.521243784006292010, 0.5094319683761971973 ) ) ;
#6452 = DIRECTION ( 'NONE',  ( 0.000000000000000000, 0.000000000000000000, -1.000000000000000000 ) ) ;
#6453 = CARTESIAN_POINT ( 'NONE',  ( -12.70448538910640224, 9.643309890426358777, -5.350296020507809835 ) ) ;
#6454 = CARTESIAN_POINT ( 'NONE',  ( -9.145769652570018948, 7.584904364906082996, -6.226752226474261853 ) ) ;
#6455 = CARTESIAN_POINT ( 'NONE',  ( -119.4057386332288644, 6.443180356164647016, -1.651556919639263654 ) ) ;
#6456 = CARTESIAN_POINT ( 'NONE',  ( -117.9126708841369151, 6.514187814418250788, -3.810107055219822403 ) ) ;
#6457 = CARTESIAN_POINT ( 'NONE',  ( -10.38794226785144303, 7.460708928370557658, -6.456878460215448534 ) ) ;
#6458 = CARTESIAN_POINT ( 'NONE',  ( 4.858165740966792434, -1.526285617174196751, 14.22724914550781250 ) ) ;
#6459 = ORIENTED_EDGE ( 'NONE', *, *, #4994, .F. ) ;
#6460 = CARTESIAN_POINT ( 'NONE',  ( -35.68941992506452721, -2.205603867326213052, 18.12566419723181355 ) ) ;
#6461 = CARTESIAN_POINT ( 'NONE',  ( -8.431430686615144054, 7.371550667501005627, -6.219347543824484958 ) ) ;
#6462 = CARTESIAN_POINT ( 'NONE',  ( 119.4126079017205200, 5.885855058329313216, 1.517543997240737852 ) ) ;
#6463 = CARTESIAN_POINT ( 'NONE',  ( 30.67320430676276288, 8.846449069574150670, 9.440261471675940541 ) ) ;
#6464 = CIRCLE ( 'NONE', #3494, 0.2500000000000001110 ) ;
#6465 = CARTESIAN_POINT ( 'NONE',  ( -28.05456372110574037, -0.9846017689397995598, 17.43223023537741767 ) ) ;
#6466 = CARTESIAN_POINT ( 'NONE',  ( 101.4764608235924328, 6.502484270001636979, 5.372983075858322799 ) ) ;
#6467 = CARTESIAN_POINT ( 'NONE',  ( -104.0482756574544823, 3.565492645625122581, 10.12120428874064260 ) ) ;
#6468 = CARTESIAN_POINT ( 'NONE',  ( -5.704005927881119931, 8.755673074987287308, -1.868643315665092786 ) ) ;
#6469 = CARTESIAN_POINT ( 'NONE',  ( -1.738599589686031344, 5.241696373199998149, 5.745194716322523654 ) ) ;
#6470 = EDGE_CURVE ( 'NONE', #6023, #3237, #5117, .T. ) ;
#6471 = ADVANCED_FACE ( 'NONE', ( #4985 ), #4253, .T. ) ;
#6472 = CARTESIAN_POINT ( 'NONE',  ( 1.758566333271651017, 3.985232280978214803, -5.833559861126787816 ) ) ;
#6473 = CARTESIAN_POINT ( 'NONE',  ( 36.16362480423951808, -2.327895061670798960, -18.08057812655875907 ) ) ;
#6474 = VERTEX_POINT ( 'NONE', #1311 ) ;
#6475 = CARTESIAN_POINT ( 'NONE',  ( 21.12045698038091146, 0.9598531547844169065, -14.47614376670148850 ) ) ;
#6476 = CARTESIAN_POINT ( 'NONE',  ( -119.6538031379699021, 6.574991189346028442, 0.7260922270005756296 ) ) ;
#6477 = CARTESIAN_POINT ( 'NONE',  ( 16.50443083065425753, 2.709601400868332011, -11.69002531994898675 ) ) ;
#6478 = CARTESIAN_POINT ( 'NONE',  ( 5.661007361884481170, 3.337869031897922945, -2.699038686990576252 ) ) ;
#6479 = AXIS2_PLACEMENT_3D ( 'NONE', #3082, #5842, #3670 ) ;
#6480 = CARTESIAN_POINT ( 'NONE',  ( -2.296585049661185707, 6.242561522833404375, -5.739035131599489858 ) ) ;
#6481 = CARTESIAN_POINT ( 'NONE',  ( 113.1053085904730438, 4.922896153316571599, -4.307065503677963925 ) ) ;
#6482 = CARTESIAN_POINT ( 'NONE',  ( 4.833314381971867135, 6.556947775104447373, 6.323368891769274747 ) ) ;
#6483 = CIRCLE ( 'NONE', #6592, 0.2499999999999999722 ) ;
#6484 = CARTESIAN_POINT ( 'NONE',  ( -5.727346190413974192, 7.781789770395660000, 2.636372906366837299 ) ) ;
#6485 = CARTESIAN_POINT ( 'NONE',  ( -2.033691797305035465, 4.129597686841273152, 6.580723151616790112 ) ) ;
#6486 = CARTESIAN_POINT ( 'NONE',  ( -119.6845943661739540, 6.676295914649547747, -1.301557358227109606 ) ) ;
#6487 = CIRCLE ( 'NONE', #3519, 0.2500000000000001665 ) ;
#6488 = CARTESIAN_POINT ( 'NONE',  ( -50.17129719328604409, 9.350845235889872598, -3.283983230590811431 ) ) ;
#6489 = CARTESIAN_POINT ( 'NONE',  ( -88.79408721229020784, 7.743685877781371296, -5.841277003274522706 ) ) ;
#6490 = CARTESIAN_POINT ( 'NONE',  ( -119.6558282571581202, 6.694191901420229129, -1.667793246011127328 ) ) ;
#6491 = CARTESIAN_POINT ( 'NONE',  ( -22.52401986416070301, 7.787703168809449572, -8.332300609918814160 ) ) ;
#6492 = CARTESIAN_POINT ( 'NONE',  ( 50.57738164586912433, 0.6969784848364163343, -14.59134784944709118 ) ) ;
#6493 = CARTESIAN_POINT ( 'NONE',  ( 20.37263341301813568, 1.238566349832095348, -14.02716956213999566 ) ) ;
#6494 = AXIS2_PLACEMENT_3D ( 'NONE', #2061, #5801, #1103 ) ;
#6495 = CARTESIAN_POINT ( 'NONE',  ( 62.79536056518554688, 8.740590841947447842, 2.580212593078609729 ) ) ;
#6496 = EDGE_LOOP ( 'NONE', ( #6709, #5264, #2661 ) ) ;
#6497 = CARTESIAN_POINT ( 'NONE',  ( -31.51368352883540780, -1.730610131840954358, 18.31249166993146105 ) ) ;
#6498 = CARTESIAN_POINT ( 'NONE',  ( -6.092324742788687075, 7.108212505972066886, -6.123976418645433739 ) ) ;
#6499 = EDGE_CURVE ( 'NONE', #1348, #5911, #565, .T. ) ;
#6500 = CARTESIAN_POINT ( 'NONE',  ( 119.4048737989589455, 5.915964426968095324, 2.512641100640285341 ) ) ;
#6501 = CARTESIAN_POINT ( 'NONE',  ( 59.16963523504493594, 7.992567390516758685, 7.531446140653099697 ) ) ;
#6502 = CARTESIAN_POINT ( 'NONE',  ( 78.22581711486357392, 7.331849881716695272, 6.524202146116433454 ) ) ;
#6503 = CARTESIAN_POINT ( 'NONE',  ( 101.4647547660450755, 6.469873211223717391, 5.163159393528827579 ) ) ;
#6504 = CARTESIAN_POINT ( 'NONE',  ( -112.9189253590811148, 3.051444038972727757, 11.30528120265223890 ) ) ;
#6505 = CARTESIAN_POINT ( 'NONE',  ( -5.248872709279554627, 7.678877184175489035, 2.920666594438253494 ) ) ;
#6506 = AXIS2_PLACEMENT_3D ( 'NONE', #6720, #4179, #4215 ) ;
#6507 = CARTESIAN_POINT ( 'NONE',  ( -28.05953493294716594, -1.371591107304043655, 17.12130378317370827 ) ) ;
#6508 = CARTESIAN_POINT ( 'NONE',  ( -9.714451465470119729E-14, -0.5000000000000177636, 0.000000000000000000 ) ) ;
#6509 = CARTESIAN_POINT ( 'NONE',  ( 23.81621395206998315, -0.1641732913018493223, -15.44097503666054294 ) ) ;
#6510 = ORIENTED_EDGE ( 'NONE', *, *, #3295, .F. ) ;
#6511 = CARTESIAN_POINT ( 'NONE',  ( 14.10784514967111214, 2.874399722104484578, -10.02247447634647060 ) ) ;
#6512 = DIRECTION ( 'NONE',  ( -0.000000000000000000, -1.000000000000000000, -0.000000000000000000 ) ) ;
#6513 = CARTESIAN_POINT ( 'NONE',  ( -119.6438708799903878, 6.666007948829787644, 1.394797002795845842 ) ) ;
#6514 = CARTESIAN_POINT ( 'NONE',  ( -8.145883977858776603, 4.058926643773641096, 7.891403497220363938 ) ) ;
#6515 = CARTESIAN_POINT ( 'NONE',  ( 5.210322846636386451, 4.239082573366617090, 2.995578966916176977 ) ) ;
#6516 = CARTESIAN_POINT ( 'NONE',  ( 23.39563179016113992, 11.43835595387070292, 15.50873851776122869 ) ) ;
#6517 = CARTESIAN_POINT ( 'NONE',  ( 113.8807740714669876, 5.439590049461154209, -4.285979712257929286 ) ) ;
#6518 = CARTESIAN_POINT ( 'NONE',  ( 5.850485241569195694, 6.465724614187403851, 6.140795900925638762 ) ) ;
#6519 = CARTESIAN_POINT ( 'NONE',  ( 4.915492743137085618, 8.298937655581545059, 3.444304295412488059 ) ) ;
#6520 = CIRCLE ( 'NONE', #1993, 0.2500000000000000555 ) ;
#6521 = CARTESIAN_POINT ( 'NONE',  ( -119.7007497547500776, 6.605695439929752943, -0.3204698691717461356 ) ) ;
#6522 = CARTESIAN_POINT ( 'NONE',  ( -63.02789777441848429, 8.761642604917401655, -6.386036872863757985 ) ) ;
#6523 = CARTESIAN_POINT ( 'NONE',  ( -1.980144823849431468, 3.876812049995275178, 5.851952450373539172 ) ) ;
#6524 = CARTESIAN_POINT ( 'NONE',  ( -119.6108031477866263, 6.703148273047064620, -1.927281889739531406 ) ) ;
#6525 = CARTESIAN_POINT ( 'NONE',  ( -24.56332571677265619, 8.199184456015741418, -8.818429824563361663 ) ) ;
#6526 = CARTESIAN_POINT ( 'NONE',  ( 0.000000000000000000, 12.99999999999999822, -6.500000000000000888 ) ) ;
#6527 = CARTESIAN_POINT ( 'NONE',  ( -9.714451465470119729E-14, 5.622649730810450386, 0.000000000000000000 ) ) ;
#6528 = CARTESIAN_POINT ( 'NONE',  ( 0.7147911787033106590, 7.484252275405840038, 5.650328636169433594 ) ) ;
#6529 = ORIENTED_EDGE ( 'NONE', *, *, #4904, .T. ) ;
#6530 = CARTESIAN_POINT ( 'NONE',  ( -29.36862242906614995, -2.952582572902349156, 19.37348237044726673 ) ) ;
#6531 = CARTESIAN_POINT ( 'NONE',  ( -103.5900333726903000, 7.166414974519770276, -5.314982987699210071 ) ) ;
#6532 = EDGE_CURVE ( 'NONE', #3704, #2923, #2041, .T. ) ;
#6533 = CARTESIAN_POINT ( 'NONE',  ( 119.6525876690681685, 6.141986260103800888, 1.667793246013193897 ) ) ;
#6534 = CARTESIAN_POINT ( 'NONE',  ( 34.90128047093410402, 8.798599595591678479, 9.593815468819315129 ) ) ;
#6535 = CARTESIAN_POINT ( 'NONE',  ( -1.745126490335559666, 4.170181926580706744, 5.744718187431995027 ) ) ;
#6536 = CARTESIAN_POINT ( 'NONE',  ( -113.2034160338604778, 6.747068596861086398, -5.331755808619947246 ) ) ;
#6537 = EDGE_LOOP ( 'NONE', ( #5352, #975, #2074, #3653, #2230, #3087 ) ) ;
#6538 = CARTESIAN_POINT ( 'NONE',  ( -109.5102469217545149, 5.754063444612248723, 5.157737441474663953 ) ) ;
#6539 = CARTESIAN_POINT ( 'NONE',  ( -4.791847686042038035, 8.269535023933986650, -3.607356812518871081 ) ) ;
#6540 = CARTESIAN_POINT ( 'NONE',  ( 2.845656261644473162, 5.938262042829008713, 5.745031672844386428 ) ) ;
#6541 = VERTEX_POINT ( 'NONE', #404 ) ;
#6542 = CARTESIAN_POINT ( 'NONE',  ( -9.037224783415966911, 4.550107496125296969, 8.182986231740605021 ) ) ;
#6543 = CARTESIAN_POINT ( 'NONE',  ( 9.147816525619045791, 7.542691802308111093, 6.226752226474258300 ) ) ;
#6544 = CARTESIAN_POINT ( 'NONE',  ( -118.4392088479149123, 7.257446133298235402, -3.697961423086015387 ) ) ;
#6545 = APPLICATION_PROTOCOL_DEFINITION ( 'international standard', 'config_control_design', 1994, #484 ) ;
#6546 = CARTESIAN_POINT ( 'NONE',  ( 5.545656518048668993, 3.617876460204175970, -2.312503187517122250 ) ) ;
#6547 = CARTESIAN_POINT ( 'NONE',  ( 10.47534751892089844, 4.163597853361077128, -1.117464780807496005 ) ) ;
#6548 = EDGE_CURVE ( 'NONE', #2923, #4959, #4612, .T. ) ;
#6549 = CARTESIAN_POINT ( 'NONE',  ( 97.73872844547133809, 2.984932964142033462, -10.48604776954198847 ) ) ;
#6550 = CARTESIAN_POINT ( 'NONE',  ( -16.68767188474536667, 2.320405693358951638, 11.42361013821751925 ) ) ;
#6551 = CARTESIAN_POINT ( 'NONE',  ( -8.854196023165474827, 4.001390268635193870, 8.114650339859183603 ) ) ;
#6552 = CARTESIAN_POINT ( 'NONE',  ( 18.96926337419007069, 1.540242528376325915, -12.79737408770277973 ) ) ;
#6553 = CARTESIAN_POINT ( 'NONE',  ( -117.6957533733635302, 7.266568844440632446, -4.153035163879374103 ) ) ;
#6554 = CARTESIAN_POINT ( 'NONE',  ( -101.4781822421648485, 7.448840097340561073, -5.270976352079213001 ) ) ;
#6555 = CARTESIAN_POINT ( 'NONE',  ( -2.351771744368731376, 3.869677151042579144, 5.909948794121005378 ) ) ;
#6556 = CARTESIAN_POINT ( 'NONE',  ( -8.970975151157755789, 6.727635211372668067, -6.276534414209636203 ) ) ;
#6557 = AXIS2_PLACEMENT_3D ( 'NONE', #2239, #3328, #69 ) ;
#6558 = EDGE_CURVE ( 'NONE', #2988, #6396, #1807, .T. ) ;
#6559 = CARTESIAN_POINT ( 'NONE',  ( 78.34855910235231136, 3.485229316052306903, -9.747388250815937738 ) ) ;
#6560 = CARTESIAN_POINT ( 'NONE',  ( 6.327413600052572917, 4.139963474923939124, -7.406056382774750091 ) ) ;
#6561 = CARTESIAN_POINT ( 'NONE',  ( 5.503590106964114881, 9.335313589750240837, 0.8774042725563048206 ) ) ;
#6562 = EDGE_LOOP ( 'NONE', ( #4939, #5989, #3791, #3256, #6002, #2503, #2284, #4064, #6193 ) ) ;
#6563 = CARTESIAN_POINT ( 'NONE',  ( -24.10546228949054282, -1.238052031984002044, 17.43461367741446821 ) ) ;
#6564 = CARTESIAN_POINT ( 'NONE',  ( -44.45370894019833230, 8.485162490902213861, -8.917908691990321657 ) ) ;
#6565 = CARTESIAN_POINT ( 'NONE',  ( 119.6466616677239614, 5.783241344831282937, -1.644586203591028140 ) ) ;
#6566 = CARTESIAN_POINT ( 'NONE',  ( 24.40061180309362499, 8.224769421591382468, 8.792264830998183456 ) ) ;
#6567 = CARTESIAN_POINT ( 'NONE',  ( 6.008242074128665067, 8.244966363216217786, -0.06817362325448522720 ) ) ;
#6568 = CARTESIAN_POINT ( 'NONE',  ( 2.709019361636304080, 4.714790841130938048, -6.790134581379279943 ) ) ;
#6569 = VERTEX_POINT ( 'NONE', #6718 ) ;
#6570 = CARTESIAN_POINT ( 'NONE',  ( -100.1692844649355862, 4.926277156312785621, 6.531605462545924112 ) ) ;
#6571 = LOCAL_TIME ( 21, 29, 28.00000000000000000, #1884 ) ;
#6572 = CARTESIAN_POINT ( 'NONE',  ( -4.991705470660015465, 7.132986513564011588, 3.343131881249806092 ) ) ;
#6573 = DIRECTION ( 'NONE',  ( -0.000000000000000000, -1.000000000000000000, -0.000000000000000000 ) ) ;
#6574 = ORIENTED_EDGE ( 'NONE', *, *, #3403, .F. ) ;
#6575 = CARTESIAN_POINT ( 'NONE',  ( 6.144698494580635106, 3.943624037531627824, -7.365412080663577221 ) ) ;
#6576 = CARTESIAN_POINT ( 'NONE',  ( 12.03010971939987606, 7.663471015554425669, 6.601540914661547355 ) ) ;
#6577 = EDGE_CURVE ( 'NONE', #250, #2821, #5517, .T. ) ;
#6578 = CARTESIAN_POINT ( 'NONE',  ( -119.6515402363069143, 6.590254445066327627, 1.704322572510418077 ) ) ;
#6579 = SECURITY_CLASSIFICATION_LEVEL ( 'unclassified' ) ;
#6580 = CARTESIAN_POINT ( 'NONE',  ( 6.004849375294774916, 3.658396256285789239, 0.2153259184903994483 ) ) ;
#6581 = CARTESIAN_POINT ( 'NONE',  ( 33.34863281249998579, -6.911843745531156102, -23.54769134521484730 ) ) ;
#6582 = CARTESIAN_POINT ( 'NONE',  ( 81.44474997983556364, 3.676585870270763667, -9.245877353996650783 ) ) ;
#6583 = FACE_OUTER_BOUND ( 'NONE', #2190, .T. ) ;
#6584 = CARTESIAN_POINT ( 'NONE',  ( -2.499254684694982576, 4.102009120013682342, 6.613946171868589019 ) ) ;
#6585 = CARTESIAN_POINT ( 'NONE',  ( 119.3996598954485222, 6.122438362756045471, -1.397881140125842858 ) ) ;
#6586 = CARTESIAN_POINT ( 'NONE',  ( -127.6894487296523550, 5.437016100963110610, 5.754672050476095535 ) ) ;
#6587 = CARTESIAN_POINT ( 'NONE',  ( -117.1127155500957144, 7.086508217390048436, -4.346572119504829246 ) ) ;
#6588 = CARTESIAN_POINT ( 'NONE',  ( -5.346893187350094223, 3.331738618666700180, 3.294941074481581023 ) ) ;
#6589 = CARTESIAN_POINT ( 'NONE',  ( -7.658248792777001768, 6.712191076005706414, -6.139227974401534560 ) ) ;
#6590 = CARTESIAN_POINT ( 'NONE',  ( -9.714451465470119729E-14, -42.18829223128360439, -2.500000000000020428 ) ) ;
#6591 = CARTESIAN_POINT ( 'NONE',  ( 18.07679432854661172, 2.027658761385037423, -12.63067445117380139 ) ) ;
#6592 = AXIS2_PLACEMENT_3D ( 'NONE', #6630, #1196, #4018 ) ;
#6593 = CARTESIAN_POINT ( 'NONE',  ( 6.810011863708497870, 5.472916872678706746, 7.246949195861816406 ) ) ;
#6594 = VERTEX_POINT ( 'NONE', #1406 ) ;
#6595 = CARTESIAN_POINT ( 'NONE',  ( 27.74203423002233038, 8.080209623098966176, 9.127666843471732960 ) ) ;
#6596 = CARTESIAN_POINT ( 'NONE',  ( 5.959916525894619177, 7.975916274226089620, -2.034214848785252272 ) ) ;
#6597 = CARTESIAN_POINT ( 'NONE',  ( -9.647095891517015397E-14, -6.591949208711866959E-14, 5.500000000000000000 ) ) ;
#6598 = CARTESIAN_POINT ( 'NONE',  ( 18.17620212346977837, 7.871002588297969282, 7.684123040581399167 ) ) ;
#6599 = VECTOR ( 'NONE', #1373, 1000.000000000000000 ) ;
#6600 = CARTESIAN_POINT ( 'NONE',  ( 2.204889471268487888, 6.658470056134014214, 5.580171898753068405 ) ) ;
#6601 = CARTESIAN_POINT ( 'NONE',  ( 1.955864424136556146, 3.926165692675630758, -6.014264994549618493 ) ) ;
#6602 = EDGE_LOOP ( 'NONE', ( #1488, #4438, #2994, #6068 ) ) ;
#6603 = CARTESIAN_POINT ( 'NONE',  ( -89.79765077220521619, 4.424504259154168118, 8.178701878604847764 ) ) ;
#6604 = CARTESIAN_POINT ( 'NONE',  ( -5.937207500204844557, 8.688270106852844066, -0.8817475924704881729 ) ) ;
#6605 = CARTESIAN_POINT ( 'NONE',  ( 4.768630754101161884, 6.838127782011618194, 6.267345294644600884 ) ) ;
#6606 = CARTESIAN_POINT ( 'NONE',  ( -2.545499046205839555, 5.704253404050424692, 5.881057746221215687 ) ) ;
#6607 = EDGE_LOOP ( 'NONE', ( #4717, #3372, #6510, #2560 ) ) ;
#6608 = CARTESIAN_POINT ( 'NONE',  ( 6.172871369985293732, 3.903150294504253104, -7.165086114215812430 ) ) ;
#6609 = CARTESIAN_POINT ( 'NONE',  ( 2.555373850527155710, 6.475032130601263702, 6.002003839226415671 ) ) ;
#6610 = DIRECTION ( 'NONE',  ( -0.004614987725602707341, -0.9999893508874444503, 0.000000000000000000 ) ) ;
#6611 = CARTESIAN_POINT ( 'NONE',  ( 4.689858279350731962, 4.592250842928867982, 3.758658250437601378 ) ) ;
#6612 = CARTESIAN_POINT ( 'NONE',  ( 5.653002262115477627, 3.820929558454465358, 3.351710319519042081 ) ) ;
#6613 = CARTESIAN_POINT ( 'NONE',  ( 100.1580924864083642, 4.464020502133407398, -6.531605462549031849 ) ) ;
#6614 = CARTESIAN_POINT ( 'NONE',  ( -18.99481314117084096, 1.627844868386054245, 12.79737408770279039 ) ) ;
#6615 = EDGE_CURVE ( 'NONE', #5722, #76, #501, .T. ) ;
#6616 = CARTESIAN_POINT ( 'NONE',  ( 1.920323777126774933, 4.821688046860447052, -6.676271772984667230 ) ) ;
#6617 = CARTESIAN_POINT ( 'NONE',  ( 119.6635916498158991, 6.321813410136323697, -0.4641242208098886324 ) ) ;
#6618 = CARTESIAN_POINT ( 'NONE',  ( -76.34399227583455172, 1.846314759365859093, 14.73312282562256925 ) ) ;
#6619 =( BOUNDED_SURFACE ( )  B_SPLINE_SURFACE ( 3, 2, ( 
 ( #6075, #6482, #1338 ),
 ( #3456, #204, #2310 ),
 ( #1756, #3872, #4003 ),
 ( #6107, #6518, #1790 ),
 ( #3360, #1245, #4428 ),
 ( #821, #5047, #3906 ),
 ( #304, #6011, #2866 ),
 ( #2411, #4981, #4458 ),
 ( #3325, #527, #1439 ),
 ( #5269, #5146, #3522 ),
 ( #1080, #3485, #6808 ),
 ( #2639, #6173, #3558 ),
 ( #3156, #400, #3194 ),
 ( #921, #4711, #5783 ),
 ( #5591, #2149, #3032 ),
 ( #2082, #369, #4752 ),
 ( #2507, #338, #6646 ),
 ( #4202, #5308, #3714 ),
 ( #6298, #4786, #853 ),
 ( #1563, #6682, #3682 ),
 ( #18, #49, #5112 ),
 ( #4234, #1917, #4589 ),
 ( #2968, #1045, #2117 ),
 ( #1949, #6330, #1598 ),
 ( #5816, #561, #2673 ),
 ( #4270, #4037, #5083 ),
 ( #5625, #891, #1371 ),
 ( #2442, #4558, #5658 ),
 ( #6140, #1401, #3000 ),
 ( #2474, #4071, #3308 ),
 ( #5854, #3269, #5378 ),
 ( #1669, #6363, #3891 ),
 ( #4304, #5413, #709 ),
 ( #1118, #635, #4375 ),
 ( #2850, #1153, #3378 ),
 ( #3345, #598, #4931 ),
 ( #4341, #1738, #5344 ),
 ( #1262, #2290, #5889 ),
 ( #4860, #2708, #1192 ),
 ( #675, #3783, #4966 ),
 ( #2745, #1703, #6402 ),
 ( #6434, #123, #4824 ),
 ( #2222, #3818, #2814 ),
 ( #1632, #4897, #5924 ),
 ( #189, #2780, #5445 ),
 ( #157, #4410, #2257 ),
 ( #5961, #5995, #3748 ),
 ( #6503, #6466, #3856 ),
 ( #1230, #3233, #1776 ),
 ( #87, #742, #5477 ) ),
 .UNSPECIFIED., .F., .F., .T. ) 
 B_SPLINE_SURFACE_WITH_KNOTS ( ( 4, 2, 2, 2, 2, 2, 2, 2, 2, 2, 2, 2, 2, 2, 2, 2, 2, 2, 2, 2, 2, 2, 2, 2, 4 ),
 ( 3, 3 ),
 ( -2.158689893505538748E-14, 0.0007893612180142609751, 0.001578722436050108849, 0.002368083654085956832, 0.003157444872121804597, 0.003946806090157652797, 0.004736167308193500562, 0.006314889744265196093, 0.009472334616408588023, 0.01262977948855197909, 0.01578722436069537188, 0.01894466923283876295, 0.02210211410498215401, 0.02525955897712554507, 0.03157444872141233067, 0.03473189359355571826, 0.03788933846569911279, 0.05051911795427267704, 0.05683400769855945917, 0.06314889744284624129, 0.06946378718713303035, 0.07577867693141980554, 0.08840845641999336979, 0.09472334616428015885, 0.1010382359085669340 ),
 ( 0.000000000000000000, 1.000000000000000000 ),
 .UNSPECIFIED. ) 
 GEOMETRIC_REPRESENTATION_ITEM ( )  RATIONAL_B_SPLINE_SURFACE ( (
 ( 1.000000000000000000, 0.9016252743225101618, 1.000000000000000000),
 ( 1.000000000000000000, 0.9015471649923016972, 1.000000000000000000),
 ( 1.000000000000000000, 0.9014800383697515462, 1.000000000000000000),
 ( 1.000000000000000000, 0.9001833460325366909, 1.000000000000000000),
 ( 1.000000000000000000, 0.8990751241760586154, 1.000000000000000000),
 ( 1.000000000000000000, 0.8963259759748827271, 1.000000000000000000),
 ( 1.000000000000000000, 0.8946836737057449751, 1.000000000000000000),
 ( 1.000000000000000000, 0.8913210961140106692, 1.000000000000000000),
 ( 1.000000000000000000, 0.8896050709569265358, 1.000000000000000000),
 ( 1.000000000000000000, 0.8863639876850937238, 1.000000000000000000),
 ( 1.000000000000000000, 0.8848377762480608144, 1.000000000000000000),
 ( 1.000000000000000000, 0.8820494348950884689, 1.000000000000000000),
 ( 1.000000000000000000, 0.8806690861420763961, 1.000000000000000000),
 ( 1.000000000000000000, 0.8765899141319031251, 1.000000000000000000),
 ( 1.000000000000000000, 0.8740379326797582671, 1.000000000000000000),
 ( 1.000000000000000000, 0.8669231683994278459, 1.000000000000000000),
 ( 1.000000000000000000, 0.8630312149792749299, 1.000000000000000000),
 ( 1.000000000000000000, 0.8550429758955786497, 1.000000000000000000),
 ( 1.000000000000000000, 0.8503181938379055227, 1.000000000000000000),
 ( 1.000000000000000000, 0.8404904255974271488, 1.000000000000000000),
 ( 1.000000000000000000, 0.8371971228822018274, 1.000000000000000000),
 ( 1.000000000000000000, 0.8439458276741403919, 1.000000000000000000),
 ( 1.000000000000000000, 0.8527936143911444278, 1.000000000000000000),
 ( 1.000000000000000000, 0.8553561249153415202, 1.000000000000000000),
 ( 1.000000000000000000, 0.8528047212804643618, 1.000000000000000000),
 ( 1.000000000000000000, 0.8524650887315572412, 1.000000000000000000),
 ( 1.000000000000000000, 0.8531606969739781166, 1.000000000000000000),
 ( 1.000000000000000000, 0.8538532035934209841, 1.000000000000000000),
 ( 1.000000000000000000, 0.8521905038091094342, 1.000000000000000000),
 ( 1.000000000000000000, 0.8468671873293531771, 1.000000000000000000),
 ( 1.000000000000000000, 0.8446300651108213930, 1.000000000000000000),
 ( 1.000000000000000000, 0.8393822260248464673, 1.000000000000000000),
 ( 1.000000000000000000, 0.8364221091782617634, 1.000000000000000000),
 ( 1.000000000000000000, 0.8218893351778476797, 1.000000000000000000),
 ( 1.000000000000000000, 0.8127094533352473560, 1.000000000000000000),
 ( 1.000000000000000000, 0.8043350511196820651, 1.000000000000000000),
 ( 1.000000000000000000, 0.8020743257695005513, 1.000000000000000000),
 ( 1.000000000000000000, 0.7975388587884816305, 1.000000000000000000),
 ( 1.000000000000000000, 0.7952283961848657379, 1.000000000000000000),
 ( 1.000000000000000000, 0.7903856776414391883, 1.000000000000000000),
 ( 1.000000000000000000, 0.7878960586581000847, 1.000000000000000000),
 ( 1.000000000000000000, 0.7830670957615201155, 1.000000000000000000),
 ( 1.000000000000000000, 0.7807163675340792475, 1.000000000000000000),
 ( 1.000000000000000000, 0.7742137687781870392, 1.000000000000000000),
 ( 1.000000000000000000, 0.7707336026916894456, 1.000000000000000000),
 ( 1.000000000000000000, 0.7661013743197664372, 1.000000000000000000),
 ( 1.000000000000000000, 0.7646354664828559633, 1.000000000000000000),
 ( 1.000000000000000000, 0.7617254425170417731, 1.000000000000000000),
 ( 1.000000000000000000, 0.7602955994551577890, 1.000000000000000000),
 ( 1.000000000000000000, 0.7584466283906567963, 1.000000000000000000) ) ) 
 REPRESENTATION_ITEM ( '' )  SURFACE ( )  );
#6620 = DIRECTION ( 'NONE',  ( 0.9999868659906038237, -0.005027295257446908611, 0.0009970700499747800309 ) ) ;
#6621 = CARTESIAN_POINT ( 'NONE',  ( -7.687466686689717221, 6.510866834673091574, -6.035426192073866325 ) ) ;
#6622 = CARTESIAN_POINT ( 'NONE',  ( -1.744940764036020830, 4.200672366725727080, 5.744731753733193891 ) ) ;
#6623 = CARTESIAN_POINT ( 'NONE',  ( -5.290567454673477776, 6.987913434784193356, -6.224389607773151312 ) ) ;
#6624 = CARTESIAN_POINT ( 'NONE',  ( 21.47015762329102273, 9.480316670118265066, 4.790037155151366299 ) ) ;
#6625 = ORIENTED_EDGE ( 'NONE', *, *, #1472, .F. ) ;
#6626 = CARTESIAN_POINT ( 'NONE',  ( -9.714451465470119729E-14, 10.63921286096972096, 0.000000000000000000 ) ) ;
#6627 = CARTESIAN_POINT ( 'NONE',  ( 5.281657984222848157, 7.389501866430923549, -3.478643731887923085 ) ) ;
#6628 = CARTESIAN_POINT ( 'NONE',  ( 106.3948146535280586, 5.153265114521663470, -5.662859577693704516 ) ) ;
#6629 = CARTESIAN_POINT ( 'NONE',  ( 7.273821954908768816, 7.371125246193895642, 6.112956579755175923 ) ) ;
#6630 = CARTESIAN_POINT ( 'NONE',  ( 105.6942510740037449, 6.609068768386633153, 4.990296521648044603 ) ) ;
#6631 = CARTESIAN_POINT ( 'NONE',  ( -18.13706821512618106, 2.224306103268997248, 12.65281184521477975 ) ) ;
#6632 = CARTESIAN_POINT ( 'NONE',  ( 22.45619649538882001, 8.092029656598166198, 8.461050511816466724 ) ) ;
#6633 = ADVANCED_FACE ( 'NONE', ( #5116 ), #4594, .T. ) ;
#6634 = ORIENTED_EDGE ( 'NONE', *, *, #5782, .T. ) ;
#6635 = CARTESIAN_POINT ( 'NONE',  ( -98.61791636821189400, 4.850220501810809992, 6.805150905866982569 ) ) ;
#6636 = CARTESIAN_POINT ( 'NONE',  ( 4.569070504459630477, 3.580196950000403167, -3.901818970059587333 ) ) ;
#6637 = CARTESIAN_POINT ( 'NONE',  ( -9.714451465470119729E-14, 7.643375672974132229, -2.500000000000026201 ) ) ;
#6638 = DIRECTION ( 'NONE',  ( 0.000000000000000000, 0.000000000000000000, 1.000000000000000000 ) ) ;
#6639 = EDGE_LOOP ( 'NONE', ( #3543, #284, #914 ) ) ;
#6640 = CARTESIAN_POINT ( 'NONE',  ( 1.547351259083929786, 4.212846772379122307, -6.722090870049767908 ) ) ;
#6641 = CARTESIAN_POINT ( 'NONE',  ( 88.79601867617367361, 7.333895616398060646, 5.841277003274537805 ) ) ;
#6642 = CARTESIAN_POINT ( 'NONE',  ( 6.147100170689403953, 6.583913466630129996, 6.116755337374500279 ) ) ;
#6643 = CARTESIAN_POINT ( 'NONE',  ( 0.000000000000000000, 0.000000000000000000, 0.000000000000000000 ) ) ;
#6644 = CARTESIAN_POINT ( 'NONE',  ( 14.56035327911377131, 6.279067547498645041, 5.784553050994872159 ) ) ;
#6645 = CARTESIAN_POINT ( 'NONE',  ( 98.62200692133028213, 4.849138046948948677, -7.011569906162026911 ) ) ;
#6646 = CARTESIAN_POINT ( 'NONE',  ( 13.12377297534187370, 7.174192606519593340, 6.839313186081414031 ) ) ;
#6647 = EDGE_CURVE ( 'NONE', #5256, #5165, #1831, .T. ) ;
#6648 = CARTESIAN_POINT ( 'NONE',  ( 5.315335971122133962, 7.370357445088582260, -2.799750030314572147 ) ) ;
#6649 = CARTESIAN_POINT ( 'NONE',  ( 119.6932511099479086, 6.214323639318164005, 0.2143335935564358585 ) ) ;
#6650 = CARTESIAN_POINT ( 'NONE',  ( -62.20724210818693933, 6.036104853781166568, 6.826422691345224614 ) ) ;
#6651 = CARTESIAN_POINT ( 'NONE',  ( -3.846680764462380608, 6.772372877478556319, -6.230869737084524296 ) ) ;
#6652 = CARTESIAN_POINT ( 'NONE',  ( -84.57989742990244508, 7.286792685664705616, -5.978292368960870462 ) ) ;
#6653 = CARTESIAN_POINT ( 'NONE',  ( -3.680397592894087300, 3.778302579616672929, 4.760912940143321670 ) ) ;
#6654 = CARTESIAN_POINT ( 'NONE',  ( -19.45360650128830571, 7.747624100041324624, -7.912849042013856860 ) ) ;
#6655 = CARTESIAN_POINT ( 'NONE',  ( 21.37379837036132457, -2.274343936266006505, -18.89848709106445313 ) ) ;
#6656 = ORIENTED_EDGE ( 'NONE', *, *, #860, .T. ) ;
#6657 = CARTESIAN_POINT ( 'NONE',  ( 84.58074663109519520, 6.896431410824122032, 5.978235845806247006 ) ) ;
#6658 = CARTESIAN_POINT ( 'NONE',  ( 4.244749569241840881, 8.084360780404582059, 4.699589444892334100 ) ) ;
#6659 = CARTESIAN_POINT ( 'NONE',  ( 118.4824384637176422, 5.875030641706113776, -2.491282304484913279 ) ) ;
#6660 = CIRCLE ( 'NONE', #382, 5.500000000000000000 ) ;
#6661 = CARTESIAN_POINT ( 'NONE',  ( 19.20317368343627962, 8.046306030413290955, 7.869389620952747855 ) ) ;
#6662 = CARTESIAN_POINT ( 'NONE',  ( -90.84327950181291556, 4.469344534288469895, 8.040049361123440264 ) ) ;
#6663 = CARTESIAN_POINT ( 'NONE',  ( -2.284386610247953531, 6.713605490434369827, -5.548884199849538845 ) ) ;
#6664 = CARTESIAN_POINT ( 'NONE',  ( 1.754581733771437779, 4.642116470790712768, -6.731572192124452236 ) ) ;
#6665 = B_SPLINE_CURVE_WITH_KNOTS ( 'NONE', 3,
 ( #1514, #3634, #174, #5430, #208, #3801 ),
 .UNSPECIFIED., .F., .F.,
 ( 4, 2, 4 ),
 ( 3.881984023888107148E-16, 0.0001948590796938703441, 0.0003897181593873524897 ),
 .UNSPECIFIED. ) ;
#6666 = APPROVAL_PERSON_ORGANIZATION ( #3481, #1325, #397 ) ;
#6667 = CARTESIAN_POINT ( 'NONE',  ( 1.726295681438985374, 5.342345258592503754, -5.815595811549686189 ) ) ;
#6668 = ORIENTED_EDGE ( 'NONE', *, *, #3021, .T. ) ;
#6669 = CARTESIAN_POINT ( 'NONE',  ( -83.54896160688814177, 4.601547225116888740, 9.190660227694726458 ) ) ;
#6670 = CARTESIAN_POINT ( 'NONE',  ( 3.348230000494766045, 5.851242777645449422, 4.987777737788626098 ) ) ;
#6671 = CARTESIAN_POINT ( 'NONE',  ( 4.539607342824766967, 5.065478133964258944, 4.476309690853300438 ) ) ;
#6672 = CARTESIAN_POINT ( 'NONE',  ( -2.287158639227286905, 6.901003718508086138, -5.628479988899227848 ) ) ;
#6673 = ORIENTED_EDGE ( 'NONE', *, *, #4141, .F. ) ;
#6674 = CARTESIAN_POINT ( 'NONE',  ( -8.158098940489468376, 4.717626296664320762, 7.809216406997249393 ) ) ;
#6675 = CARTESIAN_POINT ( 'NONE',  ( 19.84710473464700797, 8.151593205820876875, 7.913996885466716869 ) ) ;
#6676 = CARTESIAN_POINT ( 'NONE',  ( -117.7994426313247800, 7.212862025599545923, -3.955231376099717533 ) ) ;
#6677 = DIRECTION ( 'NONE',  ( 0.03590852244036428498, 0.6597309659043406604, 0.7506434777196665520 ) ) ;
#6678 = EDGE_CURVE ( 'NONE', #2701, #2461, #2599, .T. ) ;
#6679 = AXIS2_PLACEMENT_3D ( 'NONE', #4454, #6677, #5586 ) ;
#6680 = CARTESIAN_POINT ( 'NONE',  ( 100.5379257202148438, 6.591884703813405189, 5.580067634582514202 ) ) ;
#6681 = CARTESIAN_POINT ( 'NONE',  ( 99.13938368563147208, 4.873242942208535489, -6.918998239358617575 ) ) ;
#6682 = CARTESIAN_POINT ( 'NONE',  ( 18.34055236027223756, 7.417244417938777090, 7.708500849701333202 ) ) ;
#6683 = DIRECTION ( 'NONE',  ( 1.000000000000000000, -7.996734198290766312E-16, 0.000000000000000000 ) ) ;
#6684 = CARTESIAN_POINT ( 'NONE',  ( 119.4492377356335311, 6.628196086029037204, 1.127914493612298896 ) ) ;
#6685 = CARTESIAN_POINT ( 'NONE',  ( -37.04609437153584395, -2.049857795473668975, 20.60619926452637074 ) ) ;
#6686 = CARTESIAN_POINT ( 'NONE',  ( 1.920323777126774933, 4.821688046860447052, -6.676271772984667230 ) ) ;
#6687 = CARTESIAN_POINT ( 'NONE',  ( -59.25878959655830869, 7.703948441721805374, -7.435170419264163222 ) ) ;
#6688 = CARTESIAN_POINT ( 'NONE',  ( 2.564003836934219738, 6.201651597622581669, 6.069113667805473789 ) ) ;
#6689 = CARTESIAN_POINT ( 'NONE',  ( -1.858638496681385144, 3.933400462537753661, 5.926683441215382153 ) ) ;
#6690 = CARTESIAN_POINT ( 'NONE',  ( 115.1198470877951223, 6.165601831359722063, 5.247989395511900135 ) ) ;
#6691 = CARTESIAN_POINT ( 'NONE',  ( 112.1719741821288920, -3.120880572618641935, -12.48796749114991123 ) ) ;
#6692 = ORIENTED_EDGE ( 'NONE', *, *, #327, .T. ) ;
#6693 = FACE_OUTER_BOUND ( 'NONE', #1432, .T. ) ;
#6694 = DIRECTION ( 'NONE',  ( 0.8920525479172517480, -0.08739489490037437303, 0.4434009292950253922 ) ) ;
#6695 = AXIS2_PLACEMENT_3D ( 'NONE', #2298, #2022, #544 ) ;
#6696 = CARTESIAN_POINT ( 'NONE',  ( 117.3743270714171416, 6.003105392250119188, 4.132565017545347885 ) ) ;
#6697 = CARTESIAN_POINT ( 'NONE',  ( 6.043447875904643496, 7.068907348436457738, 6.127915433907990206 ) ) ;
#6698 = CARTESIAN_POINT ( 'NONE',  ( -117.5283145657761708, 5.839351769108988677, 2.798925854240969624 ) ) ;
#6699 = CARTESIAN_POINT ( 'NONE',  ( -3.537964709547892994, 7.525748150825856797, -4.853355729850754585 ) ) ;
#6700 = CARTESIAN_POINT ( 'NONE',  ( -59.17088055941356828, 8.070536342436540167, -7.622987214181151217 ) ) ;
#6702 = EDGE_CURVE ( 'NONE', #2396, #3237, #1429, .T. ) ;
#6701 = ORIENTED_EDGE ( 'NONE', *, *, #4924, .F. ) ;
#6703 = VERTEX_POINT ( 'NONE', #5829 ) ;
#6704 = CARTESIAN_POINT ( 'NONE',  ( -74.89995331196006134, 2.274981617700948089, 13.09640394784202222 ) ) ;
#6705 = VECTOR ( 'NONE', #2235, 1000.000000000000000 ) ;
#6706 = CARTESIAN_POINT ( 'NONE',  ( 5.991745353867952595, 3.867829692635007532, -0.4464345158384692702 ) ) ;
#6707 = CARTESIAN_POINT ( 'NONE',  ( 119.7619356622304849, 5.699216354265526974, 0.6702194355582314911 ) ) ;
#6708 = CARTESIAN_POINT ( 'NONE',  ( -3.065234346071257221, 7.309166915634503603, -5.636561082394019095 ) ) ;
#6709 = ORIENTED_EDGE ( 'NONE', *, *, #3676, .F. ) ;
#6710 = CARTESIAN_POINT ( 'NONE',  ( -18.94316328297953334, 2.150187302899286834, 13.03782115246143469 ) ) ;
#6711 = CARTESIAN_POINT ( 'NONE',  ( 19.32674442468989895, 8.126793649882488424, 7.814999510218948231 ) ) ;
#6712 = CARTESIAN_POINT ( 'NONE',  ( -2.530730756996163677, 6.797697412028706587, -6.063938358254927330 ) ) ;
#6713 = CARTESIAN_POINT ( 'NONE',  ( 119.0127258300781108, -4.526924578966302626, -24.96165275573731535 ) ) ;
#6714 = CARTESIAN_POINT ( 'NONE',  ( 66.36574279764856499, 1.409240689614084774, -13.99205326434101870 ) ) ;
#6715 = CARTESIAN_POINT ( 'NONE',  ( 2.023119171897162172, 5.295286071605324274, -5.656902869730841665 ) ) ;
#6716 = DIRECTION ( 'NONE',  ( -0.000000000000000000, -0.000000000000000000, -1.000000000000000000 ) ) ;
#6717 = CARTESIAN_POINT ( 'NONE',  ( 1.685497233181080246, 4.442080375323531172, -6.728719222966316416 ) ) ;
#6718 = CARTESIAN_POINT ( 'NONE',  ( -1.705426480051245530, 4.387949914653176187, 6.729563127875197281 ) ) ;
#6719 = CARTESIAN_POINT ( 'NONE',  ( -9.714451465470119729E-14, 6.488675134594886984, -3.500000000000023981 ) ) ;
#6720 = CARTESIAN_POINT ( 'NONE',  ( 4.791149215303739162, 6.677386727421425583, 6.077200002106761367 ) ) ;
#6721 = CARTESIAN_POINT ( 'NONE',  ( 118.9480287709712911, 5.919046056910606701, -2.257788703000917163 ) ) ;
#6722 = CARTESIAN_POINT ( 'NONE',  ( -10.60507917181691084, 7.030870357342013932, -6.482197987260824412 ) ) ;
#6723 =( BOUNDED_SURFACE ( )  B_SPLINE_SURFACE ( 3, 2, ( 
 ( #4066, #2500, #3651 ),
 ( #916, #5173, #5206 ),
 ( #6169, #2960, #462 ),
 ( #1434, #3551, #3027 ) ),
 .UNSPECIFIED., .F., .F., .F. ) 
 B_SPLINE_SURFACE_WITH_KNOTS ( ( 4, 4 ),
 ( 3, 3 ),
 ( 0.01056702713729503612, 0.01281322300788569415 ),
 ( 0.000000000000000000, 1.000000000000000000 ),
 .UNSPECIFIED. ) 
 GEOMETRIC_REPRESENTATION_ITEM ( )  RATIONAL_B_SPLINE_SURFACE ( (
 ( 1.000000000000000000, 0.7106567230695718385, 1.000000000000000000),
 ( 1.000000000000000000, 0.7071616356240217893, 1.000000000000000000),
 ( 1.000000000000000000, 0.7030368183318674857, 1.000000000000000000),
 ( 1.000000000000000000, 0.6979103135330281260, 1.000000000000000000) ) ) 
 REPRESENTATION_ITEM ( '' )  SURFACE ( )  );
#6724 = CARTESIAN_POINT ( 'NONE',  ( 12.02842140197753729, 3.868316681562370185, -11.79829883575439453 ) ) ;
#6725 = CARTESIAN_POINT ( 'NONE',  ( 38.21627334755737593, 8.128436829050391665, 9.300232734582440486 ) ) ;
#6726 = DIRECTION ( 'NONE',  ( 0.000000000000000000, 0.000000000000000000, 1.000000000000000000 ) ) ;
#6727 = CARTESIAN_POINT ( 'NONE',  ( 112.6137059868074459, 5.364175934159904457, -4.595492062962879487 ) ) ;
#6728 = CARTESIAN_POINT ( 'NONE',  ( 17.65867038404781653, 7.832804257887933552, 7.592441731262523419 ) ) ;
#6729 = CARTESIAN_POINT ( 'NONE',  ( -41.74431645436643379, -1.150245385574481638, 17.00844810919553396 ) ) ;
#6730 = CARTESIAN_POINT ( 'NONE',  ( -6.002693640711128431, 8.270264524002396200, 0.07951395844659872592 ) ) ;
#6731 = CARTESIAN_POINT ( 'NONE',  ( -63.39575827278404319, 8.022440137478673350, -7.326318710705114867 ) ) ;
#6732 = ADVANCED_FACE ( 'NONE', ( #1540 ), #4366, .F. ) ;
#6733 = ORIENTED_EDGE ( 'NONE', *, *, #5286, .T. ) ;
#6734 = ORIENTED_EDGE ( 'NONE', *, *, #6262, .F. ) ;
#6735 = CARTESIAN_POINT ( 'NONE',  ( -96.03106924408746181, 4.718230473989023288, 7.252188764800626686 ) ) ;
#6736 = B_SPLINE_CURVE_WITH_KNOTS ( 'NONE', 3,
 ( #126, #6469, #2294, #1265 ),
 .UNSPECIFIED., .F., .F.,
 ( 4, 4 ),
 ( 7.442732280611835916E-16, 0.0001912281834795608829 ),
 .UNSPECIFIED. ) ;
#6737 = CIRCLE ( 'NONE', #4762, 0.2499999999999997780 ) ;
#6738 = CARTESIAN_POINT ( 'NONE',  ( -105.3651640187414245, 5.606402986078399486, 5.833240376065004007 ) ) ;
#6739 = CARTESIAN_POINT ( 'NONE',  ( 5.661627381927085700, 4.866031225771743074, -7.168823183939803556 ) ) ;
#6740 = ORIENTED_EDGE ( 'NONE', *, *, #5162, .F. ) ;
#6741 = CARTESIAN_POINT ( 'NONE',  ( 84.56944777274971159, 7.395643176509202554, 6.087632206348315478 ) ) ;
#6742 = FACE_OUTER_BOUND ( 'NONE', #5156, .T. ) ;
#6743 = SHAPE_DEFINITION_REPRESENTATION ( #1766, #4906 ) ;
#6744 = CARTESIAN_POINT ( 'NONE',  ( 55.84744262695312500, 7.090962927295225704, 6.459886074066158557 ) ) ;
#6745 = CARTESIAN_POINT ( 'NONE',  ( -22.31087820929497667, -1.549878361260129678, 19.22858238220214844 ) ) ;
#6746 = CARTESIAN_POINT ( 'NONE',  ( 52.58020542544115727, 1.441657549982156450, -14.43461570495225743 ) ) ;
#6747 = DIRECTION ( 'NONE',  ( 0.000000000000000000, 0.000000000000000000, -1.000000000000000000 ) ) ;
#6748 = CARTESIAN_POINT ( 'NONE',  ( 117.9284281458628811, 6.692410790798788867, 3.860822333183894450 ) ) ;
#6749 = CARTESIAN_POINT ( 'NONE',  ( -49.15907184312284528, 3.272918176288468484, 13.58043098449707742 ) ) ;
#6750 = CARTESIAN_POINT ( 'NONE',  ( 3.482769991013702882, 4.820772077649547960, -6.891848293896269517 ) ) ;
#6751 = CARTESIAN_POINT ( 'NONE',  ( -38.21839256028250276, 8.371619980639751546, -9.443794676012696954 ) ) ;
#6752 = ADVANCED_FACE ( 'NONE', ( #2053 ), #3274, .T. ) ;
#6753 = CARTESIAN_POINT ( 'NONE',  ( -98.44586550542882719, 5.977807138976956480, -7.394506931304914765 ) ) ;
#6754 = CARTESIAN_POINT ( 'NONE',  ( 116.2636411245921266, 5.174329687952565315, -3.308444387368704831 ) ) ;
#6755 = CARTESIAN_POINT ( 'NONE',  ( -8.517880385291755729, 6.810274916639024845, -6.224953790579871971 ) ) ;
#6756 = CARTESIAN_POINT ( 'NONE',  ( 20.36314773559570313, 3.941134007154402763, -12.32885360717773615 ) ) ;
#6757 = DIRECTION ( 'NONE',  ( -0.000000000000000000, -1.000000000000000000, -0.000000000000000000 ) ) ;
#6758 = DIRECTION ( 'NONE',  ( -0.9648536426159185497, -0.1275618322521500092, 0.2297507938686343953 ) ) ;
#6759 = CARTESIAN_POINT ( 'NONE',  ( 44.62527378773597064, -0.2119353572930657847, -16.47777838328997291 ) ) ;
#6760 = CYLINDRICAL_SURFACE ( 'NONE', #6153, 5.999987999999999211 ) ;
#6761 = EDGE_CURVE ( 'NONE', #3884, #1880, #6464, .T. ) ;
#6762 = CARTESIAN_POINT ( 'NONE',  ( -64.97650451574412500, 2.655863222583406014, 12.13067592675334971 ) ) ;
#6763 = CARTESIAN_POINT ( 'NONE',  ( -5.998463412572974995, 8.332702659626050945, -0.2419789525549655429 ) ) ;
#6764 = CARTESIAN_POINT ( 'NONE',  ( -46.51609984460336022, 8.541891317627184677, -8.631794189059426969 ) ) ;
#6765 = ORIENTED_EDGE ( 'NONE', *, *, #6532, .F. ) ;
#6766 = ORIENTED_EDGE ( 'NONE', *, *, #2356, .F. ) ;
#6767 = CARTESIAN_POINT ( 'NONE',  ( -56.69504647364961158, 1.851012415119746679, 13.37332501587807698 ) ) ;
#6768 = CARTESIAN_POINT ( 'NONE',  ( -6.131689756660573920, 3.520637409329266276, 1.430924116544140201 ) ) ;
#6769 = CARTESIAN_POINT ( 'NONE',  ( 5.960009424549759238, 3.828247655057069654, -0.7594440469863976695 ) ) ;
#6770 = CIRCLE ( 'NONE', #280, 6.500000000000000888 ) ;
#6771 = CARTESIAN_POINT ( 'NONE',  ( -66.00476043254627712, 3.156509881796539130, 12.25520854916027069 ) ) ;
#6772 = DIRECTION ( 'NONE',  ( 0.2317793381790624885, 0.000000000000000000, 0.9727683888743896556 ) ) ;
#6773 = DIRECTION ( 'NONE',  ( 0.000000000000000000, 0.000000000000000000, -1.000000000000000000 ) ) ;
#6774 = CARTESIAN_POINT ( 'NONE',  ( 33.93690758757549730, 8.897287101192814518, 9.538899191168662028 ) ) ;
#6775 = CARTESIAN_POINT ( 'NONE',  ( 50.87186130863969424, 7.896621114527995644, 8.317396708787372361 ) ) ;
#6776 = ORIENTED_EDGE ( 'NONE', *, *, #2779, .F. ) ;
#6777 = CARTESIAN_POINT ( 'NONE',  ( 120.7727661132812500, 6.774682314573118092, 10.05705070495604758 ) ) ;
#6778 = CARTESIAN_POINT ( 'NONE',  ( -34.86542429796167397, 7.945657780756895328, -8.706779479980461645 ) ) ;
#6779 = CARTESIAN_POINT ( 'NONE',  ( 64.42535972631434049, 2.313346477419022218, -12.20627730218951790 ) ) ;
#6780 = B_SPLINE_CURVE_WITH_KNOTS ( 'NONE', 3,
 ( #5776, #5197, #1039, #6667 ),
 .UNSPECIFIED., .F., .F.,
 ( 4, 4 ),
 ( 7.432414584537160293E-16, 0.0001912281834795609642 ),
 .UNSPECIFIED. ) ;
#6781 = CARTESIAN_POINT ( 'NONE',  ( -9.714451465470119729E-14, 13.42264973081046264, 0.000000000000000000 ) ) ;
#6782 = EDGE_CURVE ( 'NONE', #5968, #6569, #2000, .T. ) ;
#6783 = CARTESIAN_POINT ( 'NONE',  ( -119.6286206989823171, 6.259256219075873595, 0.5425890522635919977 ) ) ;
#6784 = AXIS2_PLACEMENT_3D ( 'NONE', #3758, #2197, #5452 ) ;
#6785 = CARTESIAN_POINT ( 'NONE',  ( -65.58679962888987802, 7.595457562716934952, -7.006015862439147313 ) ) ;
#6786 = CARTESIAN_POINT ( 'NONE',  ( -10.88880575307615572, 8.842352770584344768, -6.456661125309023141 ) ) ;
#6787 = CARTESIAN_POINT ( 'NONE',  ( -50.83360586994263031, 7.896014148363340368, -8.148585581849893344 ) ) ;
#6788 = CARTESIAN_POINT ( 'NONE',  ( -15.67360349505768014, 0.8100030221059586477, -14.36346244812011186 ) ) ;
#6789 = CARTESIAN_POINT ( 'NONE',  ( 115.9623894942042455, 5.144984205854274073, -3.427040432271983406 ) ) ;
#6790 = CARTESIAN_POINT ( 'NONE',  ( -113.0954199096712784, 6.664288772827073437, -4.629214357639859223 ) ) ;
#6791 = CARTESIAN_POINT ( 'NONE',  ( 111.8521347045898438, -13.43567511302391360, -18.24568748474122160 ) ) ;
#6792 = CARTESIAN_POINT ( 'NONE',  ( 15.25503362129615859, 7.110600562337908492, 7.039605362332538085 ) ) ;
#6793 = DIRECTION ( 'NONE',  ( -1.000000000000000000, 0.000000000000000000, 0.000000000000000000 ) ) ;
#6794 = CARTESIAN_POINT ( 'NONE',  ( 75.26198032552768780, 3.667791867458855215, -10.58444159498482584 ) ) ;
#6795 = CARTESIAN_POINT ( 'NONE',  ( 4.768630754101190306, 6.838127782011631517, 6.267345294644603548 ) ) ;
#6796 = CARTESIAN_POINT ( 'NONE',  ( -34.13499429229325699, -2.267410526881182165, 18.18242483553222044 ) ) ;
#6797 = CARTESIAN_POINT ( 'NONE',  ( -2.312772032603001460, 5.444194082043384952, 5.547496746337671425 ) ) ;
#6798 = CARTESIAN_POINT ( 'NONE',  ( -78.20085853676586396, 7.693283344192380468, -6.525427414284553862 ) ) ;
#6799 = ORIENTED_EDGE ( 'NONE', *, *, #1127, .T. ) ;
#6800 = ORIENTED_EDGE ( 'NONE', *, *, #2295, .F. ) ;
#6801 = CARTESIAN_POINT ( 'NONE',  ( -50.59024476815998383, 1.332178840335869197, 14.88496189104909107 ) ) ;
#6802 = EDGE_CURVE ( 'NONE', #3053, #2944, #2831, .T. ) ;
#6803 = CARTESIAN_POINT ( 'NONE',  ( -5.663952792278925230, 4.292993063836138212, -2.041045534348101320 ) ) ;
#6804 = CARTESIAN_POINT ( 'NONE',  ( 78.20230012135890263, 7.528720175062390219, 6.432098006585550642 ) ) ;
#6805 = CIRCLE ( 'NONE', #6158, 6.499999999999999112 ) ;
#6806 = DIRECTION ( 'NONE',  ( 0.000000000000000000, 0.000000000000000000, 1.000000000000000000 ) ) ;
#6807 = B_SPLINE_CURVE_WITH_KNOTS ( 'NONE', 3,
 ( #1359, #228, #811, #6036 ),
 .UNSPECIFIED., .F., .F.,
 ( 4, 4 ),
 ( 6.012026085220052067E-16, 0.0001664612832892074584 ),
 .UNSPECIFIED. ) ;
#6808 = CARTESIAN_POINT ( 'NONE',  ( 8.433465697145981821, 6.761663563838718360, 6.215563420326736477 ) ) ;
#6809 = CIRCLE ( 'NONE', #2408, 7.900000000000000355 ) ;
#6810 = CARTESIAN_POINT ( 'NONE',  ( -119.9873596775740197, 3.271284610879523491, 11.88011918350210649 ) ) ;
#6811 = AXIS2_PLACEMENT_3D ( 'NONE', #3667, #5738, #5704 ) ;
#6812 = CARTESIAN_POINT ( 'NONE',  ( 117.4952717842905088, 6.250558818594388555, 4.333269627004133540 ) ) ;
#6813 = CARTESIAN_POINT ( 'NONE',  ( -2.011386950242335825, 5.443670533450654325, 6.097881627823572792 ) ) ;
#6814 = CARTESIAN_POINT ( 'NONE',  ( 37.19964485402771004, 8.385765320119840993, 9.506839028853542928 ) ) ;
#6815 = COORDINATED_UNIVERSAL_TIME_OFFSET ( 5, 0, .AHEAD. ) ;
#6816 = CARTESIAN_POINT ( 'NONE',  ( 120.9134368896484375, 6.337242992101499439, 7.501361846923821908 ) ) ;
#6817 = CARTESIAN_POINT ( 'NONE',  ( -55.84698316754293046, 7.348698501652799031, -6.459886074066151451 ) ) ;
#6818 = CIRCLE ( 'NONE', #5289, 0.2500000000000003331 ) ;
#6819 = CARTESIAN_POINT ( 'NONE',  ( 41.69870673330899535, -1.344507662491808864, -17.01034209508343764 ) ) ;
#6820 = ORIENTED_EDGE ( 'NONE', *, *, #1570, .F. ) ;
#6821 = CARTESIAN_POINT ( 'NONE',  ( 118.3071707600483933, 6.688851561837641846, 3.806238861703628018 ) ) ;
#6822 = CARTESIAN_POINT ( 'NONE',  ( -27.73730870691088057, 8.208228548082205478, -9.127666843471729408 ) ) ;
#6823 = CARTESIAN_POINT ( 'NONE',  ( -2.560761339294888028, 6.041934806043554040, -5.874762450655394375 ) ) ;
#6824 = DIRECTION ( 'NONE',  ( 0.000000000000000000, 0.000000000000000000, -1.000000000000000000 ) ) ;
#6825 = CARTESIAN_POINT ( 'NONE',  ( -98.68910127873553506, 4.491501626971331262, -9.412523269653304325 ) ) ;
#6826 = CARTESIAN_POINT ( 'NONE',  ( -4.043372524172665017, 5.483570409314312499, -4.449272370915165808 ) ) ;
#6827 = DIRECTION ( 'NONE',  ( 0.000000000000000000, -0.4579321472480872846, -0.8889871475543142942 ) ) ;
ENDSEC;
END-ISO-10303-21;
